ISO-10303-21;
HEADER;
FILE_DESCRIPTION (( 'STEP AP214' ),
    '1' );
FILE_NAME ('DS1021-1_10SF11.STEP',
    '2024-07-16T02:36:14',
    ( '' ),
    ( '' ),
    'SwSTEP 2.0',
    'SolidWorks 2021',
    '' );
FILE_SCHEMA (( 'AUTOMOTIVE_DESIGN' ));
ENDSEC;

DATA;
#1 = CARTESIAN_POINT ( 'NONE',  ( 7.720000000000001528, -0.03999999999999923755, -1.270000000000004237 ) ) ;
#2 = EDGE_LOOP ( 'NONE', ( #2291, #8032, #1507, #4500 ) ) ;
#3 = EDGE_CURVE ( 'NONE', #5023, #5687, #2954, .T. ) ;
#4 = CARTESIAN_POINT ( 'NONE',  ( 2.540000000000000036, 8.599999999999999645, -0.2108089297201413692 ) ) ;
#5 = VECTOR ( 'NONE', #6999, 1000.000000000000000 ) ;
#6 =( NAMED_UNIT ( * ) SI_UNIT ( $, .STERADIAN. ) SOLID_ANGLE_UNIT ( ) );
#7 = DIRECTION ( 'NONE',  ( -0.000000000000000000, 1.000000000000000000, 1.707404996040164265E-16 ) ) ;
#8 = CARTESIAN_POINT ( 'NONE',  ( -0.9499999999999959588, -0.03999999999999967470, 0.3199999999999990630 ) ) ;
#9 = LINE ( 'NONE', #1316, #5546 ) ;
#10 =( LENGTH_UNIT ( ) NAMED_UNIT ( * ) SI_UNIT ( .MILLI., .METRE. ) );
#11 = EDGE_CURVE ( 'NONE', #8621, #9174, #6919, .T. ) ;
#12 = SURFACE_SIDE_STYLE ('',( #3794 ) ) ;
#13 = PRESENTATION_LAYER_ASSIGNMENT (  '', '', ( #8548 ) ) ;
#14 = CARTESIAN_POINT ( 'NONE',  ( -4.129999999999999893, -2.699999999999993072, 0.3199999999999985634 ) ) ;
#15 = ORIENTED_EDGE ( 'NONE', *, *, #2958, .F. ) ;
#16 = ADVANCED_FACE ( 'NONE', ( #687 ), #1547, .F. ) ;
#17 = LINE ( 'NONE', #6049, #2662 ) ;
#18 = DIRECTION ( 'NONE',  ( -0.000000000000000000, 1.000000000000000000, 1.707404996040164265E-16 ) ) ;
#19 = CARTESIAN_POINT ( 'NONE',  ( -7.719999999999997975, 2.500000000000000444, 1.269999999999996243 ) ) ;
#20 = VERTEX_POINT ( 'NONE', #5426 ) ;
#21 = AXIS2_PLACEMENT_3D ( 'NONE', #3803, #4480, #5278 ) ;
#22 = LINE ( 'NONE', #638, #9037 ) ;
#23 = PRESENTATION_LAYER_ASSIGNMENT (  '', '', ( #5081 ) ) ;
#24 = EDGE_LOOP ( 'NONE', ( #6653, #4107, #9312, #9742 ) ) ;
#25 =( NAMED_UNIT ( * ) PLANE_ANGLE_UNIT ( ) SI_UNIT ( $, .RADIAN. ) );
#26 = PLANE ( 'NONE',  #8398 ) ;
#27 = ORIENTED_EDGE ( 'NONE', *, *, #1993, .F. ) ;
#28 = EDGE_CURVE ( 'NONE', #33, #8261, #3103, .T. ) ;
#29 = ORIENTED_EDGE ( 'NONE', *, *, #771, .T. ) ;
#30 = VECTOR ( 'NONE', #5394, 1000.000000000000000 ) ;
#31 = EDGE_LOOP ( 'NONE', ( #6830, #3288, #3908, #6922 ) ) ;
#32 = DIRECTION ( 'NONE',  ( -0.000000000000000000, 1.000000000000000000, 1.707404996040164265E-16 ) ) ;
#33 = VERTEX_POINT ( 'NONE', #6957 ) ;
#34 = EDGE_LOOP ( 'NONE', ( #8408, #920, #1105, #9516 ) ) ;
#35 = FILL_AREA_STYLE ('',( #3811 ) ) ;
#36 = SURFACE_SIDE_STYLE ('',( #7673 ) ) ;
#37 = LINE ( 'NONE', #258, #2103 ) ;
#38 = DIRECTION ( 'NONE',  ( 0.000000000000000000, 0.000000000000000000, -1.000000000000000000 ) ) ;
#39 = ORIENTED_EDGE ( 'NONE', *, *, #3957, .F. ) ;
#40 = ORIENTED_EDGE ( 'NONE', *, *, #1423, .T. ) ;
#41 = STYLED_ITEM ( 'NONE', ( #7662 ), #6788 ) ;
#42 = CARTESIAN_POINT ( 'NONE',  ( 6.030000000000000249, 8.299999999999993605, 0.3200000000000004508 ) ) ;
#43 = EDGE_LOOP ( 'NONE', ( #1434, #7470, #358, #4093 ) ) ;
#44 = CARTESIAN_POINT ( 'NONE',  ( 5.180000000000000604, 0.000000000000000000, -1.270000000000004237 ) ) ;
#45 = SURFACE_STYLE_USAGE ( .BOTH. , #6832 ) ;
#46 = FILL_AREA_STYLE ('',( #142 ) ) ;
#47 = AXIS2_PLACEMENT_3D ( 'NONE', #2635, #3443, #4983 ) ;
#48 = DIRECTION ( 'NONE',  ( -1.000000000000000000, 0.000000000000000000, 0.000000000000000000 ) ) ;
#49 = FACE_OUTER_BOUND ( 'NONE', #422, .T. ) ;
#50 = FACE_OUTER_BOUND ( 'NONE', #7503, .T. ) ;
#51 = EDGE_CURVE ( 'NONE', #856, #7188, #4823, .T. ) ;
#52 = CARTESIAN_POINT ( 'NONE',  ( 4.980000000000002203, 2.500000000000000444, -1.270000000000000018 ) ) ;
#53 = DIRECTION ( 'NONE',  ( -0.000000000000000000, 1.000000000000000000, 1.707404996040164265E-16 ) ) ;
#54 = VECTOR ( 'NONE', #3721, 1000.000000000000000 ) ;
#55 = ORIENTED_EDGE ( 'NONE', *, *, #881, .F. ) ;
#56 = DIRECTION ( 'NONE',  ( -0.000000000000000000, 1.000000000000000000, 1.707404996040164265E-16 ) ) ;
#57 = CARTESIAN_POINT ( 'NONE',  ( 12.69999999999999929, 9.429780353434485416E-17, -1.020000000000004237 ) ) ;
#58 = DIRECTION ( 'NONE',  ( -0.000000000000000000, 1.000000000000000000, 1.707404996040164265E-16 ) ) ;
#59 = LINE ( 'NONE', #8516, #8517 ) ;
#60 = PLANE ( 'NONE',  #2671 ) ;
#61 = VECTOR ( 'NONE', #2963, 1000.000000000000000 ) ;
#62 = DIRECTION ( 'NONE',  ( 0.000000000000000000, 1.408054769461692709E-16, -1.000000000000000000 ) ) ;
#63 = EDGE_CURVE ( 'NONE', #3861, #9403, #1878, .T. ) ;
#64 = DIRECTION ( 'NONE',  ( 0.000000000000000000, 0.000000000000000000, 1.000000000000000000 ) ) ;
#65 = CARTESIAN_POINT ( 'NONE',  ( -11.75000000000000000, 8.299999999999993605, 0.3200000000000004508 ) ) ;
#66 = ORIENTED_EDGE ( 'NONE', *, *, #3387, .F. ) ;
#67 = DIRECTION ( 'NONE',  ( 0.000000000000000000, 0.000000000000000000, -1.000000000000000000 ) ) ;
#68 = VECTOR ( 'NONE', #3349, 1000.000000000000000 ) ;
#69 = EDGE_CURVE ( 'NONE', #212, #3439, #3990, .T. ) ;
#70 = SURFACE_STYLE_FILL_AREA ( #916 ) ;
#71 = CARTESIAN_POINT ( 'NONE',  ( 12.60000000000000320, 2.500000000000000888, -1.270000000000003793 ) ) ;
#72 = ORIENTED_EDGE ( 'NONE', *, *, #8034, .F. ) ;
#73 = CARTESIAN_POINT ( 'NONE',  ( -11.21919107027985874, -3.000000000000000000, -0.2108089297201431456 ) ) ;
#74 = ORIENTED_EDGE ( 'NONE', *, *, #7388, .T. ) ;
#75 = CARTESIAN_POINT ( 'NONE',  ( 0.9500000000000011768, -2.699999999999993072, 0.3199999999999985079 ) ) ;
#76 =( NAMED_UNIT ( * ) PLANE_ANGLE_UNIT ( ) SI_UNIT ( $, .RADIAN. ) );
#77 = ADVANCED_FACE ( 'NONE', ( #6350 ), #932, .T. ) ;
#78 = VECTOR ( 'NONE', #1374, 1000.000000000000000 ) ;
#79 = ORIENTED_EDGE ( 'NONE', *, *, #4660, .F. ) ;
#80 = EDGE_CURVE ( 'NONE', #7591, #2506, #2437, .T. ) ;
#81 = ORIENTED_EDGE ( 'NONE', *, *, #1856, .T. ) ;
#82 = UNCERTAINTY_MEASURE_WITH_UNIT (LENGTH_MEASURE( 1.000000000000000082E-05 ), #6229, 'distance_accuracy_value', 'NONE');
#83 = ORIENTED_EDGE ( 'NONE', *, *, #4951, .T. ) ;
#84 = CARTESIAN_POINT ( 'NONE',  ( -5.179999999999998828, -0.03999999999999967470, 1.019999999999995799 ) ) ;
#85 = VECTOR ( 'NONE', #8127, 1000.000000000000000 ) ;
#86 =( LENGTH_UNIT ( ) NAMED_UNIT ( * ) SI_UNIT ( .MILLI., .METRE. ) );
#87 = VECTOR ( 'NONE', #3261, 1000.000000000000000 ) ;
#88 = VERTEX_POINT ( 'NONE', #7793 ) ;
#89 = VECTOR ( 'NONE', #9701, 1000.000000000000000 ) ;
#90 = AXIS2_PLACEMENT_3D ( 'NONE', #8379, #243, #6280 ) ;
#91 = DIRECTION ( 'NONE',  ( 0.000000000000000000, 0.000000000000000000, -1.000000000000000000 ) ) ;
#92 = DIRECTION ( 'NONE',  ( 0.000000000000000000, 0.000000000000000000, -1.000000000000000000 ) ) ;
#93 = VERTEX_POINT ( 'NONE', #5573 ) ;
#94 = VECTOR ( 'NONE', #9486, 1000.000000000000000 ) ;
#95 = VECTOR ( 'NONE', #662, 1000.000000000000000 ) ;
#96 = STYLED_ITEM ( 'NONE', ( #2785 ), #7592 ) ;
#97 = CARTESIAN_POINT ( 'NONE',  ( -2.639999999999998348, 2.500000000000000444, 1.019999999999996243 ) ) ;
#98 =( LENGTH_UNIT ( ) NAMED_UNIT ( * ) SI_UNIT ( .MILLI., .METRE. ) );
#99 =( LENGTH_UNIT ( ) NAMED_UNIT ( * ) SI_UNIT ( .MILLI., .METRE. ) );
#100 = SURFACE_STYLE_USAGE ( .BOTH. , #1618 ) ;
#101 = COLOUR_RGB ( '',0.7921568627450980005, 0.8196078431372548767, 0.9333333333333333481 ) ;
#102 = DIRECTION ( 'NONE',  ( 1.000000000000000000, 0.000000000000000000, 0.000000000000000000 ) ) ;
#103 = EDGE_LOOP ( 'NONE', ( #1437, #6391, #6805, #9411 ) ) ;
#104 = VECTOR ( 'NONE', #3885, 1000.000000000000000 ) ;
#105 = CARTESIAN_POINT ( 'NONE',  ( 8.570000000000003837, -0.03999999999999967470, 0.3199999999999990630 ) ) ;
#106 = LINE ( 'NONE', #1578, #2990 ) ;
#107 = CARTESIAN_POINT ( 'NONE',  ( -6.139191070279857776, 8.599999999999999645, 1.041517047584500167E-15 ) ) ;
#108 = SURFACE_SIDE_STYLE ('',( #1015 ) ) ;
#109 = DIRECTION ( 'NONE',  ( -0.000000000000000000, 1.000000000000000000, 1.707404996040164265E-16 ) ) ;
#110 =( GEOMETRIC_REPRESENTATION_CONTEXT ( 3 ) GLOBAL_UNCERTAINTY_ASSIGNED_CONTEXT ( ( #548 ) ) GLOBAL_UNIT_ASSIGNED_CONTEXT ( ( #2400, #7716, #6068 ) ) REPRESENTATION_CONTEXT ( 'NONE', 'WORKASPACE' ) );
#111 = PRESENTATION_STYLE_ASSIGNMENT (( #4575 ) ) ;
#112 = EDGE_LOOP ( 'NONE', ( #935, #5188, #7405, #4691 ) ) ;
#113 = DIRECTION ( 'NONE',  ( -1.000000000000000000, -0.000000000000000000, -0.000000000000000000 ) ) ;
#114 = ADVANCED_FACE ( 'NONE', ( #882 ), #7143, .F. ) ;
#115 = EDGE_CURVE ( 'NONE', #5719, #4350, #1693, .T. ) ;
#116 = DIRECTION ( 'NONE',  ( 0.000000000000000000, -1.000000000000000000, -1.707404996040164265E-16 ) ) ;
#117 = LINE ( 'NONE', #3459, #5566 ) ;
#118 = VECTOR ( 'NONE', #2876, 1000.000000000000000 ) ;
#119 = ORIENTED_EDGE ( 'NONE', *, *, #8962, .F. ) ;
#120 = DIRECTION ( 'NONE',  ( 1.000000000000000000, 0.000000000000000000, 0.000000000000000000 ) ) ;
#121 = SURFACE_SIDE_STYLE ('',( #9768 ) ) ;
#122 = CARTESIAN_POINT ( 'NONE',  ( 11.64080892972014425, -3.000000000000000000, 0.2108089297201388157 ) ) ;
#123 = VERTEX_POINT ( 'NONE', #1271 ) ;
#124 = EDGE_CURVE ( 'NONE', #1686, #1461, #3637, .T. ) ;
#125 = MECHANICAL_DESIGN_GEOMETRIC_PRESENTATION_REPRESENTATION (  '', ( #578 ), #7392 ) ;
#126 = ORIENTED_EDGE ( 'NONE', *, *, #2269, .T. ) ;
#127 =( NAMED_UNIT ( * ) PLANE_ANGLE_UNIT ( ) SI_UNIT ( $, .RADIAN. ) );
#128 = EDGE_CURVE ( 'NONE', #6304, #2062, #2031, .T. ) ;
#129 = CARTESIAN_POINT ( 'NONE',  ( -12.59999999999999964, 0.000000000000000000, 1.270000000000000018 ) ) ;
#130 = ORIENTED_EDGE ( 'NONE', *, *, #2578, .F. ) ;
#131 = ORIENTED_EDGE ( 'NONE', *, *, #1617, .T. ) ;
#132 = SURFACE_SIDE_STYLE ('',( #5288 ) ) ;
#133 = ORIENTED_EDGE ( 'NONE', *, *, #2791, .T. ) ;
#134 = SURFACE_SIDE_STYLE ('',( #3779 ) ) ;
#135 = ADVANCED_FACE ( 'NONE', ( #7236 ), #4321, .F. ) ;
#136 = CARTESIAN_POINT ( 'NONE',  ( 9.210000000000006182, 2.500000000000000444, 0.3199999999999995071 ) ) ;
#137 = ORIENTED_EDGE ( 'NONE', *, *, #8364, .F. ) ;
#138 = VECTOR ( 'NONE', #9020, 1000.000000000000000 ) ;
#139 = EDGE_CURVE ( 'NONE', #2359, #7617, #8931, .T. ) ;
#140 = EDGE_LOOP ( 'NONE', ( #3635, #2492, #8235, #5233 ) ) ;
#141 = DIRECTION ( 'NONE',  ( 0.000000000000000000, 0.000000000000000000, -1.000000000000000000 ) ) ;
#142 = FILL_AREA_STYLE_COLOUR ( '', #5675 ) ;
#143 = CARTESIAN_POINT ( 'NONE',  ( 4.980000000000002203, 2.500000000000000444, 1.269999999999996243 ) ) ;
#144 = VECTOR ( 'NONE', #4007, 1000.000000000000000 ) ;
#145 =( LENGTH_UNIT ( ) NAMED_UNIT ( * ) SI_UNIT ( .MILLI., .METRE. ) );
#146 = EDGE_LOOP ( 'NONE', ( #4464, #1382, #1787, #4600 ) ) ;
#147 = LINE ( 'NONE', #2416, #2125 ) ;
#148 = DIRECTION ( 'NONE',  ( 0.000000000000000000, -3.771912141373855303E-16, -1.000000000000000000 ) ) ;
#149 =( NAMED_UNIT ( * ) SI_UNIT ( $, .STERADIAN. ) SOLID_ANGLE_UNIT ( ) );
#150 = CARTESIAN_POINT ( 'NONE',  ( 27.94000000000000128, -3.000000000000000000, 0.2108089297201388157 ) ) ;
#151 = FACE_BOUND ( 'NONE', #6440, .T. ) ;
#152 = VECTOR ( 'NONE', #67, 1000.000000000000000 ) ;
#153 = ORIENTED_EDGE ( 'NONE', *, *, #1621, .F. ) ;
#154 =( LENGTH_UNIT ( ) NAMED_UNIT ( * ) SI_UNIT ( .MILLI., .METRE. ) );
#155 = DIRECTION ( 'NONE',  ( -0.9396926207859117586, -0.3420201433256594981, 0.000000000000000000 ) ) ;
#156 = DIRECTION ( 'NONE',  ( 0.000000000000000000, 1.000000000000000000, 1.707404996040164265E-16 ) ) ;
#157 = UNCERTAINTY_MEASURE_WITH_UNIT (LENGTH_MEASURE( 1.000000000000000082E-05 ), #2441, 'distance_accuracy_value', 'NONE');
#158 = DIRECTION ( 'NONE',  ( 0.000000000000000000, 0.000000000000000000, -1.000000000000000000 ) ) ;
#159 = ORIENTED_EDGE ( 'NONE', *, *, #5694, .T. ) ;
#160 = ORIENTED_EDGE ( 'NONE', *, *, #7398, .T. ) ;
#161 = FILL_AREA_STYLE_COLOUR ( '', #1720 ) ;
#162 = PLANE ( 'NONE',  #8867 ) ;
#163 = PRESENTATION_LAYER_ASSIGNMENT (  '', '', ( #5696 ) ) ;
#164 = EDGE_CURVE ( 'NONE', #8672, #7666, #7930, .T. ) ;
#165 = ADVANCED_FACE ( 'NONE', ( #5905 ), #4273, .F. ) ;
#166 = EDGE_LOOP ( 'NONE', ( #1599, #6011, #4508, #4149 ) ) ;
#167 = CARTESIAN_POINT ( 'NONE',  ( 9.210000000000006182, 0.7500000000000000000, 0.7700000000000006839 ) ) ;
#168 = STYLED_ITEM ( 'NONE', ( #7558 ), #5562 ) ;
#169 = EDGE_LOOP ( 'NONE', ( #8767, #5338, #4325, #7641 ) ) ;
#170 = UNCERTAINTY_MEASURE_WITH_UNIT (LENGTH_MEASURE( 1.000000000000000082E-05 ), #650, 'distance_accuracy_value', 'NONE');
#171 = ORIENTED_EDGE ( 'NONE', *, *, #8721, .F. ) ;
#172 = LINE ( 'NONE', #2399, #6182 ) ;
#173 = DIRECTION ( 'NONE',  ( -1.000000000000000000, 0.000000000000000000, 0.000000000000000000 ) ) ;
#174 =( NAMED_UNIT ( * ) SI_UNIT ( $, .STERADIAN. ) SOLID_ANGLE_UNIT ( ) );
#175 = VECTOR ( 'NONE', #1639, 1000.000000000000000 ) ;
#176 = EDGE_CURVE ( 'NONE', #3204, #5964, #3477, .T. ) ;
#177 = CARTESIAN_POINT ( 'NONE',  ( -12.59999999999999964, 2.500000000000000888, -1.270000000000003793 ) ) ;
#178 = EDGE_LOOP ( 'NONE', ( #2894, #1996, #507, #6971, #3536, #2323, #6376, #3976, #3091, #4187, #7283, #1168, #4444, #1773, #5020, #6322, #7667, #1559, #7164, #5307, #1643, #7347, #9336, #1018, #3702, #7076, #4721, #4649, #3004, #1229, #4737, #214, #9282, #3457, #3545, #8295, #4565, #6157, #3643, #1886, #9565, #6697, #8859, #4496 ) ) ;
#179 = LINE ( 'NONE', #7018, #9065 ) ;
#180 = VECTOR ( 'NONE', #9144, 1000.000000000000000 ) ;
#181 = VERTEX_POINT ( 'NONE', #5857 ) ;
#182 = EDGE_CURVE ( 'NONE', #1786, #6364, #3530, .T. ) ;
#183 = LINE ( 'NONE', #1663, #1700 ) ;
#184 = PRESENTATION_STYLE_ASSIGNMENT (( #4098 ) ) ;
#185 = DIRECTION ( 'NONE',  ( 0.000000000000000000, 0.000000000000000000, -1.000000000000000000 ) ) ;
#186 = DIRECTION ( 'NONE',  ( 1.000000000000000000, 0.000000000000000000, 0.000000000000000000 ) ) ;
#187 = VECTOR ( 'NONE', #56, 1000.000000000000000 ) ;
#188 = SURFACE_STYLE_FILL_AREA ( #3124 ) ;
#189 = EDGE_CURVE ( 'NONE', #2288, #1428, #3592, .T. ) ;
#190 = LINE ( 'NONE', #3258, #3107 ) ;
#191 =( NAMED_UNIT ( * ) SI_UNIT ( $, .STERADIAN. ) SOLID_ANGLE_UNIT ( ) );
#192 = PRODUCT_DEFINITION ( 'UNKNOWN', '', #5636, #5836 ) ;
#193 =( LENGTH_UNIT ( ) NAMED_UNIT ( * ) SI_UNIT ( .MILLI., .METRE. ) );
#194 = STYLED_ITEM ( 'NONE', ( #7475 ), #939 ) ;
#195 = EDGE_CURVE ( 'NONE', #793, #678, #8780, .T. ) ;
#196 = PLANE ( 'NONE',  #5656 ) ;
#197 =( LENGTH_UNIT ( ) NAMED_UNIT ( * ) SI_UNIT ( .MILLI., .METRE. ) );
#198 = UNCERTAINTY_MEASURE_WITH_UNIT (LENGTH_MEASURE( 1.000000000000000082E-05 ), #811, 'distance_accuracy_value', 'NONE');
#199 = FACE_OUTER_BOUND ( 'NONE', #2158, .T. ) ;
#200 = SURFACE_STYLE_USAGE ( .BOTH. , #6144 ) ;
#201 =( NAMED_UNIT ( * ) PLANE_ANGLE_UNIT ( ) SI_UNIT ( $, .RADIAN. ) );
#202 = LINE ( 'NONE', #7651, #1650 ) ;
#203 = ORIENTED_EDGE ( 'NONE', *, *, #4070, .F. ) ;
#204 = DIRECTION ( 'NONE',  ( 0.000000000000000000, 0.000000000000000000, -1.000000000000000000 ) ) ;
#205 = DIRECTION ( 'NONE',  ( 0.000000000000000000, 0.000000000000000000, 1.000000000000000000 ) ) ;
#206 = CARTESIAN_POINT ( 'NONE',  ( 4.020808929720141478, 8.599999999999999645, 0.2108089297201405921 ) ) ;
#207 = PRESENTATION_STYLE_ASSIGNMENT (( #829 ) ) ;
#208 = EDGE_LOOP ( 'NONE', ( #6906, #9599, #7059, #7602 ) ) ;
#209 = ORIENTED_EDGE ( 'NONE', *, *, #5794, .T. ) ;
#210 = LINE ( 'NONE', #3231, #3969 ) ;
#211 = DIRECTION ( 'NONE',  ( -1.000000000000000000, 0.000000000000000000, 0.000000000000000000 ) ) ;
#212 = VERTEX_POINT ( 'NONE', #4177 ) ;
#213 = EDGE_LOOP ( 'NONE', ( #6609, #4084, #5527, #5818 ) ) ;
#214 = ORIENTED_EDGE ( 'NONE', *, *, #9684, .T. ) ;
#215 = EDGE_CURVE ( 'NONE', #6002, #836, #589, .T. ) ;
#216 = CARTESIAN_POINT ( 'NONE',  ( 0.1000000000000011297, 1.885956070686925433E-16, -0.7700000000000006839 ) ) ;
#217 = VECTOR ( 'NONE', #7179, 1000.000000000000000 ) ;
#218 = SURFACE_STYLE_USAGE ( .BOTH. , #4141 ) ;
#219 = EDGE_LOOP ( 'NONE', ( #4300, #7338, #3724, #5282 ) ) ;
#220 = ORIENTED_EDGE ( 'NONE', *, *, #8105, .F. ) ;
#221 = FILL_AREA_STYLE_COLOUR ( '', #7934 ) ;
#222 = EDGE_CURVE ( 'NONE', #5559, #4974, #5016, .T. ) ;
#223 = ORIENTED_EDGE ( 'NONE', *, *, #705, .F. ) ;
#224 = DIRECTION ( 'NONE',  ( -0.000000000000000000, -1.707404996040164265E-16, 1.000000000000000000 ) ) ;
#225 = ADVANCED_FACE ( 'NONE', ( #9562 ), #8879, .T. ) ;
#226 =( NAMED_UNIT ( * ) PLANE_ANGLE_UNIT ( ) SI_UNIT ( $, .RADIAN. ) );
#227 = SURFACE_STYLE_FILL_AREA ( #46 ) ;
#228 = DIRECTION ( 'NONE',  ( 0.000000000000000000, 0.000000000000000000, 1.000000000000000000 ) ) ;
#229 = CARTESIAN_POINT ( 'NONE',  ( 1.590000000000002967, -6.905096679918783842, -0.3200000000000038369 ) ) ;
#230 =( NAMED_UNIT ( * ) PLANE_ANGLE_UNIT ( ) SI_UNIT ( $, .RADIAN. ) );
#231 = COLOUR_RGB ( '',1.000000000000000000, 0.8117647058823529438, 0.5019607843137254832 ) ;
#232 = VECTOR ( 'NONE', #2551, 1000.000000000000000 ) ;
#233 = CARTESIAN_POINT ( 'NONE',  ( 4.130000000000001670, -2.699999999999993072, 0.3199999999999985634 ) ) ;
#234 = ORIENTED_EDGE ( 'NONE', *, *, #2427, .F. ) ;
#235 = EDGE_CURVE ( 'NONE', #9045, #8134, #9663, .T. ) ;
#236 = CARTESIAN_POINT ( 'NONE',  ( -11.21919107027985874, 8.599999999999999645, 1.041517047584500167E-15 ) ) ;
#237 = STYLED_ITEM ( 'NONE', ( #3925 ), #9217 ) ;
#238 = EDGE_LOOP ( 'NONE', ( #81, #4427, #5674, #9277 ) ) ;
#239 = CARTESIAN_POINT ( 'NONE',  ( -8.714204948351980562, 3.882392806044252964, -2.715795051648021374 ) ) ;
#240 = VECTOR ( 'NONE', #1174, 1000.000000000000000 ) ;
#241 = EDGE_CURVE ( 'NONE', #1338, #4577, #1324, .T. ) ;
#242 = DIRECTION ( 'NONE',  ( 1.000000000000000000, 0.000000000000000000, 0.000000000000000000 ) ) ;
#243 = DIRECTION ( 'NONE',  ( 0.000000000000000000, 1.707404996040164265E-16, -1.000000000000000000 ) ) ;
#244 = FACE_OUTER_BOUND ( 'NONE', #3242, .T. ) ;
#245 =( NAMED_UNIT ( * ) SI_UNIT ( $, .STERADIAN. ) SOLID_ANGLE_UNIT ( ) );
#246 = EDGE_CURVE ( 'NONE', #7537, #2529, #5802, .T. ) ;
#247 = VECTOR ( 'NONE', #7736, 1000.000000000000000 ) ;
#248 = CARTESIAN_POINT ( 'NONE',  ( 12.69999999999999929, 0.000000000000000000, -1.270000000000000018 ) ) ;
#249 = ORIENTED_EDGE ( 'NONE', *, *, #5645, .T. ) ;
#250 =( NAMED_UNIT ( * ) PLANE_ANGLE_UNIT ( ) SI_UNIT ( $, .RADIAN. ) );
#251 = ADVANCED_FACE ( 'NONE', ( #2886 ), #8734, .T. ) ;
#252 = LINE ( 'NONE', #6288, #3051 ) ;
#253 = FACE_OUTER_BOUND ( 'NONE', #2, .T. ) ;
#254 = ORIENTED_EDGE ( 'NONE', *, *, #3365, .F. ) ;
#255 = LINE ( 'NONE', #4773, #175 ) ;
#256 = STYLED_ITEM ( 'NONE', ( #9688 ), #2984 ) ;
#257 = DIRECTION ( 'NONE',  ( -0.000000000000000000, 1.000000000000000000, 1.707404996040164265E-16 ) ) ;
#258 = CARTESIAN_POINT ( 'NONE',  ( -4.129999999999999893, 8.299999999999993605, 0.3200000000000004508 ) ) ;
#259 = EDGE_LOOP ( 'NONE', ( #6632, #1593, #8893, #1310 ) ) ;
#260 = AXIS2_PLACEMENT_3D ( 'NONE', #2983, #724, #5063 ) ;
#261 = PLANE ( 'NONE',  #9585 ) ;
#262 = ORIENTED_EDGE ( 'NONE', *, *, #4904, .F. ) ;
#263 = EDGE_LOOP ( 'NONE', ( #5872, #4206, #9294, #4320 ) ) ;
#264 = EDGE_LOOP ( 'NONE', ( #1085, #1478, #3786, #9566 ) ) ;
#265 = CARTESIAN_POINT ( 'NONE',  ( 6.560808929720142402, 8.599999999999999645, 1.041517047584500167E-15 ) ) ;
#266 = LINE ( 'NONE', #5671, #5776 ) ;
#267 =( GEOMETRIC_REPRESENTATION_CONTEXT ( 3 ) GLOBAL_UNCERTAINTY_ASSIGNED_CONTEXT ( ( #6121 ) ) GLOBAL_UNIT_ASSIGNED_CONTEXT ( ( #3406, #8711, #5737 ) ) REPRESENTATION_CONTEXT ( 'NONE', 'WORKASPACE' ) );
#268 = CARTESIAN_POINT ( 'NONE',  ( -11.75000000000000000, 8.299999999999993605, 0.3200000000000004508 ) ) ;
#269 = ORIENTED_EDGE ( 'NONE', *, *, #4405, .F. ) ;
#270 = ORIENTED_EDGE ( 'NONE', *, *, #7201, .T. ) ;
#271 = VECTOR ( 'NONE', #5920, 1000.000000000000000 ) ;
#272 = VERTEX_POINT ( 'NONE', #8236 ) ;
#273 = LINE ( 'NONE', #3300, #2490 ) ;
#274 = PRESENTATION_STYLE_ASSIGNMENT (( #5593 ) ) ;
#275 = CARTESIAN_POINT ( 'NONE',  ( -7.719999999999997975, 4.743384504624081899E-17, -1.020000000000004237 ) ) ;
#276 = CARTESIAN_POINT ( 'NONE',  ( -9.100808929720139773, 8.599999999999999645, 1.041517047584500167E-15 ) ) ;
#277 = EDGE_CURVE ( 'NONE', #6952, #7591, #1430, .T. ) ;
#278 = VECTOR ( 'NONE', #485, 1000.000000000000000 ) ;
#279 = EDGE_CURVE ( 'NONE', #8488, #3362, #5369, .T. ) ;
#280 = CARTESIAN_POINT ( 'NONE',  ( -4.129999999999999893, -2.699999999999993072, -0.3200000000000031153 ) ) ;
#281 = CARTESIAN_POINT ( 'NONE',  ( 3.490000000000003322, 2.500000000000000444, -0.3200000000000021716 ) ) ;
#282 = ORIENTED_EDGE ( 'NONE', *, *, #7904, .F. ) ;
#283 = DIRECTION ( 'NONE',  ( -1.000000000000000000, 0.000000000000000000, 0.000000000000000000 ) ) ;
#284 = DIRECTION ( 'NONE',  ( -0.000000000000000000, 1.000000000000000000, 1.707404996040164265E-16 ) ) ;
#285 = EDGE_CURVE ( 'NONE', #9222, #3292, #8187, .T. ) ;
#286 = UNCERTAINTY_MEASURE_WITH_UNIT (LENGTH_MEASURE( 1.000000000000000082E-05 ), #10, 'distance_accuracy_value', 'NONE');
#287 =( NAMED_UNIT ( * ) PLANE_ANGLE_UNIT ( ) SI_UNIT ( $, .RADIAN. ) );
#288 = DIRECTION ( 'NONE',  ( 1.000000000000000000, 0.000000000000000000, 0.000000000000000000 ) ) ;
#289 = EDGE_CURVE ( 'NONE', #2855, #8348, #7444, .T. ) ;
#290 = DIRECTION ( 'NONE',  ( 1.000000000000000000, 0.000000000000000000, -0.000000000000000000 ) ) ;
#291 = COLOUR_RGB ( '',0.7921568627450980005, 0.8196078431372548767, 0.9333333333333333481 ) ;
#292 = ORIENTED_EDGE ( 'NONE', *, *, #9078, .F. ) ;
#293 = SURFACE_STYLE_FILL_AREA ( #4722 ) ;
#294 = LINE ( 'NONE', #1916, #9441 ) ;
#295 = CARTESIAN_POINT ( 'NONE',  ( 12.69999999999999929, 0.7500000000000001110, -0.3200000000000023381 ) ) ;
#296 =( NAMED_UNIT ( * ) PLANE_ANGLE_UNIT ( ) SI_UNIT ( $, .RADIAN. ) );
#297 = EDGE_CURVE ( 'NONE', #93, #2956, #8384, .T. ) ;
#298 = CARTESIAN_POINT ( 'NONE',  ( 10.26000000000000156, -0.03999999999999923755, -1.270000000000004237 ) ) ;
#299 = STYLED_ITEM ( 'NONE', ( #9031 ), #251 ) ;
#300 = DIRECTION ( 'NONE',  ( 0.000000000000000000, 1.000000000000000000, 0.000000000000000000 ) ) ;
#301 = CARTESIAN_POINT ( 'NONE',  ( 7.720000000000001528, 0.000000000000000000, 1.019999999999995799 ) ) ;
#302 = EDGE_CURVE ( 'NONE', #181, #4323, #7550, .T. ) ;
#303 = ORIENTED_EDGE ( 'NONE', *, *, #7579, .T. ) ;
#304 = FILL_AREA_STYLE_COLOUR ( '', #6004 ) ;
#305 = COLOUR_RGB ( '',1.000000000000000000, 0.8117647058823529438, 0.5019607843137254832 ) ;
#306 = ORIENTED_EDGE ( 'NONE', *, *, #6930, .T. ) ;
#307 = COLOUR_RGB ( '',1.000000000000000000, 0.8117647058823529438, 0.5019607843137254832 ) ;
#308 = ORIENTED_EDGE ( 'NONE', *, *, #8376, .T. ) ;
#309 = EDGE_CURVE ( 'NONE', #1914, #4286, #9085, .T. ) ;
#310 = FILL_AREA_STYLE ('',( #4786 ) ) ;
#311 = FILL_AREA_STYLE_COLOUR ( '', #8709 ) ;
#312 = CARTESIAN_POINT ( 'NONE',  ( -12.69999999999999929, 0.7500000000000002220, -0.7700000000000006839 ) ) ;
#313 = VECTOR ( 'NONE', #5230, 1000.000000000000000 ) ;
#314 = ORIENTED_EDGE ( 'NONE', *, *, #7627, .F. ) ;
#315 = DIRECTION ( 'NONE',  ( 0.000000000000000000, 1.000000000000000000, 1.707404996040164265E-16 ) ) ;
#316 = ORIENTED_EDGE ( 'NONE', *, *, #9387, .F. ) ;
#317 =( NAMED_UNIT ( * ) SI_UNIT ( $, .STERADIAN. ) SOLID_ANGLE_UNIT ( ) );
#318 = ORIENTED_EDGE ( 'NONE', *, *, #2214, .F. ) ;
#319 = CARTESIAN_POINT ( 'NONE',  ( 6.030000000000003801, 0.7500000000000000000, 0.7700000000000006839 ) ) ;
#320 =( NAMED_UNIT ( * ) SI_UNIT ( $, .STERADIAN. ) SOLID_ANGLE_UNIT ( ) );
#321 = COLOUR_RGB ( '',1.000000000000000000, 0.8117647058823529438, 0.5019607843137254832 ) ;
#322 = CARTESIAN_POINT ( 'NONE',  ( 7.520000000000002238, 2.500000000000000444, 1.019999999999996243 ) ) ;
#323 = VECTOR ( 'NONE', #9668, 1000.000000000000000 ) ;
#324 = CARTESIAN_POINT ( 'NONE',  ( -9.078731534135320302, 8.660657145849658178, 0.1887315341353224540 ) ) ;
#325 = CARTESIAN_POINT ( 'NONE',  ( -11.75173487716230625, -2.695233464171030047, 0.3217348771623044223 ) ) ;
#326 = DIRECTION ( 'NONE',  ( 0.000000000000000000, 0.000000000000000000, 1.000000000000000000 ) ) ;
#327 = COLOUR_RGB ( '',1.000000000000000000, 0.8117647058823529438, 0.5019607843137254832 ) ;
#328 = ORIENTED_EDGE ( 'NONE', *, *, #6895, .T. ) ;
#329 = CARTESIAN_POINT ( 'NONE',  ( -8.679191070279857811, 8.599999999999999645, 1.041517047584500167E-15 ) ) ;
#330 = ORIENTED_EDGE ( 'NONE', *, *, #1007, .T. ) ;
#331 = FACE_OUTER_BOUND ( 'NONE', #9096, .T. ) ;
#332 = EDGE_CURVE ( 'NONE', #7101, #9615, #780, .T. ) ;
#333 = CARTESIAN_POINT ( 'NONE',  ( -6.669999999999999929, 8.299999999999993605, -0.3200000000000012279 ) ) ;
#334 = AXIS2_PLACEMENT_3D ( 'NONE', #4986, #7945, #2147 ) ;
#335 = CARTESIAN_POINT ( 'NONE',  ( 12.80000000000000249, -0.03999999999999967470, 1.019999999999995799 ) ) ;
#336 = VECTOR ( 'NONE', #7807, 1000.000000000000000 ) ;
#337 = ORIENTED_EDGE ( 'NONE', *, *, #1375, .T. ) ;
#338 = FILL_AREA_STYLE_COLOUR ( '', #3471 ) ;
#339 =( NAMED_UNIT ( * ) SI_UNIT ( $, .STERADIAN. ) SOLID_ANGLE_UNIT ( ) );
#340 = DIRECTION ( 'NONE',  ( 1.000000000000000000, 0.000000000000000000, -0.000000000000000000 ) ) ;
#341 = SURFACE_STYLE_USAGE ( .BOTH. , #7135 ) ;
#342 = MECHANICAL_DESIGN_GEOMETRIC_PRESENTATION_REPRESENTATION (  '', ( #2712 ), #7151 ) ;
#343 = CARTESIAN_POINT ( 'NONE',  ( -1.589999999999997637, -0.03999999999999967470, -0.3200000000000026157 ) ) ;
#344 =( NAMED_UNIT ( * ) SI_UNIT ( $, .STERADIAN. ) SOLID_ANGLE_UNIT ( ) );
#345 = CARTESIAN_POINT ( 'NONE',  ( -1.458731534135320640, 8.660657145849658178, 0.1887315341353224540 ) ) ;
#346 = VERTEX_POINT ( 'NONE', #1586 ) ;
#347 = EDGE_CURVE ( 'NONE', #6364, #8637, #9714, .T. ) ;
#348 = CARTESIAN_POINT ( 'NONE',  ( 25.39999999999999858, -3.000000000000000000, 1.270000000000000018 ) ) ;
#349 = PRESENTATION_LAYER_ASSIGNMENT (  '', '', ( #2719 ) ) ;
#350 =( LENGTH_UNIT ( ) NAMED_UNIT ( * ) SI_UNIT ( .MILLI., .METRE. ) );
#351 = ORIENTED_EDGE ( 'NONE', *, *, #2906, .T. ) ;
#352 = DIRECTION ( 'NONE',  ( 0.000000000000000000, 1.707404996040164265E-16, -1.000000000000000000 ) ) ;
#353 = ORIENTED_EDGE ( 'NONE', *, *, #4678, .F. ) ;
#354 = EDGE_CURVE ( 'NONE', #1428, #2783, #5955, .T. ) ;
#355 =( NAMED_UNIT ( * ) PLANE_ANGLE_UNIT ( ) SI_UNIT ( $, .RADIAN. ) );
#356 = CARTESIAN_POINT ( 'NONE',  ( 9.210000000000002629, -3.000000000000000000, -0.2108089297201431456 ) ) ;
#357 = VECTOR ( 'NONE', #1519, 1000.000000000000000 ) ;
#358 = ORIENTED_EDGE ( 'NONE', *, *, #8296, .F. ) ;
#359 = EDGE_CURVE ( 'NONE', #6213, #3743, #3739, .T. ) ;
#360 = DIRECTION ( 'NONE',  ( 0.000000000000000000, -1.000000000000000000, -2.891205793294677833E-16 ) ) ;
#361 = ORIENTED_EDGE ( 'NONE', *, *, #8800, .F. ) ;
#362 =( GEOMETRIC_REPRESENTATION_CONTEXT ( 3 ) GLOBAL_UNCERTAINTY_ASSIGNED_CONTEXT ( ( #1930 ) ) GLOBAL_UNIT_ASSIGNED_CONTEXT ( ( #9363, #201, #245 ) ) REPRESENTATION_CONTEXT ( 'NONE', 'WORKASPACE' ) );
#363 = ORIENTED_EDGE ( 'NONE', *, *, #3765, .F. ) ;
#364 = FACE_OUTER_BOUND ( 'NONE', #1130, .T. ) ;
#365 = DIRECTION ( 'NONE',  ( 0.000000000000000000, 1.000000000000000000, 1.707404996040164265E-16 ) ) ;
#366 = SURFACE_SIDE_STYLE ('',( #8655 ) ) ;
#367 = CARTESIAN_POINT ( 'NONE',  ( -11.10999999999999766, -6.905096679918783842, 0.3199999999999978417 ) ) ;
#368 = LINE ( 'NONE', #7774, #841 ) ;
#369 = CARTESIAN_POINT ( 'NONE',  ( 0.9500000000000011768, 8.299999999999993605, 0.3200000000000004508 ) ) ;
#370 = VERTEX_POINT ( 'NONE', #3037 ) ;
#371 = FACE_OUTER_BOUND ( 'NONE', #3291, .T. ) ;
#372 = DIRECTION ( 'NONE',  ( 0.000000000000000000, -0.3420201433256591650, 0.9396926207859118696 ) ) ;
#373 = VECTOR ( 'NONE', #673, 1000.000000000000000 ) ;
#374 = SURFACE_SIDE_STYLE ('',( #7221 ) ) ;
#375 = CARTESIAN_POINT ( 'NONE',  ( 7.720000000000001528, 2.500000000000000444, 1.019999999999996243 ) ) ;
#376 = VECTOR ( 'NONE', #8856, 1000.000000000000114 ) ;
#377 =( NAMED_UNIT ( * ) PLANE_ANGLE_UNIT ( ) SI_UNIT ( $, .RADIAN. ) );
#378 = VERTEX_POINT ( 'NONE', #732 ) ;
#379 = VECTOR ( 'NONE', #4449, 1000.000000000000000 ) ;
#380 = MECHANICAL_DESIGN_GEOMETRIC_PRESENTATION_REPRESENTATION (  '', ( #8943 ), #3920 ) ;
#381 = COLOUR_RGB ( '',1.000000000000000000, 0.8117647058823529438, 0.5019607843137254832 ) ;
#382 = DIRECTION ( 'NONE',  ( -1.000000000000000000, 0.000000000000000000, 0.000000000000000000 ) ) ;
#383 = LINE ( 'NONE', #9460, #3143 ) ;
#384 = AXIS2_PLACEMENT_3D ( 'NONE', #2307, #7577, #91 ) ;
#385 = CARTESIAN_POINT ( 'NONE',  ( 11.21919107027986229, -3.000000000000000000, -0.2108089297201431456 ) ) ;
#386 = LINE ( 'NONE', #5613, #9649 ) ;
#387 = DIRECTION ( 'NONE',  ( -0.000000000000000000, -0.3420201433256597756, -0.9396926207859116476 ) ) ;
#388 = VECTOR ( 'NONE', #1761, 1000.000000000000000 ) ;
#389 = VECTOR ( 'NONE', #8888, 1000.000000000000000 ) ;
#390 = CARTESIAN_POINT ( 'NONE',  ( 0.9500000000000029532, 2.500000000000000444, 0.3199999999999995071 ) ) ;
#391 = PRESENTATION_STYLE_ASSIGNMENT (( #4700 ) ) ;
#392 = EDGE_CURVE ( 'NONE', #5292, #1484, #3889, .T. ) ;
#393 = VERTEX_POINT ( 'NONE', #6905 ) ;
#394 = EDGE_CURVE ( 'NONE', #6761, #1033, #2229, .T. ) ;
#395 = DIRECTION ( 'NONE',  ( -1.000000000000000000, 0.000000000000000000, 0.000000000000000000 ) ) ;
#396 = CARTESIAN_POINT ( 'NONE',  ( -9.100808929720139773, -3.000000000000000000, 1.270000000000000018 ) ) ;
#397 = VERTEX_POINT ( 'NONE', #6802 ) ;
#398 = MECHANICAL_DESIGN_GEOMETRIC_PRESENTATION_REPRESENTATION (  '', ( #2780 ), #6258 ) ;
#399 = VECTOR ( 'NONE', #6203, 1000.000000000000000 ) ;
#400 = ORIENTED_EDGE ( 'NONE', *, *, #3170, .F. ) ;
#401 = CARTESIAN_POINT ( 'NONE',  ( -12.69999999999999929, 0.7500000000000000000, 0.7700000000000006839 ) ) ;
#402 = LINE ( 'NONE', #7192, #8172 ) ;
#403 =( LENGTH_UNIT ( ) NAMED_UNIT ( * ) SI_UNIT ( .MILLI., .METRE. ) );
#404 = EDGE_CURVE ( 'NONE', #3016, #6771, #17, .T. ) ;
#405 = ORIENTED_EDGE ( 'NONE', *, *, #3489, .T. ) ;
#406 = EDGE_CURVE ( 'NONE', #8905, #1186, #4766, .T. ) ;
#407 = ORIENTED_EDGE ( 'NONE', *, *, #3222, .F. ) ;
#408 =( LENGTH_UNIT ( ) NAMED_UNIT ( * ) SI_UNIT ( .MILLI., .METRE. ) );
#409 = ORIENTED_EDGE ( 'NONE', *, *, #5749, .F. ) ;
#410 =( NAMED_UNIT ( * ) PLANE_ANGLE_UNIT ( ) SI_UNIT ( $, .RADIAN. ) );
#411 = DIRECTION ( 'NONE',  ( 0.3236155771181768448, 0.8891264907159940334, -0.3236155771181768448 ) ) ;
#412 = CARTESIAN_POINT ( 'NONE',  ( 0.9500000000000029532, 2.500000000000000444, 0.3199999999999995071 ) ) ;
#413 = EDGE_CURVE ( 'NONE', #4687, #5724, #8478, .T. ) ;
#414 = CARTESIAN_POINT ( 'NONE',  ( -4.980000000000000426, 0.000000000000000000, 1.269999999999995799 ) ) ;
#415 = LINE ( 'NONE', #325, #3104 ) ;
#416 = CARTESIAN_POINT ( 'NONE',  ( -6.029999999999997584, 2.500000000000000444, -0.3200000000000021161 ) ) ;
#417 = ORIENTED_EDGE ( 'NONE', *, *, #3528, .F. ) ;
#418 = EDGE_CURVE ( 'NONE', #1033, #943, #6993, .T. ) ;
#419 = DIRECTION ( 'NONE',  ( -0.000000000000000000, 1.000000000000000000, 1.707404996040164265E-16 ) ) ;
#420 = VECTOR ( 'NONE', #2744, 1000.000000000000000 ) ;
#421 = CARTESIAN_POINT ( 'NONE',  ( -11.75000000000000000, 2.500000000000000444, 0.3199999999999995071 ) ) ;
#422 = EDGE_LOOP ( 'NONE', ( #885, #5130, #9098, #5778 ) ) ;
#423 = SURFACE_STYLE_USAGE ( .BOTH. , #2649 ) ;
#424 = LINE ( 'NONE', #1636, #180 ) ;
#425 = FACE_OUTER_BOUND ( 'NONE', #795, .T. ) ;
#426 = EDGE_CURVE ( 'NONE', #4527, #2194, #8574, .T. ) ;
#427 = VECTOR ( 'NONE', #4195, 1000.000000000000000 ) ;
#428 = CARTESIAN_POINT ( 'NONE',  ( -3.489999999999998437, -6.905096679918783842, 0.3199999999999978417 ) ) ;
#429 = CARTESIAN_POINT ( 'NONE',  ( 12.69999999999999929, 2.500000000000000444, -1.270000000000000018 ) ) ;
#430 = ORIENTED_EDGE ( 'NONE', *, *, #2510, .T. ) ;
#431 = PLANE ( 'NONE',  #4776 ) ;
#432 = VECTOR ( 'NONE', #1162, 1000.000000000000000 ) ;
#433 = CARTESIAN_POINT ( 'NONE',  ( -11.75000000000000000, -6.905096679918783842, -0.3200000000000038369 ) ) ;
#434 = FACE_OUTER_BOUND ( 'NONE', #5510, .T. ) ;
#435 = UNCERTAINTY_MEASURE_WITH_UNIT (LENGTH_MEASURE( 1.000000000000000082E-05 ), #8437, 'distance_accuracy_value', 'NONE');
#436 = VERTEX_POINT ( 'NONE', #5465 ) ;
#437 = CARTESIAN_POINT ( 'NONE',  ( -9.209999999999999076, -2.699999999999993072, -0.3200000000000031153 ) ) ;
#438 = FACE_OUTER_BOUND ( 'NONE', #7745, .T. ) ;
#439 = CARTESIAN_POINT ( 'NONE',  ( 12.69999999999999929, 0.000000000000000000, 1.019999999999995799 ) ) ;
#440 =( NAMED_UNIT ( * ) PLANE_ANGLE_UNIT ( ) SI_UNIT ( $, .RADIAN. ) );
#441 = ORIENTED_EDGE ( 'NONE', *, *, #4304, .F. ) ;
#442 = DIRECTION ( 'NONE',  ( -0.000000000000000000, 1.000000000000000000, 1.707404996040164265E-16 ) ) ;
#443 = DIRECTION ( 'NONE',  ( 0.3236155771181768448, -0.8891264907159940334, 0.3236155771181768448 ) ) ;
#444 = ORIENTED_EDGE ( 'NONE', *, *, #2052, .F. ) ;
#445 = UNCERTAINTY_MEASURE_WITH_UNIT (LENGTH_MEASURE( 1.000000000000000082E-05 ), #2907, 'distance_accuracy_value', 'NONE');
#446 = CARTESIAN_POINT ( 'NONE',  ( 12.80000000000000249, 2.500000000000000444, 1.019999999999996243 ) ) ;
#447 = ORIENTED_EDGE ( 'NONE', *, *, #5758, .T. ) ;
#448 = UNCERTAINTY_MEASURE_WITH_UNIT (LENGTH_MEASURE( 1.000000000000000082E-05 ), #6282, 'distance_accuracy_value', 'NONE');
#449 = ORIENTED_EDGE ( 'NONE', *, *, #8976, .T. ) ;
#450 = CARTESIAN_POINT ( 'NONE',  ( 10.26000000000000156, 2.500000000000000444, -1.020000000000003793 ) ) ;
#451 = EDGE_CURVE ( 'NONE', #779, #1888, #9186, .T. ) ;
#452 = AXIS2_PLACEMENT_3D ( 'NONE', #348, #9425, #5479 ) ;
#453 = EDGE_LOOP ( 'NONE', ( #3486, #2452, #8639, #6275 ) ) ;
#454 = VERTEX_POINT ( 'NONE', #3977 ) ;
#455 = UNCERTAINTY_MEASURE_WITH_UNIT (LENGTH_MEASURE( 1.000000000000000082E-05 ), #4168, 'distance_accuracy_value', 'NONE');
#456 = SURFACE_STYLE_FILL_AREA ( #1234 ) ;
#457 = VERTEX_POINT ( 'NONE', #1774 ) ;
#458 = DIRECTION ( 'NONE',  ( 0.000000000000000000, -0.000000000000000000, 1.000000000000000000 ) ) ;
#459 =( NAMED_UNIT ( * ) SI_UNIT ( $, .STERADIAN. ) SOLID_ANGLE_UNIT ( ) );
#460 = DIRECTION ( 'NONE',  ( 0.000000000000000000, 0.000000000000000000, 1.000000000000000000 ) ) ;
#461 = ADVANCED_FACE ( 'NONE', ( #1680 ), #1824, .T. ) ;
#462 = VECTOR ( 'NONE', #1440, 1000.000000000000000 ) ;
#463 = DIRECTION ( 'NONE',  ( 1.000000000000000000, 0.000000000000000000, -0.000000000000000000 ) ) ;
#464 = CARTESIAN_POINT ( 'NONE',  ( 8.568265122837695813, -2.695233464171030047, 0.3217348771623044223 ) ) ;
#465 = LINE ( 'NONE', #6417, #6743 ) ;
#466 = VERTEX_POINT ( 'NONE', #4121 ) ;
#467 = CARTESIAN_POINT ( 'NONE',  ( -6.669999999999999929, 8.299999999999993605, -0.3200000000000012279 ) ) ;
#468 = EDGE_CURVE ( 'NONE', #8788, #6963, #4672, .T. ) ;
#469 = DIRECTION ( 'NONE',  ( 1.000000000000000000, 0.000000000000000000, 0.000000000000000000 ) ) ;
#470 = VECTOR ( 'NONE', #48, 1000.000000000000000 ) ;
#471 = ORIENTED_EDGE ( 'NONE', *, *, #6667, .T. ) ;
#472 = DIRECTION ( 'NONE',  ( 0.000000000000000000, 1.000000000000000000, 1.707404996040164265E-16 ) ) ;
#473 = CARTESIAN_POINT ( 'NONE',  ( 6.030000000000000249, 8.299999999999993605, -0.3200000000000012279 ) ) ;
#474 = EDGE_CURVE ( 'NONE', #897, #4877, #4025, .T. ) ;
#475 =( GEOMETRIC_REPRESENTATION_CONTEXT ( 3 ) GLOBAL_UNCERTAINTY_ASSIGNED_CONTEXT ( ( #2133 ) ) GLOBAL_UNIT_ASSIGNED_CONTEXT ( ( #3046, #25, #1778 ) ) REPRESENTATION_CONTEXT ( 'NONE', 'WORKASPACE' ) );
#476 = DIRECTION ( 'NONE',  ( 0.3236155771181768448, -0.8891264907159940334, -0.3236155771181768448 ) ) ;
#477 = MECHANICAL_DESIGN_GEOMETRIC_PRESENTATION_REPRESENTATION (  '', ( #3495 ), #8563 ) ;
#478 = LINE ( 'NONE', #7375, #4988 ) ;
#479 = ORIENTED_EDGE ( 'NONE', *, *, #3987, .T. ) ;
#480 = ADVANCED_FACE ( 'NONE', ( #3224 ), #7740, .T. ) ;
#481 = DIRECTION ( 'NONE',  ( 0.9396926207859117586, -0.3420201433256594981, 0.000000000000000000 ) ) ;
#482 =( GEOMETRIC_REPRESENTATION_CONTEXT ( 3 ) GLOBAL_UNCERTAINTY_ASSIGNED_CONTEXT ( ( #1341 ) ) GLOBAL_UNIT_ASSIGNED_CONTEXT ( ( #6736, #5897, #8272 ) ) REPRESENTATION_CONTEXT ( 'NONE', 'WORKASPACE' ) );
#483 = PRESENTATION_STYLE_ASSIGNMENT (( #7093 ) ) ;
#484 = DIRECTION ( 'NONE',  ( -0.000000000000000000, 1.000000000000000000, 1.707404996040164265E-16 ) ) ;
#485 = DIRECTION ( 'NONE',  ( -0.000000000000000000, -0.000000000000000000, 1.000000000000000000 ) ) ;
#486 = FILL_AREA_STYLE_COLOUR ( '', #618 ) ;
#487 = SURFACE_STYLE_FILL_AREA ( #1920 ) ;
#488 = LINE ( 'NONE', #2824, #7508 ) ;
#489 = COLOUR_RGB ( '',1.000000000000000000, 0.8117647058823529438, 0.5019607843137254832 ) ;
#490 = CARTESIAN_POINT ( 'NONE',  ( 6.670000000000002593, 8.299999999999993605, -0.3200000000000012279 ) ) ;
#491 =( GEOMETRIC_REPRESENTATION_CONTEXT ( 3 ) GLOBAL_UNCERTAINTY_ASSIGNED_CONTEXT ( ( #3227 ) ) GLOBAL_UNIT_ASSIGNED_CONTEXT ( ( #7847, #6256, #5626 ) ) REPRESENTATION_CONTEXT ( 'NONE', 'WORKASPACE' ) );
#492 = ORIENTED_EDGE ( 'NONE', *, *, #4832, .F. ) ;
#493 = DIRECTION ( 'NONE',  ( 1.000000000000000000, 0.000000000000000000, -0.000000000000000000 ) ) ;
#494 = CARTESIAN_POINT ( 'NONE',  ( -10.25999999999999801, 0.000000000000000000, -1.270000000000004237 ) ) ;
#495 = VERTEX_POINT ( 'NONE', #4312 ) ;
#496 = DIRECTION ( 'NONE',  ( 0.3236155771181767893, 0.8891264907159940334, -0.3236155771181771224 ) ) ;
#497 = STYLED_ITEM ( 'NONE', ( #703 ), #915 ) ;
#498 = VERTEX_POINT ( 'NONE', #8768 ) ;
#499 = FILL_AREA_STYLE_COLOUR ( '', #321 ) ;
#500 = SURFACE_STYLE_FILL_AREA ( #8792 ) ;
#501 = VECTOR ( 'NONE', #7912, 1000.000000000000000 ) ;
#502 = ORIENTED_EDGE ( 'NONE', *, *, #6904, .F. ) ;
#503 = LINE ( 'NONE', #2045, #5630 ) ;
#504 = ORIENTED_EDGE ( 'NONE', *, *, #6600, .F. ) ;
#505 = EDGE_CURVE ( 'NONE', #466, #9476, #6383, .T. ) ;
#506 = ORIENTED_EDGE ( 'NONE', *, *, #8047, .F. ) ;
#507 = ORIENTED_EDGE ( 'NONE', *, *, #80, .T. ) ;
#508 = LINE ( 'NONE', #9630, #1370 ) ;
#509 =( LENGTH_UNIT ( ) NAMED_UNIT ( * ) SI_UNIT ( .MILLI., .METRE. ) );
#510 = CARTESIAN_POINT ( 'NONE',  ( -12.59999999999999964, -0.03999999999999967470, 1.019999999999995799 ) ) ;
#511 =( GEOMETRIC_REPRESENTATION_CONTEXT ( 3 ) GLOBAL_UNCERTAINTY_ASSIGNED_CONTEXT ( ( #8600 ) ) GLOBAL_UNIT_ASSIGNED_CONTEXT ( ( #3788, #8227, #7596 ) ) REPRESENTATION_CONTEXT ( 'NONE', 'WORKASPACE' ) );
#512 = LINE ( 'NONE', #3551, #9244 ) ;
#513 = ORIENTED_EDGE ( 'NONE', *, *, #3317, .F. ) ;
#514 = CARTESIAN_POINT ( 'NONE',  ( 12.69999999999999929, 0.7500000000000001110, 0.3199999999999991740 ) ) ;
#515 = VECTOR ( 'NONE', #6222, 1000.000000000000114 ) ;
#516 = ADVANCED_FACE ( 'NONE', ( #9414 ), #4910, .F. ) ;
#517 = LINE ( 'NONE', #9447, #9364 ) ;
#518 = ORIENTED_EDGE ( 'NONE', *, *, #404, .F. ) ;
#519 = CARTESIAN_POINT ( 'NONE',  ( 6.139191070279860440, -3.000000000000000000, -0.2108089297201431456 ) ) ;
#520 = FACE_OUTER_BOUND ( 'NONE', #1929, .T. ) ;
#521 = FACE_OUTER_BOUND ( 'NONE', #1981, .T. ) ;
#522 = DIRECTION ( 'NONE',  ( 0.000000000000000000, 0.000000000000000000, -1.000000000000000000 ) ) ;
#523 = MECHANICAL_DESIGN_GEOMETRIC_PRESENTATION_REPRESENTATION (  '', ( #4026 ), #985 ) ;
#524 = LINE ( 'NONE', #3568, #2094 ) ;
#525 = PLANE ( 'NONE',  #1954 ) ;
#526 = EDGE_CURVE ( 'NONE', #9030, #6639, #5062, .T. ) ;
#527 = CARTESIAN_POINT ( 'NONE',  ( 17.78000000000000114, -3.000000000000000000, -0.2108089297201431456 ) ) ;
#528 = CARTESIAN_POINT ( 'NONE',  ( 3.490000000000000213, -3.000000000000000000, 0.2108089297201388157 ) ) ;
#529 = ORIENTED_EDGE ( 'NONE', *, *, #4858, .F. ) ;
#530 = EDGE_CURVE ( 'NONE', #1596, #3560, #2658, .T. ) ;
#531 = CARTESIAN_POINT ( 'NONE',  ( -4.129999999999998117, 2.500000000000000444, 0.3199999999999995071 ) ) ;
#532 = VECTOR ( 'NONE', #3220, 1000.000000000000000 ) ;
#533 =( NAMED_UNIT ( * ) SI_UNIT ( $, .STERADIAN. ) SOLID_ANGLE_UNIT ( ) );
#534 = FILL_AREA_STYLE ('',( #486 ) ) ;
#535 = LINE ( 'NONE', #6030, #5403 ) ;
#536 = VECTOR ( 'NONE', #1763, 1000.000000000000000 ) ;
#537 = LINE ( 'NONE', #2823, #555 ) ;
#538 = EDGE_CURVE ( 'NONE', #8093, #2522, #7917, .T. ) ;
#539 = CARTESIAN_POINT ( 'NONE',  ( -2.639999999999998348, 2.500000000000000444, 1.269999999999996243 ) ) ;
#540 = VECTOR ( 'NONE', #621, 1000.000000000000000 ) ;
#541 = PRESENTATION_LAYER_ASSIGNMENT (  '', '', ( #7044 ) ) ;
#542 = PLANE ( 'NONE',  #6386 ) ;
#543 = VERTEX_POINT ( 'NONE', #6579 ) ;
#544 = CARTESIAN_POINT ( 'NONE',  ( 5.180000000000000604, -0.03999999999999967470, 1.019999999999995799 ) ) ;
#545 = AXIS2_PLACEMENT_3D ( 'NONE', #2579, #2632, #8551 ) ;
#546 = CARTESIAN_POINT ( 'NONE',  ( -6.028265122837692225, -2.695233464171030047, 0.3217348771623044223 ) ) ;
#547 = ORIENTED_EDGE ( 'NONE', *, *, #7910, .T. ) ;
#548 = UNCERTAINTY_MEASURE_WITH_UNIT (LENGTH_MEASURE( 1.000000000000000082E-05 ), #2400, 'distance_accuracy_value', 'NONE');
#549 = CARTESIAN_POINT ( 'NONE',  ( -8.945728191108337057, -3.426080827528285244, -0.05572819110834042328 ) ) ;
#550 = VERTEX_POINT ( 'NONE', #4166 ) ;
#551 = FACE_OUTER_BOUND ( 'NONE', #5862, .T. ) ;
#552 = VECTOR ( 'NONE', #1089, 1000.000000000000000 ) ;
#553 = CARTESIAN_POINT ( 'NONE',  ( 12.69999999999999929, 9.429780353434485416E-17, -1.020000000000004237 ) ) ;
#554 = EDGE_LOOP ( 'NONE', ( #8002, #1823, #3594, #9637 ) ) ;
#555 = VECTOR ( 'NONE', #7280, 1000.000000000000000 ) ;
#556 = DIRECTION ( 'NONE',  ( -1.000000000000000000, 0.000000000000000000, 0.000000000000000000 ) ) ;
#557 = ORIENTED_EDGE ( 'NONE', *, *, #8654, .F. ) ;
#558 = ORIENTED_EDGE ( 'NONE', *, *, #4904, .T. ) ;
#559 = ORIENTED_EDGE ( 'NONE', *, *, #8831, .T. ) ;
#560 = LINE ( 'NONE', #1187, #5356 ) ;
#561 = DIRECTION ( 'NONE',  ( 1.000000000000000000, 0.000000000000000000, -0.000000000000000000 ) ) ;
#562 = VECTOR ( 'NONE', #3999, 1000.000000000000000 ) ;
#563 = CARTESIAN_POINT ( 'NONE',  ( 2.640000000000000124, 2.500000000000000444, -1.020000000000003793 ) ) ;
#564 = MECHANICAL_DESIGN_GEOMETRIC_PRESENTATION_REPRESENTATION (  '', ( #9751 ), #110 ) ;
#565 = LINE ( 'NONE', #8904, #8787 ) ;
#566 = ORIENTED_EDGE ( 'NONE', *, *, #597, .T. ) ;
#567 = ORIENTED_EDGE ( 'NONE', *, *, #2971, .T. ) ;
#568 = CARTESIAN_POINT ( 'NONE',  ( -4.980000000000002203, 0.000000000000000000, 1.270000000000000018 ) ) ;
#569 = ORIENTED_EDGE ( 'NONE', *, *, #5464, .T. ) ;
#570 = DIRECTION ( 'NONE',  ( 0.000000000000000000, 0.000000000000000000, 1.000000000000000000 ) ) ;
#571 = CARTESIAN_POINT ( 'NONE',  ( 2.440000000000001279, 0.000000000000000000, 1.019999999999995799 ) ) ;
#572 = DIRECTION ( 'NONE',  ( 0.000000000000000000, 0.000000000000000000, -1.000000000000000000 ) ) ;
#574 = EDGE_CURVE ( 'NONE', #9245, #1335, #7172, .T. ) ;
#573 = CARTESIAN_POINT ( 'NONE',  ( 6.670000000000002593, -2.699999999999993072, -0.3200000000000031153 ) ) ;
#575 =( LENGTH_UNIT ( ) NAMED_UNIT ( * ) SI_UNIT ( .MILLI., .METRE. ) );
#576 = EDGE_CURVE ( 'NONE', #1299, #9045, #5844, .T. ) ;
#577 = CARTESIAN_POINT ( 'NONE',  ( -6.029999999999997584, 0.7500000000000000000, 0.7700000000000006839 ) ) ;
#578 = STYLED_ITEM ( 'NONE', ( #1199 ), #3854 ) ;
#579 = CARTESIAN_POINT ( 'NONE',  ( -1.589999999999997637, 2.500000000000000444, -0.3200000000000021716 ) ) ;
#580 = VERTEX_POINT ( 'NONE', #4363 ) ;
#581 = ADVANCED_FACE ( 'NONE', ( #1915 ), #4955, .F. ) ;
#582 = CARTESIAN_POINT ( 'NONE',  ( 17.78000000000000114, 8.599999999999999645, -0.2108089297201413692 ) ) ;
#583 = CARTESIAN_POINT ( 'NONE',  ( 12.69999999999999929, 2.500000000000000000, 1.270000000000000018 ) ) ;
#584 = SURFACE_STYLE_USAGE ( .BOTH. , #8071 ) ;
#585 = ADVANCED_FACE ( 'NONE', ( #8013 ), #431, .T. ) ;
#586 = LINE ( 'NONE', #7387, #1632 ) ;
#587 = CARTESIAN_POINT ( 'NONE',  ( 4.020808929720141478, 8.599999999999999645, -0.2108089297201413692 ) ) ;
#588 = ORIENTED_EDGE ( 'NONE', *, *, #8219, .T. ) ;
#589 = LINE ( 'NONE', #4374, #7601 ) ;
#590 = EDGE_CURVE ( 'NONE', #5821, #4144, #4412, .T. ) ;
#591 = ORIENTED_EDGE ( 'NONE', *, *, #7972, .F. ) ;
#592 = CARTESIAN_POINT ( 'NONE',  ( 10.26000000000000156, -0.03999999999999923755, -1.270000000000004237 ) ) ;
#593 = ORIENTED_EDGE ( 'NONE', *, *, #8597, .T. ) ;
#594 = DIRECTION ( 'NONE',  ( -1.000000000000000000, 0.000000000000000000, -0.000000000000000000 ) ) ;
#595 = VECTOR ( 'NONE', #2807, 1000.000000000000000 ) ;
#596 = PLANE ( 'NONE',  #6098 ) ;
#597 = EDGE_CURVE ( 'NONE', #5292, #897, #3728, .T. ) ;
#598 = ORIENTED_EDGE ( 'NONE', *, *, #5351, .F. ) ;
#599 =( NAMED_UNIT ( * ) PLANE_ANGLE_UNIT ( ) SI_UNIT ( $, .RADIAN. ) );
#600 = ORIENTED_EDGE ( 'NONE', *, *, #7034, .F. ) ;
#601 = STYLED_ITEM ( 'NONE', ( #9350 ), #5059 ) ;
#602 = EDGE_CURVE ( 'NONE', #8710, #3179, #5308, .T. ) ;
#603 = CARTESIAN_POINT ( 'NONE',  ( 12.69999999999999929, 0.000000000000000000, 1.270000000000000018 ) ) ;
#604 = VERTEX_POINT ( 'NONE', #2324 ) ;
#605 = EDGE_LOOP ( 'NONE', ( #7418, #1788, #4346, #2131 ) ) ;
#606 = LINE ( 'NONE', #2146, #2636 ) ;
#607 = FILL_AREA_STYLE ('',( #7305 ) ) ;
#608 = VECTOR ( 'NONE', #2940, 1000.000000000000000 ) ;
#609 = FACE_OUTER_BOUND ( 'NONE', #3157, .T. ) ;
#610 = ORIENTED_EDGE ( 'NONE', *, *, #5752, .T. ) ;
#611 = CARTESIAN_POINT ( 'NONE',  ( 7.520000000000002238, 2.500000000000000888, -1.270000000000003793 ) ) ;
#612 = ORIENTED_EDGE ( 'NONE', *, *, #7252, .T. ) ;
#613 = DIRECTION ( 'NONE',  ( 1.000000000000000000, 0.000000000000000000, 0.000000000000000000 ) ) ;
#614 = FACE_OUTER_BOUND ( 'NONE', #264, .T. ) ;
#615 = ORIENTED_EDGE ( 'NONE', *, *, #6956, .T. ) ;
#616 =( LENGTH_UNIT ( ) NAMED_UNIT ( * ) SI_UNIT ( .MILLI., .METRE. ) );
#617 = SURFACE_STYLE_USAGE ( .BOTH. , #2865 ) ;
#618 = COLOUR_RGB ( '',1.000000000000000000, 0.8117647058823529438, 0.5019607843137254832 ) ;
#619 = DIRECTION ( 'NONE',  ( -0.000000000000000000, 1.000000000000000000, 1.707404996040164265E-16 ) ) ;
#620 = CARTESIAN_POINT ( 'NONE',  ( -8.569999999999998508, -6.905096679918783842, -0.3200000000000038369 ) ) ;
#621 = DIRECTION ( 'NONE',  ( -0.000000000000000000, 1.000000000000000000, 1.707404996040164265E-16 ) ) ;
#622 = CARTESIAN_POINT ( 'NONE',  ( 12.69999999999999929, 2.500000000000000444, -1.270000000000000018 ) ) ;
#623 = CARTESIAN_POINT ( 'NONE',  ( -2.439999999999999503, -0.03999999999999967470, 1.019999999999995799 ) ) ;
#624 = VECTOR ( 'NONE', #2238, 1000.000000000000000 ) ;
#625 = ORIENTED_EDGE ( 'NONE', *, *, #2488, .T. ) ;
#626 = ADVANCED_FACE ( 'NONE', ( #2171 ), #9073, .F. ) ;
#627 = CARTESIAN_POINT ( 'NONE',  ( -0.9499999999999977351, 8.299999999999993605, -0.3200000000000012279 ) ) ;
#628 = DIRECTION ( 'NONE',  ( -0.000000000000000000, 1.000000000000000000, 1.707404996040164265E-16 ) ) ;
#629 =( NAMED_UNIT ( * ) SI_UNIT ( $, .STERADIAN. ) SOLID_ANGLE_UNIT ( ) );
#630 = CARTESIAN_POINT ( 'NONE',  ( -1.480808929720139444, -3.000000000000000000, 0.2108089297201388157 ) ) ;
#631 =( NAMED_UNIT ( * ) SI_UNIT ( $, .STERADIAN. ) SOLID_ANGLE_UNIT ( ) );
#632 = CARTESIAN_POINT ( 'NONE',  ( -5.179999999999998828, 4.743384504624081899E-17, -1.020000000000004237 ) ) ;
#633 = VERTEX_POINT ( 'NONE', #3676 ) ;
#634 =( NAMED_UNIT ( * ) PLANE_ANGLE_UNIT ( ) SI_UNIT ( $, .RADIAN. ) );
#635 = AXIS2_PLACEMENT_3D ( 'NONE', #3278, #5373, #158 ) ;
#636 = LINE ( 'NONE', #9665, #9029 ) ;
#637 = ORIENTED_EDGE ( 'NONE', *, *, #8429, .F. ) ;
#638 = CARTESIAN_POINT ( 'NONE',  ( -5.179999999999998828, 2.500000000000000444, 1.019999999999996243 ) ) ;
#639 = VERTEX_POINT ( 'NONE', #7593 ) ;
#640 = PRESENTATION_STYLE_ASSIGNMENT (( #7451 ) ) ;
#641 = VECTOR ( 'NONE', #9588, 1000.000000000000000 ) ;
#642 = EDGE_CURVE ( 'NONE', #1646, #5517, #7432, .T. ) ;
#643 = EDGE_LOOP ( 'NONE', ( #2066, #292, #9638, #2845 ) ) ;
#644 = ORIENTED_EDGE ( 'NONE', *, *, #8186, .F. ) ;
#645 = VECTOR ( 'NONE', #9491, 1000.000000000000000 ) ;
#646 = EDGE_CURVE ( 'NONE', #7238, #8387, #8226, .T. ) ;
#647 = DIRECTION ( 'NONE',  ( 0.000000000000000000, -1.000000000000000000, -1.707404996040164265E-16 ) ) ;
#648 = ORIENTED_EDGE ( 'NONE', *, *, #1933, .T. ) ;
#649 = ORIENTED_EDGE ( 'NONE', *, *, #5561, .F. ) ;
#650 =( LENGTH_UNIT ( ) NAMED_UNIT ( * ) SI_UNIT ( .MILLI., .METRE. ) );
#651 = FACE_OUTER_BOUND ( 'NONE', #24, .T. ) ;
#652 = LINE ( 'NONE', #9735, #1467 ) ;
#653 = STYLED_ITEM ( 'NONE', ( #5898 ), #1312 ) ;
#654 = EDGE_CURVE ( 'NONE', #7129, #8753, #8374, .T. ) ;
#655 = ORIENTED_EDGE ( 'NONE', *, *, #2762, .F. ) ;
#656 = EDGE_LOOP ( 'NONE', ( #625, #7298, #9322, #7868 ) ) ;
#657 = CARTESIAN_POINT ( 'NONE',  ( -6.560808929720139737, -3.000000000000000000, 1.270000000000000018 ) ) ;
#658 = FILL_AREA_STYLE_COLOUR ( '', #1759 ) ;
#659 = ORIENTED_EDGE ( 'NONE', *, *, #2111, .F. ) ;
#660 =( LENGTH_UNIT ( ) NAMED_UNIT ( * ) SI_UNIT ( .MILLI., .METRE. ) );
#661 = FACE_OUTER_BOUND ( 'NONE', #7120, .T. ) ;
#662 = DIRECTION ( 'NONE',  ( -0.000000000000000000, 1.000000000000000000, 1.707404996040164265E-16 ) ) ;
#663 = VECTOR ( 'NONE', #8305, 1000.000000000000000 ) ;
#664 = DIRECTION ( 'NONE',  ( -1.000000000000000000, -0.000000000000000000, 0.000000000000000000 ) ) ;
#665 = VERTEX_POINT ( 'NONE', #6626 ) ;
#666 = CARTESIAN_POINT ( 'NONE',  ( 6.139191070279860440, 8.599999999999999645, 1.041517047584500167E-15 ) ) ;
#667 = VECTOR ( 'NONE', #8078, 1000.000000000000000 ) ;
#668 = CARTESIAN_POINT ( 'NONE',  ( 0.9500000000000029532, 2.500000000000000444, -0.3200000000000021716 ) ) ;
#669 = CARTESIAN_POINT ( 'NONE',  ( 11.11000000000000121, -6.905096679918783842, 0.3199999999999978417 ) ) ;
#670 = CARTESIAN_POINT ( 'NONE',  ( 4.130000000000005222, -0.03999999999999967470, -0.3200000000000026157 ) ) ;
#671 = FILL_AREA_STYLE ('',( #3793 ) ) ;
#672 = DIRECTION ( 'NONE',  ( 0.000000000000000000, 3.771912141373855303E-16, 1.000000000000000000 ) ) ;
#673 = DIRECTION ( 'NONE',  ( 0.000000000000000000, 0.000000000000000000, -1.000000000000000000 ) ) ;
#674 = ORIENTED_EDGE ( 'NONE', *, *, #9756, .T. ) ;
#675 = CARTESIAN_POINT ( 'NONE',  ( 7.720000000000001528, -0.03999999999999967470, 1.269999999999995799 ) ) ;
#676 =( NAMED_UNIT ( * ) SI_UNIT ( $, .STERADIAN. ) SOLID_ANGLE_UNIT ( ) );
#677 = FACE_OUTER_BOUND ( 'NONE', #880, .T. ) ;
#678 = VERTEX_POINT ( 'NONE', #2874 ) ;
#679 = FACE_OUTER_BOUND ( 'NONE', #6200, .T. ) ;
#680 = ORIENTED_EDGE ( 'NONE', *, *, #2343, .F. ) ;
#681 = DIRECTION ( 'NONE',  ( 0.9396926207859117586, -0.3420201433256594981, 0.000000000000000000 ) ) ;
#682 = CARTESIAN_POINT ( 'NONE',  ( -1.589999999999997637, -0.03999999999999967470, 0.3199999999999990630 ) ) ;
#683 = PRESENTATION_LAYER_ASSIGNMENT (  '', '', ( #7349 ) ) ;
#684 = EDGE_CURVE ( 'NONE', #6639, #8779, #8922, .T. ) ;
#685 = EDGE_CURVE ( 'NONE', #6531, #1175, #4854, .T. ) ;
#686 = ORIENTED_EDGE ( 'NONE', *, *, #5749, .T. ) ;
#687 = FACE_OUTER_BOUND ( 'NONE', #7152, .T. ) ;
#688 =( GEOMETRIC_REPRESENTATION_CONTEXT ( 3 ) GLOBAL_UNCERTAINTY_ASSIGNED_CONTEXT ( ( #8084 ) ) GLOBAL_UNIT_ASSIGNED_CONTEXT ( ( #6610, #3768, #8255 ) ) REPRESENTATION_CONTEXT ( 'NONE', 'WORKASPACE' ) );
#689 = PRESENTATION_STYLE_ASSIGNMENT (( #2143 ) ) ;
#690 = EDGE_LOOP ( 'NONE', ( #8289, #3598, #9680, #2043 ) ) ;
#691 = MECHANICAL_DESIGN_GEOMETRIC_PRESENTATION_REPRESENTATION (  '', ( #1816 ), #9571 ) ;
#692 = EDGE_LOOP ( 'NONE', ( #6382, #783, #2624, #1418 ) ) ;
#693 = ADVANCED_FACE ( 'NONE', ( #4661 ), #905, .F. ) ;
#694 = DIRECTION ( 'NONE',  ( 0.000000000000000000, 0.000000000000000000, 1.000000000000000000 ) ) ;
#695 = PLANE ( 'NONE',  #4063 ) ;
#696 = VECTOR ( 'NONE', #613, 1000.000000000000000 ) ;
#697 = CARTESIAN_POINT ( 'NONE',  ( -3.865728191108337874, -3.426080827528285244, -0.05572819110834042328 ) ) ;
#698 = EDGE_CURVE ( 'NONE', #457, #1327, #2371, .T. ) ;
#699 = VECTOR ( 'NONE', #4622, 1000.000000000000000 ) ;
#700 =( NAMED_UNIT ( * ) SI_UNIT ( $, .STERADIAN. ) SOLID_ANGLE_UNIT ( ) );
#701 = EDGE_LOOP ( 'NONE', ( #4333, #2508, #3510, #2083 ) ) ;
#702 =( LENGTH_UNIT ( ) NAMED_UNIT ( * ) SI_UNIT ( .MILLI., .METRE. ) );
#703 = PRESENTATION_STYLE_ASSIGNMENT (( #5098 ) ) ;
#704 = EDGE_LOOP ( 'NONE', ( #7301, #5754, #8957, #2580 ) ) ;
#705 = EDGE_CURVE ( 'NONE', #378, #2243, #9269, .T. ) ;
#706 = DIRECTION ( 'NONE',  ( 0.000000000000000000, 1.000000000000000000, 1.707404996040164265E-16 ) ) ;
#707 = FILL_AREA_STYLE ('',( #6134 ) ) ;
#708 = MECHANICAL_DESIGN_GEOMETRIC_PRESENTATION_REPRESENTATION (  '', ( #3730 ), #9726 ) ;
#709 = LINE ( 'NONE', #3019, #595 ) ;
#710 = AXIS2_PLACEMENT_3D ( 'NONE', #3008, #8304, #6017 ) ;
#711 = CARTESIAN_POINT ( 'NONE',  ( -6.029999999999997584, -0.03999999999999967470, -0.3200000000000026157 ) ) ;
#712 = LINE ( 'NONE', #9606, #6332 ) ;
#713 = VECTOR ( 'NONE', #8587, 1000.000000000000000 ) ;
#714 = DIRECTION ( 'NONE',  ( 0.000000000000000000, 0.000000000000000000, 1.000000000000000000 ) ) ;
#715 =( NAMED_UNIT ( * ) SI_UNIT ( $, .STERADIAN. ) SOLID_ANGLE_UNIT ( ) );
#716 = ADVANCED_FACE ( 'NONE', ( #3880 ), #6139, .F. ) ;
#717 = VERTEX_POINT ( 'NONE', #9225 ) ;
#718 = FACE_OUTER_BOUND ( 'NONE', #4631, .T. ) ;
#719 = CARTESIAN_POINT ( 'NONE',  ( 8.570000000000002061, -6.905096679918783842, -0.3200000000000038369 ) ) ;
#720 = STYLED_ITEM ( 'NONE', ( #6039 ), #3689 ) ;
#721 = ORIENTED_EDGE ( 'NONE', *, *, #164, .F. ) ;
#722 = SURFACE_STYLE_USAGE ( .BOTH. , #1366 ) ;
#723 = EDGE_CURVE ( 'NONE', #8745, #3429, #3264, .T. ) ;
#724 = DIRECTION ( 'NONE',  ( 0.000000000000000000, -0.3420201433256594981, 0.9396926207859117586 ) ) ;
#725 = SURFACE_STYLE_FILL_AREA ( #5213 ) ;
#726 = DIRECTION ( 'NONE',  ( 0.000000000000000000, 0.000000000000000000, 1.000000000000000000 ) ) ;
#727 = PRESENTATION_LAYER_ASSIGNMENT (  '', '', ( #7722 ) ) ;
#728 = CARTESIAN_POINT ( 'NONE',  ( -10.06000000000000227, 2.500000000000000000, 1.019999999999996243 ) ) ;
#729 = CARTESIAN_POINT ( 'NONE',  ( -5.179999999999998828, -0.03999999999999923755, -1.270000000000004237 ) ) ;
#730 = DIRECTION ( 'NONE',  ( 0.000000000000000000, 0.000000000000000000, -1.000000000000000000 ) ) ;
#731 = ORIENTED_EDGE ( 'NONE', *, *, #3581, .F. ) ;
#732 = CARTESIAN_POINT ( 'NONE',  ( -9.209999999999999076, 2.500000000000000444, 0.3199999999999995071 ) ) ;
#733 = PRESENTATION_LAYER_ASSIGNMENT (  '', '', ( #3137 ) ) ;
#734 = CARTESIAN_POINT ( 'NONE',  ( 11.64080892972014425, 8.599999999999999645, 1.041517047584500167E-15 ) ) ;
#735 = LINE ( 'NONE', #6106, #3354 ) ;
#736 = ORIENTED_EDGE ( 'NONE', *, *, #9505, .T. ) ;
#737 = UNCERTAINTY_MEASURE_WITH_UNIT (LENGTH_MEASURE( 1.000000000000000082E-05 ), #3302, 'distance_accuracy_value', 'NONE');
#738 = SURFACE_SIDE_STYLE ('',( #7608 ) ) ;
#739 = VERTEX_POINT ( 'NONE', #8465 ) ;
#740 = FILL_AREA_STYLE ('',( #7614 ) ) ;
#741 = ORIENTED_EDGE ( 'NONE', *, *, #2345, .F. ) ;
#742 = VECTOR ( 'NONE', #4289, 1000.000000000000000 ) ;
#743 = ORIENTED_EDGE ( 'NONE', *, *, #3599, .T. ) ;
#744 = VERTEX_POINT ( 'NONE', #281 ) ;
#745 = UNCERTAINTY_MEASURE_WITH_UNIT (LENGTH_MEASURE( 1.000000000000000082E-05 ), #2406, 'distance_accuracy_value', 'NONE');
#746 = AXIS2_PLACEMENT_3D ( 'NONE', #6163, #8066, #3522 ) ;
#747 = ORIENTED_EDGE ( 'NONE', *, *, #8120, .T. ) ;
#748 = CARTESIAN_POINT ( 'NONE',  ( -8.679191070279857811, -3.000000000000000000, 0.3199999999999985079 ) ) ;
#749 = ADVANCED_FACE ( 'NONE', ( #7079 ), #4015, .F. ) ;
#750 = DIRECTION ( 'NONE',  ( 0.000000000000000000, 3.771912141373855303E-16, 1.000000000000000000 ) ) ;
#751 = LINE ( 'NONE', #1651, #8645 ) ;
#752 = LINE ( 'NONE', #7789, #5913 ) ;
#753 = CARTESIAN_POINT ( 'NONE',  ( 7.520000000000002238, -0.03999999999999967470, 1.269999999999995799 ) ) ;
#754 = ORIENTED_EDGE ( 'NONE', *, *, #1747, .F. ) ;
#755 = VECTOR ( 'NONE', #284, 1000.000000000000000 ) ;
#756 = ORIENTED_EDGE ( 'NONE', *, *, #2488, .F. ) ;
#757 = SURFACE_STYLE_FILL_AREA ( #7720 ) ;
#758 = ORIENTED_EDGE ( 'NONE', *, *, #3708, .T. ) ;
#759 = FACE_OUTER_BOUND ( 'NONE', #7556, .T. ) ;
#760 = EDGE_CURVE ( 'NONE', #8387, #3910, #7163, .T. ) ;
#761 = DIRECTION ( 'NONE',  ( 0.000000000000000000, 0.000000000000000000, -1.000000000000000000 ) ) ;
#762 = CARTESIAN_POINT ( 'NONE',  ( -2.439999999999999503, 2.500000000000000444, 1.269999999999996243 ) ) ;
#763 = STYLED_ITEM ( 'NONE', ( #5620 ), #114 ) ;
#764 = DIRECTION ( 'NONE',  ( 0.000000000000000000, -1.707404996040164265E-16, 1.000000000000000000 ) ) ;
#765 = CARTESIAN_POINT ( 'NONE',  ( -8.569999999999998508, -0.03999999999999967470, 0.3199999999999990630 ) ) ;
#766 = PLANE ( 'NONE',  #9737 ) ;
#767 = ADVANCED_FACE ( 'NONE', ( #1147 ), #1060, .F. ) ;
#768 = CARTESIAN_POINT ( 'NONE',  ( -4.020808929720139702, 8.599999999999999645, 1.041517047584500167E-15 ) ) ;
#769 = ORIENTED_EDGE ( 'NONE', *, *, #3528, .T. ) ;
#770 = CARTESIAN_POINT ( 'NONE',  ( 5.195761621378178319, 5.371844010742015563, 1.385761621378177599 ) ) ;
#771 = EDGE_CURVE ( 'NONE', #5523, #9030, #4945, .T. ) ;
#772 = FILL_AREA_STYLE_COLOUR ( '', #8674 ) ;
#773 = DIRECTION ( 'NONE',  ( -0.000000000000000000, 1.000000000000000000, 1.707404996040164265E-16 ) ) ;
#774 = LINE ( 'NONE', #8230, #6253 ) ;
#775 = SURFACE_STYLE_USAGE ( .BOTH. , #12 ) ;
#776 = VECTOR ( 'NONE', #5911, 1000.000000000000000 ) ;
#777 = EDGE_CURVE ( 'NONE', #8373, #5650, #2006, .T. ) ;
#778 = FILL_AREA_STYLE_COLOUR ( '', #5926 ) ;
#779 = VERTEX_POINT ( 'NONE', #5046 ) ;
#780 = LINE ( 'NONE', #2184, #6624 ) ;
#781 = CARTESIAN_POINT ( 'NONE',  ( -4.129999999999998117, 2.500000000000000444, 0.3199999999999995071 ) ) ;
#782 = SURFACE_STYLE_USAGE ( .BOTH. , #3742 ) ;
#783 = ORIENTED_EDGE ( 'NONE', *, *, #3791, .F. ) ;
#784 = VECTOR ( 'NONE', #1649, 1000.000000000000000 ) ;
#785 = SURFACE_STYLE_USAGE ( .BOTH. , #738 ) ;
#786 = VECTOR ( 'NONE', #2822, 1000.000000000000000 ) ;
#787 = ORIENTED_EDGE ( 'NONE', *, *, #7859, .T. ) ;
#788 =( NAMED_UNIT ( * ) PLANE_ANGLE_UNIT ( ) SI_UNIT ( $, .RADIAN. ) );
#789 = SURFACE_STYLE_USAGE ( .BOTH. , #7612 ) ;
#790 = DIRECTION ( 'NONE',  ( 0.000000000000000000, 0.000000000000000000, 1.000000000000000000 ) ) ;
#791 =( GEOMETRIC_REPRESENTATION_CONTEXT ( 3 ) GLOBAL_UNCERTAINTY_ASSIGNED_CONTEXT ( ( #1435 ) ) GLOBAL_UNIT_ASSIGNED_CONTEXT ( ( #5516, #4816, #7047 ) ) REPRESENTATION_CONTEXT ( 'NONE', 'WORKASPACE' ) );
#792 = ORIENTED_EDGE ( 'NONE', *, *, #9741, .T. ) ;
#793 = VERTEX_POINT ( 'NONE', #7259 ) ;
#794 = EDGE_LOOP ( 'NONE', ( #9022, #3011, #9049, #3490 ) ) ;
#795 = EDGE_LOOP ( 'NONE', ( #2362, #2195, #506, #6561 ) ) ;
#796 = COLOUR_RGB ( '',1.000000000000000000, 0.8117647058823529438, 0.5019607843137254832 ) ;
#797 =( NAMED_UNIT ( * ) SI_UNIT ( $, .STERADIAN. ) SOLID_ANGLE_UNIT ( ) );
#798 = STYLED_ITEM ( 'NONE', ( #4400 ), #894 ) ;
#799 = ORIENTED_EDGE ( 'NONE', *, *, #5385, .T. ) ;
#800 = CARTESIAN_POINT ( 'NONE',  ( 3.490000000000003322, 0.7500000000000001110, 0.3199999999999991740 ) ) ;
#801 = ORIENTED_EDGE ( 'NONE', *, *, #5587, .F. ) ;
#802 = DIRECTION ( 'NONE',  ( -0.000000000000000000, 1.000000000000000000, 0.000000000000000000 ) ) ;
#803 =( NAMED_UNIT ( * ) SI_UNIT ( $, .STERADIAN. ) SOLID_ANGLE_UNIT ( ) );
#804 = VECTOR ( 'NONE', #3180, 1000.000000000000000 ) ;
#805 = DIRECTION ( 'NONE',  ( 0.000000000000000000, -1.000000000000000000, -1.707404996040164265E-16 ) ) ;
#806 = DIRECTION ( 'NONE',  ( 0.000000000000000000, -1.707404996040164265E-16, 1.000000000000000000 ) ) ;
#807 = LINE ( 'NONE', #9353, #2128 ) ;
#808 = FILL_AREA_STYLE ('',( #8417 ) ) ;
#809 = ADVANCED_FACE ( 'NONE', ( #7119 ), #4898, .T. ) ;
#810 = ADVANCED_FACE ( 'NONE', ( #2742 ), #4299, .F. ) ;
#811 =( LENGTH_UNIT ( ) NAMED_UNIT ( * ) SI_UNIT ( .MILLI., .METRE. ) );
#812 = MECHANICAL_DESIGN_GEOMETRIC_PRESENTATION_REPRESENTATION (  '', ( #1927 ), #7157 ) ;
#813 = ORIENTED_EDGE ( 'NONE', *, *, #413, .F. ) ;
#814 = CARTESIAN_POINT ( 'NONE',  ( -10.04423837862182189, 5.371844010742015563, 1.385761621378177599 ) ) ;
#815 = CARTESIAN_POINT ( 'NONE',  ( 12.60000000000000320, 0.000000000000000000, 1.270000000000000018 ) ) ;
#816 = EDGE_CURVE ( 'NONE', #2352, #2571, #8048, .T. ) ;
#817 = FACE_BOUND ( 'NONE', #2038, .T. ) ;
#818 =( GEOMETRIC_REPRESENTATION_CONTEXT ( 3 ) GLOBAL_UNCERTAINTY_ASSIGNED_CONTEXT ( ( #1037 ) ) GLOBAL_UNIT_ASSIGNED_CONTEXT ( ( #5773, #5193, #5922 ) ) REPRESENTATION_CONTEXT ( 'NONE', 'WORKASPACE' ) );
#819 = CARTESIAN_POINT ( 'NONE',  ( -6.029999999999998472, 8.299999999999993605, 0.3200000000000004508 ) ) ;
#820 = CARTESIAN_POINT ( 'NONE',  ( -2.639999999999998348, 2.500000000000000444, -1.270000000000000018 ) ) ;
#821 = EDGE_CURVE ( 'NONE', #6290, #8252, #8857, .T. ) ;
#822 = DIRECTION ( 'NONE',  ( 0.000000000000000000, -0.000000000000000000, 1.000000000000000000 ) ) ;
#823 = VERTEX_POINT ( 'NONE', #8811 ) ;
#824 = DIRECTION ( 'NONE',  ( 1.000000000000000000, 0.000000000000000000, 0.000000000000000000 ) ) ;
#825 = AXIS2_PLACEMENT_3D ( 'NONE', #5218, #9759, #64 ) ;
#826 =( LENGTH_UNIT ( ) NAMED_UNIT ( * ) SI_UNIT ( .MILLI., .METRE. ) );
#827 = ORIENTED_EDGE ( 'NONE', *, *, #9229, .F. ) ;
#828 = UNCERTAINTY_MEASURE_WITH_UNIT (LENGTH_MEASURE( 1.000000000000000082E-05 ), #4006, 'distance_accuracy_value', 'NONE');
#829 = SURFACE_STYLE_USAGE ( .BOTH. , #4675 ) ;
#830 = ORIENTED_EDGE ( 'NONE', *, *, #6172, .F. ) ;
#831 = EDGE_CURVE ( 'NONE', #9161, #93, #8001, .T. ) ;
#832 = ORIENTED_EDGE ( 'NONE', *, *, #5080, .T. ) ;
#833 = DIRECTION ( 'NONE',  ( -0.000000000000000000, 1.000000000000000000, 1.707404996040164265E-16 ) ) ;
#834 = EDGE_CURVE ( 'NONE', #4735, #4242, #517, .T. ) ;
#835 = ORIENTED_EDGE ( 'NONE', *, *, #6948, .T. ) ;
#836 = VERTEX_POINT ( 'NONE', #1950 ) ;
#837 = DIRECTION ( 'NONE',  ( 0.000000000000000000, -0.3420201433256591650, 0.9396926207859118696 ) ) ;
#838 = ORIENTED_EDGE ( 'NONE', *, *, #3787, .F. ) ;
#839 = ORIENTED_EDGE ( 'NONE', *, *, #5878, .F. ) ;
#840 = VECTOR ( 'NONE', #730, 1000.000000000000000 ) ;
#841 = VECTOR ( 'NONE', #1146, 1000.000000000000000 ) ;
#842 = ORIENTED_EDGE ( 'NONE', *, *, #4715, .T. ) ;
#843 = COLOUR_RGB ( '',1.000000000000000000, 0.8117647058823529438, 0.5019607843137254832 ) ;
#844 = VECTOR ( 'NONE', #522, 1000.000000000000000 ) ;
#845 = VECTOR ( 'NONE', #8361, 1000.000000000000000 ) ;
#846 = ORIENTED_EDGE ( 'NONE', *, *, #723, .T. ) ;
#847 = CARTESIAN_POINT ( 'NONE',  ( 3.599191070279859961, 8.599999999999999645, 1.041517047584500167E-15 ) ) ;
#848 =( LENGTH_UNIT ( ) NAMED_UNIT ( * ) SI_UNIT ( .MILLI., .METRE. ) );
#849 = DIRECTION ( 'NONE',  ( -1.000000000000000000, 0.000000000000000000, 0.000000000000000000 ) ) ;
#850 = PRESENTATION_LAYER_ASSIGNMENT (  '', '', ( #1666 ) ) ;
#851 = AXIS2_PLACEMENT_3D ( 'NONE', #855, #7815, #8561 ) ;
#852 = FACE_OUTER_BOUND ( 'NONE', #8720, .T. ) ;
#853 = SURFACE_STYLE_FILL_AREA ( #6978 ) ;
#854 =( NAMED_UNIT ( * ) SI_UNIT ( $, .STERADIAN. ) SOLID_ANGLE_UNIT ( ) );
#855 = CARTESIAN_POINT ( 'NONE',  ( 0.1000000000000011297, -0.03999999999999967470, 1.019999999999995799 ) ) ;
#856 = VERTEX_POINT ( 'NONE', #4994 ) ;
#857 = COLOUR_RGB ( '',1.000000000000000000, 0.8117647058823529438, 0.5019607843137254832 ) ;
#858 =( GEOMETRIC_REPRESENTATION_CONTEXT ( 3 ) GLOBAL_UNCERTAINTY_ASSIGNED_CONTEXT ( ( #5008 ) ) GLOBAL_UNIT_ASSIGNED_CONTEXT ( ( #3232, #3327, #8581 ) ) REPRESENTATION_CONTEXT ( 'NONE', 'WORKASPACE' ) );
#859 = PLANE ( 'NONE',  #5827 ) ;
#860 = EDGE_CURVE ( 'NONE', #6963, #8156, #6375, .T. ) ;
#861 = EDGE_CURVE ( 'NONE', #5031, #4120, #3558, .T. ) ;
#862 = UNCERTAINTY_MEASURE_WITH_UNIT (LENGTH_MEASURE( 1.000000000000000082E-05 ), #7386, 'distance_accuracy_value', 'NONE');
#863 = PLANE ( 'NONE',  #4684 ) ;
#864 = CARTESIAN_POINT ( 'NONE',  ( 1.590000000000002967, -6.905096679918783842, -0.3200000000000038369 ) ) ;
#865 = CARTESIAN_POINT ( 'NONE',  ( -12.59999999999999964, -0.03999999999999967470, -1.020000000000004237 ) ) ;
#866 = STYLED_ITEM ( 'NONE', ( #3609 ), #5228 ) ;
#867 = DIRECTION ( 'NONE',  ( -0.000000000000000000, -0.3420201433256597756, -0.9396926207859116476 ) ) ;
#868 = EDGE_LOOP ( 'NONE', ( #5625, #6812, #8086, #612 ) ) ;
#869 = SURFACE_STYLE_FILL_AREA ( #7697 ) ;
#870 = DIRECTION ( 'NONE',  ( -1.000000000000000000, 0.000000000000000000, -0.000000000000000000 ) ) ;
#871 = FILL_AREA_STYLE ('',( #8433 ) ) ;
#872 = VECTOR ( 'NONE', #4866, 1000.000000000000000 ) ;
#873 = ORIENTED_EDGE ( 'NONE', *, *, #7457, .T. ) ;
#874 = EDGE_CURVE ( 'NONE', #2106, #1835, #3503, .T. ) ;
#875 = ORIENTED_EDGE ( 'NONE', *, *, #6930, .F. ) ;
#876 = DIRECTION ( 'NONE',  ( 0.9396926207859117586, -0.3420201433256594981, -0.000000000000000000 ) ) ;
#877 = CARTESIAN_POINT ( 'NONE',  ( 12.69999999999999929, -3.000000000000000000, 1.270000000000000018 ) ) ;
#878 = LINE ( 'NONE', #3187, #399 ) ;
#879 = VECTOR ( 'NONE', #5309, 1000.000000000000000 ) ;
#880 = EDGE_LOOP ( 'NONE', ( #842, #2439, #5619, #9576 ) ) ;
#881 = EDGE_CURVE ( 'NONE', #7521, #5937, #6509, .T. ) ;
#882 = FACE_OUTER_BOUND ( 'NONE', #7461, .T. ) ;
#883 = DIRECTION ( 'NONE',  ( -0.000000000000000000, -0.3420201433256597756, -0.9396926207859116476 ) ) ;
#884 = ORIENTED_EDGE ( 'NONE', *, *, #3500, .F. ) ;
#885 = ORIENTED_EDGE ( 'NONE', *, *, #6910, .F. ) ;
#886 = EDGE_CURVE ( 'NONE', #7006, #5690, #2647, .T. ) ;
#887 = SURFACE_STYLE_FILL_AREA ( #5531 ) ;
#888 = SURFACE_STYLE_USAGE ( .BOTH. , #9251 ) ;
#889 = VECTOR ( 'NONE', #1944, 1000.000000000000000 ) ;
#890 = DIRECTION ( 'NONE',  ( -1.000000000000000000, 0.000000000000000000, 0.000000000000000000 ) ) ;
#891 = DIRECTION ( 'NONE',  ( -0.000000000000000000, -0.000000000000000000, -1.000000000000000000 ) ) ;
#892 = ORIENTED_EDGE ( 'NONE', *, *, #9554, .F. ) ;
#893 = ORIENTED_EDGE ( 'NONE', *, *, #3332, .F. ) ;
#894 = ADVANCED_FACE ( 'NONE', ( #5648 ), #8661, .T. ) ;
#895 = SURFACE_STYLE_USAGE ( .BOTH. , #7676 ) ;
#896 = AXIS2_PLACEMENT_3D ( 'NONE', #7733, #9271, #4758 ) ;
#897 = VERTEX_POINT ( 'NONE', #42 ) ;
#898 = SURFACE_SIDE_STYLE ('',( #6831 ) ) ;
#899 = DIRECTION ( 'NONE',  ( 0.000000000000000000, 0.000000000000000000, -1.000000000000000000 ) ) ;
#900 = PLANE ( 'NONE',  #5906 ) ;
#901 = AXIS2_PLACEMENT_3D ( 'NONE', #7953, #3508, #6327 ) ;
#902 = FILL_AREA_STYLE_COLOUR ( '', #6899 ) ;
#903 = CARTESIAN_POINT ( 'NONE',  ( -6.560808929720139737, 8.599999999999999645, -0.2108089297201413692 ) ) ;
#904 = LINE ( 'NONE', #1, #2586 ) ;
#905 = PLANE ( 'NONE',  #2239 ) ;
#906 = CLOSED_SHELL ( 'NONE', ( #4499, #9734, #809, #3436, #5513, #225, #2415, #1953, #135, #5742, #3217, #5574, #8352, #5786 ) ) ;
#907 = SURFACE_SIDE_STYLE ('',( #2374 ) ) ;
#908 = PLANE ( 'NONE',  #90 ) ;
#909 = LINE ( 'NONE', #6944, #6568 ) ;
#910 = DIRECTION ( 'NONE',  ( 0.000000000000000000, 1.000000000000000000, 1.707404996040164265E-16 ) ) ;
#911 = VECTOR ( 'NONE', #2828, 1000.000000000000000 ) ;
#912 = SURFACE_STYLE_FILL_AREA ( #8430 ) ;
#913 = VECTOR ( 'NONE', #5066, 1000.000000000000000 ) ;
#914 = ORIENTED_EDGE ( 'NONE', *, *, #9093, .T. ) ;
#915 = ADVANCED_FACE ( 'NONE', ( #7524 ), #3617, .T. ) ;
#916 = FILL_AREA_STYLE ('',( #3276 ) ) ;
#917 = DIRECTION ( 'NONE',  ( 0.000000000000000000, 0.000000000000000000, -1.000000000000000000 ) ) ;
#918 = UNCERTAINTY_MEASURE_WITH_UNIT (LENGTH_MEASURE( 1.000000000000000082E-05 ), #9605, 'distance_accuracy_value', 'NONE');
#919 = LINE ( 'NONE', #9237, #6657 ) ;
#920 = ORIENTED_EDGE ( 'NONE', *, *, #7972, .T. ) ;
#921 = ORIENTED_EDGE ( 'NONE', *, *, #3014, .T. ) ;
#922 = CARTESIAN_POINT ( 'NONE',  ( 10.26000000000000156, -0.03999999999999967470, 1.019999999999995799 ) ) ;
#923 = CARTESIAN_POINT ( 'NONE',  ( 11.11000000000000476, 0.7500000000000000000, 0.7700000000000006839 ) ) ;
#924 = MECHANICAL_DESIGN_GEOMETRIC_PRESENTATION_REPRESENTATION (  '', ( #3975 ), #2849 ) ;
#925 = CARTESIAN_POINT ( 'NONE',  ( 5.180000000000000604, -0.03999999999999967470, -1.020000000000004237 ) ) ;
#926 = CARTESIAN_POINT ( 'NONE',  ( -5.179999999999998828, 2.500000000000000444, 1.019999999999996243 ) ) ;
#927 = ADVANCED_FACE ( 'NONE', ( #614 ), #1511, .F. ) ;
#928 = VERTEX_POINT ( 'NONE', #3664 ) ;
#929 = ORIENTED_EDGE ( 'NONE', *, *, #5587, .T. ) ;
#930 = EDGE_CURVE ( 'NONE', #3135, #8802, #5146, .T. ) ;
#931 = VECTOR ( 'NONE', #8195, 1000.000000000000000 ) ;
#932 = PLANE ( 'NONE',  #6308 ) ;
#933 = VECTOR ( 'NONE', #833, 1000.000000000000000 ) ;
#934 = LINE ( 'NONE', #3950, #7218 ) ;
#935 = ORIENTED_EDGE ( 'NONE', *, *, #8707, .T. ) ;
#936 = EDGE_LOOP ( 'NONE', ( #8813, #1890, #6066, #1270 ) ) ;
#937 = DIRECTION ( 'NONE',  ( 0.000000000000000000, 0.000000000000000000, -1.000000000000000000 ) ) ;
#938 = CARTESIAN_POINT ( 'NONE',  ( -2.639999999999998348, 4.743384504624081899E-17, -1.020000000000004237 ) ) ;
#939 = ADVANCED_FACE ( 'NONE', ( #7580 ), #8159, .F. ) ;
#940 = COLOUR_RGB ( '',1.000000000000000000, 0.8117647058823529438, 0.5019607843137254832 ) ;
#941 = AXIS2_PLACEMENT_3D ( 'NONE', #4009, #2457, #228 ) ;
#942 = PLANE ( 'NONE',  #3099 ) ;
#943 = VERTEX_POINT ( 'NONE', #4651 ) ;
#944 = ADVANCED_FACE ( 'NONE', ( #6130 ), #4796, .F. ) ;
#945 = PRESENTATION_STYLE_ASSIGNMENT (( #7762 ) ) ;
#946 = AXIS2_PLACEMENT_3D ( 'NONE', #6242, #1684, #2337 ) ;
#947 = ORIENTED_EDGE ( 'NONE', *, *, #8273, .F. ) ;
#948 =( NAMED_UNIT ( * ) SI_UNIT ( $, .STERADIAN. ) SOLID_ANGLE_UNIT ( ) );
#949 =( NAMED_UNIT ( * ) PLANE_ANGLE_UNIT ( ) SI_UNIT ( $, .RADIAN. ) );
#950 = EDGE_CURVE ( 'NONE', #1835, #7223, #8503, .T. ) ;
#951 = LINE ( 'NONE', #1568, #1248 ) ;
#952 = PRESENTATION_STYLE_ASSIGNMENT (( #5353 ) ) ;
#953 =( GEOMETRIC_REPRESENTATION_CONTEXT ( 3 ) GLOBAL_UNCERTAINTY_ASSIGNED_CONTEXT ( ( #2634 ) ) GLOBAL_UNIT_ASSIGNED_CONTEXT ( ( #6791, #8175, #8329 ) ) REPRESENTATION_CONTEXT ( 'NONE', 'WORKASPACE' ) );
#954 = FILL_AREA_STYLE ('',( #902 ) ) ;
#955 = DIRECTION ( 'NONE',  ( 0.3236155771181768448, -0.8891264907159940334, -0.3236155771181768448 ) ) ;
#956 = STYLED_ITEM ( 'NONE', ( #184 ), #6442 ) ;
#957 = ADVANCED_FACE ( 'NONE', ( #6312 ), #9302, .T. ) ;
#958 = CARTESIAN_POINT ( 'NONE',  ( -6.029999999999997584, -0.03999999999999967470, 0.3199999999999990630 ) ) ;
#959 = CARTESIAN_POINT ( 'NONE',  ( -6.029999999999997584, -0.03999999999999967470, 0.3199999999999990630 ) ) ;
#960 = DIRECTION ( 'NONE',  ( -0.000000000000000000, -0.000000000000000000, -1.000000000000000000 ) ) ;
#961 = FACE_OUTER_BOUND ( 'NONE', #1114, .T. ) ;
#962 = UNCERTAINTY_MEASURE_WITH_UNIT (LENGTH_MEASURE( 1.000000000000000082E-05 ), #1887, 'distance_accuracy_value', 'NONE');
#963 = ORIENTED_EDGE ( 'NONE', *, *, #1383, .T. ) ;
#964 = SURFACE_STYLE_USAGE ( .BOTH. , #6188 ) ;
#965 = CARTESIAN_POINT ( 'NONE',  ( 12.69999999999999929, 0.7500000000000001110, -0.3200000000000023381 ) ) ;
#966 = VECTOR ( 'NONE', #8570, 1000.000000000000000 ) ;
#967 = ORIENTED_EDGE ( 'NONE', *, *, #1968, .T. ) ;
#968 = CARTESIAN_POINT ( 'NONE',  ( 0.1000000000000011297, -0.03999999999999967470, -1.020000000000004237 ) ) ;
#969 = LINE ( 'NONE', #4027, #7650 ) ;
#970 = PLANE ( 'NONE',  #4462 ) ;
#971 = MECHANICAL_DESIGN_GEOMETRIC_PRESENTATION_REPRESENTATION (  '', ( #3213 ), #511 ) ;
#972 = ORIENTED_EDGE ( 'NONE', *, *, #9319, .T. ) ;
#973 = CARTESIAN_POINT ( 'NONE',  ( -6.139191070279857776, -3.000000000000000000, 1.270000000000000018 ) ) ;
#974 = DIRECTION ( 'NONE',  ( 0.000000000000000000, 1.000000000000000000, 0.000000000000000000 ) ) ;
#975 = CARTESIAN_POINT ( 'NONE',  ( -12.69999999999999929, 0.000000000000000000, 0.000000000000000000 ) ) ;
#976 = VECTOR ( 'NONE', #5547, 1000.000000000000000 ) ;
#977 = ORIENTED_EDGE ( 'NONE', *, *, #4240, .F. ) ;
#978 = SURFACE_STYLE_USAGE ( .BOTH. , #8683 ) ;
#979 = FACE_OUTER_BOUND ( 'NONE', #1808, .T. ) ;
#980 = EDGE_LOOP ( 'NONE', ( #566, #3802, #7294, #9528 ) ) ;
#981 = ORIENTED_EDGE ( 'NONE', *, *, #5732, .T. ) ;
#982 = ORIENTED_EDGE ( 'NONE', *, *, #139, .T. ) ;
#983 = DIRECTION ( 'NONE',  ( -1.000000000000000000, -0.000000000000000000, -0.000000000000000000 ) ) ;
#984 = DIRECTION ( 'NONE',  ( 1.000000000000000000, 0.000000000000000000, -0.000000000000000000 ) ) ;
#985 =( GEOMETRIC_REPRESENTATION_CONTEXT ( 3 ) GLOBAL_UNCERTAINTY_ASSIGNED_CONTEXT ( ( #9381 ) ) GLOBAL_UNIT_ASSIGNED_CONTEXT ( ( #9511, #2617, #344 ) ) REPRESENTATION_CONTEXT ( 'NONE', 'WORKASPACE' ) );
#986 = EDGE_CURVE ( 'NONE', #495, #4932, #179, .T. ) ;
#987 = LINE ( 'NONE', #2628, #7051 ) ;
#988 = SURFACE_STYLE_USAGE ( .BOTH. , #1748 ) ;
#989 = ORIENTED_EDGE ( 'NONE', *, *, #4224, .F. ) ;
#990 = VERTEX_POINT ( 'NONE', #2495 ) ;
#991 = EDGE_CURVE ( 'NONE', #2393, #1292, #8553, .T. ) ;
#992 = VECTOR ( 'NONE', #2702, 1000.000000000000000 ) ;
#993 = FACE_OUTER_BOUND ( 'NONE', #6519, .T. ) ;
#994 = ORIENTED_EDGE ( 'NONE', *, *, #1862, .F. ) ;
#995 = FACE_OUTER_BOUND ( 'NONE', #5890, .T. ) ;
#996 = CARTESIAN_POINT ( 'NONE',  ( 10.26000000000000156, 0.000000000000000000, -1.270000000000004237 ) ) ;
#997 = FILL_AREA_STYLE_COLOUR ( '', #291 ) ;
#998 = ADVANCED_FACE ( 'NONE', ( #993 ), #5391, .T. ) ;
#999 = CARTESIAN_POINT ( 'NONE',  ( 14.14579505164802242, 3.882392806044252964, -2.715795051648021374 ) ) ;
#1000 =( LENGTH_UNIT ( ) NAMED_UNIT ( * ) SI_UNIT ( .MILLI., .METRE. ) );
#1001 = MECHANICAL_DESIGN_GEOMETRIC_PRESENTATION_REPRESENTATION (  '', ( #2929 ), #3564 ) ;
#1002 =( GEOMETRIC_REPRESENTATION_CONTEXT ( 3 ) GLOBAL_UNCERTAINTY_ASSIGNED_CONTEXT ( ( #9090 ) ) GLOBAL_UNIT_ASSIGNED_CONTEXT ( ( #4044, #3997, #174 ) ) REPRESENTATION_CONTEXT ( 'NONE', 'WORKASPACE' ) );
#1003 = LINE ( 'NONE', #3876, #388 ) ;
#1004 = VERTEX_POINT ( 'NONE', #6448 ) ;
#1005 = CARTESIAN_POINT ( 'NONE',  ( 12.69999999999999929, 0.000000000000000000, 1.270000000000000018 ) ) ;
#1006 = VECTOR ( 'NONE', #2644, 1000.000000000000000 ) ;
#1007 = EDGE_CURVE ( 'NONE', #6578, #1596, #8650, .T. ) ;
#1008 = VERTEX_POINT ( 'NONE', #8601 ) ;
#1009 = DIRECTION ( 'NONE',  ( 0.000000000000000000, -0.3420201433256594981, -0.9396926207859117586 ) ) ;
#1010 = VECTOR ( 'NONE', #3305, 1000.000000000000000 ) ;
#1011 = AXIS2_PLACEMENT_3D ( 'NONE', #3899, #6915, #4482 ) ;
#1012 = SURFACE_STYLE_FILL_AREA ( #2419 ) ;
#1013 = EDGE_CURVE ( 'NONE', #7610, #2390, #4193, .T. ) ;
#1014 = MECHANICAL_DESIGN_GEOMETRIC_PRESENTATION_REPRESENTATION (  '', ( #5321 ), #3253 ) ;
#1015 = SURFACE_STYLE_FILL_AREA ( #5411 ) ;
#1016 = LINE ( 'NONE', #3134, #1472 ) ;
#1017 = VECTOR ( 'NONE', #8277, 1000.000000000000000 ) ;
#1018 = ORIENTED_EDGE ( 'NONE', *, *, #6969, .T. ) ;
#1019 = ADVANCED_FACE ( 'NONE', ( #4147 ), #9345, .T. ) ;
#1020 = CARTESIAN_POINT ( 'NONE',  ( 10.26000000000000156, -0.03999999999999967470, -1.020000000000004237 ) ) ;
#1021 = FACE_OUTER_BOUND ( 'NONE', #8881, .T. ) ;
#1022 = CARTESIAN_POINT ( 'NONE',  ( 3.490000000000000213, -6.905096679918783842, -0.3200000000000038369 ) ) ;
#1023 = FILL_AREA_STYLE ('',( #9325 ) ) ;
#1024 = FACE_OUTER_BOUND ( 'NONE', #5036, .T. ) ;
#1025 = PRESENTATION_STYLE_ASSIGNMENT (( #8530 ) ) ;
#1026 = STYLED_ITEM ( 'NONE', ( #3200 ), #3102 ) ;
#1027 = CARTESIAN_POINT ( 'NONE',  ( -3.621268465864677211, 8.660657145849658178, -0.1887315341353228981 ) ) ;
#1028 = VECTOR ( 'NONE', #3152, 1000.000000000000000 ) ;
#1029 = SURFACE_STYLE_USAGE ( .BOTH. , #4871 ) ;
#1030 = CARTESIAN_POINT ( 'NONE',  ( 0.1000000000000011297, 2.500000000000000444, -1.020000000000003793 ) ) ;
#1031 =( NAMED_UNIT ( * ) SI_UNIT ( $, .STERADIAN. ) SOLID_ANGLE_UNIT ( ) );
#1032 = ORIENTED_EDGE ( 'NONE', *, *, #685, .T. ) ;
#1033 = VERTEX_POINT ( 'NONE', #5034 ) ;
#1034 = SURFACE_SIDE_STYLE ('',( #5524 ) ) ;
#1035 = MECHANICAL_DESIGN_GEOMETRIC_PRESENTATION_REPRESENTATION (  '', ( #9291 ), #8010 ) ;
#1036 = ORIENTED_EDGE ( 'NONE', *, *, #7268, .T. ) ;
#1037 = UNCERTAINTY_MEASURE_WITH_UNIT (LENGTH_MEASURE( 1.000000000000000082E-05 ), #5773, 'distance_accuracy_value', 'NONE');
#1038 = ORIENTED_EDGE ( 'NONE', *, *, #7435, .T. ) ;
#1039 = DIRECTION ( 'NONE',  ( 0.000000000000000000, 0.000000000000000000, 1.000000000000000000 ) ) ;
#1040 = DIRECTION ( 'NONE',  ( 0.000000000000000000, 0.000000000000000000, 1.000000000000000000 ) ) ;
#1041 = CARTESIAN_POINT ( 'NONE',  ( 11.75000000000000711, -0.03999999999999967470, -0.3200000000000026157 ) ) ;
#1042 = MECHANICAL_DESIGN_GEOMETRIC_PRESENTATION_REPRESENTATION (  '', ( #5803 ), #6767 ) ;
#1043 = ORIENTED_EDGE ( 'NONE', *, *, #2786, .F. ) ;
#1044 = PLANE ( 'NONE',  #9114 ) ;
#1045 = ORIENTED_EDGE ( 'NONE', *, *, #1423, .F. ) ;
#1046 = ADVANCED_FACE ( 'NONE', ( #7202 ), #9392, .T. ) ;
#1047 = DIRECTION ( 'NONE',  ( 0.000000000000000000, 1.000000000000000000, 1.707404996040164265E-16 ) ) ;
#1048 = AXIS2_PLACEMENT_3D ( 'NONE', #5444, #8455, #7679 ) ;
#1049 = ORIENTED_EDGE ( 'NONE', *, *, #9097, .F. ) ;
#1050 = CARTESIAN_POINT ( 'NONE',  ( 1.480808929720142997, -3.000000000000000000, 0.3199999999999985079 ) ) ;
#1051 = SURFACE_SIDE_STYLE ('',( #8701 ) ) ;
#1052 = FACE_OUTER_BOUND ( 'NONE', #2792, .T. ) ;
#1053 = DIRECTION ( 'NONE',  ( 0.000000000000000000, 1.000000000000000000, 1.707404996040164265E-16 ) ) ;
#1054 = SURFACE_SIDE_STYLE ('',( #5729 ) ) ;
#1055 = CARTESIAN_POINT ( 'NONE',  ( 8.679191070279861364, -3.000000000000000000, 0.2108089297201388157 ) ) ;
#1056 =( GEOMETRIC_REPRESENTATION_CONTEXT ( 3 ) GLOBAL_UNCERTAINTY_ASSIGNED_CONTEXT ( ( #8882 ) ) GLOBAL_UNIT_ASSIGNED_CONTEXT ( ( #2397, #296, #4817 ) ) REPRESENTATION_CONTEXT ( 'NONE', 'WORKASPACE' ) );
#1057 = CARTESIAN_POINT ( 'NONE',  ( -12.59999999999999964, 2.500000000000000444, -1.020000000000003793 ) ) ;
#1058 = ORIENTED_EDGE ( 'NONE', *, *, #5752, .F. ) ;
#1059 = EDGE_CURVE ( 'NONE', #8129, #6952, #7500, .T. ) ;
#1060 = PLANE ( 'NONE',  #4935 ) ;
#1061 = VERTEX_POINT ( 'NONE', #4630 ) ;
#1062 = PLANE ( 'NONE',  #4718 ) ;
#1063 = DIRECTION ( 'NONE',  ( 1.000000000000000000, 0.000000000000000000, 0.000000000000000000 ) ) ;
#1064 = FILL_AREA_STYLE_COLOUR ( '', #8944 ) ;
#1065 = DIRECTION ( 'NONE',  ( 0.000000000000000000, 0.000000000000000000, -1.000000000000000000 ) ) ;
#1066 = EDGE_CURVE ( 'NONE', #6147, #6304, #6148, .T. ) ;
#1067 = DIRECTION ( 'NONE',  ( -0.000000000000000000, -0.3420201433256597756, -0.9396926207859116476 ) ) ;
#1068 = CARTESIAN_POINT ( 'NONE',  ( 6.161268465864679023, 8.660657145849658178, 0.1887315341353224540 ) ) ;
#1069 = EDGE_LOOP ( 'NONE', ( #6968, #4783, #5227, #3905 ) ) ;
#1070 = ADVANCED_FACE ( 'NONE', ( #677 ), #9577, .T. ) ;
#1071 = CARTESIAN_POINT ( 'NONE',  ( 6.030000000000000249, 8.299999999999993605, -0.3200000000000038369 ) ) ;
#1072 =( NAMED_UNIT ( * ) PLANE_ANGLE_UNIT ( ) SI_UNIT ( $, .RADIAN. ) );
#1073 = PLANE ( 'NONE',  #5109 ) ;
#1074 = FACE_OUTER_BOUND ( 'NONE', #6023, .T. ) ;
#1075 = DIRECTION ( 'NONE',  ( 0.000000000000000000, -0.000000000000000000, 1.000000000000000000 ) ) ;
#1076 = VECTOR ( 'NONE', #824, 1000.000000000000000 ) ;
#1077 = PRESENTATION_STYLE_ASSIGNMENT (( #1029 ) ) ;
#1078 = EDGE_CURVE ( 'NONE', #823, #1842, #4523, .T. ) ;
#1079 = LINE ( 'NONE', #3372, #3375 ) ;
#1080 = FACE_OUTER_BOUND ( 'NONE', #3983, .T. ) ;
#1081 = ORIENTED_EDGE ( 'NONE', *, *, #8364, .T. ) ;
#1082 = FILL_AREA_STYLE_COLOUR ( '', #4894 ) ;
#1083 = VECTOR ( 'NONE', #7045, 1000.000000000000000 ) ;
#1084 = CARTESIAN_POINT ( 'NONE',  ( 0.1000000000000011297, -0.03999999999999967470, 1.269999999999995799 ) ) ;
#1085 = ORIENTED_EDGE ( 'NONE', *, *, #3451, .T. ) ;
#1086 = LINE ( 'NONE', #446, #2136 ) ;
#1087 =( GEOMETRIC_REPRESENTATION_CONTEXT ( 3 ) GLOBAL_UNCERTAINTY_ASSIGNED_CONTEXT ( ( #2429 ) ) GLOBAL_UNIT_ASSIGNED_CONTEXT ( ( #2023, #7332, #9508 ) ) REPRESENTATION_CONTEXT ( 'NONE', 'WORKASPACE' ) );
#1088 = EDGE_LOOP ( 'NONE', ( #5408, #1642, #2847, #3856 ) ) ;
#1089 = DIRECTION ( 'NONE',  ( 0.000000000000000000, 0.000000000000000000, -1.000000000000000000 ) ) ;
#1090 = VECTOR ( 'NONE', #2519, 1000.000000000000114 ) ;
#1091 = ORIENTED_EDGE ( 'NONE', *, *, #8715, .F. ) ;
#1092 = DIRECTION ( 'NONE',  ( 0.3236155771181769003, -0.8891264907159941444, -0.3236155771181765672 ) ) ;
#1093 = ORIENTED_EDGE ( 'NONE', *, *, #3764, .F. ) ;
#1094 =( GEOMETRIC_REPRESENTATION_CONTEXT ( 3 ) GLOBAL_UNCERTAINTY_ASSIGNED_CONTEXT ( ( #7618 ) ) GLOBAL_UNIT_ASSIGNED_CONTEXT ( ( #9032, #7499, #676 ) ) REPRESENTATION_CONTEXT ( 'NONE', 'WORKASPACE' ) );
#1095 = DIRECTION ( 'NONE',  ( 0.000000000000000000, 0.000000000000000000, -1.000000000000000000 ) ) ;
#1096 = ORIENTED_EDGE ( 'NONE', *, *, #2052, .T. ) ;
#1097 = CARTESIAN_POINT ( 'NONE',  ( 12.80000000000000249, -0.03999999999999967470, -1.020000000000004237 ) ) ;
#1098 = CARTESIAN_POINT ( 'NONE',  ( 0.1000000000000011297, -0.03999999999999923755, -1.270000000000004237 ) ) ;
#1099 = VECTOR ( 'NONE', #3293, 1000.000000000000000 ) ;
#1100 = VECTOR ( 'NONE', #7747, 1000.000000000000000 ) ;
#1101 = DIRECTION ( 'NONE',  ( 0.3236155771181769003, -0.8891264907159941444, -0.3236155771181765672 ) ) ;
#1102 = FACE_OUTER_BOUND ( 'NONE', #4001, .T. ) ;
#1103 = LINE ( 'NONE', #1900, #5930 ) ;
#1104 = FILL_AREA_STYLE ('',( #7907 ) ) ;
#1105 = ORIENTED_EDGE ( 'NONE', *, *, #128, .F. ) ;
#1106 =( NAMED_UNIT ( * ) SI_UNIT ( $, .STERADIAN. ) SOLID_ANGLE_UNIT ( ) );
#1107 =( NAMED_UNIT ( * ) PLANE_ANGLE_UNIT ( ) SI_UNIT ( $, .RADIAN. ) );
#1108 = PRESENTATION_LAYER_ASSIGNMENT (  '', '', ( #3344 ) ) ;
#1109 =( NAMED_UNIT ( * ) PLANE_ANGLE_UNIT ( ) SI_UNIT ( $, .RADIAN. ) );
#1110 = EDGE_CURVE ( 'NONE', #3204, #5724, #4674, .T. ) ;
#1111 = DIRECTION ( 'NONE',  ( 0.3236155771181768448, 0.8891264907159940334, 0.3236155771181768448 ) ) ;
#1112 = DIRECTION ( 'NONE',  ( -1.000000000000000000, -0.000000000000000000, -0.000000000000000000 ) ) ;
#1113 = VECTOR ( 'NONE', #2060, 1000.000000000000000 ) ;
#1114 = EDGE_LOOP ( 'NONE', ( #8784, #9209, #5658, #8599 ) ) ;
#1115 = EDGE_CURVE ( 'NONE', #7916, #6963, #6750, .T. ) ;
#1116 = FILL_AREA_STYLE ('',( #1209 ) ) ;
#1117 = SURFACE_STYLE_FILL_AREA ( #8015 ) ;
#1118 = LINE ( 'NONE', #2709, #3622 ) ;
#1119 = LINE ( 'NONE', #5010, #8541 ) ;
#1120 = DIRECTION ( 'NONE',  ( 0.000000000000000000, -0.000000000000000000, 1.000000000000000000 ) ) ;
#1121 = VECTOR ( 'NONE', #917, 1000.000000000000000 ) ;
#1122 =( NAMED_UNIT ( * ) PLANE_ANGLE_UNIT ( ) SI_UNIT ( $, .RADIAN. ) );
#1123 = EDGE_CURVE ( 'NONE', #8603, #7916, #9088, .T. ) ;
#1124 = LINE ( 'NONE', #390, #8925 ) ;
#1125 = CARTESIAN_POINT ( 'NONE',  ( -2.439999999999999503, -0.03999999999999967470, -1.020000000000004237 ) ) ;
#1126 = ORIENTED_EDGE ( 'NONE', *, *, #1579, .T. ) ;
#1127 = CARTESIAN_POINT ( 'NONE',  ( 12.69999999999999929, 2.500000000000000444, -1.270000000000000018 ) ) ;
#1128 = VECTOR ( 'NONE', #186, 1000.000000000000000 ) ;
#1129 = EDGE_CURVE ( 'NONE', #7657, #3135, #2383, .T. ) ;
#1130 = EDGE_LOOP ( 'NONE', ( #8039, #7216, #8998, #801 ) ) ;
#1131 = SURFACE_STYLE_FILL_AREA ( #7933 ) ;
#1132 = ORIENTED_EDGE ( 'NONE', *, *, #4561, .T. ) ;
#1133 = CARTESIAN_POINT ( 'NONE',  ( -11.10999999999999766, -2.699999999999993072, -0.3200000000000031153 ) ) ;
#1134 = CARTESIAN_POINT ( 'NONE',  ( -10.25999999999999801, 1.885956070686925433E-16, -0.7700000000000006839 ) ) ;
#1135 = VECTOR ( 'NONE', #9685, 1000.000000000000000 ) ;
#1136 = VERTEX_POINT ( 'NONE', #2280 ) ;
#1137 = EDGE_LOOP ( 'NONE', ( #9677, #4262, #3544, #1286 ) ) ;
#1138 = DIRECTION ( 'NONE',  ( 0.9396926207859117586, -0.3420201433256594981, 0.000000000000000000 ) ) ;
#1139 = VECTOR ( 'NONE', #6528, 1000.000000000000000 ) ;
#1140 = ORIENTED_EDGE ( 'NONE', *, *, #1250, .T. ) ;
#1141 = PLANE ( 'NONE',  #8994 ) ;
#1142 = FILL_AREA_STYLE ('',( #7072 ) ) ;
#1143 = DIRECTION ( 'NONE',  ( 1.000000000000000000, 0.000000000000000000, 0.000000000000000000 ) ) ;
#1144 = LINE ( 'NONE', #3498, #5170 ) ;
#1145 = VECTOR ( 'NONE', #2618, 1000.000000000000000 ) ;
#1146 = DIRECTION ( 'NONE',  ( 0.000000000000000000, 1.000000000000000000, 1.707404996040164265E-16 ) ) ;
#1147 = FACE_OUTER_BOUND ( 'NONE', #9140, .T. ) ;
#1148 = ORIENTED_EDGE ( 'NONE', *, *, #4419, .F. ) ;
#1149 = SURFACE_STYLE_USAGE ( .BOTH. , #7263 ) ;
#1150 = CARTESIAN_POINT ( 'NONE',  ( -11.75000000000000000, -2.699999999999993072, -0.3200000000000031153 ) ) ;
#1151 =( GEOMETRIC_REPRESENTATION_CONTEXT ( 3 ) GLOBAL_UNCERTAINTY_ASSIGNED_CONTEXT ( ( #7734 ) ) GLOBAL_UNIT_ASSIGNED_CONTEXT ( ( #8058, #1860, #7957 ) ) REPRESENTATION_CONTEXT ( 'NONE', 'WORKASPACE' ) );
#1152 = DIRECTION ( 'NONE',  ( 1.000000000000000000, 0.000000000000000000, -0.000000000000000000 ) ) ;
#1153 = VECTOR ( 'NONE', #1245, 1000.000000000000000 ) ;
#1154 = DIRECTION ( 'NONE',  ( 0.000000000000000000, 1.707404996040164265E-16, -1.000000000000000000 ) ) ;
#1155 = ORIENTED_EDGE ( 'NONE', *, *, #8918, .T. ) ;
#1156 = COLOUR_RGB ( '',1.000000000000000000, 0.8117647058823529438, 0.5019607843137254832 ) ;
#1157 = VECTOR ( 'NONE', #5280, 1000.000000000000000 ) ;
#1158 = DIRECTION ( 'NONE',  ( 1.000000000000000000, 0.000000000000000000, 0.000000000000000000 ) ) ;
#1159 = ADVANCED_FACE ( 'NONE', ( #3090 ), #5271, .F. ) ;
#1160 = LINE ( 'NONE', #1867, #4228 ) ;
#1161 = DIRECTION ( 'NONE',  ( 0.000000000000000000, -0.3420201433256591650, 0.9396926207859118696 ) ) ;
#1162 = DIRECTION ( 'NONE',  ( 1.000000000000000000, 0.000000000000000000, 0.000000000000000000 ) ) ;
#1163 = AXIS2_PLACEMENT_3D ( 'NONE', #657, #7312, #4253 ) ;
#1164 = LINE ( 'NONE', #3370, #7440 ) ;
#1165 = VECTOR ( 'NONE', #4232, 1000.000000000000000 ) ;
#1166 = AXIS2_PLACEMENT_3D ( 'NONE', #4963, #5013, #2663 ) ;
#1167 = CARTESIAN_POINT ( 'NONE',  ( 2.640000000000000124, 2.500000000000000888, -1.270000000000003793 ) ) ;
#1168 = ORIENTED_EDGE ( 'NONE', *, *, #4744, .T. ) ;
#1169 = DIRECTION ( 'NONE',  ( 0.000000000000000000, 1.000000000000000000, 0.000000000000000000 ) ) ;
#1170 = EDGE_CURVE ( 'NONE', #6771, #897, #735, .T. ) ;
#1171 = CARTESIAN_POINT ( 'NONE',  ( -8.569999999999998508, 8.299999999999993605, -0.3200000000000012279 ) ) ;
#1172 = ORIENTED_EDGE ( 'NONE', *, *, #3154, .T. ) ;
#1173 = AXIS2_PLACEMENT_3D ( 'NONE', #864, #9362, #1065 ) ;
#1174 = DIRECTION ( 'NONE',  ( -0.000000000000000000, 1.000000000000000000, 1.707404996040164265E-16 ) ) ;
#1175 = VERTEX_POINT ( 'NONE', #6550 ) ;
#1176 = LINE ( 'NONE', #1883, #8068 ) ;
#1177 =( NAMED_UNIT ( * ) SI_UNIT ( $, .STERADIAN. ) SOLID_ANGLE_UNIT ( ) );
#1178 =( NAMED_UNIT ( * ) PLANE_ANGLE_UNIT ( ) SI_UNIT ( $, .RADIAN. ) );
#1179 = EDGE_CURVE ( 'NONE', #550, #5388, #5819, .T. ) ;
#1180 = PRESENTATION_LAYER_ASSIGNMENT (  '', '', ( #4221 ) ) ;
#1181 = VERTEX_POINT ( 'NONE', #19 ) ;
#1182 = CARTESIAN_POINT ( 'NONE',  ( 0.000000000000000000, 0.000000000000000000, 0.000000000000000000 ) ) ;
#1183 = ORIENTED_EDGE ( 'NONE', *, *, #7268, .F. ) ;
#1184 = ADVANCED_FACE ( 'NONE', ( #5323 ), #8339, .F. ) ;
#1185 = SURFACE_STYLE_USAGE ( .BOTH. , #7991 ) ;
#1186 = VERTEX_POINT ( 'NONE', #206 ) ;
#1187 = CARTESIAN_POINT ( 'NONE',  ( 8.570000000000003837, 2.500000000000000444, 0.3199999999999995071 ) ) ;
#1188 = DIRECTION ( 'NONE',  ( 1.000000000000000000, -0.000000000000000000, -0.000000000000000000 ) ) ;
#1189 = FILL_AREA_STYLE ('',( #6501 ) ) ;
#1190 = COLOUR_RGB ( '',1.000000000000000000, 0.8117647058823529438, 0.5019607843137254832 ) ;
#1191 = DIRECTION ( 'NONE',  ( 0.3236155771181768448, 0.8891264907159940334, -0.3236155771181768448 ) ) ;
#1192 = LINE ( 'NONE', #1242, #3575 ) ;
#1193 = ADVANCED_FACE ( 'NONE', ( #6241 ), #1073, .T. ) ;
#1194 = LINE ( 'NONE', #6372, #3585 ) ;
#1195 = VERTEX_POINT ( 'NONE', #6950 ) ;
#1196 = DIRECTION ( 'NONE',  ( 0.000000000000000000, 0.000000000000000000, 1.000000000000000000 ) ) ;
#1197 = CARTESIAN_POINT ( 'NONE',  ( -4.129999999999999893, 8.299999999999993605, -0.3200000000000012279 ) ) ;
#1198 = ORIENTED_EDGE ( 'NONE', *, *, #7517, .T. ) ;
#1199 = PRESENTATION_STYLE_ASSIGNMENT (( #423 ) ) ;
#1200 = DIRECTION ( 'NONE',  ( -1.000000000000000000, -0.000000000000000000, 0.000000000000000000 ) ) ;
#1201 = CARTESIAN_POINT ( 'NONE',  ( 11.75000000000000355, -2.699999999999993072, -0.3200000000000031153 ) ) ;
#1202 = MECHANICAL_DESIGN_GEOMETRIC_PRESENTATION_REPRESENTATION (  '', ( #7730 ), #4399 ) ;
#1203 = LINE ( 'NONE', #2811, #9112 ) ;
#1204 = PRESENTATION_STYLE_ASSIGNMENT (( #8009 ) ) ;
#1205 =( NAMED_UNIT ( * ) PLANE_ANGLE_UNIT ( ) SI_UNIT ( $, .RADIAN. ) );
#1206 = ORIENTED_EDGE ( 'NONE', *, *, #8245, .T. ) ;
#1207 = SURFACE_STYLE_FILL_AREA ( #6469 ) ;
#1208 = VECTOR ( 'NONE', #5009, 1000.000000000000000 ) ;
#1209 = FILL_AREA_STYLE_COLOUR ( '', #7555 ) ;
#1210 = DIRECTION ( 'NONE',  ( 0.9396926207859117586, -0.3420201433256594981, -0.000000000000000000 ) ) ;
#1211 = FILL_AREA_STYLE ('',( #5795 ) ) ;
#1212 = DIRECTION ( 'NONE',  ( 1.000000000000000000, 0.000000000000000000, 0.000000000000000000 ) ) ;
#1213 = DIRECTION ( 'NONE',  ( -1.000000000000000000, -0.000000000000000000, -0.000000000000000000 ) ) ;
#1214 = AXIS2_PLACEMENT_3D ( 'NONE', #4857, #1063, #9495 ) ;
#1215 = ADVANCED_FACE ( 'NONE', ( #2474 ), #9415, .F. ) ;
#1216 = FILL_AREA_STYLE_COLOUR ( '', #4689 ) ;
#1217 = EDGE_LOOP ( 'NONE', ( #7797, #6115, #1049, #963 ) ) ;
#1218 = CARTESIAN_POINT ( 'NONE',  ( 12.69999999999999929, 0.000000000000000000, -1.270000000000000018 ) ) ;
#1219 = LINE ( 'NONE', #1084, #4183 ) ;
#1220 = ORIENTED_EDGE ( 'NONE', *, *, #2030, .F. ) ;
#1221 = LINE ( 'NONE', #4324, #4207 ) ;
#1222 = STYLED_ITEM ( 'NONE', ( #6759 ), #16 ) ;
#1223 = ORIENTED_EDGE ( 'NONE', *, *, #8583, .F. ) ;
#1224 = CARTESIAN_POINT ( 'NONE',  ( -10.25999999999999801, 0.000000000000000000, 1.270000000000000018 ) ) ;
#1225 = UNCERTAINTY_MEASURE_WITH_UNIT (LENGTH_MEASURE( 1.000000000000000082E-05 ), #6789, 'distance_accuracy_value', 'NONE');
#1226 =( NAMED_UNIT ( * ) SI_UNIT ( $, .STERADIAN. ) SOLID_ANGLE_UNIT ( ) );
#1227 = EDGE_CURVE ( 'NONE', #1997, #2522, #252, .T. ) ;
#1228 = VECTOR ( 'NONE', #2667, 1000.000000000000000 ) ;
#1229 = ORIENTED_EDGE ( 'NONE', *, *, #8782, .T. ) ;
#1230 = ORIENTED_EDGE ( 'NONE', *, *, #3820, .T. ) ;
#1231 = VECTOR ( 'NONE', #8276, 1000.000000000000000 ) ;
#1232 = ORIENTED_EDGE ( 'NONE', *, *, #6861, .T. ) ;
#1233 = UNCERTAINTY_MEASURE_WITH_UNIT (LENGTH_MEASURE( 1.000000000000000082E-05 ), #6739, 'distance_accuracy_value', 'NONE');
#1234 = FILL_AREA_STYLE ('',( #4095 ) ) ;
#1235 = ORIENTED_EDGE ( 'NONE', *, *, #241, .T. ) ;
#1236 = EDGE_CURVE ( 'NONE', #6998, #8672, #8676, .T. ) ;
#1237 = CARTESIAN_POINT ( 'NONE',  ( -2.439999999999999503, 2.500000000000000888, -1.270000000000003793 ) ) ;
#1238 =( LENGTH_UNIT ( ) NAMED_UNIT ( * ) SI_UNIT ( .MILLI., .METRE. ) );
#1239 = ORIENTED_EDGE ( 'NONE', *, *, #7579, .F. ) ;
#1240 = AXIS2_PLACEMENT_3D ( 'NONE', #5812, #9719, #3646 ) ;
#1241 = DIRECTION ( 'NONE',  ( 0.000000000000000000, 1.000000000000000000, 0.000000000000000000 ) ) ;
#1242 = CARTESIAN_POINT ( 'NONE',  ( 12.69999999999999929, 0.000000000000000000, -1.270000000000000018 ) ) ;
#1243 = EDGE_CURVE ( 'NONE', #7754, #4687, #4076, .T. ) ;
#1244 = EDGE_LOOP ( 'NONE', ( #5714, #5572, #2446, #6277 ) ) ;
#1245 = DIRECTION ( 'NONE',  ( 0.3236155771181767893, 0.8891264907159940334, -0.3236155771181771224 ) ) ;
#1246 = STYLED_ITEM ( 'NONE', ( #4139 ), #6660 ) ;
#1247 = DIRECTION ( 'NONE',  ( 1.000000000000000000, 0.000000000000000000, -0.000000000000000000 ) ) ;
#1248 = VECTOR ( 'NONE', #3919, 1000.000000000000000 ) ;
#1249 = ORIENTED_EDGE ( 'NONE', *, *, #8370, .T. ) ;
#1250 = EDGE_CURVE ( 'NONE', #3625, #4072, #8527, .T. ) ;
#1251 = CARTESIAN_POINT ( 'NONE',  ( -10.05999999999999872, -0.03999999999999967470, 1.019999999999995799 ) ) ;
#1252 = SURFACE_STYLE_FILL_AREA ( #2009 ) ;
#1253 = CARTESIAN_POINT ( 'NONE',  ( 10.26000000000000156, -0.03999999999999967470, -1.020000000000004237 ) ) ;
#1254 = ORIENTED_EDGE ( 'NONE', *, *, #8948, .T. ) ;
#1255 = CARTESIAN_POINT ( 'NONE',  ( -11.75000000000000000, 0.7500000000000001110, 0.3199999999999991740 ) ) ;
#1256 = CARTESIAN_POINT ( 'NONE',  ( -8.569999999999998508, -2.699999999999993072, 0.3199999999999985634 ) ) ;
#1257 = DIRECTION ( 'NONE',  ( 0.000000000000000000, 1.000000000000000000, 1.707404996040164265E-16 ) ) ;
#1258 = EDGE_CURVE ( 'NONE', #1195, #4064, #7094, .T. ) ;
#1259 = PRESENTATION_LAYER_ASSIGNMENT (  '', '', ( #5718 ) ) ;
#1260 = CARTESIAN_POINT ( 'NONE',  ( 9.100808929720143325, 8.599999999999999645, -0.2108089297201413692 ) ) ;
#1261 = ORIENTED_EDGE ( 'NONE', *, *, #8775, .T. ) ;
#1262 = STYLED_ITEM ( 'NONE', ( #4062 ), #749 ) ;
#1263 = VECTOR ( 'NONE', #750, 1000.000000000000000 ) ;
#1264 = LINE ( 'NONE', #8727, #8233 ) ;
#1265 = CARTESIAN_POINT ( 'NONE',  ( -8.679191070279857811, 8.599999999999999645, -0.2108089297201413692 ) ) ;
#1266 =( LENGTH_UNIT ( ) NAMED_UNIT ( * ) SI_UNIT ( .MILLI., .METRE. ) );
#1267 = VECTOR ( 'NONE', #92, 1000.000000000000000 ) ;
#1268 = DIRECTION ( 'NONE',  ( 1.000000000000000000, 0.000000000000000000, 0.000000000000000000 ) ) ;
#1269 =( GEOMETRIC_REPRESENTATION_CONTEXT ( 3 ) GLOBAL_UNCERTAINTY_ASSIGNED_CONTEXT ( ( #8080 ) ) GLOBAL_UNIT_ASSIGNED_CONTEXT ( ( #6006, #788, #3096 ) ) REPRESENTATION_CONTEXT ( 'NONE', 'WORKASPACE' ) );
#1270 = ORIENTED_EDGE ( 'NONE', *, *, #2093, .F. ) ;
#1271 = CARTESIAN_POINT ( 'NONE',  ( -11.10999999999999766, -2.699999999999993072, 0.3199999999999985634 ) ) ;
#1272 = PRESENTATION_STYLE_ASSIGNMENT (( #2032 ) ) ;
#1273 = VERTEX_POINT ( 'NONE', #8577 ) ;
#1274 = DIRECTION ( 'NONE',  ( 0.000000000000000000, 0.000000000000000000, 1.000000000000000000 ) ) ;
#1275 = VECTOR ( 'NONE', #9142, 1000.000000000000000 ) ;
#1276 = ORIENTED_EDGE ( 'NONE', *, *, #5100, .T. ) ;
#1277 = DIRECTION ( 'NONE',  ( -0.000000000000000000, 0.000000000000000000, 1.000000000000000000 ) ) ;
#1278 = DIRECTION ( 'NONE',  ( -0.9396926207859117586, -0.3420201433256594981, 0.000000000000000000 ) ) ;
#1279 = PRESENTATION_STYLE_ASSIGNMENT (( #3540 ) ) ;
#1280 = VECTOR ( 'NONE', #4860, 1000.000000000000000 ) ;
#1281 = ORIENTED_EDGE ( 'NONE', *, *, #3014, .F. ) ;
#1282 = LINE ( 'NONE', #2676, #5477 ) ;
#1283 = EDGE_LOOP ( 'NONE', ( #8833, #5187, #3211, #3376 ) ) ;
#1284 = VERTEX_POINT ( 'NONE', #2428 ) ;
#1285 = EDGE_CURVE ( 'NONE', #2666, #2939, #8625, .T. ) ;
#1286 = ORIENTED_EDGE ( 'NONE', *, *, #1723, .F. ) ;
#1287 = DIRECTION ( 'NONE',  ( -1.000000000000000000, 0.000000000000000000, 0.000000000000000000 ) ) ;
#1288 = ADVANCED_FACE ( 'NONE', ( #8480 ), #7784, .F. ) ;
#1289 = PLANE ( 'NONE',  #9059 ) ;
#1290 = PLANE ( 'NONE',  #4855 ) ;
#1291 = DIRECTION ( 'NONE',  ( -0.000000000000000000, 1.000000000000000000, 1.707404996040164265E-16 ) ) ;
#1292 = VERTEX_POINT ( 'NONE', #4768 ) ;
#1293 = CARTESIAN_POINT ( 'NONE',  ( -9.209999999999999076, 8.299999999999993605, 0.3200000000000004508 ) ) ;
#1294 = ORIENTED_EDGE ( 'NONE', *, *, #451, .F. ) ;
#1295 = EDGE_CURVE ( 'NONE', #2198, #4451, #969, .T. ) ;
#1296 = DIRECTION ( 'NONE',  ( 0.000000000000000000, 0.000000000000000000, -1.000000000000000000 ) ) ;
#1297 = VECTOR ( 'NONE', #9373, 1000.000000000000000 ) ;
#1298 =( LENGTH_UNIT ( ) NAMED_UNIT ( * ) SI_UNIT ( .MILLI., .METRE. ) );
#1299 = VERTEX_POINT ( 'NONE', #3324 ) ;
#1300 = LINE ( 'NONE', #8217, #1839 ) ;
#1301 = EDGE_CURVE ( 'NONE', #3600, #3896, #1776, .T. ) ;
#1302 =( NAMED_UNIT ( * ) SI_UNIT ( $, .STERADIAN. ) SOLID_ANGLE_UNIT ( ) );
#1303 = DIRECTION ( 'NONE',  ( 0.000000000000000000, 1.707404996040164265E-16, -1.000000000000000000 ) ) ;
#1304 = AXIS2_PLACEMENT_3D ( 'NONE', #6634, #8232, #2882 ) ;
#1305 = PLANE ( 'NONE',  #6211 ) ;
#1306 = DIRECTION ( 'NONE',  ( 0.000000000000000000, 1.707404996040164265E-16, -1.000000000000000000 ) ) ;
#1307 = CARTESIAN_POINT ( 'NONE',  ( -11.10999999999999766, -6.905096679918783842, -0.3200000000000038369 ) ) ;
#1308 = ADVANCED_FACE ( 'NONE', ( #9370 ), #2877, .F. ) ;
#1309 = DIRECTION ( 'NONE',  ( -1.000000000000000000, -0.000000000000000000, 0.000000000000000000 ) ) ;
#1310 = ORIENTED_EDGE ( 'NONE', *, *, #5232, .F. ) ;
#1311 = CARTESIAN_POINT ( 'NONE',  ( 12.69999999999999929, 2.500000000000000444, -1.270000000000000018 ) ) ;
#1312 = ADVANCED_FACE ( 'NONE', ( #8065 ), #7380, .T. ) ;
#1313 = SURFACE_STYLE_USAGE ( .BOTH. , #1966 ) ;
#1314 =( GEOMETRIC_REPRESENTATION_CONTEXT ( 3 ) GLOBAL_UNCERTAINTY_ASSIGNED_CONTEXT ( ( #5456 ) ) GLOBAL_UNIT_ASSIGNED_CONTEXT ( ( #9184, #1205, #1863 ) ) REPRESENTATION_CONTEXT ( 'NONE', 'WORKASPACE' ) );
#1315 = CARTESIAN_POINT ( 'NONE',  ( 9.210000000000002629, 8.299999999999993605, -0.3200000000000038369 ) ) ;
#1316 = CARTESIAN_POINT ( 'NONE',  ( 9.210000000000006182, -0.03999999999999967470, -0.3200000000000026157 ) ) ;
#1317 = CARTESIAN_POINT ( 'NONE',  ( 11.11000000000000476, -0.03999999999999967470, 0.3199999999999990630 ) ) ;
#1318 = VECTOR ( 'NONE', #5829, 1000.000000000000000 ) ;
#1319 = CARTESIAN_POINT ( 'NONE',  ( 2.440000000000001279, 2.500000000000000444, -1.020000000000003793 ) ) ;
#1320 = EDGE_CURVE ( 'NONE', #8460, #4978, #7225, .T. ) ;
#1321 = COLOUR_RGB ( '',0.7921568627450980005, 0.8196078431372548767, 0.9333333333333333481 ) ;
#1322 = FACE_OUTER_BOUND ( 'NONE', #9729, .T. ) ;
#1323 = ORIENTED_EDGE ( 'NONE', *, *, #1479, .F. ) ;
#1324 = LINE ( 'NONE', #5708, #8049 ) ;
#1325 = MECHANICAL_DESIGN_GEOMETRIC_PRESENTATION_REPRESENTATION (  '', ( #8150 ), #3403 ) ;
#1326 = DIRECTION ( 'NONE',  ( 1.000000000000000000, 0.000000000000000000, 0.000000000000000000 ) ) ;
#1327 = VERTEX_POINT ( 'NONE', #3629 ) ;
#1328 = UNCERTAINTY_MEASURE_WITH_UNIT (LENGTH_MEASURE( 1.000000000000000082E-05 ), #3153, 'distance_accuracy_value', 'NONE');
#1329 = FACE_OUTER_BOUND ( 'NONE', #4059, .T. ) ;
#1330 = ORIENTED_EDGE ( 'NONE', *, *, #2751, .F. ) ;
#1331 = PRESENTATION_LAYER_ASSIGNMENT (  '', '', ( #3249 ) ) ;
#1332 = DIRECTION ( 'NONE',  ( 0.9396926207859117586, -0.3420201433256594981, 0.000000000000000000 ) ) ;
#1333 = VECTOR ( 'NONE', #8498, 1000.000000000000000 ) ;
#1334 = PRESENTATION_STYLE_ASSIGNMENT (( #4381 ) ) ;
#1335 = VERTEX_POINT ( 'NONE', #6522 ) ;
#1336 = COLOUR_RGB ( '',1.000000000000000000, 0.8117647058823529438, 0.5019607843137254832 ) ;
#1337 = CARTESIAN_POINT ( 'NONE',  ( 8.570000000000003837, 2.500000000000000444, 0.3199999999999995071 ) ) ;
#1338 = VERTEX_POINT ( 'NONE', #5792 ) ;
#1339 = CARTESIAN_POINT ( 'NONE',  ( -9.209999999999999076, -6.905096679918783842, 0.3199999999999978417 ) ) ;
#1340 = ORIENTED_EDGE ( 'NONE', *, *, #5534, .T. ) ;
#1341 = UNCERTAINTY_MEASURE_WITH_UNIT (LENGTH_MEASURE( 1.000000000000000082E-05 ), #6736, 'distance_accuracy_value', 'NONE');
#1342 = ORIENTED_EDGE ( 'NONE', *, *, #642, .F. ) ;
#1343 = CARTESIAN_POINT ( 'NONE',  ( 9.210000000000006182, 0.7500000000000001110, -0.3200000000000025047 ) ) ;
#1344 = LINE ( 'NONE', #7205, #3846 ) ;
#1345 = FACE_OUTER_BOUND ( 'NONE', #8795, .T. ) ;
#1346 = CARTESIAN_POINT ( 'NONE',  ( -6.669999999999999041, 0.7500000000000001110, -0.3200000000000023381 ) ) ;
#1347 = CARTESIAN_POINT ( 'NONE',  ( -12.69999999999999929, 1.885956070686925433E-16, -0.7700000000000006839 ) ) ;
#1348 = EDGE_LOOP ( 'NONE', ( #914, #1350, #1882, #6005 ) ) ;
#1349 = ORIENTED_EDGE ( 'NONE', *, *, #3136, .T. ) ;
#1350 = ORIENTED_EDGE ( 'NONE', *, *, #2657, .F. ) ;
#1351 = EDGE_CURVE ( 'NONE', #7842, #8134, #3579, .T. ) ;
#1352 = CARTESIAN_POINT ( 'NONE',  ( -7.519999999999998685, 2.500000000000000888, -1.270000000000003793 ) ) ;
#1353 = FILL_AREA_STYLE ('',( #658 ) ) ;
#1354 = VECTOR ( 'NONE', #6140, 1000.000000000000000 ) ;
#1355 = EDGE_LOOP ( 'NONE', ( #2951, #1414, #4086, #6238 ) ) ;
#1356 = FILL_AREA_STYLE_COLOUR ( '', #7562 ) ;
#1357 = LINE ( 'NONE', #7317, #7417 ) ;
#1358 = PLANE ( 'NONE',  #4647 ) ;
#1359 = DIRECTION ( 'NONE',  ( 0.000000000000000000, 1.000000000000000000, 1.707404996040164265E-16 ) ) ;
#1360 = DIRECTION ( 'NONE',  ( 0.000000000000000000, -1.000000000000000000, -1.707404996040164265E-16 ) ) ;
#1361 = ORIENTED_EDGE ( 'NONE', *, *, #642, .T. ) ;
#1362 = VECTOR ( 'NONE', #7527, 1000.000000000000000 ) ;
#1363 = CARTESIAN_POINT ( 'NONE',  ( -7.504238378621820971, 5.371844010742015563, 1.385761621378177599 ) ) ;
#1364 = VECTOR ( 'NONE', #7975, 1000.000000000000000 ) ;
#1365 = ORIENTED_EDGE ( 'NONE', *, *, #4343, .F. ) ;
#1366 = SURFACE_SIDE_STYLE ('',( #4566 ) ) ;
#1367 = LINE ( 'NONE', #4415, #5502 ) ;
#1368 = DIRECTION ( 'NONE',  ( 0.000000000000000000, -3.771912141373855303E-16, -1.000000000000000000 ) ) ;
#1369 = CARTESIAN_POINT ( 'NONE',  ( 12.69999999999999929, -2.605293267181800486E-21, -1.020000000000004237 ) ) ;
#1370 = VECTOR ( 'NONE', #1395, 1000.000000000000000 ) ;
#1371 = ADVANCED_FACE ( 'NONE', ( #434 ), #1917, .T. ) ;
#1372 = DIRECTION ( 'NONE',  ( 0.000000000000000000, -0.3420201433256591650, 0.9396926207859118696 ) ) ;
#1373 = CARTESIAN_POINT ( 'NONE',  ( 12.69999999999999929, 0.000000000000000000, -1.270000000000000018 ) ) ;
#1374 = DIRECTION ( 'NONE',  ( -0.000000000000000000, 1.000000000000000000, 1.707404996040164265E-16 ) ) ;
#1375 = EDGE_CURVE ( 'NONE', #9661, #7657, #4265, .T. ) ;
#1376 = CARTESIAN_POINT ( 'NONE',  ( -10.25999999999999801, 0.000000000000000000, 1.019999999999995799 ) ) ;
#1377 = VECTOR ( 'NONE', #2879, 1000.000000000000000 ) ;
#1378 = ORIENTED_EDGE ( 'NONE', *, *, #1978, .T. ) ;
#1379 = CARTESIAN_POINT ( 'NONE',  ( 12.69999999999999929, 0.000000000000000000, 1.270000000000000018 ) ) ;
#1380 = ORIENTED_EDGE ( 'NONE', *, *, #4834, .T. ) ;
#1381 = DIRECTION ( 'NONE',  ( -1.000000000000000000, 0.000000000000000000, 0.000000000000000000 ) ) ;
#1382 = ORIENTED_EDGE ( 'NONE', *, *, #1013, .F. ) ;
#1383 = EDGE_CURVE ( 'NONE', #4934, #5707, #3521, .T. ) ;
#1384 = SURFACE_STYLE_FILL_AREA ( #7611 ) ;
#1385 = CARTESIAN_POINT ( 'NONE',  ( -10.05999999999999872, -0.03999999999999923755, -1.270000000000004237 ) ) ;
#1386 = STYLED_ITEM ( 'NONE', ( #7680 ), #4970 ) ;
#1387 = FACE_OUTER_BOUND ( 'NONE', #9335, .T. ) ;
#1388 = ORIENTED_EDGE ( 'NONE', *, *, #2629, .F. ) ;
#1389 = EDGE_LOOP ( 'NONE', ( #2523, #1378, #2550, #6538 ) ) ;
#1390 = LINE ( 'NONE', #1337, #3112 ) ;
#1391 = VERTEX_POINT ( 'NONE', #668 ) ;
#1392 = FACE_OUTER_BOUND ( 'NONE', #9072, .T. ) ;
#1393 = EDGE_LOOP ( 'NONE', ( #648, #5033, #2991, #680 ) ) ;
#1394 = VERTEX_POINT ( 'NONE', #3076 ) ;
#1395 = DIRECTION ( 'NONE',  ( 0.000000000000000000, -1.408054769461692709E-16, 1.000000000000000000 ) ) ;
#1396 = CARTESIAN_POINT ( 'NONE',  ( 27.94000000000000128, -3.000000000000000000, -0.2108089297201431456 ) ) ;
#1397 = FACE_OUTER_BOUND ( 'NONE', #8585, .T. ) ;
#1398 = VECTOR ( 'NONE', #5176, 1000.000000000000000 ) ;
#1399 = DIRECTION ( 'NONE',  ( 0.000000000000000000, -0.000000000000000000, 1.000000000000000000 ) ) ;
#1400 = VECTOR ( 'NONE', #3690, 1000.000000000000000 ) ;
#1401 = CARTESIAN_POINT ( 'NONE',  ( 7.720000000000001528, -0.03999999999999923755, -1.270000000000004237 ) ) ;
#1402 = CARTESIAN_POINT ( 'NONE',  ( 1.480808929720142997, 8.599999999999999645, 0.2108089297201405921 ) ) ;
#1403 = VERTEX_POINT ( 'NONE', #1421 ) ;
#1404 = EDGE_LOOP ( 'NONE', ( #449, #6452, #1091, #1543 ) ) ;
#1405 = PLANE ( 'NONE',  #3903 ) ;
#1406 = SURFACE_SIDE_STYLE ('',( #8215 ) ) ;
#1407 = ORIENTED_EDGE ( 'NONE', *, *, #3957, .T. ) ;
#1408 = CARTESIAN_POINT ( 'NONE',  ( -7.519999999999998685, -0.03999999999999967470, 1.019999999999995799 ) ) ;
#1409 =( NAMED_UNIT ( * ) SI_UNIT ( $, .STERADIAN. ) SOLID_ANGLE_UNIT ( ) );
#1410 = VECTOR ( 'NONE', #9023, 1000.000000000000000 ) ;
#1411 = PLANE ( 'NONE',  #1492 ) ;
#1412 = FILL_AREA_STYLE ('',( #5893 ) ) ;
#1413 = SURFACE_STYLE_FILL_AREA ( #8220 ) ;
#1414 = ORIENTED_EDGE ( 'NONE', *, *, #4304, .T. ) ;
#1415 = LINE ( 'NONE', #7483, #95 ) ;
#1416 = DIRECTION ( 'NONE',  ( -0.000000000000000000, 1.000000000000000000, 1.707404996040164265E-16 ) ) ;
#1417 = PRESENTATION_LAYER_ASSIGNMENT (  '', '', ( #2212 ) ) ;
#1418 = ORIENTED_EDGE ( 'NONE', *, *, #3650, .F. ) ;
#1419 = PRESENTATION_STYLE_ASSIGNMENT (( #8974 ) ) ;
#1420 = CARTESIAN_POINT ( 'NONE',  ( -6.139191070279857776, -3.000000000000000000, -0.2108089297201431456 ) ) ;
#1421 = CARTESIAN_POINT ( 'NONE',  ( -4.020808929720139702, 8.599999999999999645, -0.2108089297201413692 ) ) ;
#1422 = EDGE_CURVE ( 'NONE', #9615, #272, #6794, .T. ) ;
#1423 = EDGE_CURVE ( 'NONE', #4144, #836, #2173, .T. ) ;
#1424 = STYLED_ITEM ( 'NONE', ( #9718 ), #6799 ) ;
#1425 = DIRECTION ( 'NONE',  ( -0.000000000000000000, 1.000000000000000000, 1.707404996040164265E-16 ) ) ;
#1426 = CARTESIAN_POINT ( 'NONE',  ( -7.719999999999997975, 1.885956070686925433E-16, -0.7700000000000006839 ) ) ;
#1427 = CARTESIAN_POINT ( 'NONE',  ( -8.569999999999998508, -0.03999999999999967470, 0.3199999999999990630 ) ) ;
#1428 = VERTEX_POINT ( 'NONE', #1577 ) ;
#1429 = EDGE_CURVE ( 'NONE', #2062, #5517, #8274, .T. ) ;
#1430 = LINE ( 'NONE', #2992, #152 ) ;
#1431 = PRESENTATION_LAYER_ASSIGNMENT (  '', '', ( #6987 ) ) ;
#1432 = CARTESIAN_POINT ( 'NONE',  ( 2.440000000000001279, -0.03999999999999923755, -1.270000000000004237 ) ) ;
#1433 = CARTESIAN_POINT ( 'NONE',  ( -0.09999999999999766020, 1.885956070686925433E-16, -0.7700000000000006839 ) ) ;
#1434 = ORIENTED_EDGE ( 'NONE', *, *, #7066, .T. ) ;
#1435 = UNCERTAINTY_MEASURE_WITH_UNIT (LENGTH_MEASURE( 1.000000000000000082E-05 ), #5516, 'distance_accuracy_value', 'NONE');
#1436 = CARTESIAN_POINT ( 'NONE',  ( 15.24000000000000021, -3.000000000000000000, -0.2108089297201431456 ) ) ;
#1437 = ORIENTED_EDGE ( 'NONE', *, *, #6236, .T. ) ;
#1438 = EDGE_CURVE ( 'NONE', #8252, #9549, #4569, .T. ) ;
#1439 = DIRECTION ( 'NONE',  ( -0.000000000000000000, 1.000000000000000000, 0.000000000000000000 ) ) ;
#1440 = DIRECTION ( 'NONE',  ( 0.000000000000000000, 0.000000000000000000, -1.000000000000000000 ) ) ;
#1441 = MANIFOLD_SOLID_BREP ( 'LPattern1[7]', #8532 ) ;
#1442 = ORIENTED_EDGE ( 'NONE', *, *, #5988, .T. ) ;
#1443 = ADVANCED_FACE ( 'NONE', ( #2271 ), #1358, .T. ) ;
#1444 = VECTOR ( 'NONE', #3353, 1000.000000000000000 ) ;
#1445 = DIRECTION ( 'NONE',  ( -0.000000000000000000, -0.000000000000000000, -1.000000000000000000 ) ) ;
#1446 = ORIENTED_EDGE ( 'NONE', *, *, #9377, .T. ) ;
#1447 = VERTEX_POINT ( 'NONE', #9645 ) ;
#1448 = DIRECTION ( 'NONE',  ( -1.000000000000000000, -0.000000000000000000, 0.000000000000000000 ) ) ;
#1449 = ADVANCED_FACE ( 'NONE', ( #3670 ), #1305, .F. ) ;
#1450 =( NAMED_UNIT ( * ) SI_UNIT ( $, .STERADIAN. ) SOLID_ANGLE_UNIT ( ) );
#1451 = LINE ( 'NONE', #2962, #7710 ) ;
#1452 = SURFACE_STYLE_USAGE ( .BOTH. , #6502 ) ;
#1453 = MECHANICAL_DESIGN_GEOMETRIC_PRESENTATION_REPRESENTATION (  '', ( #6510 ), #8580 ) ;
#1454 = FILL_AREA_STYLE_COLOUR ( '', #6245 ) ;
#1455 = CARTESIAN_POINT ( 'NONE',  ( 12.69999999999999929, 0.7500000000000001110, 0.3199999999999991740 ) ) ;
#1456 = ORIENTED_EDGE ( 'NONE', *, *, #6651, .T. ) ;
#1457 = ORIENTED_EDGE ( 'NONE', *, *, #6838, .T. ) ;
#1458 = EDGE_CURVE ( 'NONE', #6785, #8460, #6675, .T. ) ;
#1459 = CARTESIAN_POINT ( 'NONE',  ( 9.210000000000002629, -6.905096679918783842, -0.3200000000000038369 ) ) ;
#1460 = COLOUR_RGB ( '',1.000000000000000000, 0.8117647058823529438, 0.5019607843137254832 ) ;
#1461 = VERTEX_POINT ( 'NONE', #5203 ) ;
#1462 = CARTESIAN_POINT ( 'NONE',  ( -10.05999999999999872, 2.500000000000000888, -1.270000000000003793 ) ) ;
#1463 = DIRECTION ( 'NONE',  ( 0.000000000000000000, 0.000000000000000000, -1.000000000000000000 ) ) ;
#1464 = CARTESIAN_POINT ( 'NONE',  ( 1.480808929720142997, 8.599999999999999645, 1.041517047584500167E-15 ) ) ;
#1465 = CARTESIAN_POINT ( 'NONE',  ( 12.69999999999999929, 0.7500000000000001110, -0.3200000000000023381 ) ) ;
#1466 = DIRECTION ( 'NONE',  ( 0.3236155771181767893, 0.8891264907159940334, -0.3236155771181771224 ) ) ;
#1467 = VECTOR ( 'NONE', #2850, 1000.000000000000000 ) ;
#1468 = CARTESIAN_POINT ( 'NONE',  ( -0.09999999999999766020, 2.500000000000000444, -1.270000000000000018 ) ) ;
#1469 = ORIENTED_EDGE ( 'NONE', *, *, #9317, .T. ) ;
#1470 = SURFACE_SIDE_STYLE ('',( #6738 ) ) ;
#1471 =( NAMED_UNIT ( * ) SI_UNIT ( $, .STERADIAN. ) SOLID_ANGLE_UNIT ( ) );
#1472 = VECTOR ( 'NONE', #2512, 1000.000000000000000 ) ;
#1473 = CARTESIAN_POINT ( 'NONE',  ( 2.655761621378179171, 5.371844010742015563, 1.385761621378177599 ) ) ;
#1474 = PRESENTATION_STYLE_ASSIGNMENT (( #2176 ) ) ;
#1475 = LINE ( 'NONE', #6094, #5329 ) ;
#1476 = LINE ( 'NONE', #8427, #8122 ) ;
#1477 = FACE_OUTER_BOUND ( 'NONE', #6773, .T. ) ;
#1478 = ORIENTED_EDGE ( 'NONE', *, *, #9367, .T. ) ;
#1479 = EDGE_CURVE ( 'NONE', #5667, #8648, #6783, .T. ) ;
#1480 = STYLED_ITEM ( 'NONE', ( #2424 ), #8906 ) ;
#1481 = DIRECTION ( 'NONE',  ( 0.000000000000000000, 1.000000000000000000, 1.707404996040164265E-16 ) ) ;
#1482 = DIRECTION ( 'NONE',  ( 0.000000000000000000, 0.000000000000000000, 1.000000000000000000 ) ) ;
#1483 = CARTESIAN_POINT ( 'NONE',  ( 12.69999999999999929, 0.000000000000000000, 1.270000000000000018 ) ) ;
#1484 = VERTEX_POINT ( 'NONE', #8114 ) ;
#1485 = DIRECTION ( 'NONE',  ( 0.000000000000000000, -1.707404996040164265E-16, 1.000000000000000000 ) ) ;
#1486 = VERTEX_POINT ( 'NONE', #1256 ) ;
#1487 = ORIENTED_EDGE ( 'NONE', *, *, #279, .F. ) ;
#1488 = SURFACE_SIDE_STYLE ('',( #2339 ) ) ;
#1489 = CARTESIAN_POINT ( 'NONE',  ( 1.590000000000004521, 2.500000000000000444, -0.3200000000000021161 ) ) ;
#1490 = CARTESIAN_POINT ( 'NONE',  ( 2.440000000000001279, -0.03999999999999967470, -1.020000000000004237 ) ) ;
#1491 = VECTOR ( 'NONE', #7588, 1000.000000000000000 ) ;
#1492 = AXIS2_PLACEMENT_3D ( 'NONE', #8447, #4697, #5154 ) ;
#1493 = ORIENTED_EDGE ( 'NONE', *, *, #5570, .F. ) ;
#1494 = ADVANCED_FACE ( 'NONE', ( #9067 ), #8266, .F. ) ;
#1495 = VERTEX_POINT ( 'NONE', #2868 ) ;
#1496 = STYLED_ITEM ( 'NONE', ( #3480 ), #8495 ) ;
#1497 = DIRECTION ( 'NONE',  ( -0.000000000000000000, 1.734723475976807094E-15, -1.000000000000000000 ) ) ;
#1498 = ORIENTED_EDGE ( 'NONE', *, *, #3822, .T. ) ;
#1499 = VECTOR ( 'NONE', #2575, 1000.000000000000000 ) ;
#1500 = VERTEX_POINT ( 'NONE', #9747 ) ;
#1501 =( NAMED_UNIT ( * ) PLANE_ANGLE_UNIT ( ) SI_UNIT ( $, .RADIAN. ) );
#1502 = VECTOR ( 'NONE', #8598, 1000.000000000000000 ) ;
#1503 = EDGE_CURVE ( 'NONE', #7008, #6578, #2810, .T. ) ;
#1504 = CARTESIAN_POINT ( 'NONE',  ( 15.24000000000000021, 8.599999999999999645, -0.2108089297201413692 ) ) ;
#1505 = VECTOR ( 'NONE', #62, 1000.000000000000000 ) ;
#1506 = CARTESIAN_POINT ( 'NONE',  ( 1.059191070279861036, -3.000000000000000000, 0.2108089297201388157 ) ) ;
#1507 = ORIENTED_EDGE ( 'NONE', *, *, #1351, .T. ) ;
#1508 = VERTEX_POINT ( 'NONE', #5981 ) ;
#1509 = EDGE_CURVE ( 'NONE', #3055, #8316, #9011, .T. ) ;
#1510 = LINE ( 'NONE', #6072, #7840 ) ;
#1511 = PLANE ( 'NONE',  #5265 ) ;
#1512 = ORIENTED_EDGE ( 'NONE', *, *, #3836, .F. ) ;
#1513 = PLANE ( 'NONE',  #7402 ) ;
#1514 = PRESENTATION_LAYER_ASSIGNMENT (  '', '', ( #2780 ) ) ;
#1515 = CARTESIAN_POINT ( 'NONE',  ( -6.029999999999997584, 2.500000000000000444, 0.3199999999999995071 ) ) ;
#1516 = AXIS2_PLACEMENT_3D ( 'NONE', #8950, #1999, #8849 ) ;
#1517 = EDGE_CURVE ( 'NONE', #8745, #7008, #2975, .T. ) ;
#1518 = DIRECTION ( 'NONE',  ( -1.000000000000000000, -0.000000000000000000, -0.000000000000000000 ) ) ;
#1519 = DIRECTION ( 'NONE',  ( 0.3236155771181767893, 0.8891264907159940334, -0.3236155771181771224 ) ) ;
#1520 = CARTESIAN_POINT ( 'NONE',  ( -11.64080892972014070, -3.000000000000000000, -0.2108089297201431456 ) ) ;
#1521 = CARTESIAN_POINT ( 'NONE',  ( -0.9499999999999977351, -6.905096679918783842, -0.3200000000000038369 ) ) ;
#1522 = MECHANICAL_DESIGN_GEOMETRIC_PRESENTATION_REPRESENTATION (  '', ( #6927 ), #1833 ) ;
#1523 = VERTEX_POINT ( 'NONE', #573 ) ;
#1524 = DIRECTION ( 'NONE',  ( 0.000000000000000000, -0.000000000000000000, 1.000000000000000000 ) ) ;
#1525 = MANIFOLD_SOLID_BREP ( 'LPattern1[9]', #8505 ) ;
#1526 = DIRECTION ( 'NONE',  ( 0.3236155771181768448, -0.8891264907159940334, 0.3236155771181768448 ) ) ;
#1527 = CARTESIAN_POINT ( 'NONE',  ( -4.980000000000000426, 2.500000000000000888, -1.270000000000003793 ) ) ;
#1528 = CARTESIAN_POINT ( 'NONE',  ( 0.9500000000000029532, 2.500000000000000444, 0.3199999999999995071 ) ) ;
#1529 =( LENGTH_UNIT ( ) NAMED_UNIT ( * ) SI_UNIT ( .MILLI., .METRE. ) );
#1530 = STYLED_ITEM ( 'NONE', ( #4825 ), #3270 ) ;
#1531 = SURFACE_SIDE_STYLE ('',( #912 ) ) ;
#1532 = VERTEX_POINT ( 'NONE', #7320 ) ;
#1533 =( NAMED_UNIT ( * ) SI_UNIT ( $, .STERADIAN. ) SOLID_ANGLE_UNIT ( ) );
#1534 = VECTOR ( 'NONE', #6265, 1000.000000000000000 ) ;
#1535 = CARTESIAN_POINT ( 'NONE',  ( -1.589999999999997637, 0.7500000000000000000, 0.7700000000000006839 ) ) ;
#1536 = DIRECTION ( 'NONE',  ( 0.000000000000000000, 0.000000000000000000, -1.000000000000000000 ) ) ;
#1537 = ORIENTED_EDGE ( 'NONE', *, *, #8644, .F. ) ;
#1538 = UNCERTAINTY_MEASURE_WITH_UNIT (LENGTH_MEASURE( 1.000000000000000082E-05 ), #8110, 'distance_accuracy_value', 'NONE');
#1539 = PLANE ( 'NONE',  #7768 ) ;
#1540 = ORIENTED_EDGE ( 'NONE', *, *, #8250, .T. ) ;
#1541 = FILL_AREA_STYLE ('',( #5328 ) ) ;
#1542 = DIRECTION ( 'NONE',  ( 0.000000000000000000, 1.000000000000000000, 0.000000000000000000 ) ) ;
#1543 = ORIENTED_EDGE ( 'NONE', *, *, #6701, .F. ) ;
#1544 =( GEOMETRIC_REPRESENTATION_CONTEXT ( 3 ) GLOBAL_UNCERTAINTY_ASSIGNED_CONTEXT ( ( #2234 ) ) GLOBAL_UNIT_ASSIGNED_CONTEXT ( ( #5793, #2022, #533 ) ) REPRESENTATION_CONTEXT ( 'NONE', 'WORKASPACE' ) );
#1545 = ORIENTED_EDGE ( 'NONE', *, *, #6895, .F. ) ;
#1546 = SHAPE_DEFINITION_REPRESENTATION ( #6688, #4018 ) ;
#1547 = PLANE ( 'NONE',  #3808 ) ;
#1548 = ORIENTED_EDGE ( 'NONE', *, *, #7373, .F. ) ;
#1549 = UNCERTAINTY_MEASURE_WITH_UNIT (LENGTH_MEASURE( 1.000000000000000082E-05 ), #1724, 'distance_accuracy_value', 'NONE');
#1550 = VERTEX_POINT ( 'NONE', #4503 ) ;
#1551 = LINE ( 'NONE', #748, #8822 ) ;
#1552 = FILL_AREA_STYLE ('',( #4740 ) ) ;
#1553 = EDGE_CURVE ( 'NONE', #6026, #6048, #524, .T. ) ;
#1554 = ADVANCED_FACE ( 'NONE', ( #6571 ), #5156, .T. ) ;
#1555 = CARTESIAN_POINT ( 'NONE',  ( -11.75000000000000000, -0.03999999999999967470, 0.3199999999999990630 ) ) ;
#1556 = CARTESIAN_POINT ( 'NONE',  ( 1.445795051648020690, 3.882392806044252964, -2.715795051648021374 ) ) ;
#1557 = MECHANICAL_DESIGN_GEOMETRIC_PRESENTATION_REPRESENTATION (  '', ( #601 ), #7103 ) ;
#1558 = CLOSED_SHELL ( 'NONE', ( #1554, #9021, #5093, #9733, #4805, #7749, #5810, #8099, #9612, #6572, #7809, #9662, #9673, #7123 ) ) ;
#1559 = ORIENTED_EDGE ( 'NONE', *, *, #124, .T. ) ;
#1560 = EDGE_CURVE ( 'NONE', #9661, #2140, #3167, .T. ) ;
#1561 = DIRECTION ( 'NONE',  ( 0.000000000000000000, -0.000000000000000000, 1.000000000000000000 ) ) ;
#1562 = ORIENTED_EDGE ( 'NONE', *, *, #9377, .F. ) ;
#1563 = CARTESIAN_POINT ( 'NONE',  ( -7.519999999999998685, 0.000000000000000000, 1.019999999999995799 ) ) ;
#1564 = LINE ( 'NONE', #9063, #30 ) ;
#1565 = DIRECTION ( 'NONE',  ( 0.000000000000000000, -0.3420201433256591650, 0.9396926207859118696 ) ) ;
#1566 =( GEOMETRIC_REPRESENTATION_CONTEXT ( 3 ) GLOBAL_UNCERTAINTY_ASSIGNED_CONTEXT ( ( #4146 ) ) GLOBAL_UNIT_ASSIGNED_CONTEXT ( ( #3377, #8635, #4037 ) ) REPRESENTATION_CONTEXT ( 'NONE', 'WORKASPACE' ) );
#1567 = EDGE_CURVE ( 'NONE', #2288, #717, #8457, .T. ) ;
#1568 = CARTESIAN_POINT ( 'NONE',  ( 11.75000000000000355, 8.299999999999993605, -0.3200000000000038369 ) ) ;
#1569 = DIRECTION ( 'NONE',  ( 1.000000000000000000, 0.000000000000000000, 0.000000000000000000 ) ) ;
#1570 = LINE ( 'NONE', #6836, #6097 ) ;
#1571 = AXIS2_PLACEMENT_3D ( 'NONE', #1866, #481, #9600 ) ;
#1572 = ORIENTED_EDGE ( 'NONE', *, *, #5079, .T. ) ;
#1573 = EDGE_CURVE ( 'NONE', #2476, #4875, #4559, .T. ) ;
#1574 = CARTESIAN_POINT ( 'NONE',  ( -5.180000000000000604, 1.885956070686925433E-16, -0.7700000000000006839 ) ) ;
#1575 =( GEOMETRIC_REPRESENTATION_CONTEXT ( 3 ) GLOBAL_UNCERTAINTY_ASSIGNED_CONTEXT ( ( #918 ) ) GLOBAL_UNIT_ASSIGNED_CONTEXT ( ( #9605, #6384, #629 ) ) REPRESENTATION_CONTEXT ( 'NONE', 'WORKASPACE' ) );
#1576 = SURFACE_SIDE_STYLE ('',( #8377 ) ) ;
#1577 = CARTESIAN_POINT ( 'NONE',  ( 4.020808929720141478, -3.000000000000000000, 0.2108089297201388157 ) ) ;
#1578 = CARTESIAN_POINT ( 'NONE',  ( -5.180000000000000604, 0.000000000000000000, 1.270000000000000018 ) ) ;
#1579 = EDGE_CURVE ( 'NONE', #990, #8326, #6835, .T. ) ;
#1580 = UNCERTAINTY_MEASURE_WITH_UNIT (LENGTH_MEASURE( 1.000000000000000082E-05 ), #3929, 'distance_accuracy_value', 'NONE');
#1581 = CARTESIAN_POINT ( 'NONE',  ( 12.69999999999999929, 0.000000000000000000, -1.270000000000000018 ) ) ;
#1582 = CARTESIAN_POINT ( 'NONE',  ( 6.670000000000006146, -0.03999999999999967470, 0.3199999999999990630 ) ) ;
#1583 = AXIS2_PLACEMENT_3D ( 'NONE', #8837, #8886, #8244 ) ;
#1584 = PLANE ( 'NONE',  #4035 ) ;
#1585 = ORIENTED_EDGE ( 'NONE', *, *, #1970, .F. ) ;
#1586 = CARTESIAN_POINT ( 'NONE',  ( -11.75000000000000000, 8.299999999999993605, -0.3200000000000012279 ) ) ;
#1587 =( NAMED_UNIT ( * ) SI_UNIT ( $, .STERADIAN. ) SOLID_ANGLE_UNIT ( ) );
#1588 = ORIENTED_EDGE ( 'NONE', *, *, #4361, .T. ) ;
#1589 = PRESENTATION_LAYER_ASSIGNMENT (  '', '', ( #2217 ) ) ;
#1590 = DIRECTION ( 'NONE',  ( -0.000000000000000000, 1.000000000000000000, 0.000000000000000000 ) ) ;
#1591 = AXIS2_PLACEMENT_3D ( 'NONE', #5326, #1485, #7447 ) ;
#1592 = ORIENTED_EDGE ( 'NONE', *, *, #7078, .F. ) ;
#1593 = ORIENTED_EDGE ( 'NONE', *, *, #760, .T. ) ;
#1594 = FILL_AREA_STYLE_COLOUR ( '', #1885 ) ;
#1595 =( LENGTH_UNIT ( ) NAMED_UNIT ( * ) SI_UNIT ( .MILLI., .METRE. ) );
#1596 = VERTEX_POINT ( 'NONE', #6882 ) ;
#1597 = ORIENTED_EDGE ( 'NONE', *, *, #7648, .T. ) ;
#1598 = CARTESIAN_POINT ( 'NONE',  ( 4.980000000000002203, 2.500000000000000444, 1.019999999999996243 ) ) ;
#1599 = ORIENTED_EDGE ( 'NONE', *, *, #5136, .T. ) ;
#1600 =( GEOMETRIC_REPRESENTATION_CONTEXT ( 3 ) GLOBAL_UNCERTAINTY_ASSIGNED_CONTEXT ( ( #3759 ) ) GLOBAL_UNIT_ASSIGNED_CONTEXT ( ( #2507, #5552, #8612 ) ) REPRESENTATION_CONTEXT ( 'NONE', 'WORKASPACE' ) );
#1601 = EDGE_LOOP ( 'NONE', ( #1249, #1365, #2570, #1330 ) ) ;
#1602 = SURFACE_STYLE_FILL_AREA ( #4078 ) ;
#1603 =( LENGTH_UNIT ( ) NAMED_UNIT ( * ) SI_UNIT ( .MILLI., .METRE. ) );
#1604 = FACE_OUTER_BOUND ( 'NONE', #6776, .T. ) ;
#1605 = CARTESIAN_POINT ( 'NONE',  ( 6.030000000000003801, -0.03999999999999967470, 0.3199999999999990630 ) ) ;
#1606 = PRESENTATION_LAYER_ASSIGNMENT (  '', '', ( #4790 ) ) ;
#1607 = VERTEX_POINT ( 'NONE', #1616 ) ;
#1608 = ADVANCED_FACE ( 'NONE', ( #1709 ), #7635, .F. ) ;
#1609 = EDGE_CURVE ( 'NONE', #498, #7610, #6937, .T. ) ;
#1610 = PRESENTATION_STYLE_ASSIGNMENT (( #9165 ) ) ;
#1611 = ORIENTED_EDGE ( 'NONE', *, *, #279, .T. ) ;
#1612 = CARTESIAN_POINT ( 'NONE',  ( 5.180000000000000604, -0.03999999999999923755, -1.270000000000004237 ) ) ;
#1613 = CARTESIAN_POINT ( 'NONE',  ( -6.139191070279857776, -3.000000000000000000, 0.3199999999999985079 ) ) ;
#1614 = MECHANICAL_DESIGN_GEOMETRIC_PRESENTATION_REPRESENTATION (  '', ( #7004 ), #4008 ) ;
#1615 = DIRECTION ( 'NONE',  ( 0.000000000000000000, -3.771912141373855303E-16, -1.000000000000000000 ) ) ;
#1616 = CARTESIAN_POINT ( 'NONE',  ( 10.06000000000000227, 0.000000000000000000, 1.269999999999995799 ) ) ;
#1617 = EDGE_CURVE ( 'NONE', #2236, #2243, #4752, .T. ) ;
#1618 = SURFACE_SIDE_STYLE ('',( #6885 ) ) ;
#1619 = ORIENTED_EDGE ( 'NONE', *, *, #2853, .F. ) ;
#1620 = VECTOR ( 'NONE', #6581, 1000.000000000000000 ) ;
#1621 = EDGE_CURVE ( 'NONE', #4974, #5757, #5447, .T. ) ;
#1622 = DIRECTION ( 'NONE',  ( -0.9396926207859117586, -0.3420201433256594981, -0.000000000000000000 ) ) ;
#1623 = DIRECTION ( 'NONE',  ( 0.000000000000000000, -1.707404996040164265E-16, 1.000000000000000000 ) ) ;
#1624 = FILL_AREA_STYLE_COLOUR ( '', #4736 ) ;
#1625 = PRESENTATION_LAYER_ASSIGNMENT (  '', '', ( #2559 ) ) ;
#1626 = ADVANCED_FACE ( 'NONE', ( #49 ), #900, .F. ) ;
#1627 = DIRECTION ( 'NONE',  ( 0.000000000000000000, -0.3420201433256594981, -0.9396926207859117586 ) ) ;
#1628 = CARTESIAN_POINT ( 'NONE',  ( 12.69999999999999929, 0.7500000000000001110, -0.3200000000000023381 ) ) ;
#1629 = ORIENTED_EDGE ( 'NONE', *, *, #5215, .F. ) ;
#1630 = EDGE_CURVE ( 'NONE', #272, #3362, #1848, .T. ) ;
#1631 =( LENGTH_UNIT ( ) NAMED_UNIT ( * ) SI_UNIT ( .MILLI., .METRE. ) );
#1632 = VECTOR ( 'NONE', #2179, 1000.000000000000000 ) ;
#1633 = CARTESIAN_POINT ( 'NONE',  ( -12.59999999999999964, -0.03999999999999967470, 1.019999999999995799 ) ) ;
#1634 = DIRECTION ( 'NONE',  ( 0.000000000000000000, 0.000000000000000000, -1.000000000000000000 ) ) ;
#1635 = UNCERTAINTY_MEASURE_WITH_UNIT (LENGTH_MEASURE( 1.000000000000000082E-05 ), #509, 'distance_accuracy_value', 'NONE');
#1636 = CARTESIAN_POINT ( 'NONE',  ( 6.670000000000006146, 2.500000000000000444, 0.3199999999999995071 ) ) ;
#1637 = ORIENTED_EDGE ( 'NONE', *, *, #189, .F. ) ;
#1638 = ORIENTED_EDGE ( 'NONE', *, *, #297, .F. ) ;
#1639 = DIRECTION ( 'NONE',  ( 0.000000000000000000, -1.000000000000000000, -1.707404996040164265E-16 ) ) ;
#1640 = CARTESIAN_POINT ( 'NONE',  ( -4.980000000000000426, 2.500000000000000444, 1.269999999999996243 ) ) ;
#1641 = EDGE_CURVE ( 'NONE', #181, #6998, #4248, .T. ) ;
#1642 = ORIENTED_EDGE ( 'NONE', *, *, #1862, .T. ) ;
#1643 = ORIENTED_EDGE ( 'NONE', *, *, #4040, .T. ) ;
#1644 = ORIENTED_EDGE ( 'NONE', *, *, #4834, .F. ) ;
#1645 = UNCERTAINTY_MEASURE_WITH_UNIT (LENGTH_MEASURE( 1.000000000000000082E-05 ), #7952, 'distance_accuracy_value', 'NONE');
#1646 = VERTEX_POINT ( 'NONE', #414 ) ;
#1647 = CARTESIAN_POINT ( 'NONE',  ( -1.589999999999999414, -6.905096679918783842, -0.3200000000000038369 ) ) ;
#1648 = PRESENTATION_LAYER_ASSIGNMENT (  '', '', ( #8310 ) ) ;
#1649 = DIRECTION ( 'NONE',  ( 1.000000000000000000, 0.000000000000000000, 0.000000000000000000 ) ) ;
#1650 = VECTOR ( 'NONE', #4625, 1000.000000000000000 ) ;
#1651 = CARTESIAN_POINT ( 'NONE',  ( 8.570000000000002061, 8.299999999999993605, -0.3200000000000038369 ) ) ;
#1652 = FILL_AREA_STYLE ('',( #2068 ) ) ;
#1653 = VECTOR ( 'NONE', #4061, 1000.000000000000000 ) ;
#1654 = MECHANICAL_DESIGN_GEOMETRIC_PRESENTATION_REPRESENTATION (  '', ( #2588 ), #3239 ) ;
#1655 = SURFACE_STYLE_FILL_AREA ( #6126 ) ;
#1656 = LINE ( 'NONE', #2564, #9104 ) ;
#1657 = ORIENTED_EDGE ( 'NONE', *, *, #8219, .F. ) ;
#1658 = AXIS2_PLACEMENT_3D ( 'NONE', #5040, #4102, #7116 ) ;
#1659 = AXIS2_PLACEMENT_3D ( 'NONE', #2917, #6724, #3956 ) ;
#1660 = SURFACE_STYLE_FILL_AREA ( #8453 ) ;
#1661 = AXIS2_PLACEMENT_3D ( 'NONE', #9343, #7109, #315 ) ;
#1662 = VERTEX_POINT ( 'NONE', #5595 ) ;
#1663 = CARTESIAN_POINT ( 'NONE',  ( 2.540000000000000036, 8.599999999999999645, -0.2108089297201413692 ) ) ;
#1664 = SURFACE_SIDE_STYLE ('',( #6880 ) ) ;
#1665 = PLANE ( 'NONE',  #2825 ) ;
#1666 = STYLED_ITEM ( 'NONE', ( #4082 ), #8606 ) ;
#1667 = CARTESIAN_POINT ( 'NONE',  ( 12.69999999999999929, 0.7500000000000001110, 0.3199999999999991740 ) ) ;
#1668 = MECHANICAL_DESIGN_GEOMETRIC_PRESENTATION_REPRESENTATION (  '', ( #8164 ), #7705 ) ;
#1669 = MANIFOLD_SOLID_BREP ( 'LPattern1[6]', #2167 ) ;
#1670 = CARTESIAN_POINT ( 'NONE',  ( 12.69999999999999929, 1.885956070686925433E-16, -0.7700000000000006839 ) ) ;
#1671 = SURFACE_STYLE_USAGE ( .BOTH. , #1767 ) ;
#1672 = UNCERTAINTY_MEASURE_WITH_UNIT (LENGTH_MEASURE( 1.000000000000000082E-05 ), #7915, 'distance_accuracy_value', 'NONE');
#1673 = FACE_BOUND ( 'NONE', #3770, .T. ) ;
#1674 = ADVANCED_FACE ( 'NONE', ( #2543 ), #7998, .F. ) ;
#1675 = CARTESIAN_POINT ( 'NONE',  ( 11.21919107027986229, 8.599999999999999645, 0.2108089297201405921 ) ) ;
#1676 = SURFACE_STYLE_USAGE ( .BOTH. , #3271 ) ;
#1677 = AXIS2_PLACEMENT_3D ( 'NONE', #4787, #3338, #2573 ) ;
#1678 = DIRECTION ( 'NONE',  ( -1.000000000000000000, -0.000000000000000000, -0.000000000000000000 ) ) ;
#1679 = EDGE_LOOP ( 'NONE', ( #1456, #1126, #5697, #6057 ) ) ;
#1680 = FACE_OUTER_BOUND ( 'NONE', #7846, .T. ) ;
#1681 = ADVANCED_FACE ( 'NONE', ( #9442 ), #9485, .F. ) ;
#1682 = DIRECTION ( 'NONE',  ( 0.000000000000000000, 0.000000000000000000, -1.000000000000000000 ) ) ;
#1683 = CARTESIAN_POINT ( 'NONE',  ( 12.69999999999999929, 0.000000000000000000, 0.000000000000000000 ) ) ;
#1684 = DIRECTION ( 'NONE',  ( 1.000000000000000000, 0.000000000000000000, -0.000000000000000000 ) ) ;
#1685 = PRESENTATION_LAYER_ASSIGNMENT (  '', '', ( #2787 ) ) ;
#1686 = VERTEX_POINT ( 'NONE', #7254 ) ;
#1687 = ORIENTED_EDGE ( 'NONE', *, *, #7382, .F. ) ;
#1688 = LINE ( 'NONE', #9327, #7760 ) ;
#1689 = FILL_AREA_STYLE ('',( #8630 ) ) ;
#1690 = EDGE_CURVE ( 'NONE', #8672, #7223, #7812, .T. ) ;
#1691 = AXIS2_PLACEMENT_3D ( 'NONE', #7081, #283, #4948 ) ;
#1692 = ORIENTED_EDGE ( 'NONE', *, *, #2363, .F. ) ;
#1693 = LINE ( 'NONE', #167, #7260 ) ;
#1694 = EDGE_CURVE ( 'NONE', #6048, #1273, #9352, .T. ) ;
#1695 = CARTESIAN_POINT ( 'NONE',  ( -9.100808929720139773, 8.599999999999999645, 0.2108089297201405921 ) ) ;
#1696 = ORIENTED_EDGE ( 'NONE', *, *, #1630, .F. ) ;
#1697 = ORIENTED_EDGE ( 'NONE', *, *, #597, .F. ) ;
#1698 = CARTESIAN_POINT ( 'NONE',  ( -3.489999999999996660, 2.500000000000000444, -0.3200000000000021161 ) ) ;
#1699 = PLANE ( 'NONE',  #6920 ) ;
#1700 = VECTOR ( 'NONE', #7724, 1000.000000000000000 ) ;
#1701 = LINE ( 'NONE', #7149, #4048 ) ;
#1702 = DIRECTION ( 'NONE',  ( -0.000000000000000000, 1.734723475976807094E-15, -1.000000000000000000 ) ) ;
#1703 = ORIENTED_EDGE ( 'NONE', *, *, #359, .F. ) ;
#1704 = MECHANICAL_DESIGN_GEOMETRIC_PRESENTATION_REPRESENTATION (  '', ( #4083 ), #1056 ) ;
#1705 = DIRECTION ( 'NONE',  ( 0.000000000000000000, -1.000000000000000000, -1.707404996040164265E-16 ) ) ;
#1706 = ORIENTED_EDGE ( 'NONE', *, *, #2302, .F. ) ;
#1707 = DIRECTION ( 'NONE',  ( 0.000000000000000000, 1.707404996040164265E-16, -1.000000000000000000 ) ) ;
#1708 = DIRECTION ( 'NONE',  ( 1.000000000000000000, 0.000000000000000000, -0.000000000000000000 ) ) ;
#1709 = FACE_OUTER_BOUND ( 'NONE', #2049, .T. ) ;
#1710 = VECTOR ( 'NONE', #3777, 1000.000000000000000 ) ;
#1711 = DIRECTION ( 'NONE',  ( -1.000000000000000000, 0.000000000000000000, 0.000000000000000000 ) ) ;
#1712 = DIRECTION ( 'NONE',  ( -0.000000000000000000, 1.000000000000000000, 1.707404996040164265E-16 ) ) ;
#1713 = SURFACE_SIDE_STYLE ('',( #3927 ) ) ;
#1714 = DIRECTION ( 'NONE',  ( 0.000000000000000000, -1.000000000000000000, -1.707404996040164265E-16 ) ) ;
#1715 = LINE ( 'NONE', #7033, #4730 ) ;
#1716 =( NAMED_UNIT ( * ) SI_UNIT ( $, .STERADIAN. ) SOLID_ANGLE_UNIT ( ) );
#1717 = CARTESIAN_POINT ( 'NONE',  ( 6.670000000000002593, -2.699999999999993072, -0.3200000000000038369 ) ) ;
#1718 = PLANE ( 'NONE',  #3225 ) ;
#1719 = FACE_OUTER_BOUND ( 'NONE', #3738, .T. ) ;
#1720 = COLOUR_RGB ( '',1.000000000000000000, 0.8117647058823529438, 0.5019607843137254832 ) ;
#1721 = ORIENTED_EDGE ( 'NONE', *, *, #1800, .F. ) ;
#1722 = EDGE_CURVE ( 'NONE', #3002, #3236, #7158, .T. ) ;
#1723 = EDGE_CURVE ( 'NONE', #3236, #7006, #8703, .T. ) ;
#1724 =( LENGTH_UNIT ( ) NAMED_UNIT ( * ) SI_UNIT ( .MILLI., .METRE. ) );
#1725 = DIRECTION ( 'NONE',  ( 0.000000000000000000, 0.000000000000000000, 1.000000000000000000 ) ) ;
#1726 = ORIENTED_EDGE ( 'NONE', *, *, #8948, .F. ) ;
#1727 = EDGE_LOOP ( 'NONE', ( #3703, #3144, #4882, #4385 ) ) ;
#1728 = DIRECTION ( 'NONE',  ( 0.000000000000000000, 0.000000000000000000, -1.000000000000000000 ) ) ;
#1729 =( GEOMETRIC_REPRESENTATION_CONTEXT ( 3 ) GLOBAL_UNCERTAINTY_ASSIGNED_CONTEXT ( ( #5806 ) ) GLOBAL_UNIT_ASSIGNED_CONTEXT ( ( #1744, #9339, #1177 ) ) REPRESENTATION_CONTEXT ( 'NONE', 'WORKASPACE' ) );
#1730 = MANIFOLD_SOLID_BREP ( 'LPattern1[3]', #1558 ) ;
#1731 = PLANE ( 'NONE',  #6725 ) ;
#1732 = DIRECTION ( 'NONE',  ( 0.000000000000000000, 0.000000000000000000, -1.000000000000000000 ) ) ;
#1733 = EDGE_CURVE ( 'NONE', #9715, #928, #652, .T. ) ;
#1734 = VERTEX_POINT ( 'NONE', #6370 ) ;
#1735 = AXIS2_PLACEMENT_3D ( 'NONE', #1396, #5240, #9157 ) ;
#1736 = CARTESIAN_POINT ( 'NONE',  ( 17.78000000000000114, 8.599999999999999645, 1.041517047584500167E-15 ) ) ;
#1737 =( GEOMETRIC_REPRESENTATION_CONTEXT ( 3 ) GLOBAL_UNCERTAINTY_ASSIGNED_CONTEXT ( ( #7701 ) ) GLOBAL_UNIT_ASSIGNED_CONTEXT ( ( #4870, #8531, #3282 ) ) REPRESENTATION_CONTEXT ( 'NONE', 'WORKASPACE' ) );
#1738 = EDGE_CURVE ( 'NONE', #8363, #8000, #8902, .T. ) ;
#1739 = DIRECTION ( 'NONE',  ( 0.000000000000000000, -0.000000000000000000, 1.000000000000000000 ) ) ;
#1740 = EDGE_LOOP ( 'NONE', ( #7806, #1493, #7852, #6917 ) ) ;
#1741 = ORIENTED_EDGE ( 'NONE', *, *, #4011, .F. ) ;
#1742 = EDGE_LOOP ( 'NONE', ( #6311, #5491, #8588, #4677 ) ) ;
#1743 = LINE ( 'NONE', #4042, #5866 ) ;
#1744 =( LENGTH_UNIT ( ) NAMED_UNIT ( * ) SI_UNIT ( .MILLI., .METRE. ) );
#1745 = CARTESIAN_POINT ( 'NONE',  ( -3.489999999999998437, -6.905096679918783842, -0.3200000000000038369 ) ) ;
#1746 = VECTOR ( 'NONE', #2479, 1000.000000000000000 ) ;
#1747 = EDGE_CURVE ( 'NONE', #5253, #5086, #8851, .T. ) ;
#1748 = SURFACE_SIDE_STYLE ('',( #3295 ) ) ;
#1749 = ORIENTED_EDGE ( 'NONE', *, *, #6102, .F. ) ;
#1750 = CARTESIAN_POINT ( 'NONE',  ( -4.129999999999999893, -6.905096679918783842, 0.3199999999999978417 ) ) ;
#1751 = ORIENTED_EDGE ( 'NONE', *, *, #1422, .T. ) ;
#1752 = COLOUR_RGB ( '',1.000000000000000000, 0.8117647058823529438, 0.5019607843137254832 ) ;
#1753 = EDGE_CURVE ( 'NONE', #8221, #6290, #9533, .T. ) ;
#1754 = COLOUR_RGB ( '',1.000000000000000000, 0.8117647058823529438, 0.5019607843137254832 ) ;
#1755 = EDGE_LOOP ( 'NONE', ( #3414, #1925, #2721, #4694 ) ) ;
#1756 = CARTESIAN_POINT ( 'NONE',  ( 7.520000000000002238, 1.885956070686925433E-16, -0.7700000000000006839 ) ) ;
#1757 = FACE_OUTER_BOUND ( 'NONE', #4991, .T. ) ;
#1758 = CARTESIAN_POINT ( 'NONE',  ( 0.9500000000000029532, -0.03999999999999967470, -0.3200000000000026157 ) ) ;
#1759 = COLOUR_RGB ( '',1.000000000000000000, 0.8117647058823529438, 0.5019607843137254832 ) ;
#1760 = EDGE_CURVE ( 'NONE', #8280, #2645, #5969, .T. ) ;
#1761 = DIRECTION ( 'NONE',  ( 0.3236155771181769003, 0.8891264907159941444, 0.3236155771181765672 ) ) ;
#1762 = MECHANICAL_DESIGN_GEOMETRIC_PRESENTATION_REPRESENTATION (  '', ( #6844 ), #6822 ) ;
#1763 = DIRECTION ( 'NONE',  ( 0.000000000000000000, 0.000000000000000000, -1.000000000000000000 ) ) ;
#1764 = CARTESIAN_POINT ( 'NONE',  ( 3.490000000000000213, 8.299999999999993605, -0.3200000000000038369 ) ) ;
#1765 = VECTOR ( 'NONE', #469, 1000.000000000000000 ) ;
#1766 = EDGE_LOOP ( 'NONE', ( #4592, #4288, #8897, #5965 ) ) ;
#1767 = SURFACE_SIDE_STYLE ('',( #1012 ) ) ;
#1768 = FILL_AREA_STYLE_COLOUR ( '', #307 ) ;
#1769 =( NAMED_UNIT ( * ) SI_UNIT ( $, .STERADIAN. ) SOLID_ANGLE_UNIT ( ) );
#1770 = DIRECTION ( 'NONE',  ( 1.000000000000000000, 0.000000000000000000, -0.000000000000000000 ) ) ;
#1771 = VECTOR ( 'NONE', #3514, 1000.000000000000000 ) ;
#1772 =( NAMED_UNIT ( * ) SI_UNIT ( $, .STERADIAN. ) SOLID_ANGLE_UNIT ( ) );
#1773 = ORIENTED_EDGE ( 'NONE', *, *, #1258, .T. ) ;
#1774 = CARTESIAN_POINT ( 'NONE',  ( -11.21919107027985874, 8.599999999999999645, 0.2108089297201405921 ) ) ;
#1775 =( NAMED_UNIT ( * ) SI_UNIT ( $, .STERADIAN. ) SOLID_ANGLE_UNIT ( ) );
#1776 = LINE ( 'NONE', #7831, #4640 ) ;
#1777 =( GEOMETRIC_REPRESENTATION_CONTEXT ( 3 ) GLOBAL_UNCERTAINTY_ASSIGNED_CONTEXT ( ( #455 ) ) GLOBAL_UNIT_ASSIGNED_CONTEXT ( ( #4168, #3468, #7963 ) ) REPRESENTATION_CONTEXT ( 'NONE', 'WORKASPACE' ) );
#1778 =( NAMED_UNIT ( * ) SI_UNIT ( $, .STERADIAN. ) SOLID_ANGLE_UNIT ( ) );
#1779 = CARTESIAN_POINT ( 'NONE',  ( 1.480808929720142997, -3.000000000000000000, 1.270000000000000018 ) ) ;
#1780 = SURFACE_SIDE_STYLE ('',( #6295 ) ) ;
#1781 = CARTESIAN_POINT ( 'NONE',  ( -1.059191070279857483, 8.599999999999999645, -0.2108089297201413692 ) ) ;
#1782 = EDGE_CURVE ( 'NONE', #5690, #3292, #7518, .T. ) ;
#1783 = ORIENTED_EDGE ( 'NONE', *, *, #5973, .T. ) ;
#1784 = ORIENTED_EDGE ( 'NONE', *, *, #2269, .F. ) ;
#1785 = LINE ( 'NONE', #129, #8493 ) ;
#1786 = VERTEX_POINT ( 'NONE', #1346 ) ;
#1787 = ORIENTED_EDGE ( 'NONE', *, *, #1609, .F. ) ;
#1788 = ORIENTED_EDGE ( 'NONE', *, *, #7904, .T. ) ;
#1789 = CARTESIAN_POINT ( 'NONE',  ( 12.69999999999999929, 1.885956070686925433E-16, -0.7700000000000006839 ) ) ;
#1790 = CARTESIAN_POINT ( 'NONE',  ( 11.11000000000000476, 0.7500000000000001110, 0.3199999999999991740 ) ) ;
#1791 = COLOUR_RGB ( '',1.000000000000000000, 0.8117647058823529438, 0.5019607843137254832 ) ;
#1792 = CARTESIAN_POINT ( 'NONE',  ( -0.9499999999999977351, -6.905096679918783842, 0.3199999999999978417 ) ) ;
#1793 = EDGE_CURVE ( 'NONE', #7804, #88, #2202, .T. ) ;
#1794 = VERTEX_POINT ( 'NONE', #5139 ) ;
#1795 = LINE ( 'NONE', #8647, #7692 ) ;
#1796 = ORIENTED_EDGE ( 'NONE', *, *, #7245, .F. ) ;
#1797 = VECTOR ( 'NONE', #3737, 1000.000000000000000 ) ;
#1798 =( NAMED_UNIT ( * ) PLANE_ANGLE_UNIT ( ) SI_UNIT ( $, .RADIAN. ) );
#1799 = ORIENTED_EDGE ( 'NONE', *, *, #4474, .F. ) ;
#1800 = EDGE_CURVE ( 'NONE', #5707, #7887, #8151, .T. ) ;
#1801 = FILL_AREA_STYLE_COLOUR ( '', #5974 ) ;
#1802 = DIRECTION ( 'NONE',  ( -1.000000000000000000, 0.000000000000000000, -0.000000000000000000 ) ) ;
#1803 =( GEOMETRIC_REPRESENTATION_CONTEXT ( 3 ) GLOBAL_UNCERTAINTY_ASSIGNED_CONTEXT ( ( #1225 ) ) GLOBAL_UNIT_ASSIGNED_CONTEXT ( ( #6789, #7731, #6227 ) ) REPRESENTATION_CONTEXT ( 'NONE', 'WORKASPACE' ) );
#1804 = VECTOR ( 'NONE', #2654, 1000.000000000000000 ) ;
#1805 = ADVANCED_FACE ( 'NONE', ( #8952 ), #8208, .T. ) ;
#1806 = VECTOR ( 'NONE', #3357, 1000.000000000000000 ) ;
#1807 = DIRECTION ( 'NONE',  ( 0.3236155771181768448, -0.8891264907159940334, 0.3236155771181768448 ) ) ;
#1808 = EDGE_LOOP ( 'NONE', ( #8855, #9752, #981, #2836 ) ) ;
#1809 = LINE ( 'NONE', #2505, #9563 ) ;
#1810 = PRESENTATION_LAYER_ASSIGNMENT (  '', '', ( #8325 ) ) ;
#1811 = PRODUCT_RELATED_PRODUCT_CATEGORY ( 'part', '', ( #2348 ) ) ;
#1812 = DIRECTION ( 'NONE',  ( 0.000000000000000000, 0.000000000000000000, -1.000000000000000000 ) ) ;
#1813 = ORIENTED_EDGE ( 'NONE', *, *, #7870, .T. ) ;
#1814 = EDGE_CURVE ( 'NONE', #7421, #9776, #512, .T. ) ;
#1815 = FILL_AREA_STYLE ('',( #8003 ) ) ;
#1816 = STYLED_ITEM ( 'NONE', ( #1279 ), #7628 ) ;
#1817 = DIRECTION ( 'NONE',  ( 0.000000000000000000, 0.000000000000000000, 1.000000000000000000 ) ) ;
#1818 = CARTESIAN_POINT ( 'NONE',  ( 12.69999999999999929, 0.000000000000000000, 1.270000000000000018 ) ) ;
#1819 = STYLED_ITEM ( 'NONE', ( #8892 ), #4018 ) ;
#1820 = FILL_AREA_STYLE_COLOUR ( '', #1983 ) ;
#1821 = FACE_OUTER_BOUND ( 'NONE', #1992, .T. ) ;
#1822 = VECTOR ( 'NONE', #4033, 1000.000000000000000 ) ;
#1823 = ORIENTED_EDGE ( 'NONE', *, *, #9660, .T. ) ;
#1824 = PLANE ( 'NONE',  #6633 ) ;
#1825 = SURFACE_STYLE_FILL_AREA ( #9281 ) ;
#1826 = LINE ( 'NONE', #5065, #278 ) ;
#1827 = SURFACE_SIDE_STYLE ('',( #3897 ) ) ;
#1828 = VECTOR ( 'NONE', #1702, 1000.000000000000000 ) ;
#1829 = COLOUR_RGB ( '',1.000000000000000000, 0.8117647058823529438, 0.5019607843137254832 ) ;
#1830 = DIRECTION ( 'NONE',  ( 0.000000000000000000, 0.000000000000000000, -1.000000000000000000 ) ) ;
#1831 = CARTESIAN_POINT ( 'NONE',  ( 25.39999999999999858, -3.000000000000000000, -0.2108089297201431456 ) ) ;
#1832 = EDGE_LOOP ( 'NONE', ( #7257, #6992, #8442, #1692 ) ) ;
#1833 =( GEOMETRIC_REPRESENTATION_CONTEXT ( 3 ) GLOBAL_UNCERTAINTY_ASSIGNED_CONTEXT ( ( #5339 ) ) GLOBAL_UNIT_ASSIGNED_CONTEXT ( ( #3578, #2221, #6 ) ) REPRESENTATION_CONTEXT ( 'NONE', 'WORKASPACE' ) );
#1834 = FACE_OUTER_BOUND ( 'NONE', #7056, .T. ) ;
#1835 = VERTEX_POINT ( 'NONE', #9582 ) ;
#1836 = ORIENTED_EDGE ( 'NONE', *, *, #3165, .F. ) ;
#1837 = DIRECTION ( 'NONE',  ( -1.000000000000000000, 0.000000000000000000, 0.000000000000000000 ) ) ;
#1838 = LINE ( 'NONE', #1792, #8790 ) ;
#1839 = VECTOR ( 'NONE', #6617, 1000.000000000000000 ) ;
#1840 = VERTEX_POINT ( 'NONE', #6824 ) ;
#1841 = PLANE ( 'NONE',  #7053 ) ;
#1842 = VERTEX_POINT ( 'NONE', #1781 ) ;
#1843 =( NAMED_UNIT ( * ) SI_UNIT ( $, .STERADIAN. ) SOLID_ANGLE_UNIT ( ) );
#1844 = EDGE_CURVE ( 'NONE', #7407, #1136, #37, .T. ) ;
#1845 = VECTOR ( 'NONE', #3775, 1000.000000000000000 ) ;
#1846 = ORIENTED_EDGE ( 'NONE', *, *, #3901, .T. ) ;
#1847 = LINE ( 'NONE', #6973, #8889 ) ;
#1848 = LINE ( 'NONE', #5643, #5442 ) ;
#1849 = PLANE ( 'NONE',  #5935 ) ;
#1850 = LINE ( 'NONE', #6319, #7545 ) ;
#1851 = PRESENTATION_LAYER_ASSIGNMENT (  '', '', ( #6142 ) ) ;
#1852 = EDGE_CURVE ( 'NONE', #6207, #2672, #4081, .T. ) ;
#1853 = LINE ( 'NONE', #3455, #6719 ) ;
#1854 = CARTESIAN_POINT ( 'NONE',  ( -7.519999999999998685, -0.03999999999999967470, -1.020000000000004237 ) ) ;
#1855 = ORIENTED_EDGE ( 'NONE', *, *, #1517, .F. ) ;
#1856 = EDGE_CURVE ( 'NONE', #6754, #7403, #4820, .T. ) ;
#1857 = CARTESIAN_POINT ( 'NONE',  ( 12.69999999999999929, 2.500000000000000444, 1.019999999999996243 ) ) ;
#1858 =( GEOMETRIC_REPRESENTATION_CONTEXT ( 3 ) GLOBAL_UNCERTAINTY_ASSIGNED_CONTEXT ( ( #5515 ) ) GLOBAL_UNIT_ASSIGNED_CONTEXT ( ( #6135, #949, #5350 ) ) REPRESENTATION_CONTEXT ( 'NONE', 'WORKASPACE' ) );
#1859 = CARTESIAN_POINT ( 'NONE',  ( 12.69999999999999929, 1.741553095960974828E-16, -1.020000000000004237 ) ) ;
#1860 =( NAMED_UNIT ( * ) PLANE_ANGLE_UNIT ( ) SI_UNIT ( $, .RADIAN. ) );
#1861 = CARTESIAN_POINT ( 'NONE',  ( -1.458731534135320640, 8.660657145849658178, -0.1887315341353228981 ) ) ;
#1862 = EDGE_CURVE ( 'NONE', #665, #5579, #3009, .T. ) ;
#1863 =( NAMED_UNIT ( * ) SI_UNIT ( $, .STERADIAN. ) SOLID_ANGLE_UNIT ( ) );
#1864 = COLOUR_RGB ( '',1.000000000000000000, 0.8117647058823529438, 0.5019607843137254832 ) ;
#1865 = EDGE_LOOP ( 'NONE', ( #7433, #7348, #1512, #830 ) ) ;
#1866 = CARTESIAN_POINT ( 'NONE',  ( -1.059191070279857483, -3.000000000000000000, 1.270000000000000018 ) ) ;
#1867 = CARTESIAN_POINT ( 'NONE',  ( 5.180000000000000604, 2.500000000000000888, -1.270000000000003793 ) ) ;
#1868 = EDGE_CURVE ( 'NONE', #8726, #4038, #5521, .T. ) ;
#1869 = CARTESIAN_POINT ( 'NONE',  ( -7.519999999999998685, 0.000000000000000000, 1.270000000000000018 ) ) ;
#1870 = PRESENTATION_STYLE_ASSIGNMENT (( #341 ) ) ;
#1871 = AXIS2_PLACEMENT_3D ( 'NONE', #3638, #6803, #2993 ) ;
#1872 = LINE ( 'NONE', #1027, #1090 ) ;
#1873 = VECTOR ( 'NONE', #2426, 1000.000000000000000 ) ;
#1874 = CARTESIAN_POINT ( 'NONE',  ( 20.31999999999999673, -3.000000000000000000, -0.2108089297201431456 ) ) ;
#1875 = DIRECTION ( 'NONE',  ( 0.3236155771181768448, 0.8891264907159940334, 0.3236155771181768448 ) ) ;
#1876 = FACE_OUTER_BOUND ( 'NONE', #2244, .T. ) ;
#1877 = VERTEX_POINT ( 'NONE', #926 ) ;
#1878 = LINE ( 'NONE', #4733, #3633 ) ;
#1879 = CARTESIAN_POINT ( 'NONE',  ( -4.129999999999999893, -2.699999999999993072, 0.3199999999999985079 ) ) ;
#1880 = EDGE_LOOP ( 'NONE', ( #3797, #3760, #4779, #4772 ) ) ;
#1881 = PRESENTATION_LAYER_ASSIGNMENT (  '', '', ( #7901 ) ) ;
#1882 = ORIENTED_EDGE ( 'NONE', *, *, #1782, .F. ) ;
#1883 = CARTESIAN_POINT ( 'NONE',  ( -11.64080892972014070, 8.599999999999999645, 1.041517047584500167E-15 ) ) ;
#1884 = CARTESIAN_POINT ( 'NONE',  ( 12.69999999999999929, 9.429780353434485416E-17, -1.020000000000004237 ) ) ;
#1885 = COLOUR_RGB ( '',1.000000000000000000, 0.8117647058823529438, 0.5019607843137254832 ) ;
#1886 = ORIENTED_EDGE ( 'NONE', *, *, #2427, .T. ) ;
#1887 =( LENGTH_UNIT ( ) NAMED_UNIT ( * ) SI_UNIT ( .MILLI., .METRE. ) );
#1888 = VERTEX_POINT ( 'NONE', #1030 ) ;
#1889 = DIRECTION ( 'NONE',  ( -1.000000000000000000, -0.000000000000000000, -0.000000000000000000 ) ) ;
#1890 = ORIENTED_EDGE ( 'NONE', *, *, #7954, .F. ) ;
#1891 = DIRECTION ( 'NONE',  ( 0.3236155771181767893, 0.8891264907159940334, -0.3236155771181771224 ) ) ;
#1892 = PLANE ( 'NONE',  #3038 ) ;
#1893 = VECTOR ( 'NONE', #6911, 1000.000000000000000 ) ;
#1894 = DIRECTION ( 'NONE',  ( 0.3236155771181769003, 0.8891264907159941444, 0.3236155771181765672 ) ) ;
#1895 = VECTOR ( 'NONE', #4316, 1000.000000000000000 ) ;
#1896 = CARTESIAN_POINT ( 'NONE',  ( 2.540000000000000036, 8.599999999999999645, 0.2108089297201405921 ) ) ;
#1897 = CARTESIAN_POINT ( 'NONE',  ( 1.458731534135324193, 8.660657145849658178, -0.1887315341353228981 ) ) ;
#1898 = PLANE ( 'NONE',  #2952 ) ;
#1899 = EDGE_CURVE ( 'NONE', #3618, #3064, #8633, .T. ) ;
#1900 = CARTESIAN_POINT ( 'NONE',  ( 4.130000000000005222, -0.03999999999999967470, 0.3199999999999990630 ) ) ;
#1901 = STYLED_ITEM ( 'NONE', ( #6054 ), #6129 ) ;
#1902 = ORIENTED_EDGE ( 'NONE', *, *, #3464, .F. ) ;
#1903 = DIRECTION ( 'NONE',  ( 0.000000000000000000, 1.707404996040164265E-16, -1.000000000000000000 ) ) ;
#1904 = ORIENTED_EDGE ( 'NONE', *, *, #6034, .F. ) ;
#1905 = CARTESIAN_POINT ( 'NONE',  ( -11.10999999999999766, 8.299999999999993605, -0.3200000000000012279 ) ) ;
#1906 = SURFACE_STYLE_FILL_AREA ( #3460 ) ;
#1907 = COLOUR_RGB ( '',1.000000000000000000, 0.8117647058823529438, 0.5019607843137254832 ) ;
#1908 = LINE ( 'NONE', #3566, #8778 ) ;
#1909 = PLANE ( 'NONE',  #7829 ) ;
#1910 = LINE ( 'NONE', #428, #2253 ) ;
#1911 = EDGE_CURVE ( 'NONE', #4863, #580, #752, .T. ) ;
#1912 = LINE ( 'NONE', #5002, #4186 ) ;
#1913 = MECHANICAL_DESIGN_GEOMETRIC_PRESENTATION_REPRESENTATION (  '', ( #194 ), #5728 ) ;
#1914 = VERTEX_POINT ( 'NONE', #301 ) ;
#1915 = FACE_OUTER_BOUND ( 'NONE', #7196, .T. ) ;
#1916 = CARTESIAN_POINT ( 'NONE',  ( 11.11000000000000476, 2.500000000000000444, 0.3199999999999995071 ) ) ;
#1917 = PLANE ( 'NONE',  #5281 ) ;
#1918 = LINE ( 'NONE', #7965, #432 ) ;
#1919 = EDGE_CURVE ( 'NONE', #2956, #1734, #4546, .T. ) ;
#1920 = FILL_AREA_STYLE ('',( #5702 ) ) ;
#1921 = PRESENTATION_LAYER_ASSIGNMENT (  '', '', ( #653 ) ) ;
#1922 = DIRECTION ( 'NONE',  ( 0.3236155771181768448, -0.8891264907159940334, -0.3236155771181768448 ) ) ;
#1923 = CARTESIAN_POINT ( 'NONE',  ( 11.64080892972014425, 8.599999999999999645, 0.2108089297201405921 ) ) ;
#1924 = ADVANCED_FACE ( 'NONE', ( #9106 ), #7573, .T. ) ;
#1925 = ORIENTED_EDGE ( 'NONE', *, *, #4258, .T. ) ;
#1926 = CARTESIAN_POINT ( 'NONE',  ( 0.000000000000000000, 8.599999999999999645, 1.041517047584500167E-15 ) ) ;
#1927 = STYLED_ITEM ( 'NONE', ( #9601 ), #1371 ) ;
#1928 = DIRECTION ( 'NONE',  ( 0.000000000000000000, 1.707404996040164265E-16, -1.000000000000000000 ) ) ;
#1929 = EDGE_LOOP ( 'NONE', ( #4379, #2292, #7041, #3694 ) ) ;
#1930 = UNCERTAINTY_MEASURE_WITH_UNIT (LENGTH_MEASURE( 1.000000000000000082E-05 ), #9363, 'distance_accuracy_value', 'NONE');
#1931 = SURFACE_STYLE_USAGE ( .BOTH. , #5713 ) ;
#1932 = ORIENTED_EDGE ( 'NONE', *, *, #4886, .T. ) ;
#1933 = EDGE_CURVE ( 'NONE', #4029, #1596, #2482, .T. ) ;
#1934 = FACE_OUTER_BOUND ( 'NONE', #1393, .T. ) ;
#1935 = FILL_AREA_STYLE_COLOUR ( '', #5495 ) ;
#1936 = CARTESIAN_POINT ( 'NONE',  ( -0.09999999999999766020, 2.500000000000000444, -1.020000000000003793 ) ) ;
#1937 = VECTOR ( 'NONE', #211, 1000.000000000000000 ) ;
#1938 = VERTEX_POINT ( 'NONE', #4034 ) ;
#1939 =( LENGTH_UNIT ( ) NAMED_UNIT ( * ) SI_UNIT ( .MILLI., .METRE. ) );
#1940 = ORIENTED_EDGE ( 'NONE', *, *, #9273, .F. ) ;
#1941 = UNCERTAINTY_MEASURE_WITH_UNIT (LENGTH_MEASURE( 1.000000000000000082E-05 ), #8260, 'distance_accuracy_value', 'NONE');
#1942 = VECTOR ( 'NONE', #3422, 1000.000000000000000 ) ;
#1943 = EDGE_LOOP ( 'NONE', ( #9101, #4587, #7513, #9590 ) ) ;
#1944 = DIRECTION ( 'NONE',  ( 0.000000000000000000, 0.000000000000000000, 1.000000000000000000 ) ) ;
#1945 = CARTESIAN_POINT ( 'NONE',  ( 9.211734877162308877, -2.695233464171030047, 0.3217348771623044223 ) ) ;
#1946 = DIRECTION ( 'NONE',  ( 0.3236155771181768448, -0.8891264907159940334, -0.3236155771181768448 ) ) ;
#1947 = DIRECTION ( 'NONE',  ( 0.000000000000000000, -3.771912141373855303E-16, -1.000000000000000000 ) ) ;
#1948 = ORIENTED_EDGE ( 'NONE', *, *, #176, .T. ) ;
#1949 = SURFACE_STYLE_USAGE ( .BOTH. , #5045 ) ;
#1950 = CARTESIAN_POINT ( 'NONE',  ( 10.06000000000000227, 2.500000000000000444, 1.019999999999996243 ) ) ;
#1951 = ORIENTED_EDGE ( 'NONE', *, *, #5975, .T. ) ;
#1952 = CARTESIAN_POINT ( 'NONE',  ( 4.130000000000001670, -2.699999999999993072, -0.3200000000000038369 ) ) ;
#1953 = ADVANCED_FACE ( 'NONE', ( #4597 ), #7883, .F. ) ;
#1954 = AXIS2_PLACEMENT_3D ( 'NONE', #3463, #1152, #2014 ) ;
#1955 =( GEOMETRIC_REPRESENTATION_CONTEXT ( 3 ) GLOBAL_UNCERTAINTY_ASSIGNED_CONTEXT ( ( #1328 ) ) GLOBAL_UNIT_ASSIGNED_CONTEXT ( ( #3153, #9594, #6166 ) ) REPRESENTATION_CONTEXT ( 'NONE', 'WORKASPACE' ) );
#1956 = PRESENTATION_STYLE_ASSIGNMENT (( #4161 ) ) ;
#1957 = CARTESIAN_POINT ( 'NONE',  ( 9.078731534135323855, 8.660657145849658178, -0.1887315341353228981 ) ) ;
#1958 = VECTOR ( 'NONE', #6665, 1000.000000000000000 ) ;
#1959 = PRESENTATION_STYLE_ASSIGNMENT (( #4907 ) ) ;
#1960 = EDGE_LOOP ( 'NONE', ( #5221, #1261, #130, #5482 ) ) ;
#1961 = AXIS2_PLACEMENT_3D ( 'NONE', #9634, #6021, #3709 ) ;
#1962 = VECTOR ( 'NONE', #6873, 1000.000000000000000 ) ;
#1963 = VECTOR ( 'NONE', #8740, 1000.000000000000000 ) ;
#1964 =( NAMED_UNIT ( * ) PLANE_ANGLE_UNIT ( ) SI_UNIT ( $, .RADIAN. ) );
#1965 = DIRECTION ( 'NONE',  ( 0.000000000000000000, 0.000000000000000000, 1.000000000000000000 ) ) ;
#1966 = SURFACE_SIDE_STYLE ('',( #3417 ) ) ;
#1967 = PLANE ( 'NONE',  #5043 ) ;
#1968 = EDGE_CURVE ( 'NONE', #5004, #2908, #2301, .T. ) ;
#1969 =( GEOMETRIC_REPRESENTATION_CONTEXT ( 3 ) GLOBAL_UNCERTAINTY_ASSIGNED_CONTEXT ( ( #8519 ) ) GLOBAL_UNIT_ASSIGNED_CONTEXT ( ( #3015, #9113, #4601 ) ) REPRESENTATION_CONTEXT ( 'NONE', 'WORKASPACE' ) );
#1970 = EDGE_CURVE ( 'NONE', #3910, #6065, #3233, .T. ) ;
#1971 = CARTESIAN_POINT ( 'NONE',  ( -6.669999999999999041, 2.500000000000000444, 0.3199999999999995071 ) ) ;
#1972 = DIRECTION ( 'NONE',  ( 0.000000000000000000, -0.3420201433256591650, 0.9396926207859118696 ) ) ;
#1973 = SURFACE_STYLE_USAGE ( .BOTH. , #9557 ) ;
#1974 = VECTOR ( 'NONE', #4356, 1000.000000000000000 ) ;
#1975 = AXIS2_PLACEMENT_3D ( 'NONE', #6954, #300, #2616 ) ;
#1976 = SURFACE_STYLE_USAGE ( .BOTH. , #4172 ) ;
#1977 = ORIENTED_EDGE ( 'NONE', *, *, #215, .T. ) ;
#1978 = EDGE_CURVE ( 'NONE', #5937, #8621, #6768, .T. ) ;
#1979 = CARTESIAN_POINT ( 'NONE',  ( -12.59999999999999964, -0.03999999999999967470, 1.269999999999995799 ) ) ;
#1980 = DIRECTION ( 'NONE',  ( -1.000000000000000000, -0.000000000000000000, -0.000000000000000000 ) ) ;
#1981 = EDGE_LOOP ( 'NONE', ( #9617, #6589, #518, #7153 ) ) ;
#1982 = VECTOR ( 'NONE', #9354, 1000.000000000000000 ) ;
#1983 = COLOUR_RGB ( '',1.000000000000000000, 0.8117647058823529438, 0.5019607843137254832 ) ;
#1984 = FILL_AREA_STYLE ('',( #2670 ) ) ;
#1985 = VECTOR ( 'NONE', #2903, 1000.000000000000000 ) ;
#1986 = ORIENTED_EDGE ( 'NONE', *, *, #930, .F. ) ;
#1987 = ADVANCED_FACE ( 'NONE', ( #6296 ), #5344, .F. ) ;
#1988 = ORIENTED_EDGE ( 'NONE', *, *, #1115, .T. ) ;
#1989 = LINE ( 'NONE', #5759, #6018 ) ;
#1990 = SURFACE_STYLE_FILL_AREA ( #2190 ) ;
#1991 = AXIS2_PLACEMENT_3D ( 'NONE', #3416, #2659, #6470 ) ;
#1992 = EDGE_LOOP ( 'NONE', ( #3771, #269, #6169, #9234 ) ) ;
#1993 = EDGE_CURVE ( 'NONE', #4877, #8648, #7624, .T. ) ;
#1994 = SURFACE_STYLE_USAGE ( .BOTH. , #7199 ) ;
#1995 = ORIENTED_EDGE ( 'NONE', *, *, #9745, .T. ) ;
#1996 = ORIENTED_EDGE ( 'NONE', *, *, #277, .T. ) ;
#1997 = VERTEX_POINT ( 'NONE', #4775 ) ;
#1998 = LINE ( 'NONE', #8147, #742 ) ;
#1999 = DIRECTION ( 'NONE',  ( 0.000000000000000000, 1.707404996040164265E-16, -1.000000000000000000 ) ) ;
#2000 = VECTOR ( 'NONE', #8814, 1000.000000000000000 ) ;
#2001 = CARTESIAN_POINT ( 'NONE',  ( 10.16000000000000014, 8.599999999999999645, 1.041517047584500167E-15 ) ) ;
#2002 = DIRECTION ( 'NONE',  ( 0.000000000000000000, 0.000000000000000000, 1.000000000000000000 ) ) ;
#2003 = LINE ( 'NONE', #4896, #7844 ) ;
#2004 = ORIENTED_EDGE ( 'NONE', *, *, #5087, .F. ) ;
#2005 = VECTOR ( 'NONE', #2050, 1000.000000000000000 ) ;
#2006 = LINE ( 'NONE', #369, #8092 ) ;
#2007 = ORIENTED_EDGE ( 'NONE', *, *, #4886, .F. ) ;
#2008 = FACE_OUTER_BOUND ( 'NONE', #5327, .T. ) ;
#2009 = FILL_AREA_STYLE ('',( #6671 ) ) ;
#2010 = CARTESIAN_POINT ( 'NONE',  ( 11.10826512283769496, -2.695233464171030047, 0.3217348771623044223 ) ) ;
#2011 = VERTEX_POINT ( 'NONE', #7052 ) ;
#2012 = CARTESIAN_POINT ( 'NONE',  ( 10.06000000000000227, 2.500000000000000444, -1.270000000000000018 ) ) ;
#2013 = MECHANICAL_DESIGN_GEOMETRIC_PRESENTATION_REPRESENTATION (  '', ( #5820 ), #2643 ) ;
#2014 = DIRECTION ( 'NONE',  ( -0.000000000000000000, 0.000000000000000000, -1.000000000000000000 ) ) ;
#2015 = PLANE ( 'NONE',  #8128 ) ;
#2016 = DIRECTION ( 'NONE',  ( -1.000000000000000000, -0.000000000000000000, -0.000000000000000000 ) ) ;
#2017 = EDGE_LOOP ( 'NONE', ( #4549, #5293, #262, #361 ) ) ;
#2018 = CARTESIAN_POINT ( 'NONE',  ( -6.671734877162306177, -2.695233464171030047, 0.3217348771623044223 ) ) ;
#2019 = AXIS2_PLACEMENT_3D ( 'NONE', #1647, #3151, #694 ) ;
#2020 = CARTESIAN_POINT ( 'NONE',  ( 11.75000000000000711, 0.7500000000000001110, 0.3199999999999991740 ) ) ;
#2021 = CARTESIAN_POINT ( 'NONE',  ( 8.570000000000002061, -2.699999999999993072, 0.3199999999999985079 ) ) ;
#2022 =( NAMED_UNIT ( * ) PLANE_ANGLE_UNIT ( ) SI_UNIT ( $, .RADIAN. ) );
#2023 =( LENGTH_UNIT ( ) NAMED_UNIT ( * ) SI_UNIT ( .MILLI., .METRE. ) );
#2024 = DIRECTION ( 'NONE',  ( 0.000000000000000000, 1.000000000000000000, 1.707404996040164265E-16 ) ) ;
#2025 = FACE_OUTER_BOUND ( 'NONE', #4230, .T. ) ;
#2026 = COLOUR_RGB ( '',0.7921568627450980005, 0.8196078431372548767, 0.9333333333333333481 ) ;
#2027 = CARTESIAN_POINT ( 'NONE',  ( 10.06000000000000227, 2.500000000000000888, -1.270000000000003793 ) ) ;
#2028 = EDGE_CURVE ( 'NONE', #6207, #3118, #5568, .T. ) ;
#2029 = ORIENTED_EDGE ( 'NONE', *, *, #2839, .F. ) ;
#2030 = EDGE_CURVE ( 'NONE', #6325, #6401, #9421, .T. ) ;
#2031 = LINE ( 'NONE', #6533, #9328 ) ;
#2032 = SURFACE_STYLE_USAGE ( .BOTH. , #7187 ) ;
#2033 = ORIENTED_EDGE ( 'NONE', *, *, #7753, .T. ) ;
#2034 = UNCERTAINTY_MEASURE_WITH_UNIT (LENGTH_MEASURE( 1.000000000000000082E-05 ), #4666, 'distance_accuracy_value', 'NONE');
#2035 = CARTESIAN_POINT ( 'NONE',  ( 7.520000000000002238, 2.500000000000000444, -1.020000000000003793 ) ) ;
#2036 = VECTOR ( 'NONE', #4227, 1000.000000000000000 ) ;
#2037 = ORIENTED_EDGE ( 'NONE', *, *, #5520, .T. ) ;
#2038 = EDGE_LOOP ( 'NONE', ( #7057, #846, #7507, #4539 ) ) ;
#2039 = PLANE ( 'NONE',  #7911 ) ;
#2040 = UNCERTAINTY_MEASURE_WITH_UNIT (LENGTH_MEASURE( 1.000000000000000082E-05 ), #6380, 'distance_accuracy_value', 'NONE');
#2041 = LINE ( 'NONE', #450, #389 ) ;
#2042 = EDGE_CURVE ( 'NONE', #370, #3002, #2715, .T. ) ;
#2043 = ORIENTED_EDGE ( 'NONE', *, *, #6328, .F. ) ;
#2044 = ADVANCED_FACE ( 'NONE', ( #6478 ), #7139, .T. ) ;
#2045 = CARTESIAN_POINT ( 'NONE',  ( 4.980000000000002203, -0.03999999999999923755, -1.270000000000004237 ) ) ;
#2046 = ORIENTED_EDGE ( 'NONE', *, *, #9102, .T. ) ;
#2047 = VECTOR ( 'NONE', #3682, 1000.000000000000000 ) ;
#2048 = VERTEX_POINT ( 'NONE', #1923 ) ;
#2049 = EDGE_LOOP ( 'NONE', ( #6320, #6669, #4968, #3013 ) ) ;
#2050 = DIRECTION ( 'NONE',  ( -1.000000000000000000, 0.000000000000000000, 0.000000000000000000 ) ) ;
#2051 = DIRECTION ( 'NONE',  ( 0.000000000000000000, 0.000000000000000000, 1.000000000000000000 ) ) ;
#2052 = EDGE_CURVE ( 'NONE', #4286, #8396, #488, .T. ) ;
#2053 = SURFACE_STYLE_FILL_AREA ( #8853 ) ;
#2054 = EDGE_LOOP ( 'NONE', ( #303, #4791, #5721, #4524 ) ) ;
#2055 = LINE ( 'NONE', #611, #8638 ) ;
#2056 = ORIENTED_EDGE ( 'NONE', *, *, #69, .T. ) ;
#2057 = EDGE_CURVE ( 'NONE', #8261, #5298, #1079, .T. ) ;
#2058 = DIRECTION ( 'NONE',  ( 0.000000000000000000, 0.000000000000000000, -1.000000000000000000 ) ) ;
#2059 = PRESENTATION_LAYER_ASSIGNMENT (  '', '', ( #5555 ) ) ;
#2060 = DIRECTION ( 'NONE',  ( -0.000000000000000000, 1.000000000000000000, 1.707404996040164265E-16 ) ) ;
#2061 = VECTOR ( 'NONE', #8143, 1000.000000000000000 ) ;
#2062 = VERTEX_POINT ( 'NONE', #539 ) ;
#2063 = PLANE ( 'NONE',  #3784 ) ;
#2064 = DIRECTION ( 'NONE',  ( 0.000000000000000000, 1.707404996040164265E-16, -1.000000000000000000 ) ) ;
#2065 = FACE_BOUND ( 'NONE', #5196, .T. ) ;
#2066 = ORIENTED_EDGE ( 'NONE', *, *, #5816, .T. ) ;
#2067 = EDGE_CURVE ( 'NONE', #9222, #6199, #7281, .T. ) ;
#2068 = FILL_AREA_STYLE_COLOUR ( '', #381 ) ;
#2069 = SURFACE_STYLE_USAGE ( .BOTH. , #5839 ) ;
#2070 = DIRECTION ( 'NONE',  ( -1.000000000000000000, -0.000000000000000000, 0.000000000000000000 ) ) ;
#2071 = COLOUR_RGB ( '',1.000000000000000000, 0.8117647058823529438, 0.5019607843137254832 ) ;
#2072 = DIRECTION ( 'NONE',  ( 0.000000000000000000, 0.000000000000000000, 1.000000000000000000 ) ) ;
#2073 = ORIENTED_EDGE ( 'NONE', *, *, #4240, .T. ) ;
#2074 =( NAMED_UNIT ( * ) SI_UNIT ( $, .STERADIAN. ) SOLID_ANGLE_UNIT ( ) );
#2075 = STYLED_ITEM ( 'NONE', ( #9754 ), #626 ) ;
#2076 = ORIENTED_EDGE ( 'NONE', *, *, #5342, .T. ) ;
#2077 = PRESENTATION_STYLE_ASSIGNMENT (( #5991 ) ) ;
#2078 = CARTESIAN_POINT ( 'NONE',  ( -2.639999999999998348, -0.03999999999999967470, -1.020000000000004237 ) ) ;
#2079 = CARTESIAN_POINT ( 'NONE',  ( 6.030000000000003801, -0.03999999999999967470, 0.3199999999999990630 ) ) ;
#2080 =( NAMED_UNIT ( * ) PLANE_ANGLE_UNIT ( ) SI_UNIT ( $, .RADIAN. ) );
#2081 = FILL_AREA_STYLE ('',( #7231 ) ) ;
#2082 = LINE ( 'NONE', #5997, #2581 ) ;
#2083 = ORIENTED_EDGE ( 'NONE', *, *, #182, .F. ) ;
#2084 = DIRECTION ( 'NONE',  ( 0.000000000000000000, -0.000000000000000000, 1.000000000000000000 ) ) ;
#2085 = FACE_OUTER_BOUND ( 'NONE', #7853, .T. ) ;
#2086 = EDGE_LOOP ( 'NONE', ( #2966, #6703, #7576, #6110 ) ) ;
#2087 = PLANE ( 'NONE',  #2219 ) ;
#2088 = STYLED_ITEM ( 'NONE', ( #7656 ), #1070 ) ;
#2089 = ORIENTED_EDGE ( 'NONE', *, *, #574, .T. ) ;
#2090 = DIRECTION ( 'NONE',  ( 0.000000000000000000, 0.000000000000000000, -1.000000000000000000 ) ) ;
#2091 = DIRECTION ( 'NONE',  ( 1.000000000000000000, -0.000000000000000000, -0.000000000000000000 ) ) ;
#2092 = DIRECTION ( 'NONE',  ( -0.000000000000000000, -0.000000000000000000, -1.000000000000000000 ) ) ;
#2093 = EDGE_CURVE ( 'NONE', #2731, #8093, #8776, .T. ) ;
#2094 = VECTOR ( 'NONE', #8864, 1000.000000000000000 ) ;
#2095 = ORIENTED_EDGE ( 'NONE', *, *, #406, .T. ) ;
#2096 =( LENGTH_UNIT ( ) NAMED_UNIT ( * ) SI_UNIT ( .MILLI., .METRE. ) );
#2097 = VERTEX_POINT ( 'NONE', #3587 ) ;
#2098 = LINE ( 'NONE', #8941, #6647 ) ;
#2099 = EDGE_LOOP ( 'NONE', ( #8391, #5134, #7227, #8050 ) ) ;
#2100 = VERTEX_POINT ( 'NONE', #6587 ) ;
#2101 = DIRECTION ( 'NONE',  ( -0.000000000000000000, -0.000000000000000000, 1.000000000000000000 ) ) ;
#2102 = DIRECTION ( 'NONE',  ( 1.000000000000000000, 0.000000000000000000, -0.000000000000000000 ) ) ;
#2103 = VECTOR ( 'NONE', #5291, 1000.000000000000000 ) ;
#2104 = DIRECTION ( 'NONE',  ( 1.000000000000000000, -0.000000000000000000, -0.000000000000000000 ) ) ;
#2105 = LINE ( 'NONE', #5243, #9412 ) ;
#2106 = VERTEX_POINT ( 'NONE', #9608 ) ;
#2107 = FILL_AREA_STYLE_COLOUR ( '', #857 ) ;
#2108 = ORIENTED_EDGE ( 'NONE', *, *, #2465, .T. ) ;
#2109 = PLANE ( 'NONE',  #1163 ) ;
#2110 = COLOUR_RGB ( '',1.000000000000000000, 0.8117647058823529438, 0.5019607843137254832 ) ;
#2111 = EDGE_CURVE ( 'NONE', #1607, #1447, #4271, .T. ) ;
#2112 = SURFACE_STYLE_FILL_AREA ( #1104 ) ;
#2113 = ORIENTED_EDGE ( 'NONE', *, *, #4801, .F. ) ;
#2114 = CARTESIAN_POINT ( 'NONE',  ( 11.75000000000000355, -6.905096679918783842, -0.3200000000000038369 ) ) ;
#2115 = DIRECTION ( 'NONE',  ( 0.000000000000000000, -1.000000000000000000, -1.707404996040164265E-16 ) ) ;
#2116 = EDGE_CURVE ( 'NONE', #3334, #6147, #4965, .T. ) ;
#2117 = CARTESIAN_POINT ( 'NONE',  ( -0.09999999999999766020, -0.03999999999999967470, 1.269999999999995799 ) ) ;
#2118 = DIRECTION ( 'NONE',  ( -1.000000000000000000, 0.000000000000000000, -0.000000000000000000 ) ) ;
#2119 = FILL_AREA_STYLE_COLOUR ( '', #8938 ) ;
#2120 = ORIENTED_EDGE ( 'NONE', *, *, #1868, .T. ) ;
#2121 = EDGE_CURVE ( 'NONE', #8961, #1195, #3527, .T. ) ;
#2122 = DIRECTION ( 'NONE',  ( 0.000000000000000000, 1.000000000000000000, 1.707404996040164265E-16 ) ) ;
#2123 = CARTESIAN_POINT ( 'NONE',  ( -7.519999999999998685, 2.500000000000000444, 1.269999999999996243 ) ) ;
#2124 = CARTESIAN_POINT ( 'NONE',  ( 8.570000000000003837, 2.500000000000000444, -0.3200000000000021716 ) ) ;
#2125 = VECTOR ( 'NONE', #3785, 1000.000000000000000 ) ;
#2126 = LINE ( 'NONE', #8981, #4056 ) ;
#2127 = CARTESIAN_POINT ( 'NONE',  ( 4.980000000000002203, 0.000000000000000000, 1.269999999999995799 ) ) ;
#2128 = VECTOR ( 'NONE', #4611, 1000.000000000000000 ) ;
#2129 = AXIS2_PLACEMENT_3D ( 'NONE', #7425, #7717, #1463 ) ;
#2130 = LINE ( 'NONE', #8827, #8452 ) ;
#2131 = ORIENTED_EDGE ( 'NONE', *, *, #4112, .F. ) ;
#2132 = ORIENTED_EDGE ( 'NONE', *, *, #8642, .F. ) ;
#2133 = UNCERTAINTY_MEASURE_WITH_UNIT (LENGTH_MEASURE( 1.000000000000000082E-05 ), #3046, 'distance_accuracy_value', 'NONE');
#2134 =( NAMED_UNIT ( * ) PLANE_ANGLE_UNIT ( ) SI_UNIT ( $, .RADIAN. ) );
#2135 = ORIENTED_EDGE ( 'NONE', *, *, #831, .F. ) ;
#2136 = VECTOR ( 'NONE', #3380, 1000.000000000000000 ) ;
#2137 = FACE_OUTER_BOUND ( 'NONE', #690, .T. ) ;
#2138 = COLOUR_RGB ( '',1.000000000000000000, 0.8117647058823529438, 0.5019607843137254832 ) ;
#2139 = DIRECTION ( 'NONE',  ( 0.000000000000000000, -1.000000000000000000, -1.707404996040164265E-16 ) ) ;
#2140 = VERTEX_POINT ( 'NONE', #6385 ) ;
#2141 = VECTOR ( 'NONE', #7230, 1000.000000000000000 ) ;
#2142 = EDGE_LOOP ( 'NONE', ( #5843, #8253, #1687, #8271 ) ) ;
#2143 = SURFACE_STYLE_USAGE ( .BOTH. , #3757 ) ;
#2144 = ORIENTED_EDGE ( 'NONE', *, *, #4237, .F. ) ;
#2145 = ORIENTED_EDGE ( 'NONE', *, *, #7910, .F. ) ;
#2146 = CARTESIAN_POINT ( 'NONE',  ( 12.69999999999999929, 2.500000000000000000, 1.270000000000000018 ) ) ;
#2147 = DIRECTION ( 'NONE',  ( -1.000000000000000000, 0.000000000000000000, 0.000000000000000000 ) ) ;
#2148 = CARTESIAN_POINT ( 'NONE',  ( 1.590000000000002967, -2.699999999999993072, -0.3200000000000038369 ) ) ;
#2149 =( NAMED_UNIT ( * ) PLANE_ANGLE_UNIT ( ) SI_UNIT ( $, .RADIAN. ) );
#2150 = VECTOR ( 'NONE', #6964, 1000.000000000000000 ) ;
#2151 = DIRECTION ( 'NONE',  ( 1.000000000000000000, 0.000000000000000000, -0.000000000000000000 ) ) ;
#2152 = CARTESIAN_POINT ( 'NONE',  ( 11.75000000000000711, -0.03999999999999967470, 0.3199999999999990630 ) ) ;
#2153 = ORIENTED_EDGE ( 'NONE', *, *, #7873, .T. ) ;
#2154 = EDGE_CURVE ( 'NONE', #1391, #5047, #1124, .T. ) ;
#2155 = EDGE_CURVE ( 'NONE', #4495, #5047, #9558, .T. ) ;
#2156 = FILL_AREA_STYLE_COLOUR ( '', #8421 ) ;
#2157 = COLOUR_RGB ( '',1.000000000000000000, 0.8117647058823529438, 0.5019607843137254832 ) ;
#2158 = EDGE_LOOP ( 'NONE', ( #7652, #7325, #8211, #2163 ) ) ;
#2159 = PRESENTATION_STYLE_ASSIGNMENT (( #7365 ) ) ;
#2160 = CARTESIAN_POINT ( 'NONE',  ( 1.214271808891663085, -3.426080827528285244, -0.05572819110834042328 ) ) ;
#2161 = DIRECTION ( 'NONE',  ( 1.000000000000000000, 0.000000000000000000, 0.000000000000000000 ) ) ;
#2162 = ADVANCED_FACE ( 'NONE', ( #2025 ), #6797, .F. ) ;
#2163 = ORIENTED_EDGE ( 'NONE', *, *, #5869, .F. ) ;
#2164 = CARTESIAN_POINT ( 'NONE',  ( 12.60000000000000320, 2.500000000000000444, 1.269999999999996243 ) ) ;
#2165 = ORIENTED_EDGE ( 'NONE', *, *, #5351, .T. ) ;
#2166 = VECTOR ( 'NONE', #2325, 1000.000000000000000 ) ;
#2167 = CLOSED_SHELL ( 'NONE', ( #5333, #1193, #4465, #1312, #4104, #5583, #1626, #6965, #2984, #3655, #6532, #6660, #3572, #4788 ) ) ;
#2168 = LINE ( 'NONE', #2872, #3571 ) ;
#2169 = ORIENTED_EDGE ( 'NONE', *, *, #1617, .F. ) ;
#2170 = ADVANCED_FACE ( 'NONE', ( #3735 ), #2328, .F. ) ;
#2171 = FACE_OUTER_BOUND ( 'NONE', #3386, .T. ) ;
#2172 = DIRECTION ( 'NONE',  ( -0.000000000000000000, 1.000000000000000000, 1.707404996040164265E-16 ) ) ;
#2173 = LINE ( 'NONE', #7542, #3864 ) ;
#2174 =( NAMED_UNIT ( * ) SI_UNIT ( $, .STERADIAN. ) SOLID_ANGLE_UNIT ( ) );
#2175 = VECTOR ( 'NONE', #7302, 1000.000000000000000 ) ;
#2176 = SURFACE_STYLE_USAGE ( .BOTH. , #2880 ) ;
#2177 = DIRECTION ( 'NONE',  ( 0.000000000000000000, 0.000000000000000000, -1.000000000000000000 ) ) ;
#2178 = ADVANCED_FACE ( 'NONE', ( #2226 ), #6745, .F. ) ;
#2179 = DIRECTION ( 'NONE',  ( -0.000000000000000000, -0.000000000000000000, -1.000000000000000000 ) ) ;
#2180 = DIRECTION ( 'NONE',  ( -1.000000000000000000, 0.000000000000000000, -0.000000000000000000 ) ) ;
#2181 = AXIS2_PLACEMENT_3D ( 'NONE', #3369, #1210, #8725 ) ;
#2182 = ORIENTED_EDGE ( 'NONE', *, *, #4474, .T. ) ;
#2183 = ADVANCED_FACE ( 'NONE', ( #6045 ), #4574, .T. ) ;
#2184 = CARTESIAN_POINT ( 'NONE',  ( 12.69999999999999929, 9.429780353434485416E-17, -1.020000000000004237 ) ) ;
#2185 = FILL_AREA_STYLE_COLOUR ( '', #3895 ) ;
#2186 = CARTESIAN_POINT ( 'NONE',  ( -1.059191070279857483, 8.599999999999999645, 1.041517047584500167E-15 ) ) ;
#2187 = VERTEX_POINT ( 'NONE', #2127 ) ;
#2188 = ORIENTED_EDGE ( 'NONE', *, *, #451, .T. ) ;
#2189 = ORIENTED_EDGE ( 'NONE', *, *, #8644, .T. ) ;
#2190 = FILL_AREA_STYLE ('',( #8992 ) ) ;
#2191 = VECTOR ( 'NONE', #5834, 1000.000000000000000 ) ;
#2192 = SURFACE_STYLE_USAGE ( .BOTH. , #4434 ) ;
#2193 = ORIENTED_EDGE ( 'NONE', *, *, #5167, .T. ) ;
#2194 = VERTEX_POINT ( 'NONE', #6095 ) ;
#2195 = ORIENTED_EDGE ( 'NONE', *, *, #1970, .T. ) ;
#2196 = DIRECTION ( 'NONE',  ( 0.000000000000000000, 0.000000000000000000, 1.000000000000000000 ) ) ;
#2197 = ORIENTED_EDGE ( 'NONE', *, *, #1115, .F. ) ;
#2198 = VERTEX_POINT ( 'NONE', #9711 ) ;
#2199 = CARTESIAN_POINT ( 'NONE',  ( 9.210000000000006182, 2.500000000000000444, 0.3199999999999995071 ) ) ;
#2200 = SURFACE_STYLE_FILL_AREA ( #6016 ) ;
#2201 = CARTESIAN_POINT ( 'NONE',  ( 4.130000000000005222, -0.03999999999999967470, 0.3199999999999990630 ) ) ;
#2202 = LINE ( 'NONE', #563, #6374 ) ;
#2203 = PRESENTATION_LAYER_ASSIGNMENT (  '', '', ( #763 ) ) ;
#2204 = CARTESIAN_POINT ( 'NONE',  ( 8.570000000000003837, -0.03999999999999967470, -0.3200000000000026157 ) ) ;
#2205 = CARTESIAN_POINT ( 'NONE',  ( 3.599191070279859961, 8.599999999999999645, 1.041517047584500167E-15 ) ) ;
#2206 = MECHANICAL_DESIGN_GEOMETRIC_PRESENTATION_REPRESENTATION (  '', ( #9644 ), #1087 ) ;
#2207 = EDGE_LOOP ( 'NONE', ( #6790, #3390, #6181, #721 ) ) ;
#2208 = ORIENTED_EDGE ( 'NONE', *, *, #5136, .F. ) ;
#2209 =( NAMED_UNIT ( * ) PLANE_ANGLE_UNIT ( ) SI_UNIT ( $, .RADIAN. ) );
#2210 = PLANE ( 'NONE',  #5097 ) ;
#2211 = SURFACE_SIDE_STYLE ('',( #5202 ) ) ;
#2212 = STYLED_ITEM ( 'NONE', ( #1334 ), #5440 ) ;
#2213 = DIRECTION ( 'NONE',  ( -1.000000000000000000, 0.000000000000000000, 0.000000000000000000 ) ) ;
#2214 = EDGE_CURVE ( 'NONE', #5332, #8156, #7546, .T. ) ;
#2215 = EDGE_LOOP ( 'NONE', ( #610, #8695, #2633, #3106 ) ) ;
#2216 = CARTESIAN_POINT ( 'NONE',  ( -6.560808929720139737, -3.000000000000000000, 0.2108089297201388157 ) ) ;
#2217 = STYLED_ITEM ( 'NONE', ( #3057 ), #6572 ) ;
#2218 = DIRECTION ( 'NONE',  ( 0.000000000000000000, 1.000000000000000000, 1.707404996040164265E-16 ) ) ;
#2219 = AXIS2_PLACEMENT_3D ( 'NONE', #592, #8133, #2889 ) ;
#2220 = ORIENTED_EDGE ( 'NONE', *, *, #1793, .F. ) ;
#2221 =( NAMED_UNIT ( * ) PLANE_ANGLE_UNIT ( ) SI_UNIT ( $, .RADIAN. ) );
#2222 = CARTESIAN_POINT ( 'NONE',  ( -12.59999999999999964, 1.885956070686925433E-16, -0.7700000000000006839 ) ) ;
#2223 = SURFACE_STYLE_FILL_AREA ( #8123 ) ;
#2224 = VECTOR ( 'NONE', #1445, 1000.000000000000000 ) ;
#2225 = EDGE_CURVE ( 'NONE', #8093, #397, #7494, .T. ) ;
#2226 = FACE_OUTER_BOUND ( 'NONE', #5272, .T. ) ;
#2227 = CARTESIAN_POINT ( 'NONE',  ( 4.130000000000005222, 2.500000000000000444, -0.3200000000000021161 ) ) ;
#2228 = ORIENTED_EDGE ( 'NONE', *, *, #6451, .F. ) ;
#2229 = LINE ( 'NONE', #5269, #6159 ) ;
#2230 = COLOUR_RGB ( '',1.000000000000000000, 0.8117647058823529438, 0.5019607843137254832 ) ;
#2231 = EDGE_CURVE ( 'NONE', #8298, #8884, #8982, .T. ) ;
#2232 = DIRECTION ( 'NONE',  ( 1.000000000000000000, 0.000000000000000000, 0.000000000000000000 ) ) ;
#2233 = ORIENTED_EDGE ( 'NONE', *, *, #8696, .T. ) ;
#2234 = UNCERTAINTY_MEASURE_WITH_UNIT (LENGTH_MEASURE( 1.000000000000000082E-05 ), #5793, 'distance_accuracy_value', 'NONE');
#2235 = CARTESIAN_POINT ( 'NONE',  ( -4.020808929720139702, 8.599999999999999645, 0.2108089297201405921 ) ) ;
#2236 = VERTEX_POINT ( 'NONE', #9135 ) ;
#2237 = CARTESIAN_POINT ( 'NONE',  ( -6.405728191108337910, -3.426080827528285244, -0.05572819110834042328 ) ) ;
#2238 = DIRECTION ( 'NONE',  ( 0.000000000000000000, 3.771912141373855303E-16, 1.000000000000000000 ) ) ;
#2239 = AXIS2_PLACEMENT_3D ( 'NONE', #959, #9175, #6228 ) ;
#2240 = CARTESIAN_POINT ( 'NONE',  ( -2.639999999999998348, -0.03999999999999923755, -1.270000000000004237 ) ) ;
#2241 = EDGE_CURVE ( 'NONE', #678, #6084, #586, .T. ) ;
#2242 = AXIS2_PLACEMENT_3D ( 'NONE', #6315, #1707, #2638 ) ;
#2243 = VERTEX_POINT ( 'NONE', #7600 ) ;
#2244 = EDGE_LOOP ( 'NONE', ( #8549, #9197, #7496, #9782 ) ) ;
#2245 = ADVANCED_FACE ( 'NONE', ( #6848 ), #3631, .F. ) ;
#2246 = PLANE ( 'NONE',  #6823 ) ;
#2247 = EDGE_LOOP ( 'NONE', ( #8682, #839, #1220, #2471 ) ) ;
#2248 = PRESENTATION_LAYER_ASSIGNMENT (  '', '', ( #8424 ) ) ;
#2249 = ORIENTED_EDGE ( 'NONE', *, *, #4176, .F. ) ;
#2250 = CARTESIAN_POINT ( 'NONE',  ( -6.669999999999999929, -2.699999999999993072, -0.3200000000000031153 ) ) ;
#2251 = PLANE ( 'NONE',  #8094 ) ;
#2252 = PRESENTATION_STYLE_ASSIGNMENT (( #888 ) ) ;
#2253 = VECTOR ( 'NONE', #3465, 1000.000000000000000 ) ;
#2254 = CARTESIAN_POINT ( 'NONE',  ( -11.21919107027985874, 8.599999999999999645, 1.041517047584500167E-15 ) ) ;
#2255 = PLANE ( 'NONE',  #2314 ) ;
#2256 = ORIENTED_EDGE ( 'NONE', *, *, #3708, .F. ) ;
#2257 = VERTEX_POINT ( 'NONE', #5902 ) ;
#2258 = ORIENTED_EDGE ( 'NONE', *, *, #8036, .F. ) ;
#2259 =( NAMED_UNIT ( * ) PLANE_ANGLE_UNIT ( ) SI_UNIT ( $, .RADIAN. ) );
#2260 = ORIENTED_EDGE ( 'NONE', *, *, #530, .F. ) ;
#2261 = PLANE ( 'NONE',  #6036 ) ;
#2262 = FACE_BOUND ( 'NONE', #3036, .T. ) ;
#2263 = CARTESIAN_POINT ( 'NONE',  ( 6.030000000000003801, 0.7500000000000001110, 0.3199999999999991740 ) ) ;
#2264 = FILL_AREA_STYLE_COLOUR ( '', #6087 ) ;
#2265 = CARTESIAN_POINT ( 'NONE',  ( 11.60579505164802150, 3.882392806044252964, -2.715795051648021374 ) ) ;
#2266 = CARTESIAN_POINT ( 'NONE',  ( -9.209999999999999076, 8.299999999999993605, -0.3200000000000012279 ) ) ;
#2267 = ORIENTED_EDGE ( 'NONE', *, *, #816, .F. ) ;
#2268 = CARTESIAN_POINT ( 'NONE',  ( -11.75000000000000000, -0.03999999999999967470, 0.3199999999999990630 ) ) ;
#2269 = EDGE_CURVE ( 'NONE', #2359, #8221, #5171, .T. ) ;
#2270 = FACE_OUTER_BOUND ( 'NONE', #4050, .T. ) ;
#2271 = FACE_OUTER_BOUND ( 'NONE', #2583, .T. ) ;
#2272 = VECTOR ( 'NONE', #3329, 1000.000000000000000 ) ;
#2273 =( NAMED_UNIT ( * ) PLANE_ANGLE_UNIT ( ) SI_UNIT ( $, .RADIAN. ) );
#2274 = CARTESIAN_POINT ( 'NONE',  ( 3.490000000000003322, 0.7500000000000000000, 0.7700000000000006839 ) ) ;
#2275 =( NAMED_UNIT ( * ) PLANE_ANGLE_UNIT ( ) SI_UNIT ( $, .RADIAN. ) );
#2276 = ORIENTED_EDGE ( 'NONE', *, *, #6216, .F. ) ;
#2277 = VECTOR ( 'NONE', #5117, 1000.000000000000000 ) ;
#2278 = EDGE_CURVE ( 'NONE', #2198, #212, #1476, .T. ) ;
#2279 = LINE ( 'NONE', #3691, #8863 ) ;
#2280 = CARTESIAN_POINT ( 'NONE',  ( -4.129999999999999893, 8.299999999999993605, 0.3200000000000004508 ) ) ;
#2281 = ORIENTED_EDGE ( 'NONE', *, *, #2225, .F. ) ;
#2282 = LINE ( 'NONE', #4526, #323 ) ;
#2283 = EDGE_LOOP ( 'NONE', ( #7985, #6625, #351, #2747 ) ) ;
#2284 = FILL_AREA_STYLE_COLOUR ( '', #8241 ) ;
#2285 = DIRECTION ( 'NONE',  ( -0.000000000000000000, 1.000000000000000000, 1.707404996040164265E-16 ) ) ;
#2286 = VECTOR ( 'NONE', #891, 1000.000000000000000 ) ;
#2287 = MECHANICAL_DESIGN_GEOMETRIC_PRESENTATION_REPRESENTATION (  '', ( #7044 ), #4353 ) ;
#2288 = VERTEX_POINT ( 'NONE', #6331 ) ;
#2289 = ADVANCED_FACE ( 'NONE', ( #4022 ), #1718, .F. ) ;
#2290 = VECTOR ( 'NONE', #8866, 1000.000000000000000 ) ;
#2291 = ORIENTED_EDGE ( 'NONE', *, *, #6305, .T. ) ;
#2292 = ORIENTED_EDGE ( 'NONE', *, *, #3340, .T. ) ;
#2293 = EDGE_CURVE ( 'NONE', #3179, #9038, #8381, .T. ) ;
#2294 = DIRECTION ( 'NONE',  ( 0.3236155771181767893, -0.8891264907159940334, 0.3236155771181771224 ) ) ;
#2295 = ORIENTED_EDGE ( 'NONE', *, *, #297, .T. ) ;
#2296 = VECTOR ( 'NONE', #2369, 1000.000000000000000 ) ;
#2297 = ORIENTED_EDGE ( 'NONE', *, *, #3373, .F. ) ;
#2298 = FACE_OUTER_BOUND ( 'NONE', #4888, .T. ) ;
#2299 = DIRECTION ( 'NONE',  ( -0.000000000000000000, 1.000000000000000000, 0.000000000000000000 ) ) ;
#2300 = LINE ( 'NONE', #7621, #2150 ) ;
#2301 = LINE ( 'NONE', #8357, #6530 ) ;
#2302 = EDGE_CURVE ( 'NONE', #8342, #8779, #2378, .T. ) ;
#2303 = VECTOR ( 'NONE', #1947, 1000.000000000000000 ) ;
#2304 = AXIS2_PLACEMENT_3D ( 'NONE', #1874, #387, #4915 ) ;
#2305 = DIRECTION ( 'NONE',  ( -0.000000000000000000, 1.000000000000000000, 1.707404996040164265E-16 ) ) ;
#2306 = ORIENTED_EDGE ( 'NONE', *, *, #1641, .T. ) ;
#2307 = CARTESIAN_POINT ( 'NONE',  ( -3.599191070279858184, -3.000000000000000000, 1.270000000000000018 ) ) ;
#2308 = ORIENTED_EDGE ( 'NONE', *, *, #7316, .T. ) ;
#2309 = ADVANCED_FACE ( 'NONE', ( #6191 ), #3974, .F. ) ;
#2310 =( NAMED_UNIT ( * ) SI_UNIT ( $, .STERADIAN. ) SOLID_ANGLE_UNIT ( ) );
#2311 = ORIENTED_EDGE ( 'NONE', *, *, #9151, .T. ) ;
#2312 = DIRECTION ( 'NONE',  ( 0.000000000000000000, 0.000000000000000000, 1.000000000000000000 ) ) ;
#2313 = FILL_AREA_STYLE_COLOUR ( '', #4148 ) ;
#2314 = AXIS2_PLACEMENT_3D ( 'NONE', #2854, #3553, #6560 ) ;
#2315 = DIRECTION ( 'NONE',  ( 0.000000000000000000, 0.000000000000000000, -1.000000000000000000 ) ) ;
#2316 = VECTOR ( 'NONE', #984, 1000.000000000000000 ) ;
#2317 = CARTESIAN_POINT ( 'NONE',  ( -6.139191070279857776, 8.599999999999999645, 1.041517047584500167E-15 ) ) ;
#2318 = DIRECTION ( 'NONE',  ( -1.000000000000000000, 0.000000000000000000, 0.000000000000000000 ) ) ;
#2319 = CARTESIAN_POINT ( 'NONE',  ( -10.25999999999999801, 2.500000000000000444, 1.269999999999996243 ) ) ;
#2320 = PLANE ( 'NONE',  #8796 ) ;
#2321 = DIRECTION ( 'NONE',  ( -1.000000000000000000, 0.000000000000000000, 0.000000000000000000 ) ) ;
#2322 = AXIS2_PLACEMENT_3D ( 'NONE', #3937, #155, #205 ) ;
#2323 = ORIENTED_EDGE ( 'NONE', *, *, #2524, .T. ) ;
#2324 = CARTESIAN_POINT ( 'NONE',  ( 11.75000000000000355, 8.299999999999993605, 0.3200000000000004508 ) ) ;
#2325 = DIRECTION ( 'NONE',  ( 1.000000000000000000, 0.000000000000000000, 0.000000000000000000 ) ) ;
#2326 = CARTESIAN_POINT ( 'NONE',  ( -11.64080892972014070, 8.599999999999999645, -0.2108089297201413692 ) ) ;
#2327 = LINE ( 'NONE', #2274, #104 ) ;
#2328 = PLANE ( 'NONE',  #4174 ) ;
#2329 = MECHANICAL_DESIGN_GEOMETRIC_PRESENTATION_REPRESENTATION (  '', ( #1530 ), #4238 ) ;
#2330 = LINE ( 'NONE', #1628, #532 ) ;
#2331 = EDGE_LOOP ( 'NONE', ( #6706, #9200, #8842, #3989 ) ) ;
#2332 = CARTESIAN_POINT ( 'NONE',  ( 12.69999999999999929, 2.500000000000000444, -1.270000000000000018 ) ) ;
#2333 = COLOUR_RGB ( '',1.000000000000000000, 0.8117647058823529438, 0.5019607843137254832 ) ;
#2334 = DIRECTION ( 'NONE',  ( 0.000000000000000000, 0.000000000000000000, -1.000000000000000000 ) ) ;
#2335 = SURFACE_STYLE_FILL_AREA ( #2793 ) ;
#2336 = ORIENTED_EDGE ( 'NONE', *, *, #2651, .F. ) ;
#2337 = DIRECTION ( 'NONE',  ( -0.000000000000000000, 0.000000000000000000, -1.000000000000000000 ) ) ;
#2338 = EDGE_LOOP ( 'NONE', ( #159, #3482, #3355, #5539 ) ) ;
#2339 = SURFACE_STYLE_FILL_AREA ( #6642 ) ;
#2340 = LINE ( 'NONE', #9242, #462 ) ;
#2341 = ORIENTED_EDGE ( 'NONE', *, *, #8423, .F. ) ;
#2342 = LINE ( 'NONE', #8993, #7838 ) ;
#2343 = EDGE_CURVE ( 'NONE', #4029, #7183, #1016, .T. ) ;
#2344 = VECTOR ( 'NONE', #726, 1000.000000000000000 ) ;
#2345 = EDGE_CURVE ( 'NONE', #5970, #1686, #6235, .T. ) ;
#2346 = ORIENTED_EDGE ( 'NONE', *, *, #7571, .F. ) ;
#2347 =( NAMED_UNIT ( * ) SI_UNIT ( $, .STERADIAN. ) SOLID_ANGLE_UNIT ( ) );
#2348 = PRODUCT ( 'DS1021-1_10SF11', 'DS1021-1_10SF11', '', ( #7295 ) ) ;
#2349 = SURFACE_SIDE_STYLE ('',( #5526 ) ) ;
#2350 = ORIENTED_EDGE ( 'NONE', *, *, #7388, .F. ) ;
#2351 = UNCERTAINTY_MEASURE_WITH_UNIT (LENGTH_MEASURE( 1.000000000000000082E-05 ), #6250, 'distance_accuracy_value', 'NONE');
#2352 = VERTEX_POINT ( 'NONE', #820 ) ;
#2353 = EDGE_CURVE ( 'NONE', #2688, #6909, #2468, .T. ) ;
#2354 =( NAMED_UNIT ( * ) SI_UNIT ( $, .STERADIAN. ) SOLID_ANGLE_UNIT ( ) );
#2355 = CARTESIAN_POINT ( 'NONE',  ( 12.69999999999999929, 0.000000000000000000, -1.270000000000000018 ) ) ;
#2356 = EDGE_CURVE ( 'NONE', #5292, #3016, #9231, .T. ) ;
#2357 = DIRECTION ( 'NONE',  ( -0.000000000000000000, 1.000000000000000000, 1.707404996040164265E-16 ) ) ;
#2358 = VECTOR ( 'NONE', #8748, 1000.000000000000114 ) ;
#2359 = VERTEX_POINT ( 'NONE', #8522 ) ;
#2360 = FACE_OUTER_BOUND ( 'NONE', #2899, .T. ) ;
#2361 = SURFACE_STYLE_FILL_AREA ( #4051 ) ;
#2362 = ORIENTED_EDGE ( 'NONE', *, *, #9159, .T. ) ;
#2363 = EDGE_CURVE ( 'NONE', #4451, #4072, #4668, .T. ) ;
#2364 = PLANE ( 'NONE',  #3444 ) ;
#2365 = DIRECTION ( 'NONE',  ( -0.9396926207859117586, -0.3420201433256594981, 0.000000000000000000 ) ) ;
#2366 = VECTOR ( 'NONE', #8986, 1000.000000000000000 ) ;
#2367 = PLANE ( 'NONE',  #8558 ) ;
#2368 = EDGE_CURVE ( 'NONE', #4350, #5961, #6145, .T. ) ;
#2369 = DIRECTION ( 'NONE',  ( 0.000000000000000000, 1.000000000000000000, 1.707404996040164265E-16 ) ) ;
#2370 = PRESENTATION_LAYER_ASSIGNMENT (  '', '', ( #9639 ) ) ;
#2371 = LINE ( 'NONE', #814, #8566 ) ;
#2372 =( GEOMETRIC_REPRESENTATION_CONTEXT ( 3 ) GLOBAL_UNCERTAINTY_ASSIGNED_CONTEXT ( ( #6996 ) ) GLOBAL_UNIT_ASSIGNED_CONTEXT ( ( #9132, #8229, #7383 ) ) REPRESENTATION_CONTEXT ( 'NONE', 'WORKASPACE' ) );
#2373 = ADVANCED_FACE ( 'NONE', ( #9182 ), #5412, .F. ) ;
#2374 = SURFACE_STYLE_FILL_AREA ( #5454 ) ;
#2375 = DIRECTION ( 'NONE',  ( 1.000000000000000000, 0.000000000000000000, 0.000000000000000000 ) ) ;
#2376 = FACE_BOUND ( 'NONE', #704, .T. ) ;
#2377 = DIRECTION ( 'NONE',  ( 0.000000000000000000, 0.000000000000000000, 1.000000000000000000 ) ) ;
#2378 = LINE ( 'NONE', #9274, #4498 ) ;
#2379 = AXIS2_PLACEMENT_3D ( 'NONE', #8739, #1837, #1040 ) ;
#2380 = CARTESIAN_POINT ( 'NONE',  ( 3.599191070279859961, 8.599999999999999645, 0.2108089297201405921 ) ) ;
#2381 = ORIENTED_EDGE ( 'NONE', *, *, #426, .F. ) ;
#2382 = CARTESIAN_POINT ( 'NONE',  ( 3.621268465864678987, 8.660657145849658178, -0.1887315341353228981 ) ) ;
#2383 = LINE ( 'NONE', #8238, #3060 ) ;
#2384 = AXIS2_PLACEMENT_3D ( 'NONE', #7241, #7399, #1277 ) ;
#2385 = CARTESIAN_POINT ( 'NONE',  ( 12.60000000000000320, 0.000000000000000000, 1.269999999999995799 ) ) ;
#2386 = COLOUR_RGB ( '',1.000000000000000000, 0.8117647058823529438, 0.5019607843137254832 ) ;
#2387 = ORIENTED_EDGE ( 'NONE', *, *, #8890, .T. ) ;
#2388 = ORIENTED_EDGE ( 'NONE', *, *, #7011, .F. ) ;
#2389 = PLANE ( 'NONE',  #3827 ) ;
#2390 = VERTEX_POINT ( 'NONE', #5460 ) ;
#2391 = CARTESIAN_POINT ( 'NONE',  ( -4.980000000000000426, -0.03999999999999967470, 1.019999999999995799 ) ) ;
#2392 = COLOUR_RGB ( '',1.000000000000000000, 0.8117647058823529438, 0.5019607843137254832 ) ;
#2393 = VERTEX_POINT ( 'NONE', #8472 ) ;
#2394 = ORIENTED_EDGE ( 'NONE', *, *, #3317, .T. ) ;
#2395 = VERTEX_POINT ( 'NONE', #6574 ) ;
#2396 = ORIENTED_EDGE ( 'NONE', *, *, #5232, .T. ) ;
#2397 =( LENGTH_UNIT ( ) NAMED_UNIT ( * ) SI_UNIT ( .MILLI., .METRE. ) );
#2398 = ADVANCED_FACE ( 'NONE', ( #2754 ), #8670, .F. ) ;
#2399 = CARTESIAN_POINT ( 'NONE',  ( -6.029999999999998472, 8.299999999999993605, -0.3200000000000038369 ) ) ;
#2400 =( LENGTH_UNIT ( ) NAMED_UNIT ( * ) SI_UNIT ( .MILLI., .METRE. ) );
#2401 = PLANE ( 'NONE',  #6717 ) ;
#2402 = LINE ( 'NONE', #5436, #2448 ) ;
#2403 = VECTOR ( 'NONE', #2596, 1000.000000000000000 ) ;
#2404 = ORIENTED_EDGE ( 'NONE', *, *, #991, .T. ) ;
#2405 = PLANE ( 'NONE',  #4993 ) ;
#2406 =( LENGTH_UNIT ( ) NAMED_UNIT ( * ) SI_UNIT ( .MILLI., .METRE. ) );
#2407 = ORIENTED_EDGE ( 'NONE', *, *, #4964, .F. ) ;
#2408 = CARTESIAN_POINT ( 'NONE',  ( -11.75000000000000000, 0.7500000000000000000, 0.7700000000000006839 ) ) ;
#2409 = FILL_AREA_STYLE_COLOUR ( '', #327 ) ;
#2410 = CARTESIAN_POINT ( 'NONE',  ( 1.590000000000002967, -2.699999999999993072, -0.3200000000000031153 ) ) ;
#2411 = PRESENTATION_LAYER_ASSIGNMENT (  '', '', ( #2088 ) ) ;
#2412 = DIRECTION ( 'NONE',  ( 0.000000000000000000, -1.707404996040164265E-16, 1.000000000000000000 ) ) ;
#2413 = DIRECTION ( 'NONE',  ( -0.000000000000000000, 1.000000000000000000, 0.000000000000000000 ) ) ;
#2414 = DIRECTION ( 'NONE',  ( 0.000000000000000000, 0.000000000000000000, 1.000000000000000000 ) ) ;
#2415 = ADVANCED_FACE ( 'NONE', ( #4115 ), #9455, .F. ) ;
#2416 = CARTESIAN_POINT ( 'NONE',  ( -9.209999999999999076, 8.299999999999993605, -0.3200000000000038369 ) ) ;
#2417 = SURFACE_STYLE_USAGE ( .BOTH. , #1576 ) ;
#2418 = EDGE_CURVE ( 'NONE', #9145, #7761, #7958, .T. ) ;
#2419 = FILL_AREA_STYLE ('',( #3131 ) ) ;
#2420 = FACE_OUTER_BOUND ( 'NONE', #5931, .T. ) ;
#2421 = PRESENTATION_LAYER_ASSIGNMENT (  '', '', ( #5600 ) ) ;
#2422 = DIRECTION ( 'NONE',  ( 0.000000000000000000, -1.000000000000000000, -1.707404996040164265E-16 ) ) ;
#2423 = EDGE_CURVE ( 'NONE', #6871, #457, #5056, .T. ) ;
#2424 = PRESENTATION_STYLE_ASSIGNMENT (( #9276 ) ) ;
#2425 = ORIENTED_EDGE ( 'NONE', *, *, #5347, .F. ) ;
#2426 = DIRECTION ( 'NONE',  ( -0.000000000000000000, 1.000000000000000000, 1.707404996040164265E-16 ) ) ;
#2427 = EDGE_CURVE ( 'NONE', #6422, #2187, #8059, .T. ) ;
#2428 = CARTESIAN_POINT ( 'NONE',  ( -6.029999999999997584, 0.7500000000000001110, -0.3200000000000025047 ) ) ;
#2429 = UNCERTAINTY_MEASURE_WITH_UNIT (LENGTH_MEASURE( 1.000000000000000082E-05 ), #2023, 'distance_accuracy_value', 'NONE');
#2430 = SURFACE_SIDE_STYLE ('',( #3182 ) ) ;
#2431 = ORIENTED_EDGE ( 'NONE', *, *, #6104, .F. ) ;
#2432 = LINE ( 'NONE', #9192, #1893 ) ;
#2433 = LINE ( 'NONE', #7706, #624 ) ;
#2434 = LINE ( 'NONE', #5474, #9428 ) ;
#2435 = VECTOR ( 'NONE', #5413, 1000.000000000000114 ) ;
#2436 = ORIENTED_EDGE ( 'NONE', *, *, #1573, .T. ) ;
#2437 = LINE ( 'NONE', #7709, #5068 ) ;
#2438 = ORIENTED_EDGE ( 'NONE', *, *, #7638, .F. ) ;
#2439 = ORIENTED_EDGE ( 'NONE', *, *, #777, .T. ) ;
#2440 = AXIS2_PLACEMENT_3D ( 'NONE', #8168, #9646, #8369 ) ;
#2441 =( LENGTH_UNIT ( ) NAMED_UNIT ( * ) SI_UNIT ( .MILLI., .METRE. ) );
#2442 = VECTOR ( 'NONE', #619, 1000.000000000000000 ) ;
#2443 = LINE ( 'NONE', #9253, #552 ) ;
#2444 = VECTOR ( 'NONE', #326, 1000.000000000000000 ) ;
#2445 =( NAMED_UNIT ( * ) PLANE_ANGLE_UNIT ( ) SI_UNIT ( $, .RADIAN. ) );
#2446 = ORIENTED_EDGE ( 'NONE', *, *, #2961, .F. ) ;
#2447 = AXIS2_PLACEMENT_3D ( 'NONE', #5774, #7308, #2002 ) ;
#2448 = VECTOR ( 'NONE', #8448, 1000.000000000000000 ) ;
#2449 = STYLED_ITEM ( 'NONE', ( #1077 ), #7718 ) ;
#2450 = DIRECTION ( 'NONE',  ( 0.000000000000000000, -2.891205793294677833E-16, 1.000000000000000000 ) ) ;
#2451 = VECTOR ( 'NONE', #9477, 1000.000000000000000 ) ;
#2452 = ORIENTED_EDGE ( 'NONE', *, *, #3772, .F. ) ;
#2453 = PRESENTATION_STYLE_ASSIGNMENT (( #8507 ) ) ;
#2454 = FACE_OUTER_BOUND ( 'NONE', #8029, .T. ) ;
#2455 = FACE_OUTER_BOUND ( 'NONE', #8850, .T. ) ;
#2456 = VECTOR ( 'NONE', #2377, 1000.000000000000000 ) ;
#2457 = DIRECTION ( 'NONE',  ( -1.000000000000000000, -0.000000000000000000, 0.000000000000000000 ) ) ;
#2458 = SURFACE_SIDE_STYLE ('',( #3068 ) ) ;
#2459 = PRESENTATION_STYLE_ASSIGNMENT (( #100 ) ) ;
#2460 = ADVANCED_FACE ( 'NONE', ( #3359 ), #4308, .F. ) ;
#2461 = SURFACE_STYLE_USAGE ( .BOTH. , #1713 ) ;
#2462 = VECTOR ( 'NONE', #9002, 1000.000000000000000 ) ;
#2463 = DIRECTION ( 'NONE',  ( -0.000000000000000000, -1.000000000000000000, -0.000000000000000000 ) ) ;
#2464 = FACE_OUTER_BOUND ( 'NONE', #8225, .T. ) ;
#2465 = EDGE_CURVE ( 'NONE', #4323, #6401, #7222, .T. ) ;
#2466 = UNCERTAINTY_MEASURE_WITH_UNIT (LENGTH_MEASURE( 1.000000000000000082E-05 ), #702, 'distance_accuracy_value', 'NONE');
#2467 = PRESENTATION_STYLE_ASSIGNMENT (( #3269 ) ) ;
#2468 = LINE ( 'NONE', #7649, #966 ) ;
#2469 = ADVANCED_FACE ( 'NONE', ( #1821 ), #2015, .T. ) ;
#2470 =( LENGTH_UNIT ( ) NAMED_UNIT ( * ) SI_UNIT ( .MILLI., .METRE. ) );
#2471 = ORIENTED_EDGE ( 'NONE', *, *, #3397, .F. ) ;
#2472 = SURFACE_STYLE_USAGE ( .BOTH. , #9279 ) ;
#2473 = SURFACE_STYLE_USAGE ( .BOTH. , #5563 ) ;
#2474 = FACE_OUTER_BOUND ( 'NONE', #6650, .T. ) ;
#2475 = AXIS2_PLACEMENT_3D ( 'NONE', #1633, #3847, #3138 ) ;
#2476 = VERTEX_POINT ( 'NONE', #2605 ) ;
#2477 = EDGE_CURVE ( 'NONE', #3843, #454, #5655, .T. ) ;
#2478 = EDGE_LOOP ( 'NONE', ( #8908, #6150, #7414, #9457 ) ) ;
#2479 = DIRECTION ( 'NONE',  ( -0.000000000000000000, 1.000000000000000000, 1.707404996040164265E-16 ) ) ;
#2480 = SURFACE_STYLE_FILL_AREA ( #7137 ) ;
#2481 =( NAMED_UNIT ( * ) SI_UNIT ( $, .STERADIAN. ) SOLID_ANGLE_UNIT ( ) );
#2482 = LINE ( 'NONE', #6246, #1297 ) ;
#2483 = EDGE_CURVE ( 'NONE', #8348, #4286, #4162, .T. ) ;
#2484 = EDGE_LOOP ( 'NONE', ( #9191, #6334, #2029, #6729 ) ) ;
#2485 = PRESENTATION_STYLE_ASSIGNMENT (( #5664 ) ) ;
#2486 = ORIENTED_EDGE ( 'NONE', *, *, #2353, .T. ) ;
#2487 = ORIENTED_EDGE ( 'NONE', *, *, #3650, .T. ) ;
#2488 = EDGE_CURVE ( 'NONE', #8363, #7407, #1910, .T. ) ;
#2489 = FILL_AREA_STYLE_COLOUR ( '', #6646 ) ;
#2490 = VECTOR ( 'NONE', #6314, 1000.000000000000000 ) ;
#2491 = CARTESIAN_POINT ( 'NONE',  ( 12.69999999999999929, 0.000000000000000000, 1.270000000000000018 ) ) ;
#2492 = ORIENTED_EDGE ( 'NONE', *, *, #4792, .T. ) ;
#2493 = EDGE_LOOP ( 'NONE', ( #2514, #4731, #5959, #7431 ) ) ;
#2494 = VECTOR ( 'NONE', #628, 1000.000000000000000 ) ;
#2495 = CARTESIAN_POINT ( 'NONE',  ( 2.640000000000000124, 2.500000000000000000, 1.019999999999996243 ) ) ;
#2496 = VERTEX_POINT ( 'NONE', #6465 ) ;
#2497 = LINE ( 'NONE', #2584, #3616 ) ;
#2498 = CARTESIAN_POINT ( 'NONE',  ( 11.75000000000000355, 8.299999999999993605, -0.3200000000000012279 ) ) ;
#2499 = CARTESIAN_POINT ( 'NONE',  ( 6.670000000000002593, -6.905096679918783842, -0.3200000000000038369 ) ) ;
#2500 = PRESENTATION_STYLE_ASSIGNMENT (( #2685 ) ) ;
#2501 = STYLED_ITEM ( 'NONE', ( #9359 ), #4862 ) ;
#2502 = CARTESIAN_POINT ( 'NONE',  ( -10.25999999999999801, -0.03999999999999923755, -1.270000000000004237 ) ) ;
#2503 = PLANE ( 'NONE',  #851 ) ;
#2504 = ORIENTED_EDGE ( 'NONE', *, *, #6412, .F. ) ;
#2505 = CARTESIAN_POINT ( 'NONE',  ( 2.640000000000000124, -0.03999999999999923755, -1.270000000000004237 ) ) ;
#2506 = VERTEX_POINT ( 'NONE', #9498 ) ;
#2507 =( LENGTH_UNIT ( ) NAMED_UNIT ( * ) SI_UNIT ( .MILLI., .METRE. ) );
#2508 = ORIENTED_EDGE ( 'NONE', *, *, #4494, .T. ) ;
#2509 = CARTESIAN_POINT ( 'NONE',  ( 22.86000000000000298, 8.599999999999999645, 1.041517047584500167E-15 ) ) ;
#2510 = EDGE_CURVE ( 'NONE', #5672, #4934, #2701, .T. ) ;
#2511 = DIRECTION ( 'NONE',  ( 1.000000000000000000, 0.000000000000000000, -0.000000000000000000 ) ) ;
#2512 = DIRECTION ( 'NONE',  ( 0.000000000000000000, -1.408054769461692709E-16, 1.000000000000000000 ) ) ;
#2513 = AXIS2_PLACEMENT_3D ( 'NONE', #5074, #7284, #4923 ) ;
#2514 = ORIENTED_EDGE ( 'NONE', *, *, #3831, .T. ) ;
#2515 = DIRECTION ( 'NONE',  ( 0.3236155771181768448, 0.8891264907159940334, 0.3236155771181768448 ) ) ;
#2516 = DIRECTION ( 'NONE',  ( -1.000000000000000000, 0.000000000000000000, -0.000000000000000000 ) ) ;
#2517 = EDGE_CURVE ( 'NONE', #5970, #1181, #8116, .T. ) ;
#2518 = FACE_OUTER_BOUND ( 'NONE', #9739, .T. ) ;
#2519 = DIRECTION ( 'NONE',  ( 0.3236155771181768448, -0.8891264907159940334, -0.3236155771181768448 ) ) ;
#2520 = DIRECTION ( 'NONE',  ( 0.000000000000000000, -1.000000000000000000, -1.707404996040164265E-16 ) ) ;
#2521 = CARTESIAN_POINT ( 'NONE',  ( 8.679191070279861364, -3.000000000000000000, -0.3200000000000031708 ) ) ;
#2522 = VERTEX_POINT ( 'NONE', #2216 ) ;
#2523 = ORIENTED_EDGE ( 'NONE', *, *, #881, .T. ) ;
#2524 = EDGE_CURVE ( 'NONE', #639, #3334, #2923, .T. ) ;
#2525 = DIRECTION ( 'NONE',  ( 0.000000000000000000, 1.000000000000000000, 0.000000000000000000 ) ) ;
#2526 = AXIS2_PLACEMENT_3D ( 'NONE', #1779, #2661, #1728 ) ;
#2527 = CARTESIAN_POINT ( 'NONE',  ( -12.59999999999999964, -0.03999999999999967470, -1.020000000000004237 ) ) ;
#2528 = ORIENTED_EDGE ( 'NONE', *, *, #3458, .F. ) ;
#2529 = VERTEX_POINT ( 'NONE', #7535 ) ;
#2530 = EDGE_CURVE ( 'NONE', #181, #2106, #5107, .T. ) ;
#2531 = LINE ( 'NONE', #9295, #6330 ) ;
#2532 = CARTESIAN_POINT ( 'NONE',  ( -0.09999999999999766020, 4.743384504624081899E-17, -1.020000000000004237 ) ) ;
#2533 = DIRECTION ( 'NONE',  ( -1.000000000000000000, -0.000000000000000000, -0.000000000000000000 ) ) ;
#2534 = ORIENTED_EDGE ( 'NONE', *, *, #6778, .T. ) ;
#2535 = ADVANCED_FACE ( 'NONE', ( #718 ), #3623, .F. ) ;
#2536 =( NAMED_UNIT ( * ) PLANE_ANGLE_UNIT ( ) SI_UNIT ( $, .RADIAN. ) );
#2537 = ORIENTED_EDGE ( 'NONE', *, *, #3423, .T. ) ;
#2538 = VECTOR ( 'NONE', #7540, 1000.000000000000000 ) ;
#2539 = MECHANICAL_DESIGN_GEOMETRIC_PRESENTATION_REPRESENTATION (  '', ( #7474 ), #4282 ) ;
#2540 = ORIENTED_EDGE ( 'NONE', *, *, #6179, .T. ) ;
#2541 = LINE ( 'NONE', #5493, #8259 ) ;
#2542 = PLANE ( 'NONE',  #4378 ) ;
#2543 = FACE_OUTER_BOUND ( 'NONE', #2842, .T. ) ;
#2544 = CARTESIAN_POINT ( 'NONE',  ( -2.439999999999999503, 2.500000000000000444, -1.020000000000003793 ) ) ;
#2545 = DIRECTION ( 'NONE',  ( 0.000000000000000000, 3.771912141373855303E-16, 1.000000000000000000 ) ) ;
#2546 = ORIENTED_EDGE ( 'NONE', *, *, #3644, .T. ) ;
#2547 = VECTOR ( 'NONE', #3483, 1000.000000000000000 ) ;
#2548 = DIRECTION ( 'NONE',  ( 1.000000000000000000, 0.000000000000000000, -0.000000000000000000 ) ) ;
#2549 = CARTESIAN_POINT ( 'NONE',  ( -3.489999999999996660, 0.7500000000000000000, 0.7700000000000006839 ) ) ;
#2550 = ORIENTED_EDGE ( 'NONE', *, *, #5506, .F. ) ;
#2551 = DIRECTION ( 'NONE',  ( 0.000000000000000000, -0.000000000000000000, 1.000000000000000000 ) ) ;
#2552 = FACE_OUTER_BOUND ( 'NONE', #4337, .T. ) ;
#2553 =( NAMED_UNIT ( * ) PLANE_ANGLE_UNIT ( ) SI_UNIT ( $, .RADIAN. ) );
#2554 = PRESENTATION_LAYER_ASSIGNMENT (  '', '', ( #4799 ) ) ;
#2555 = MECHANICAL_DESIGN_GEOMETRIC_PRESENTATION_REPRESENTATION (  '', ( #7014 ), #4317 ) ;
#2556 = ORIENTED_EDGE ( 'NONE', *, *, #7244, .T. ) ;
#2557 = FILL_AREA_STYLE ('',( #2707 ) ) ;
#2558 = DIRECTION ( 'NONE',  ( -1.000000000000000000, -0.000000000000000000, -0.000000000000000000 ) ) ;
#2559 = STYLED_ITEM ( 'NONE', ( #2500 ), #1669 ) ;
#2560 = DIRECTION ( 'NONE',  ( -1.000000000000000000, -0.000000000000000000, -0.000000000000000000 ) ) ;
#2561 = LINE ( 'NONE', #3281, #1746 ) ;
#2562 = DIRECTION ( 'NONE',  ( -1.000000000000000000, 0.000000000000000000, 0.000000000000000000 ) ) ;
#2563 = CARTESIAN_POINT ( 'NONE',  ( -12.69999999999999929, 0.7500000000000000000, 0.7700000000000006839 ) ) ;
#2564 = CARTESIAN_POINT ( 'NONE',  ( -0.9499999999999977351, 8.299999999999993605, -0.3200000000000038369 ) ) ;
#2565 = VECTOR ( 'NONE', #2773, 1000.000000000000000 ) ;
#2566 = EDGE_CURVE ( 'NONE', #9161, #5672, #5254, .T. ) ;
#2567 = ORIENTED_EDGE ( 'NONE', *, *, #6981, .F. ) ;
#2568 = DIRECTION ( 'NONE',  ( -1.000000000000000000, 0.000000000000000000, 0.000000000000000000 ) ) ;
#2569 = CARTESIAN_POINT ( 'NONE',  ( -9.209999999999999076, 2.500000000000000444, -0.3200000000000021716 ) ) ;
#2570 = ORIENTED_EDGE ( 'NONE', *, *, #4950, .T. ) ;
#2571 = VERTEX_POINT ( 'NONE', #5207 ) ;
#2572 = DIRECTION ( 'NONE',  ( -1.000000000000000000, 0.000000000000000000, 0.000000000000000000 ) ) ;
#2573 = DIRECTION ( 'NONE',  ( 0.000000000000000000, 0.000000000000000000, 1.000000000000000000 ) ) ;
#2574 =( GEOMETRIC_REPRESENTATION_CONTEXT ( 3 ) GLOBAL_UNCERTAINTY_ASSIGNED_CONTEXT ( ( #5528 ) ) GLOBAL_UNIT_ASSIGNED_CONTEXT ( ( #8815, #2553, #9409 ) ) REPRESENTATION_CONTEXT ( 'NONE', 'WORKASPACE' ) );
#2575 = DIRECTION ( 'NONE',  ( -1.000000000000000000, -0.000000000000000000, -0.000000000000000000 ) ) ;
#2576 = ADVANCED_FACE ( 'NONE', ( #9597 ), #2978, .F. ) ;
#2577 = VERTEX_POINT ( 'NONE', #9793 ) ;
#2578 = EDGE_CURVE ( 'NONE', #3341, #744, #3023, .T. ) ;
#2579 = CARTESIAN_POINT ( 'NONE',  ( -4.020808929720139702, -3.000000000000000000, 1.270000000000000018 ) ) ;
#2580 = ORIENTED_EDGE ( 'NONE', *, *, #5677, .T. ) ;
#2581 = VECTOR ( 'NONE', #5953, 1000.000000000000000 ) ;
#2582 = CARTESIAN_POINT ( 'NONE',  ( -8.679191070279857811, -3.000000000000000000, 1.270000000000000018 ) ) ;
#2583 = EDGE_LOOP ( 'NONE', ( #3688, #4036, #6801, #7561 ) ) ;
#2584 = CARTESIAN_POINT ( 'NONE',  ( 6.030000000000003801, 2.500000000000000444, 0.3199999999999995071 ) ) ;
#2585 = DIRECTION ( 'NONE',  ( -0.000000000000000000, 0.000000000000000000, 1.000000000000000000 ) ) ;
#2586 = VECTOR ( 'NONE', #8463, 1000.000000000000000 ) ;
#2587 = EDGE_CURVE ( 'NONE', #3307, #1284, #5158, .T. ) ;
#2588 = STYLED_ITEM ( 'NONE', ( #1272 ), #3378 ) ;
#2589 = FILL_AREA_STYLE ('',( #9397 ) ) ;
#2590 = PLANE ( 'NONE',  #2447 ) ;
#2591 = PRESENTATION_LAYER_ASSIGNMENT (  '', '', ( #3730 ) ) ;
#2592 = STYLED_ITEM ( 'NONE', ( #9316 ), #7144 ) ;
#2593 = DIRECTION ( 'NONE',  ( 0.000000000000000000, 0.000000000000000000, -1.000000000000000000 ) ) ;
#2594 = LINE ( 'NONE', #4852, #2934 ) ;
#2595 = COLOUR_RGB ( '',1.000000000000000000, 0.8117647058823529438, 0.5019607843137254832 ) ;
#2596 = DIRECTION ( 'NONE',  ( 0.000000000000000000, 0.000000000000000000, 1.000000000000000000 ) ) ;
#2597 = ORIENTED_EDGE ( 'NONE', *, *, #3079, .T. ) ;
#2598 = SURFACE_STYLE_FILL_AREA ( #1815 ) ;
#2599 = VECTOR ( 'NONE', #6223, 1000.000000000000000 ) ;
#2600 = VECTOR ( 'NONE', #4461, 1000.000000000000000 ) ;
#2601 = VECTOR ( 'NONE', #9432, 1000.000000000000000 ) ;
#2602 = CARTESIAN_POINT ( 'NONE',  ( 10.27576162137818017, 5.371844010742015563, 1.385761621378177599 ) ) ;
#2603 = CARTESIAN_POINT ( 'NONE',  ( 6.139191070279860440, 8.599999999999999645, 1.041517047584500167E-15 ) ) ;
#2604 = CARTESIAN_POINT ( 'NONE',  ( 8.570000000000002061, -6.905096679918783842, 0.3199999999999978417 ) ) ;
#2605 = CARTESIAN_POINT ( 'NONE',  ( -9.100808929720139773, -3.000000000000000000, -0.2108089297201431456 ) ) ;
#2606 = VECTOR ( 'NONE', #3769, 1000.000000000000000 ) ;
#2607 = PRESENTATION_LAYER_ASSIGNMENT (  '', '', ( #6113 ) ) ;
#2608 = SURFACE_STYLE_FILL_AREA ( #3320 ) ;
#2609 = ORIENTED_EDGE ( 'NONE', *, *, #8345, .T. ) ;
#2610 = FILL_AREA_STYLE_COLOUR ( '', #7609 ) ;
#2611 = SURFACE_STYLE_USAGE ( .BOTH. , #7743 ) ;
#2612 = UNCERTAINTY_MEASURE_WITH_UNIT (LENGTH_MEASURE( 1.000000000000000082E-05 ), #1595, 'distance_accuracy_value', 'NONE');
#2613 = FACE_OUTER_BOUND ( 'NONE', #2493, .T. ) ;
#2614 = SURFACE_SIDE_STYLE ('',( #2480 ) ) ;
#2615 = AXIS2_PLACEMENT_3D ( 'NONE', #2355, #9051, #9203 ) ;
#2616 = DIRECTION ( 'NONE',  ( 0.000000000000000000, -0.000000000000000000, 1.000000000000000000 ) ) ;
#2617 =( NAMED_UNIT ( * ) PLANE_ANGLE_UNIT ( ) SI_UNIT ( $, .RADIAN. ) );
#2618 = DIRECTION ( 'NONE',  ( 1.000000000000000000, 0.000000000000000000, 0.000000000000000000 ) ) ;
#2619 = EDGE_LOOP ( 'NONE', ( #1572, #2144, #1323, #9379 ) ) ;
#2620 = SURFACE_STYLE_FILL_AREA ( #3190 ) ;
#2621 = VECTOR ( 'NONE', #2463, 1000.000000000000000 ) ;
#2622 = VERTEX_POINT ( 'NONE', #1520 ) ;
#2623 =( NAMED_UNIT ( * ) SI_UNIT ( $, .STERADIAN. ) SOLID_ANGLE_UNIT ( ) );
#2624 = ORIENTED_EDGE ( 'NONE', *, *, #2231, .F. ) ;
#2625 = CARTESIAN_POINT ( 'NONE',  ( -3.599191070279858184, 8.599999999999999645, 1.041517047584500167E-15 ) ) ;
#2626 = FACE_OUTER_BOUND ( 'NONE', #6662, .T. ) ;
#2627 = EDGE_CURVE ( 'NONE', #5382, #3850, #7372, .T. ) ;
#2628 = CARTESIAN_POINT ( 'NONE',  ( 12.69999999999999929, 0.000000000000000000, 1.270000000000000018 ) ) ;
#2629 = EDGE_CURVE ( 'NONE', #2739, #4323, #9013, .T. ) ;
#2630 = VECTOR ( 'NONE', #8365, 1000.000000000000000 ) ;
#2631 = ORIENTED_EDGE ( 'NONE', *, *, #9505, .F. ) ;
#2632 = DIRECTION ( 'NONE',  ( -0.9396926207859117586, -0.3420201433256594981, 0.000000000000000000 ) ) ;
#2633 = ORIENTED_EDGE ( 'NONE', *, *, #7450, .F. ) ;
#2634 = UNCERTAINTY_MEASURE_WITH_UNIT (LENGTH_MEASURE( 1.000000000000000082E-05 ), #6791, 'distance_accuracy_value', 'NONE');
#2635 = CARTESIAN_POINT ( 'NONE',  ( 6.030000000000000249, -6.905096679918783842, -0.3200000000000038369 ) ) ;
#2636 = VECTOR ( 'NONE', #2733, 1000.000000000000000 ) ;
#2637 = VERTEX_POINT ( 'NONE', #7589 ) ;
#2638 = DIRECTION ( 'NONE',  ( 0.000000000000000000, 1.000000000000000000, 1.707404996040164265E-16 ) ) ;
#2639 = CARTESIAN_POINT ( 'NONE',  ( 7.620000000000000107, 8.599999999999999645, -0.2108089297201413692 ) ) ;
#2640 = ADVANCED_FACE ( 'NONE', ( #8222 ), #766, .F. ) ;
#2641 = PLANE ( 'NONE',  #1658 ) ;
#2642 = DIRECTION ( 'NONE',  ( -0.000000000000000000, 1.000000000000000000, 1.707404996040164265E-16 ) ) ;
#2643 =( GEOMETRIC_REPRESENTATION_CONTEXT ( 3 ) GLOBAL_UNCERTAINTY_ASSIGNED_CONTEXT ( ( #6695 ) ) GLOBAL_UNIT_ASSIGNED_CONTEXT ( ( #9156, #6339, #2354 ) ) REPRESENTATION_CONTEXT ( 'NONE', 'WORKASPACE' ) );
#2644 = DIRECTION ( 'NONE',  ( 0.000000000000000000, 1.000000000000000000, 1.707404996040164265E-16 ) ) ;
#2645 = VERTEX_POINT ( 'NONE', #6622 ) ;
#2646 = ADVANCED_FACE ( 'NONE', ( #8170 ), #3725, .F. ) ;
#2647 = LINE ( 'NONE', #329, #1444 ) ;
#2648 = ORIENTED_EDGE ( 'NONE', *, *, #3581, .T. ) ;
#2649 = SURFACE_SIDE_STYLE ('',( #2598 ) ) ;
#2650 = MECHANICAL_DESIGN_GEOMETRIC_PRESENTATION_REPRESENTATION (  '', ( #1386 ), #8375 ) ;
#2651 = EDGE_CURVE ( 'NONE', #8710, #9549, #7428, .T. ) ;
#2652 = UNCERTAINTY_MEASURE_WITH_UNIT (LENGTH_MEASURE( 1.000000000000000082E-05 ), #2096, 'distance_accuracy_value', 'NONE');
#2653 = LINE ( 'NONE', #6378, #5312 ) ;
#2654 = DIRECTION ( 'NONE',  ( 0.000000000000000000, 0.000000000000000000, 1.000000000000000000 ) ) ;
#2655 = DIRECTION ( 'NONE',  ( 0.3236155771181768448, 0.8891264907159940334, -0.3236155771181768448 ) ) ;
#2656 = ORIENTED_EDGE ( 'NONE', *, *, #1753, .T. ) ;
#2657 = EDGE_CURVE ( 'NONE', #3292, #3003, #3672, .T. ) ;
#2658 = LINE ( 'NONE', #531, #7471 ) ;
#2659 = DIRECTION ( 'NONE',  ( 0.000000000000000000, -0.3420201433256594981, 0.9396926207859117586 ) ) ;
#2660 = DIRECTION ( 'NONE',  ( -1.000000000000000000, 0.000000000000000000, 0.000000000000000000 ) ) ;
#2661 = DIRECTION ( 'NONE',  ( 0.9396926207859117586, -0.3420201433256594981, 0.000000000000000000 ) ) ;
#2662 = VECTOR ( 'NONE', #8338, 1000.000000000000000 ) ;
#2663 = DIRECTION ( 'NONE',  ( 0.000000000000000000, -0.000000000000000000, 1.000000000000000000 ) ) ;
#2664 = CARTESIAN_POINT ( 'NONE',  ( -6.669999999999999929, -2.699999999999993072, 0.3199999999999985079 ) ) ;
#2665 = DIRECTION ( 'NONE',  ( -0.000000000000000000, 1.734723475976807094E-15, -1.000000000000000000 ) ) ;
#2666 = VERTEX_POINT ( 'NONE', #8969 ) ;
#2667 = DIRECTION ( 'NONE',  ( 0.3236155771181767893, 0.8891264907159940334, -0.3236155771181771224 ) ) ;
#2668 = LINE ( 'NONE', #5710, #1364 ) ;
#2669 = ORIENTED_EDGE ( 'NONE', *, *, #7980, .T. ) ;
#2670 = FILL_AREA_STYLE_COLOUR ( '', #843 ) ;
#2671 = AXIS2_PLACEMENT_3D ( 'NONE', #8179, #1372, #5993 ) ;
#2672 = VERTEX_POINT ( 'NONE', #2164 ) ;
#2673 = SURFACE_STYLE_USAGE ( .BOTH. , #9384 ) ;
#2674 =( GEOMETRIC_REPRESENTATION_CONTEXT ( 3 ) GLOBAL_UNCERTAINTY_ASSIGNED_CONTEXT ( ( #3042 ) ) GLOBAL_UNIT_ASSIGNED_CONTEXT ( ( #3097, #9147, #6756 ) ) REPRESENTATION_CONTEXT ( 'NONE', 'WORKASPACE' ) );
#2675 = ORIENTED_EDGE ( 'NONE', *, *, #3095, .F. ) ;
#2676 = CARTESIAN_POINT ( 'NONE',  ( -11.75000000000000000, -6.905096679918783842, 0.3199999999999978417 ) ) ;
#2677 = ORIENTED_EDGE ( 'NONE', *, *, #5975, .F. ) ;
#2678 = EDGE_CURVE ( 'NONE', #2187, #5873, #1415, .T. ) ;
#2679 = VERTEX_POINT ( 'NONE', #4659 ) ;
#2680 = PLANE ( 'NONE',  #5512 ) ;
#2681 = FILL_AREA_STYLE ('',( #7995 ) ) ;
#2682 = AXIS2_PLACEMENT_3D ( 'NONE', #8290, #1439, #4528 ) ;
#2683 =( NAMED_UNIT ( * ) PLANE_ANGLE_UNIT ( ) SI_UNIT ( $, .RADIAN. ) );
#2684 = AXIS2_PLACEMENT_3D ( 'NONE', #9790, #3021, #3525 ) ;
#2685 = SURFACE_STYLE_USAGE ( .BOTH. , #3449 ) ;
#2686 = LINE ( 'NONE', #1897, #5633 ) ;
#2687 = FILL_AREA_STYLE_COLOUR ( '', #4535 ) ;
#2688 = VERTEX_POINT ( 'NONE', #52 ) ;
#2689 = DIRECTION ( 'NONE',  ( 0.000000000000000000, 0.000000000000000000, -1.000000000000000000 ) ) ;
#2690 = EDGE_CURVE ( 'NONE', #4245, #8363, #1003, .T. ) ;
#2691 = EDGE_CURVE ( 'NONE', #1495, #1938, #1570, .T. ) ;
#2692 = DIRECTION ( 'NONE',  ( 1.000000000000000000, 0.000000000000000000, 0.000000000000000000 ) ) ;
#2693 = ORIENTED_EDGE ( 'NONE', *, *, #1320, .F. ) ;
#2694 = CARTESIAN_POINT ( 'NONE',  ( -1.589999999999999414, 8.299999999999993605, -0.3200000000000012279 ) ) ;
#2695 = PRESENTATION_STYLE_ASSIGNMENT (( #5468 ) ) ;
#2696 = VECTOR ( 'NONE', #4807, 1000.000000000000000 ) ;
#2697 = CARTESIAN_POINT ( 'NONE',  ( 11.21919107027986229, 8.599999999999999645, 1.041517047584500167E-15 ) ) ;
#2698 = MECHANICAL_DESIGN_GEOMETRIC_PRESENTATION_REPRESENTATION (  '', ( #956 ), #9223 ) ;
#2699 = DIRECTION ( 'NONE',  ( 0.000000000000000000, -1.000000000000000000, -1.707404996040164265E-16 ) ) ;
#2700 = EDGE_CURVE ( 'NONE', #2393, #9038, #3070, .T. ) ;
#2701 = LINE ( 'NONE', #9749, #4692 ) ;
#2702 = DIRECTION ( 'NONE',  ( -1.000000000000000000, -0.000000000000000000, -0.000000000000000000 ) ) ;
#2703 = VECTOR ( 'NONE', #8960, 1000.000000000000000 ) ;
#2704 = EDGE_LOOP ( 'NONE', ( #9185, #1592, #6929, #3259 ) ) ;
#2705 = EDGE_CURVE ( 'NONE', #6290, #1273, #5549, .T. ) ;
#2706 = DIRECTION ( 'NONE',  ( 1.000000000000000000, 0.000000000000000000, -0.000000000000000000 ) ) ;
#2707 = FILL_AREA_STYLE_COLOUR ( '', #8180 ) ;
#2708 = SURFACE_STYLE_USAGE ( .BOTH. , #5064 ) ;
#2709 = CARTESIAN_POINT ( 'NONE',  ( 0.9500000000000011768, -6.905096679918783842, 0.3199999999999978417 ) ) ;
#2710 = DIRECTION ( 'NONE',  ( 0.000000000000000000, 0.000000000000000000, -1.000000000000000000 ) ) ;
#2711 = FACE_OUTER_BOUND ( 'NONE', #4110, .T. ) ;
#2712 = STYLED_ITEM ( 'NONE', ( #3367 ), #1193 ) ;
#2713 = FACE_OUTER_BOUND ( 'NONE', #5586, .T. ) ;
#2714 = EDGE_CURVE ( 'NONE', #3230, #378, #6082, .T. ) ;
#2715 = LINE ( 'NONE', #5705, #1942 ) ;
#2716 = SURFACE_STYLE_FILL_AREA ( #9514 ) ;
#2717 = ORIENTED_EDGE ( 'NONE', *, *, #7186, .T. ) ;
#2718 = CARTESIAN_POINT ( 'NONE',  ( -10.05999999999999872, 0.000000000000000000, 1.270000000000000018 ) ) ;
#2719 = STYLED_ITEM ( 'NONE', ( #8057 ), #1525 ) ;
#2720 = PLANE ( 'NONE',  #5247 ) ;
#2721 = ORIENTED_EDGE ( 'NONE', *, *, #7030, .F. ) ;
#2722 = UNCERTAINTY_MEASURE_WITH_UNIT (LENGTH_MEASURE( 1.000000000000000082E-05 ), #8102, 'distance_accuracy_value', 'NONE');
#2723 =( LENGTH_UNIT ( ) NAMED_UNIT ( * ) SI_UNIT ( .MILLI., .METRE. ) );
#2724 = ORIENTED_EDGE ( 'NONE', *, *, #6651, .F. ) ;
#2725 = CARTESIAN_POINT ( 'NONE',  ( -0.09999999999999766020, 0.000000000000000000, 1.269999999999995799 ) ) ;
#2726 = UNCERTAINTY_MEASURE_WITH_UNIT (LENGTH_MEASURE( 1.000000000000000082E-05 ), #2470, 'distance_accuracy_value', 'NONE');
#2727 = ORIENTED_EDGE ( 'NONE', *, *, #5694, .F. ) ;
#2728 = LINE ( 'NONE', #2838, #5946 ) ;
#2729 = VECTOR ( 'NONE', #1191, 1000.000000000000114 ) ;
#2730 = ORIENTED_EDGE ( 'NONE', *, *, #6627, .T. ) ;
#2731 = VERTEX_POINT ( 'NONE', #3169 ) ;
#2732 = ORIENTED_EDGE ( 'NONE', *, *, #8818, .F. ) ;
#2733 = DIRECTION ( 'NONE',  ( -1.000000000000000000, -0.000000000000000000, -0.000000000000000000 ) ) ;
#2734 = SURFACE_SIDE_STYLE ('',( #9530 ) ) ;
#2735 = SURFACE_STYLE_FILL_AREA ( #607 ) ;
#2736 = DIRECTION ( 'NONE',  ( 1.000000000000000000, 0.000000000000000000, 0.000000000000000000 ) ) ;
#2737 = LINE ( 'NONE', #367, #3398 ) ;
#2738 = CARTESIAN_POINT ( 'NONE',  ( 12.69999999999999929, 0.000000000000000000, -1.270000000000000018 ) ) ;
#2739 = VERTEX_POINT ( 'NONE', #8512 ) ;
#2740 = VECTOR ( 'NONE', #4118, 1000.000000000000000 ) ;
#2741 = LINE ( 'NONE', #5197, #4835 ) ;
#2742 = FACE_OUTER_BOUND ( 'NONE', #9213, .T. ) ;
#2743 = ORIENTED_EDGE ( 'NONE', *, *, #4950, .F. ) ;
#2744 = DIRECTION ( 'NONE',  ( -1.000000000000000000, 0.000000000000000000, 0.000000000000000000 ) ) ;
#2745 = PLANE ( 'NONE',  #9212 ) ;
#2746 = CARTESIAN_POINT ( 'NONE',  ( 5.180000000000000604, 0.000000000000000000, 1.269999999999995799 ) ) ;
#2747 = ORIENTED_EDGE ( 'NONE', *, *, #1723, .T. ) ;
#2748 =( GEOMETRIC_REPRESENTATION_CONTEXT ( 3 ) GLOBAL_UNCERTAINTY_ASSIGNED_CONTEXT ( ( #448 ) ) GLOBAL_UNIT_ASSIGNED_CONTEXT ( ( #6282, #287, #4114 ) ) REPRESENTATION_CONTEXT ( 'NONE', 'WORKASPACE' ) );
#2749 = SURFACE_STYLE_USAGE ( .BOTH. , #8667 ) ;
#2750 = VECTOR ( 'NONE', #5653, 1000.000000000000000 ) ;
#2751 = EDGE_CURVE ( 'NONE', #8316, #7661, #3923, .T. ) ;
#2752 = LINE ( 'NONE', #6573, #4191 ) ;
#2753 = EDGE_CURVE ( 'NONE', #5423, #3605, #4804, .T. ) ;
#2754 = FACE_OUTER_BOUND ( 'NONE', #1283, .T. ) ;
#2755 = VECTOR ( 'NONE', #4261, 1000.000000000000000 ) ;
#2756 = DIRECTION ( 'NONE',  ( 0.000000000000000000, -1.707404996040164265E-16, 1.000000000000000000 ) ) ;
#2757 = VERTEX_POINT ( 'NONE', #903 ) ;
#2758 =( GEOMETRIC_REPRESENTATION_CONTEXT ( 3 ) GLOBAL_UNCERTAINTY_ASSIGNED_CONTEXT ( ( #7035 ) ) GLOBAL_UNIT_ASSIGNED_CONTEXT ( ( #2723, #6485, #2623 ) ) REPRESENTATION_CONTEXT ( 'NONE', 'WORKASPACE' ) );
#2759 = VECTOR ( 'NONE', #6271, 1000.000000000000000 ) ;
#2760 = COLOUR_RGB ( '',1.000000000000000000, 0.8117647058823529438, 0.5019607843137254832 ) ;
#2761 = DIRECTION ( 'NONE',  ( -1.000000000000000000, 0.000000000000000000, 0.000000000000000000 ) ) ;
#2762 = EDGE_CURVE ( 'NONE', #2390, #8140, #9124, .T. ) ;
#2763 = FACE_OUTER_BOUND ( 'NONE', #9083, .T. ) ;
#2764 = FILL_AREA_STYLE_COLOUR ( '', #9532 ) ;
#2765 = CARTESIAN_POINT ( 'NONE',  ( 12.69999999999999929, 0.000000000000000000, 1.270000000000000018 ) ) ;
#2766 = MECHANICAL_DESIGN_GEOMETRIC_PRESENTATION_REPRESENTATION (  '', ( #8325 ), #3100 ) ;
#2767 = PRESENTATION_STYLE_ASSIGNMENT (( #6525 ) ) ;
#2768 = CARTESIAN_POINT ( 'NONE',  ( 8.570000000000002061, -2.699999999999993072, 0.3199999999999985634 ) ) ;
#2769 = CARTESIAN_POINT ( 'NONE',  ( 3.998731534135322896, 8.660657145849658178, -0.1887315341353228981 ) ) ;
#2770 = ADVANCED_FACE ( 'NONE', ( #4754 ), #6980, .F. ) ;
#2771 = AXIS2_PLACEMENT_3D ( 'NONE', #9069, #3782, #6786 ) ;
#2772 = VECTOR ( 'NONE', #4517, 1000.000000000000000 ) ;
#2773 = DIRECTION ( 'NONE',  ( -0.000000000000000000, 1.000000000000000000, 1.707404996040164265E-16 ) ) ;
#2774 = LINE ( 'NONE', #4422, #373 ) ;
#2775 = EDGE_LOOP ( 'NONE', ( #8542, #1597, #769, #5075 ) ) ;
#2776 = DIRECTION ( 'NONE',  ( 0.3236155771181767893, -0.8891264907159940334, 0.3236155771181771224 ) ) ;
#2777 = ADVANCED_FACE ( 'NONE', ( #9309 ), #2320, .F. ) ;
#2778 = CARTESIAN_POINT ( 'NONE',  ( -2.424238378621821788, 5.371844010742015563, 1.385761621378177599 ) ) ;
#2779 = ORIENTED_EDGE ( 'NONE', *, *, #2057, .T. ) ;
#2780 = STYLED_ITEM ( 'NONE', ( #2459 ), #2829 ) ;
#2781 = SURFACE_STYLE_FILL_AREA ( #1984 ) ;
#2782 = COLOUR_RGB ( '',1.000000000000000000, 0.8117647058823529438, 0.5019607843137254832 ) ;
#2783 = VERTEX_POINT ( 'NONE', #233 ) ;
#2784 =( NAMED_UNIT ( * ) SI_UNIT ( $, .STERADIAN. ) SOLID_ANGLE_UNIT ( ) );
#2785 = PRESENTATION_STYLE_ASSIGNMENT (( #7984 ) ) ;
#2786 = EDGE_CURVE ( 'NONE', #4735, #928, #9173, .T. ) ;
#2787 = STYLED_ITEM ( 'NONE', ( #6195 ), #3572 ) ;
#2788 = ORIENTED_EDGE ( 'NONE', *, *, #3373, .T. ) ;
#2789 = CARTESIAN_POINT ( 'NONE',  ( -3.599191070279858184, -3.000000000000000000, -0.2108089297201431456 ) ) ;
#2790 = ORIENTED_EDGE ( 'NONE', *, *, #7436, .F. ) ;
#2791 = EDGE_CURVE ( 'NONE', #1842, #3750, #190, .T. ) ;
#2792 = EDGE_LOOP ( 'NONE', ( #9541, #7675, #756, #6171 ) ) ;
#2793 = FILL_AREA_STYLE ('',( #8386 ) ) ;
#2794 = ORIENTED_EDGE ( 'NONE', *, *, #1579, .F. ) ;
#2795 = LINE ( 'NONE', #8847, #2005 ) ;
#2796 = FILL_AREA_STYLE ('',( #2902 ) ) ;
#2797 = AXIS2_PLACEMENT_3D ( 'NONE', #1408, #5932, #3561 ) ;
#2798 = DIRECTION ( 'NONE',  ( 0.3236155771181768448, -0.8891264907159940334, -0.3236155771181768448 ) ) ;
#2799 = DIRECTION ( 'NONE',  ( 0.000000000000000000, 1.000000000000000000, 1.707404996040164265E-16 ) ) ;
#2800 = ORIENTED_EDGE ( 'NONE', *, *, #5651, .F. ) ;
#2801 = FILL_AREA_STYLE ('',( #3615 ) ) ;
#2802 = VECTOR ( 'NONE', #3862, 1000.000000000000114 ) ;
#2803 = DIRECTION ( 'NONE',  ( 0.000000000000000000, -1.734723475976807094E-15, 1.000000000000000000 ) ) ;
#2804 = ORIENTED_EDGE ( 'NONE', *, *, #8237, .F. ) ;
#2805 = CARTESIAN_POINT ( 'NONE',  ( 8.570000000000003837, -0.03999999999999967470, -0.3200000000000026157 ) ) ;
#2806 = DIRECTION ( 'NONE',  ( 0.000000000000000000, 0.000000000000000000, -1.000000000000000000 ) ) ;
#2807 = DIRECTION ( 'NONE',  ( -0.000000000000000000, 1.000000000000000000, 1.707404996040164265E-16 ) ) ;
#2808 = ORIENTED_EDGE ( 'NONE', *, *, #2510, .F. ) ;
#2809 = FACE_OUTER_BOUND ( 'NONE', #140, .T. ) ;
#2810 = LINE ( 'NONE', #5054, #54 ) ;
#2811 = CARTESIAN_POINT ( 'NONE',  ( -11.10999999999999766, -0.03999999999999967470, -0.3200000000000026157 ) ) ;
#2812 = DIRECTION ( 'NONE',  ( 0.000000000000000000, 0.000000000000000000, -1.000000000000000000 ) ) ;
#2813 = CARTESIAN_POINT ( 'NONE',  ( -4.129999999999998117, 2.500000000000000444, 0.3199999999999995071 ) ) ;
#2814 = ORIENTED_EDGE ( 'NONE', *, *, #2423, .T. ) ;
#2815 = DIRECTION ( 'NONE',  ( 0.000000000000000000, -0.3420201433256594981, -0.9396926207859117586 ) ) ;
#2816 = AXIS2_PLACEMENT_3D ( 'NONE', #1253, #7424, #6780 ) ;
#2817 = ORIENTED_EDGE ( 'NONE', *, *, #9398, .T. ) ;
#2818 = ADVANCED_FACE ( 'NONE', ( #5400 ), #2503, .F. ) ;
#2819 = DIRECTION ( 'NONE',  ( 0.000000000000000000, -0.000000000000000000, 1.000000000000000000 ) ) ;
#2820 = DIRECTION ( 'NONE',  ( 0.000000000000000000, 0.000000000000000000, 1.000000000000000000 ) ) ;
#2821 = DIRECTION ( 'NONE',  ( 0.000000000000000000, 0.000000000000000000, -1.000000000000000000 ) ) ;
#2822 = DIRECTION ( 'NONE',  ( -0.000000000000000000, 1.000000000000000000, 1.707404996040164265E-16 ) ) ;
#2823 = CARTESIAN_POINT ( 'NONE',  ( -2.439999999999999503, 2.500000000000000444, -1.020000000000003793 ) ) ;
#2824 = CARTESIAN_POINT ( 'NONE',  ( 7.720000000000001528, 2.500000000000000444, 1.019999999999996243 ) ) ;
#2825 = AXIS2_PLACEMENT_3D ( 'NONE', #7725, #6077, #2315 ) ;
#2826 = CARTESIAN_POINT ( 'NONE',  ( 12.69999999999999929, 0.000000000000000000, 1.270000000000000018 ) ) ;
#2827 = ORIENTED_EDGE ( 'NONE', *, *, #6236, .F. ) ;
#2828 = DIRECTION ( 'NONE',  ( 0.000000000000000000, 0.000000000000000000, 1.000000000000000000 ) ) ;
#2829 = ADVANCED_FACE ( 'NONE', ( #9266 ), #7639, .F. ) ;
#2830 = CARTESIAN_POINT ( 'NONE',  ( -3.634204948351979603, 3.882392806044252964, -2.715795051648021374 ) ) ;
#2831 = EDGE_LOOP ( 'NONE', ( #2609, #5238, #3053, #9619 ) ) ;
#2832 = UNCERTAINTY_MEASURE_WITH_UNIT (LENGTH_MEASURE( 1.000000000000000082E-05 ), #7155, 'distance_accuracy_value', 'NONE');
#2833 = VECTOR ( 'NONE', #5121, 1000.000000000000000 ) ;
#2834 = CARTESIAN_POINT ( 'NONE',  ( 3.490000000000003322, -0.03999999999999967470, -0.3200000000000026157 ) ) ;
#2835 =( GEOMETRIC_REPRESENTATION_CONTEXT ( 3 ) GLOBAL_UNCERTAINTY_ASSIGNED_CONTEXT ( ( #8801 ) ) GLOBAL_UNIT_ASSIGNED_CONTEXT ( ( #5320, #634, #1533 ) ) REPRESENTATION_CONTEXT ( 'NONE', 'WORKASPACE' ) );
#2836 = ORIENTED_EDGE ( 'NONE', *, *, #1236, .T. ) ;
#2837 = PLANE ( 'NONE',  #2384 ) ;
#2838 = CARTESIAN_POINT ( 'NONE',  ( 11.75000000000000355, -6.905096679918783842, 0.3199999999999978417 ) ) ;
#2839 = EDGE_CURVE ( 'NONE', #5817, #1500, #1850, .T. ) ;
#2840 =( GEOMETRIC_REPRESENTATION_CONTEXT ( 3 ) GLOBAL_UNCERTAINTY_ASSIGNED_CONTEXT ( ( #3345 ) ) GLOBAL_UNIT_ASSIGNED_CONTEXT ( ( #154, #6286, #2074 ) ) REPRESENTATION_CONTEXT ( 'NONE', 'WORKASPACE' ) );
#2841 = ORIENTED_EDGE ( 'NONE', *, *, #6838, .F. ) ;
#2842 = EDGE_LOOP ( 'NONE', ( #835, #4431, #5602, #3660 ) ) ;
#2843 = VECTOR ( 'NONE', #4314, 1000.000000000000000 ) ;
#2844 = EDGE_CURVE ( 'NONE', #8400, #7101, #1194, .T. ) ;
#2845 = ORIENTED_EDGE ( 'NONE', *, *, #6850, .T. ) ;
#2846 = VECTOR ( 'NONE', #6693, 1000.000000000000000 ) ;
#2847 = ORIENTED_EDGE ( 'NONE', *, *, #5018, .F. ) ;
#2848 = CARTESIAN_POINT ( 'NONE',  ( -4.980000000000000426, -0.03999999999999967470, -1.020000000000004237 ) ) ;
#2849 =( GEOMETRIC_REPRESENTATION_CONTEXT ( 3 ) GLOBAL_UNCERTAINTY_ASSIGNED_CONTEXT ( ( #6594 ) ) GLOBAL_UNIT_ASSIGNED_CONTEXT ( ( #6294, #6244, #8678 ) ) REPRESENTATION_CONTEXT ( 'NONE', 'WORKASPACE' ) );
#2850 = DIRECTION ( 'NONE',  ( -1.000000000000000000, 0.000000000000000000, 0.000000000000000000 ) ) ;
#2851 = SURFACE_SIDE_STYLE ('',( #2053 ) ) ;
#2852 = ORIENTED_EDGE ( 'NONE', *, *, #5149, .T. ) ;
#2853 = EDGE_CURVE ( 'NONE', #3192, #4588, #3306, .T. ) ;
#2854 = CARTESIAN_POINT ( 'NONE',  ( 12.70000000000000107, 8.599999999999999645, -0.2108089297201413692 ) ) ;
#2855 = VERTEX_POINT ( 'NONE', #4058 ) ;
#2856 = EDGE_LOOP ( 'NONE', ( #6546, #3115, #1562, #9675 ) ) ;
#2857 = PRESENTATION_LAYER_ASSIGNMENT (  '', '', ( #5150 ) ) ;
#2858 =( NAMED_UNIT ( * ) PLANE_ANGLE_UNIT ( ) SI_UNIT ( $, .RADIAN. ) );
#2859 = VECTOR ( 'NONE', #2572, 1000.000000000000000 ) ;
#2860 = DIRECTION ( 'NONE',  ( 0.000000000000000000, 1.000000000000000000, 1.707404996040164265E-16 ) ) ;
#2861 = VECTOR ( 'NONE', #1497, 1000.000000000000000 ) ;
#2862 = ORIENTED_EDGE ( 'NONE', *, *, #6737, .T. ) ;
#2863 = PLANE ( 'NONE',  #4868 ) ;
#2864 = DIRECTION ( 'NONE',  ( 1.000000000000000000, 0.000000000000000000, 0.000000000000000000 ) ) ;
#2865 = SURFACE_SIDE_STYLE ('',( #9643 ) ) ;
#2866 = ORIENTED_EDGE ( 'NONE', *, *, #5080, .F. ) ;
#2867 = LINE ( 'NONE', #8166, #6090 ) ;
#2868 = CARTESIAN_POINT ( 'NONE',  ( 3.599191070279859961, -3.000000000000000000, 0.2108089297201388157 ) ) ;
#2869 = CARTESIAN_POINT ( 'NONE',  ( -10.25999999999999801, 4.743384504624081899E-17, -1.020000000000004237 ) ) ;
#2870 = CARTESIAN_POINT ( 'NONE',  ( 11.11000000000000121, 8.299999999999993605, -0.3200000000000038369 ) ) ;
#2871 = MECHANICAL_DESIGN_GEOMETRIC_PRESENTATION_REPRESENTATION (  '', ( #5718 ), #5255 ) ;
#2872 = CARTESIAN_POINT ( 'NONE',  ( 3.488265122837693966, -2.695233464171030047, 0.3217348771623044223 ) ) ;
#2873 = ORIENTED_EDGE ( 'NONE', *, *, #1782, .T. ) ;
#2874 = CARTESIAN_POINT ( 'NONE',  ( -12.59999999999999964, 2.500000000000000444, 1.269999999999996243 ) ) ;
#2875 =( GEOMETRIC_REPRESENTATION_CONTEXT ( 3 ) GLOBAL_UNCERTAINTY_ASSIGNED_CONTEXT ( ( #7111 ) ) GLOBAL_UNIT_ASSIGNED_CONTEXT ( ( #7378, #1964, #9503 ) ) REPRESENTATION_CONTEXT ( 'NONE', 'WORKASPACE' ) );
#2876 = DIRECTION ( 'NONE',  ( 1.000000000000000000, 0.000000000000000000, 0.000000000000000000 ) ) ;
#2877 = PLANE ( 'NONE',  #3693 ) ;
#2878 = PRESENTATION_LAYER_ASSIGNMENT (  '', '', ( #4777 ) ) ;
#2879 = DIRECTION ( 'NONE',  ( 0.000000000000000000, 1.000000000000000000, 1.707404996040164265E-16 ) ) ;
#2880 = SURFACE_SIDE_STYLE ('',( #6092 ) ) ;
#2881 = CARTESIAN_POINT ( 'NONE',  ( 7.720000000000001528, 0.000000000000000000, 1.270000000000000018 ) ) ;
#2882 = DIRECTION ( 'NONE',  ( 0.000000000000000000, 1.000000000000000000, 1.707404996040164265E-16 ) ) ;
#2883 = MECHANICAL_DESIGN_GEOMETRIC_PRESENTATION_REPRESENTATION (  '', ( #4153 ), #3517 ) ;
#2884 = PLANE ( 'NONE',  #7683 ) ;
#2885 = ORIENTED_EDGE ( 'NONE', *, *, #5616, .T. ) ;
#2886 = FACE_OUTER_BOUND ( 'NONE', #4627, .T. ) ;
#2887 = LINE ( 'NONE', #1535, #5854 ) ;
#2888 = ORIENTED_EDGE ( 'NONE', *, *, #2839, .T. ) ;
#2889 = DIRECTION ( 'NONE',  ( 0.000000000000000000, 0.000000000000000000, -1.000000000000000000 ) ) ;
#2890 = VECTOR ( 'NONE', #5371, 1000.000000000000000 ) ;
#2891 = ORIENTED_EDGE ( 'NONE', *, *, #576, .F. ) ;
#2892 = ADVANCED_FACE ( 'NONE', ( #7256 ), #9399, .F. ) ;
#2893 = PRESENTATION_LAYER_ASSIGNMENT (  '', '', ( #7659 ) ) ;
#2894 = ORIENTED_EDGE ( 'NONE', *, *, #1059, .T. ) ;
#2895 = DIRECTION ( 'NONE',  ( 1.000000000000000000, 0.000000000000000000, 0.000000000000000000 ) ) ;
#2896 = ORIENTED_EDGE ( 'NONE', *, *, #1517, .T. ) ;
#2897 = CARTESIAN_POINT ( 'NONE',  ( -0.9499999999999977351, -6.905096679918783842, -0.3200000000000038369 ) ) ;
#2898 = ORIENTED_EDGE ( 'NONE', *, *, #6645, .T. ) ;
#2899 = EDGE_LOOP ( 'NONE', ( #308, #417, #8846, #513 ) ) ;
#2900 = EDGE_CURVE ( 'NONE', #1008, #2757, #465, .T. ) ;
#2901 = CARTESIAN_POINT ( 'NONE',  ( 11.75000000000000355, -6.905096679918783842, -0.3200000000000038369 ) ) ;
#2902 = FILL_AREA_STYLE_COLOUR ( '', #1754 ) ;
#2903 = DIRECTION ( 'NONE',  ( 0.000000000000000000, 1.000000000000000000, 1.707404996040164265E-16 ) ) ;
#2904 = PRESENTATION_LAYER_ASSIGNMENT (  '', '', ( #9703 ) ) ;
#2905 = DIRECTION ( 'NONE',  ( -0.000000000000000000, 1.000000000000000000, 1.707404996040164265E-16 ) ) ;
#2906 = EDGE_CURVE ( 'NONE', #6199, #3236, #4990, .T. ) ;
#2907 =( LENGTH_UNIT ( ) NAMED_UNIT ( * ) SI_UNIT ( .MILLI., .METRE. ) );
#2908 = VERTEX_POINT ( 'NONE', #416 ) ;
#2909 = DIRECTION ( 'NONE',  ( 0.000000000000000000, 1.408054769461692709E-16, -1.000000000000000000 ) ) ;
#2910 = PRESENTATION_LAYER_ASSIGNMENT (  '', '', ( #3077 ) ) ;
#2911 = SURFACE_SIDE_STYLE ('',( #2112 ) ) ;
#2912 = ORIENTED_EDGE ( 'NONE', *, *, #8654, .T. ) ;
#2913 = EDGE_CURVE ( 'NONE', #8961, #5184, #1144, .T. ) ;
#2914 = LINE ( 'NONE', #7422, #5660 ) ;
#2915 = CARTESIAN_POINT ( 'NONE',  ( -3.998731534135321120, 8.660657145849658178, 0.1887315341353224540 ) ) ;
#2916 = PLANE ( 'NONE',  #2816 ) ;
#2917 = CARTESIAN_POINT ( 'NONE',  ( 5.080000000000000071, 8.599999999999999645, 1.041517047584500167E-15 ) ) ;
#2918 = CARTESIAN_POINT ( 'NONE',  ( 6.538731534135323820, 8.660657145849658178, -0.1887315341353228981 ) ) ;
#2919 = CARTESIAN_POINT ( 'NONE',  ( -3.599191070279858184, 8.599999999999999645, 1.041517047584500167E-15 ) ) ;
#2920 = ADVANCED_FACE ( 'NONE', ( #5684 ), #9535, .F. ) ;
#2921 =( GEOMETRIC_REPRESENTATION_CONTEXT ( 3 ) GLOBAL_UNCERTAINTY_ASSIGNED_CONTEXT ( ( #2726 ) ) GLOBAL_UNIT_ASSIGNED_CONTEXT ( ( #2470, #6099, #8523 ) ) REPRESENTATION_CONTEXT ( 'NONE', 'WORKASPACE' ) );
#2922 = ORIENTED_EDGE ( 'NONE', *, *, #4117, .F. ) ;
#2923 = LINE ( 'NONE', #8324, #8320 ) ;
#2924 = LINE ( 'NONE', #8971, #8315 ) ;
#2925 = EDGE_LOOP ( 'NONE', ( #5881, #2981, #2169, #8173 ) ) ;
#2926 = DIRECTION ( 'NONE',  ( -1.000000000000000000, 0.000000000000000000, 0.000000000000000000 ) ) ;
#2927 = VERTEX_POINT ( 'NONE', #8705 ) ;
#2928 = LINE ( 'NONE', #8975, #118 ) ;
#2929 = STYLED_ITEM ( 'NONE', ( #7371 ), #8099 ) ;
#2930 = SURFACE_STYLE_USAGE ( .BOTH. , #9707 ) ;
#2931 = AXIS2_PLACEMENT_3D ( 'NONE', #2826, #2938, #2180 ) ;
#2932 = DIRECTION ( 'NONE',  ( 0.3236155771181768448, -0.8891264907159940334, 0.3236155771181768448 ) ) ;
#2933 = CARTESIAN_POINT ( 'NONE',  ( -12.69999999999999929, 9.429780353434492812E-17, -1.020000000000004015 ) ) ;
#2934 = VECTOR ( 'NONE', #4897, 1000.000000000000000 ) ;
#2935 = CARTESIAN_POINT ( 'NONE',  ( -6.560808929720139737, -3.000000000000000000, -0.3200000000000031708 ) ) ;
#2936 = COLOUR_RGB ( '',1.000000000000000000, 0.8117647058823529438, 0.5019607843137254832 ) ;
#2937 = STYLED_ITEM ( 'NONE', ( #7849 ), #7361 ) ;
#2938 = DIRECTION ( 'NONE',  ( 0.000000000000000000, 0.000000000000000000, -1.000000000000000000 ) ) ;
#2939 = VERTEX_POINT ( 'NONE', #5598 ) ;
#2940 = DIRECTION ( 'NONE',  ( -0.000000000000000000, 1.000000000000000000, 1.707404996040164265E-16 ) ) ;
#2941 = VECTOR ( 'NONE', #4241, 1000.000000000000000 ) ;
#2942 = PLANE ( 'NONE',  #7891 ) ;
#2943 = ORIENTED_EDGE ( 'NONE', *, *, #9151, .F. ) ;
#2944 = UNCERTAINTY_MEASURE_WITH_UNIT (LENGTH_MEASURE( 1.000000000000000082E-05 ), #197, 'distance_accuracy_value', 'NONE');
#2945 = FACE_OUTER_BOUND ( 'NONE', #8190, .T. ) ;
#2946 = EDGE_LOOP ( 'NONE', ( #9794, #8350, #9057, #2534 ) ) ;
#2947 =( GEOMETRIC_REPRESENTATION_CONTEXT ( 3 ) GLOBAL_UNCERTAINTY_ASSIGNED_CONTEXT ( ( #9230 ) ) GLOBAL_UNIT_ASSIGNED_CONTEXT ( ( #6529, #7141, #5706 ) ) REPRESENTATION_CONTEXT ( 'NONE', 'WORKASPACE' ) );
#2948 = PLANE ( 'NONE',  #6025 ) ;
#2949 = PRESENTATION_LAYER_ASSIGNMENT (  '', '', ( #1816 ) ) ;
#2950 = CARTESIAN_POINT ( 'NONE',  ( -12.59999999999999964, 2.500000000000000444, -1.020000000000003793 ) ) ;
#2951 = ORIENTED_EDGE ( 'NONE', *, *, #3252, .T. ) ;
#2952 = AXIS2_PLACEMENT_3D ( 'NONE', #2205, #6661, #6022 ) ;
#2953 = MECHANICAL_DESIGN_GEOMETRIC_PRESENTATION_REPRESENTATION (  '', ( #7207 ), #8797 ) ;
#2954 = LINE ( 'NONE', #9771, #3304 ) ;
#2955 = PLANE ( 'NONE',  #6482 ) ;
#2956 = VERTEX_POINT ( 'NONE', #1055 ) ;
#2957 = UNCERTAINTY_MEASURE_WITH_UNIT (LENGTH_MEASURE( 1.000000000000000082E-05 ), #7721, 'distance_accuracy_value', 'NONE');
#2958 = EDGE_CURVE ( 'NONE', #8909, #7828, #8608, .T. ) ;
#2959 = ORIENTED_EDGE ( 'NONE', *, *, #1438, .T. ) ;
#2960 =( NAMED_UNIT ( * ) PLANE_ANGLE_UNIT ( ) SI_UNIT ( $, .RADIAN. ) );
#2961 = EDGE_CURVE ( 'NONE', #717, #5523, #8752, .T. ) ;
#2962 = CARTESIAN_POINT ( 'NONE',  ( -7.719999999999997975, 0.000000000000000000, 1.270000000000000018 ) ) ;
#2963 = DIRECTION ( 'NONE',  ( -1.000000000000000000, 0.000000000000000000, -0.000000000000000000 ) ) ;
#2964 = FILL_AREA_STYLE ('',( #2107 ) ) ;
#2965 = VECTOR ( 'NONE', #5481, 1000.000000000000000 ) ;
#2966 = ORIENTED_EDGE ( 'NONE', *, *, #8174, .T. ) ;
#2967 =( NAMED_UNIT ( * ) PLANE_ANGLE_UNIT ( ) SI_UNIT ( $, .RADIAN. ) );
#2968 = VECTOR ( 'NONE', #8014, 1000.000000000000114 ) ;
#2969 = ORIENTED_EDGE ( 'NONE', *, *, #5441, .F. ) ;
#2970 = FILL_AREA_STYLE ('',( #1356 ) ) ;
#2971 = EDGE_CURVE ( 'NONE', #2011, #8387, #2003, .T. ) ;
#2972 = DIRECTION ( 'NONE',  ( 0.000000000000000000, 0.000000000000000000, 1.000000000000000000 ) ) ;
#2973 = FACE_BOUND ( 'NONE', #692, .T. ) ;
#2974 = PLANE ( 'NONE',  #5627 ) ;
#2975 = LINE ( 'NONE', #5838, #6685 ) ;
#2976 = SURFACE_SIDE_STYLE ('',( #1413 ) ) ;
#2977 = ORIENTED_EDGE ( 'NONE', *, *, #7914, .T. ) ;
#2978 = PLANE ( 'NONE',  #8327 ) ;
#2979 = ADVANCED_FACE ( 'NONE', ( #1102 ), #3452, .F. ) ;
#2980 = CARTESIAN_POINT ( 'NONE',  ( 10.06000000000000227, -0.03999999999999967470, 1.019999999999995799 ) ) ;
#2981 = ORIENTED_EDGE ( 'NONE', *, *, #705, .T. ) ;
#2982 = CARTESIAN_POINT ( 'NONE',  ( 12.69999999999999929, 0.000000000000000000, 1.019999999999995799 ) ) ;
#2983 = CARTESIAN_POINT ( 'NONE',  ( 22.86000000000000298, 8.599999999999999645, -0.2108089297201413692 ) ) ;
#2984 = ADVANCED_FACE ( 'NONE', ( #3401 ), #1898, .F. ) ;
#2985 = DIRECTION ( 'NONE',  ( 0.000000000000000000, -1.707404996040164265E-16, 1.000000000000000000 ) ) ;
#2986 = AXIS2_PLACEMENT_3D ( 'NONE', #1097, #4150, #5542 ) ;
#2987 = SURFACE_STYLE_USAGE ( .BOTH. , #6742 ) ;
#2988 = EDGE_CURVE ( 'NONE', #5781, #6903, #6714, .T. ) ;
#2989 = CARTESIAN_POINT ( 'NONE',  ( 6.030000000000003801, -0.03999999999999967470, -0.3200000000000026157 ) ) ;
#2990 = VECTOR ( 'NONE', #6893, 1000.000000000000000 ) ;
#2991 = ORIENTED_EDGE ( 'NONE', *, *, #5949, .F. ) ;
#2992 = CARTESIAN_POINT ( 'NONE',  ( 0.1000000000000011297, 0.000000000000000000, 1.270000000000000018 ) ) ;
#2993 = DIRECTION ( 'NONE',  ( 0.000000000000000000, -1.000000000000000000, -1.707404996040164265E-16 ) ) ;
#2994 = DIRECTION ( 'NONE',  ( -1.000000000000000000, -0.000000000000000000, -0.000000000000000000 ) ) ;
#2995 = ORIENTED_EDGE ( 'NONE', *, *, #6102, .T. ) ;
#2996 = FACE_OUTER_BOUND ( 'NONE', #213, .T. ) ;
#2997 = ORIENTED_EDGE ( 'NONE', *, *, #4016, .F. ) ;
#2998 = SURFACE_STYLE_USAGE ( .BOTH. , #1488 ) ;
#2999 = LINE ( 'NONE', #9040, #3020 ) ;
#3000 = VECTOR ( 'NONE', #7082, 1000.000000000000000 ) ;
#3001 = PLANE ( 'NONE',  #6901 ) ;
#3002 = VERTEX_POINT ( 'NONE', #1293 ) ;
#3003 = VERTEX_POINT ( 'NONE', #4338 ) ;
#3004 = ORIENTED_EDGE ( 'NONE', *, *, #2028, .T. ) ;
#3005 = ORIENTED_EDGE ( 'NONE', *, *, #9317, .F. ) ;
#3006 = SURFACE_STYLE_USAGE ( .BOTH. , #9050 ) ;
#3007 = CARTESIAN_POINT ( 'NONE',  ( -2.639999999999998348, 1.885956070686925433E-16, -0.7700000000000006839 ) ) ;
#3008 = CARTESIAN_POINT ( 'NONE',  ( -12.59999999999999964, -0.03999999999999923755, -1.270000000000004237 ) ) ;
#3009 = LINE ( 'NONE', #6344, #6215 ) ;
#3010 = VECTOR ( 'NONE', #5755, 1000.000000000000000 ) ;
#3011 = ORIENTED_EDGE ( 'NONE', *, *, #3199, .F. ) ;
#3012 = PRESENTATION_LAYER_ASSIGNMENT (  '', '', ( #6007 ) ) ;
#3013 = ORIENTED_EDGE ( 'NONE', *, *, #2753, .F. ) ;
#3014 = EDGE_CURVE ( 'NONE', #3600, #8494, #2055, .T. ) ;
#3015 =( LENGTH_UNIT ( ) NAMED_UNIT ( * ) SI_UNIT ( .MILLI., .METRE. ) );
#3016 = VERTEX_POINT ( 'NONE', #7520 ) ;
#3017 =( NAMED_UNIT ( * ) PLANE_ANGLE_UNIT ( ) SI_UNIT ( $, .RADIAN. ) );
#3018 = DIRECTION ( 'NONE',  ( 0.000000000000000000, 0.000000000000000000, 1.000000000000000000 ) ) ;
#3019 = CARTESIAN_POINT ( 'NONE',  ( 10.06000000000000227, -0.03999999999999967470, -1.020000000000004237 ) ) ;
#3020 = VECTOR ( 'NONE', #9193, 1000.000000000000000 ) ;
#3021 = DIRECTION ( 'NONE',  ( 0.000000000000000000, -0.3420201433256594981, 0.9396926207859117586 ) ) ;
#3022 = SURFACE_STYLE_FILL_AREA ( #1412 ) ;
#3023 = LINE ( 'NONE', #6035, #6900 ) ;
#3024 = EDGE_CURVE ( 'NONE', #6065, #2011, #3710, .T. ) ;
#3025 = ORIENTED_EDGE ( 'NONE', *, *, #8597, .F. ) ;
#3026 = CARTESIAN_POINT ( 'NONE',  ( 2.540000000000000036, 8.599999999999999645, 1.041517047584500167E-15 ) ) ;
#3027 = DIRECTION ( 'NONE',  ( 0.9396926207859117586, -0.3420201433256594981, -0.000000000000000000 ) ) ;
#3028 = DIRECTION ( 'NONE',  ( 0.000000000000000000, -0.000000000000000000, 1.000000000000000000 ) ) ;
#3029 = PRESENTATION_STYLE_ASSIGNMENT (( #5899 ) ) ;
#3030 = EDGE_CURVE ( 'NONE', #3605, #8884, #9055, .T. ) ;
#3031 = DIRECTION ( 'NONE',  ( -1.000000000000000000, 0.000000000000000000, 0.000000000000000000 ) ) ;
#3032 = PRESENTATION_STYLE_ASSIGNMENT (( #775 ) ) ;
#3033 = EDGE_CURVE ( 'NONE', #8809, #3653, #9738, .T. ) ;
#3034 = FACE_OUTER_BOUND ( 'NONE', #5073, .T. ) ;
#3035 = VECTOR ( 'NONE', #148, 1000.000000000000000 ) ;
#3036 = EDGE_LOOP ( 'NONE', ( #3454, #1986, #7458, #4340 ) ) ;
#3037 = CARTESIAN_POINT ( 'NONE',  ( -9.209999999999999076, -2.699999999999993072, 0.3199999999999985634 ) ) ;
#3038 = AXIS2_PLACEMENT_3D ( 'NONE', #3348, #7022, #5543 ) ;
#3039 = DIRECTION ( 'NONE',  ( -1.000000000000000000, 0.000000000000000000, 0.000000000000000000 ) ) ;
#3040 = CARTESIAN_POINT ( 'NONE',  ( -10.05999999999999872, 2.500000000000000444, 1.019999999999996243 ) ) ;
#3041 = VERTEX_POINT ( 'NONE', #6770 ) ;
#3042 = UNCERTAINTY_MEASURE_WITH_UNIT (LENGTH_MEASURE( 1.000000000000000082E-05 ), #3097, 'distance_accuracy_value', 'NONE');
#3043 = CARTESIAN_POINT ( 'NONE',  ( -11.10999999999999766, 2.500000000000000444, -0.3200000000000021161 ) ) ;
#3044 = ORIENTED_EDGE ( 'NONE', *, *, #4664, .T. ) ;
#3045 = ADVANCED_FACE ( 'NONE', ( #8907 ), #2255, .F. ) ;
#3046 =( LENGTH_UNIT ( ) NAMED_UNIT ( * ) SI_UNIT ( .MILLI., .METRE. ) );
#3047 = CARTESIAN_POINT ( 'NONE',  ( -6.669999999999999041, -0.03999999999999967470, 0.3199999999999990630 ) ) ;
#3048 = AXIS2_PLACEMENT_3D ( 'NONE', #3404, #2692, #8708 ) ;
#3049 = EDGE_CURVE ( 'NONE', #8000, #9424, #5826, .T. ) ;
#3050 = ORIENTED_EDGE ( 'NONE', *, *, #9224, .T. ) ;
#3051 = VECTOR ( 'NONE', #2516, 1000.000000000000000 ) ;
#3052 = CARTESIAN_POINT ( 'NONE',  ( 8.834271808891662303, -3.426080827528285244, -0.05572819110834042328 ) ) ;
#3053 = ORIENTED_EDGE ( 'NONE', *, *, #9753, .F. ) ;
#3054 = UNCERTAINTY_MEASURE_WITH_UNIT (LENGTH_MEASURE( 1.000000000000000082E-05 ), #6521, 'distance_accuracy_value', 'NONE');
#3055 = VERTEX_POINT ( 'NONE', #1402 ) ;
#3056 = CARTESIAN_POINT ( 'NONE',  ( -6.029999999999998472, -2.699999999999993072, 0.3199999999999985634 ) ) ;
#3057 = PRESENTATION_STYLE_ASSIGNMENT (( #4595 ) ) ;
#3058 = VECTOR ( 'NONE', #3318, 1000.000000000000000 ) ;
#3059 = DIRECTION ( 'NONE',  ( 0.000000000000000000, 0.000000000000000000, -1.000000000000000000 ) ) ;
#3060 = VECTOR ( 'NONE', #2232, 1000.000000000000000 ) ;
#3061 = LINE ( 'NONE', #9108, #6395 ) ;
#3062 = ORIENTED_EDGE ( 'NONE', *, *, #7699, .F. ) ;
#3063 = FILL_AREA_STYLE ('',( #5296 ) ) ;
#3064 = VERTEX_POINT ( 'NONE', #4450 ) ;
#3065 = PRESENTATION_STYLE_ASSIGNMENT (( #45 ) ) ;
#3066 = LINE ( 'NONE', #5395, #6153 ) ;
#3067 = CARTESIAN_POINT ( 'NONE',  ( 10.26000000000000156, 0.000000000000000000, 1.019999999999995799 ) ) ;
#3068 = SURFACE_STYLE_FILL_AREA ( #7770 ) ;
#3069 = LINE ( 'NONE', #9748, #3098 ) ;
#3070 = LINE ( 'NONE', #5500, #8954 ) ;
#3071 = COLOUR_RGB ( '',1.000000000000000000, 0.8117647058823529438, 0.5019607843137254832 ) ;
#3072 = CARTESIAN_POINT ( 'NONE',  ( 6.671734877162308841, -2.695233464171030047, 0.3217348771623044223 ) ) ;
#3073 = ORIENTED_EDGE ( 'NONE', *, *, #5882, .F. ) ;
#3074 = CARTESIAN_POINT ( 'NONE',  ( 6.030000000000000249, -6.905096679918783842, 0.3199999999999978417 ) ) ;
#3075 = LINE ( 'NONE', #4568, #7077 ) ;
#3076 = CARTESIAN_POINT ( 'NONE',  ( -9.209999999999999076, 0.7500000000000001110, -0.3200000000000023381 ) ) ;
#3077 = STYLED_ITEM ( 'NONE', ( #3032 ), #2183 ) ;
#3078 = DIRECTION ( 'NONE',  ( 0.000000000000000000, -0.3420201433256591650, 0.9396926207859118696 ) ) ;
#3079 = EDGE_CURVE ( 'NONE', #1136, #5031, #7469, .T. ) ;
#3080 = EDGE_CURVE ( 'NONE', #6147, #5910, #4599, .T. ) ;
#3081 = FILL_AREA_STYLE_COLOUR ( '', #3817 ) ;
#3082 = LINE ( 'NONE', #9133, #4370 ) ;
#3083 = DIRECTION ( 'NONE',  ( -1.000000000000000000, -0.000000000000000000, 0.000000000000000000 ) ) ;
#3084 = FACE_OUTER_BOUND ( 'NONE', #4096, .T. ) ;
#3085 = ORIENTED_EDGE ( 'NONE', *, *, #3397, .T. ) ;
#3086 = EDGE_CURVE ( 'NONE', #7666, #6493, #9298, .T. ) ;
#3087 = PRESENTATION_LAYER_ASSIGNMENT (  '', '', ( #6710 ) ) ;
#3088 = CARTESIAN_POINT ( 'NONE',  ( 11.11000000000000121, -6.905096679918783842, -0.3200000000000038369 ) ) ;
#3089 = PLANE ( 'NONE',  #5012 ) ;
#3090 = FACE_OUTER_BOUND ( 'NONE', #9042, .T. ) ;
#3091 = ORIENTED_EDGE ( 'NONE', *, *, #7262, .T. ) ;
#3092 = CARTESIAN_POINT ( 'NONE',  ( 12.69999999999999929, 0.000000000000000000, 1.019999999999995799 ) ) ;
#3093 = VECTOR ( 'NONE', #102, 1000.000000000000000 ) ;
#3094 = ORIENTED_EDGE ( 'NONE', *, *, #1760, .T. ) ;
#3095 = EDGE_CURVE ( 'NONE', #9427, #3362, #6070, .T. ) ;
#3096 =( NAMED_UNIT ( * ) SI_UNIT ( $, .STERADIAN. ) SOLID_ANGLE_UNIT ( ) );
#3097 =( LENGTH_UNIT ( ) NAMED_UNIT ( * ) SI_UNIT ( .MILLI., .METRE. ) );
#3098 = VECTOR ( 'NONE', #6080, 1000.000000000000000 ) ;
#3099 = AXIS2_PLACEMENT_3D ( 'NONE', #3816, #8307, #9160 ) ;
#3100 =( GEOMETRIC_REPRESENTATION_CONTEXT ( 3 ) GLOBAL_UNCERTAINTY_ASSIGNED_CONTEXT ( ( #2466 ) ) GLOBAL_UNIT_ASSIGNED_CONTEXT ( ( #702, #2967, #3959 ) ) REPRESENTATION_CONTEXT ( 'NONE', 'WORKASPACE' ) );
#3101 = ORIENTED_EDGE ( 'NONE', *, *, #930, .T. ) ;
#3102 = ADVANCED_FACE ( 'NONE', ( #6212 ), #942, .F. ) ;
#3103 = LINE ( 'NONE', #6116, #8843 ) ;
#3104 = VECTOR ( 'NONE', #4154, 1000.000000000000000 ) ;
#3105 = FACE_OUTER_BOUND ( 'NONE', #7909, .T. ) ;
#3106 = ORIENTED_EDGE ( 'NONE', *, *, #3049, .T. ) ;
#3107 = VECTOR ( 'NONE', #955, 1000.000000000000114 ) ;
#3108 = VECTOR ( 'NONE', #3806, 1000.000000000000000 ) ;
#3109 = VERTEX_POINT ( 'NONE', #1506 ) ;
#3110 = FILL_AREA_STYLE_COLOUR ( '', #7578 ) ;
#3111 = EDGE_CURVE ( 'NONE', #4884, #33, #6825, .T. ) ;
#3112 = VECTOR ( 'NONE', #5083, 1000.000000000000000 ) ;
#3113 =( GEOMETRIC_REPRESENTATION_CONTEXT ( 3 ) GLOBAL_UNCERTAINTY_ASSIGNED_CONTEXT ( ( #445 ) ) GLOBAL_UNIT_ASSIGNED_CONTEXT ( ( #2907, #3659, #700 ) ) REPRESENTATION_CONTEXT ( 'NONE', 'WORKASPACE' ) );
#3114 = SURFACE_STYLE_USAGE ( .BOTH. , #6259 ) ;
#3115 = ORIENTED_EDGE ( 'NONE', *, *, #7011, .T. ) ;
#3116 = EDGE_CURVE ( 'NONE', #8140, #9145, #3865, .T. ) ;
#3117 =( NAMED_UNIT ( * ) SI_UNIT ( $, .STERADIAN. ) SOLID_ANGLE_UNIT ( ) );
#3118 = VERTEX_POINT ( 'NONE', #7574 ) ;
#3119 = DIRECTION ( 'NONE',  ( 0.000000000000000000, -0.000000000000000000, 1.000000000000000000 ) ) ;
#3120 =( LENGTH_UNIT ( ) NAMED_UNIT ( * ) SI_UNIT ( .MILLI., .METRE. ) );
#3121 =( GEOMETRIC_REPRESENTATION_CONTEXT ( 3 ) GLOBAL_UNCERTAINTY_ASSIGNED_CONTEXT ( ( #6907 ) ) GLOBAL_UNIT_ASSIGNED_CONTEXT ( ( #4099, #7253, #4891 ) ) REPRESENTATION_CONTEXT ( 'NONE', 'WORKASPACE' ) );
#3122 = PLANE ( 'NONE',  #941 ) ;
#3123 = DIRECTION ( 'NONE',  ( -0.000000000000000000, 1.000000000000000000, 1.707404996040164265E-16 ) ) ;
#3124 = FILL_AREA_STYLE ('',( #8967 ) ) ;
#3125 = CARTESIAN_POINT ( 'NONE',  ( 20.32000000000000028, 8.599999999999999645, 0.2108089297201405921 ) ) ;
#3126 = ORIENTED_EDGE ( 'NONE', *, *, #2844, .T. ) ;
#3127 = CARTESIAN_POINT ( 'NONE',  ( 8.701268465864680834, 8.660657145849658178, 0.1887315341353224540 ) ) ;
#3128 = VECTOR ( 'NONE', #3628, 1000.000000000000000 ) ;
#3129 = ORIENTED_EDGE ( 'NONE', *, *, #1856, .F. ) ;
#3130 = DIRECTION ( 'NONE',  ( -1.000000000000000000, 0.000000000000000000, -0.000000000000000000 ) ) ;
#3131 = FILL_AREA_STYLE_COLOUR ( '', #9315 ) ;
#3132 = FACE_BOUND ( 'NONE', #2478, .T. ) ;
#3133 = PRESENTATION_LAYER_ASSIGNMENT (  '', '', ( #578 ) ) ;
#3134 = CARTESIAN_POINT ( 'NONE',  ( -4.129999999999998117, 0.7500000000000000000, 0.7700000000000006839 ) ) ;
#3135 = VERTEX_POINT ( 'NONE', #7759 ) ;
#3136 = EDGE_CURVE ( 'NONE', #3717, #9201, #7015, .T. ) ;
#3137 = STYLED_ITEM ( 'NONE', ( #5639 ), #4182 ) ;
#3138 = DIRECTION ( 'NONE',  ( 0.000000000000000000, 1.000000000000000000, 1.707404996040164265E-16 ) ) ;
#3139 = CARTESIAN_POINT ( 'NONE',  ( -10.05999999999999872, 2.500000000000000444, 1.019999999999996243 ) ) ;
#3140 = UNCERTAINTY_MEASURE_WITH_UNIT (LENGTH_MEASURE( 1.000000000000000082E-05 ), #1238, 'distance_accuracy_value', 'NONE');
#3141 = FACE_OUTER_BOUND ( 'NONE', #3700, .T. ) ;
#3142 = ORIENTED_EDGE ( 'NONE', *, *, #6527, .T. ) ;
#3143 = VECTOR ( 'NONE', #2560, 1000.000000000000000 ) ;
#3144 = ORIENTED_EDGE ( 'NONE', *, *, #8649, .F. ) ;
#3145 = DIRECTION ( 'NONE',  ( 0.000000000000000000, -0.3420201433256594981, 0.9396926207859117586 ) ) ;
#3146 = CARTESIAN_POINT ( 'NONE',  ( -8.679191070279857811, -3.000000000000000000, 0.2108089297201388157 ) ) ;
#3147 = ORIENTED_EDGE ( 'NONE', *, *, #285, .T. ) ;
#3148 = UNCERTAINTY_MEASURE_WITH_UNIT (LENGTH_MEASURE( 1.000000000000000082E-05 ), #5492, 'distance_accuracy_value', 'NONE');
#3149 =( GEOMETRIC_REPRESENTATION_CONTEXT ( 3 ) GLOBAL_UNCERTAINTY_ASSIGNED_CONTEXT ( ( #4525 ) ) GLOBAL_UNIT_ASSIGNED_CONTEXT ( ( #660, #6722, #1409 ) ) REPRESENTATION_CONTEXT ( 'NONE', 'WORKASPACE' ) );
#3150 = ORIENTED_EDGE ( 'NONE', *, *, #69, .F. ) ;
#3151 = DIRECTION ( 'NONE',  ( -1.000000000000000000, 0.000000000000000000, 0.000000000000000000 ) ) ;
#3152 = DIRECTION ( 'NONE',  ( 1.000000000000000000, 0.000000000000000000, 0.000000000000000000 ) ) ;
#3153 =( LENGTH_UNIT ( ) NAMED_UNIT ( * ) SI_UNIT ( .MILLI., .METRE. ) );
#3154 = EDGE_CURVE ( 'NONE', #3429, #6578, #3061, .T. ) ;
#3155 = DIRECTION ( 'NONE',  ( -0.000000000000000000, 1.000000000000000000, 1.707404996040164265E-16 ) ) ;
#3156 = STYLED_ITEM ( 'NONE', ( #274 ), #5093 ) ;
#3157 = EDGE_LOOP ( 'NONE', ( #8554, #6865, #1043, #7567 ) ) ;
#3158 = EDGE_CURVE ( 'NONE', #6826, #1299, #8359, .T. ) ;
#3159 = CARTESIAN_POINT ( 'NONE',  ( -4.131734877162306141, -2.695233464171030047, 0.3217348771623044223 ) ) ;
#3160 =( NAMED_UNIT ( * ) PLANE_ANGLE_UNIT ( ) SI_UNIT ( $, .RADIAN. ) );
#3161 = EDGE_LOOP ( 'NONE', ( #3711, #2540, #9115, #6611 ) ) ;
#3162 = LINE ( 'NONE', #7069, #1534 ) ;
#3163 =( NAMED_UNIT ( * ) PLANE_ANGLE_UNIT ( ) SI_UNIT ( $, .RADIAN. ) );
#3164 = VECTOR ( 'NONE', #6590, 1000.000000000000000 ) ;
#3165 = EDGE_CURVE ( 'NONE', #5781, #495, #8407, .T. ) ;
#3166 = CARTESIAN_POINT ( 'NONE',  ( 7.620000000000000107, 8.599999999999999645, 0.2108089297201405921 ) ) ;
#3167 = LINE ( 'NONE', #8510, #1128 ) ;
#3168 = CARTESIAN_POINT ( 'NONE',  ( 15.24000000000000021, -3.000000000000000000, 1.270000000000000018 ) ) ;
#3169 = CARTESIAN_POINT ( 'NONE',  ( -6.669999999999999929, -2.699999999999993072, -0.3200000000000031153 ) ) ;
#3170 = EDGE_CURVE ( 'NONE', #4581, #5253, #7674, .T. ) ;
#3171 = FILL_AREA_STYLE ('',( #3968 ) ) ;
#3172 = CARTESIAN_POINT ( 'NONE',  ( -9.209999999999999076, 2.500000000000000444, 0.3199999999999995071 ) ) ;
#3173 = VECTOR ( 'NONE', #4125, 1000.000000000000000 ) ;
#3174 = DIRECTION ( 'NONE',  ( 0.3236155771181767893, 0.8891264907159940334, -0.3236155771181771224 ) ) ;
#3175 = UNCERTAINTY_MEASURE_WITH_UNIT (LENGTH_MEASURE( 1.000000000000000082E-05 ), #3424, 'distance_accuracy_value', 'NONE');
#3176 =( NAMED_UNIT ( * ) PLANE_ANGLE_UNIT ( ) SI_UNIT ( $, .RADIAN. ) );
#3177 = MECHANICAL_DESIGN_GEOMETRIC_PRESENTATION_REPRESENTATION (  '', ( #168 ), #2674 ) ;
#3178 = DIRECTION ( 'NONE',  ( -1.000000000000000000, 0.000000000000000000, -0.000000000000000000 ) ) ;
#3179 = VERTEX_POINT ( 'NONE', #6928 ) ;
#3180 = DIRECTION ( 'NONE',  ( 1.000000000000000000, 0.000000000000000000, 0.000000000000000000 ) ) ;
#3181 = VECTOR ( 'NONE', #4031, 1000.000000000000000 ) ;
#3182 = SURFACE_STYLE_FILL_AREA ( #871 ) ;
#3183 = VECTOR ( 'NONE', #6583, 1000.000000000000000 ) ;
#3184 = VERTEX_POINT ( 'NONE', #136 ) ;
#3185 = ORIENTED_EDGE ( 'NONE', *, *, #8293, .T. ) ;
#3186 = FACE_OUTER_BOUND ( 'NONE', #8651, .T. ) ;
#3187 = CARTESIAN_POINT ( 'NONE',  ( 7.520000000000002238, -0.03999999999999967470, 1.019999999999995799 ) ) ;
#3188 = AXIS2_PLACEMENT_3D ( 'NONE', #6289, #4725, #3940 ) ;
#3189 = ORIENTED_EDGE ( 'NONE', *, *, #5215, .T. ) ;
#3190 = FILL_AREA_STYLE ('',( #304 ) ) ;
#3191 = FILL_AREA_STYLE_COLOUR ( '', #5808 ) ;
#3192 = VERTEX_POINT ( 'NONE', #9208 ) ;
#3193 = ORIENTED_EDGE ( 'NONE', *, *, #4408, .F. ) ;
#3194 = SURFACE_STYLE_FILL_AREA ( #310 ) ;
#3195 = CARTESIAN_POINT ( 'NONE',  ( 12.69999999999999929, 0.7500000000000001110, 0.3199999999999991740 ) ) ;
#3196 = VECTOR ( 'NONE', #9001, 1000.000000000000000 ) ;
#3197 = EDGE_CURVE ( 'NONE', #5672, #7761, #2402, .T. ) ;
#3198 = CARTESIAN_POINT ( 'NONE',  ( -6.029999999999998472, -6.905096679918783842, -0.3200000000000038369 ) ) ;
#3199 = EDGE_CURVE ( 'NONE', #1327, #8868, #9341, .T. ) ;
#3200 = PRESENTATION_STYLE_ASSIGNMENT (( #3114 ) ) ;
#3201 = ORIENTED_EDGE ( 'NONE', *, *, #2042, .F. ) ;
#3202 = ADVANCED_FACE ( 'NONE', ( #5535 ), #7668, .T. ) ;
#3203 = CARTESIAN_POINT ( 'NONE',  ( 11.75000000000000355, -2.699999999999993072, -0.3200000000000038369 ) ) ;
#3204 = VERTEX_POINT ( 'NONE', #6921 ) ;
#3205 = DIRECTION ( 'NONE',  ( -0.000000000000000000, 0.000000000000000000, -1.000000000000000000 ) ) ;
#3206 =( NAMED_UNIT ( * ) SI_UNIT ( $, .STERADIAN. ) SOLID_ANGLE_UNIT ( ) );
#3207 = MECHANICAL_DESIGN_GEOMETRIC_PRESENTATION_REPRESENTATION (  '', ( #653 ), #1777 ) ;
#3208 = EDGE_CURVE ( 'NONE', #3230, #2236, #934, .T. ) ;
#3209 = DIRECTION ( 'NONE',  ( 0.000000000000000000, 1.000000000000000000, 2.891205793294678326E-16 ) ) ;
#3210 = CARTESIAN_POINT ( 'NONE',  ( 1.590000000000002967, -3.000000000000000000, -0.2108089297201431456 ) ) ;
#3211 = ORIENTED_EDGE ( 'NONE', *, *, #7914, .F. ) ;
#3212 = LINE ( 'NONE', #6886, #3093 ) ;
#3213 = STYLED_ITEM ( 'NONE', ( #9075 ), #1441 ) ;
#3214 = EDGE_CURVE ( 'NONE', #9615, #9427, #3289, .T. ) ;
#3215 = CARTESIAN_POINT ( 'NONE',  ( -6.029999999999998472, -2.699999999999993072, 0.3199999999999985634 ) ) ;
#3216 = FACE_OUTER_BOUND ( 'NONE', #178, .T. ) ;
#3217 = ADVANCED_FACE ( 'NONE', ( #5427 ), #261, .T. ) ;
#3218 = DIRECTION ( 'NONE',  ( 0.000000000000000000, -1.408054769461692709E-16, 1.000000000000000000 ) ) ;
#3219 = COLOUR_RGB ( '',0.7921568627450980005, 0.8196078431372548767, 0.9333333333333333481 ) ;
#3220 = DIRECTION ( 'NONE',  ( -1.000000000000000000, 0.000000000000000000, 0.000000000000000000 ) ) ;
#3221 = ORIENTED_EDGE ( 'NONE', *, *, #7131, .F. ) ;
#3222 = EDGE_CURVE ( 'NONE', #793, #7148, #1785, .T. ) ;
#3223 = VECTOR ( 'NONE', #8783, 1000.000000000000000 ) ;
#3224 = FACE_OUTER_BOUND ( 'NONE', #5082, .T. ) ;
#3225 = AXIS2_PLACEMENT_3D ( 'NONE', #5365, #1627, #1770 ) ;
#3226 =( LENGTH_UNIT ( ) NAMED_UNIT ( * ) SI_UNIT ( .MILLI., .METRE. ) );
#3227 = UNCERTAINTY_MEASURE_WITH_UNIT (LENGTH_MEASURE( 1.000000000000000082E-05 ), #7847, 'distance_accuracy_value', 'NONE');
#3228 = CARTESIAN_POINT ( 'NONE',  ( -11.10999999999999766, -3.000000000000000000, -0.2108089297201431456 ) ) ;
#3229 = EDGE_LOOP ( 'NONE', ( #6720, #9640, #5632, #4437 ) ) ;
#3230 = VERTEX_POINT ( 'NONE', #6160 ) ;
#3231 = CARTESIAN_POINT ( 'NONE',  ( -0.9482651228376915986, -2.695233464171030047, 0.3217348771623044223 ) ) ;
#3232 =( LENGTH_UNIT ( ) NAMED_UNIT ( * ) SI_UNIT ( .MILLI., .METRE. ) );
#3233 = LINE ( 'NONE', #8534, #7817 ) ;
#3234 = VECTOR ( 'NONE', #7827, 1000.000000000000000 ) ;
#3235 = ORIENTED_EDGE ( 'NONE', *, *, #4619, .T. ) ;
#3236 = VERTEX_POINT ( 'NONE', #1695 ) ;
#3237 = DIRECTION ( 'NONE',  ( -0.000000000000000000, 1.000000000000000000, 1.707404996040164265E-16 ) ) ;
#3238 = CARTESIAN_POINT ( 'NONE',  ( 35.56000000000000227, -3.000000000000000000, 1.270000000000000018 ) ) ;
#3239 =( GEOMETRIC_REPRESENTATION_CONTEXT ( 3 ) GLOBAL_UNCERTAINTY_ASSIGNED_CONTEXT ( ( #8785 ) ) GLOBAL_UNIT_ASSIGNED_CONTEXT ( ( #350, #8684, #6390 ) ) REPRESENTATION_CONTEXT ( 'NONE', 'WORKASPACE' ) );
#3240 = ORIENTED_EDGE ( 'NONE', *, *, #2353, .F. ) ;
#3241 = UNCERTAINTY_MEASURE_WITH_UNIT (LENGTH_MEASURE( 1.000000000000000082E-05 ), #8819, 'distance_accuracy_value', 'NONE');
#3242 = EDGE_LOOP ( 'NONE', ( #5908, #9382, #4310, #3309 ) ) ;
#3243 = CARTESIAN_POINT ( 'NONE',  ( 2.440000000000001279, 4.743384504624081899E-17, -1.020000000000004237 ) ) ;
#3244 = AXIS2_PLACEMENT_3D ( 'NONE', #3972, #6986, #3218 ) ;
#3245 = PRESENTATION_STYLE_ASSIGNMENT (( #2673 ) ) ;
#3246 = VECTOR ( 'NONE', #8816, 1000.000000000000000 ) ;
#3247 = CARTESIAN_POINT ( 'NONE',  ( 11.11000000000000121, -3.000000000000000000, 0.2108089297201388157 ) ) ;
#3248 = ORIENTED_EDGE ( 'NONE', *, *, #8089, .F. ) ;
#3249 = STYLED_ITEM ( 'NONE', ( #5140 ), #8403 ) ;
#3250 = STYLED_ITEM ( 'NONE', ( #7453 ), #7664 ) ;
#3251 =( LENGTH_UNIT ( ) NAMED_UNIT ( * ) SI_UNIT ( .MILLI., .METRE. ) );
#3252 = EDGE_CURVE ( 'NONE', #2506, #4577, #6959, .T. ) ;
#3253 =( GEOMETRIC_REPRESENTATION_CONTEXT ( 3 ) GLOBAL_UNCERTAINTY_ASSIGNED_CONTEXT ( ( #4759 ) ) GLOBAL_UNIT_ASSIGNED_CONTEXT ( ( #3251, #2536, #9256 ) ) REPRESENTATION_CONTEXT ( 'NONE', 'WORKASPACE' ) );
#3254 = ORIENTED_EDGE ( 'NONE', *, *, #2629, .T. ) ;
#3255 = FACE_OUTER_BOUND ( 'NONE', #9304, .T. ) ;
#3256 = PRESENTATION_LAYER_ASSIGNMENT (  '', '', ( #7207 ) ) ;
#3257 = FACE_OUTER_BOUND ( 'NONE', #5401, .T. ) ;
#3258 = CARTESIAN_POINT ( 'NONE',  ( -1.081268465864676509, 8.660657145849658178, -0.1887315341353228981 ) ) ;
#3259 = ORIENTED_EDGE ( 'NONE', *, *, #8470, .F. ) ;
#3260 = PRESENTATION_LAYER_ASSIGNMENT (  '', '', ( #1819 ) ) ;
#3261 = DIRECTION ( 'NONE',  ( 0.000000000000000000, 0.000000000000000000, -1.000000000000000000 ) ) ;
#3262 = EDGE_CURVE ( 'NONE', #5298, #5873, #5575, .T. ) ;
#3263 = AXIS2_PLACEMENT_3D ( 'NONE', #7074, #3351, #5646 ) ;
#3264 = LINE ( 'NONE', #2549, #6663 ) ;
#3265 = MECHANICAL_DESIGN_GEOMETRIC_PRESENTATION_REPRESENTATION (  '', ( #4221 ), #1729 ) ;
#3266 = VERTEX_POINT ( 'NONE', #3146 ) ;
#3267 = PLANE ( 'NONE',  #1691 ) ;
#3268 =( LENGTH_UNIT ( ) NAMED_UNIT ( * ) SI_UNIT ( .MILLI., .METRE. ) );
#3269 = SURFACE_STYLE_USAGE ( .BOTH. , #108 ) ;
#3270 = ADVANCED_FACE ( 'NONE', ( #979 ), #3333, .F. ) ;
#3271 = SURFACE_SIDE_STYLE ('',( #7087 ) ) ;
#3272 = PRESENTATION_LAYER_ASSIGNMENT (  '', '', ( #720 ) ) ;
#3273 = DIRECTION ( 'NONE',  ( 0.000000000000000000, 0.000000000000000000, 1.000000000000000000 ) ) ;
#3274 = VERTEX_POINT ( 'NONE', #4781 ) ;
#3275 = EDGE_CURVE ( 'NONE', #7591, #1338, #5381, .T. ) ;
#3276 = FILL_AREA_STYLE_COLOUR ( '', #2157 ) ;
#3277 = DIRECTION ( 'NONE',  ( 0.000000000000000000, 0.000000000000000000, 1.000000000000000000 ) ) ;
#3278 = CARTESIAN_POINT ( 'NONE',  ( -4.980000000000000426, -0.03999999999999923755, -1.270000000000004237 ) ) ;
#3279 = PRESENTATION_LAYER_ASSIGNMENT (  '', '', ( #5803 ) ) ;
#3280 = ORIENTED_EDGE ( 'NONE', *, *, #9391, .F. ) ;
#3281 = CARTESIAN_POINT ( 'NONE',  ( -12.59999999999999964, -0.03999999999999967470, 1.019999999999995799 ) ) ;
#3282 =( NAMED_UNIT ( * ) SI_UNIT ( $, .STERADIAN. ) SOLID_ANGLE_UNIT ( ) );
#3283 = FILL_AREA_STYLE ('',( #7882 ) ) ;
#3284 = EDGE_CURVE ( 'NONE', #1550, #9652, #2668, .T. ) ;
#3285 = DIRECTION ( 'NONE',  ( 0.000000000000000000, 0.000000000000000000, -1.000000000000000000 ) ) ;
#3286 = VECTOR ( 'NONE', #7832, 1000.000000000000000 ) ;
#3287 = ORIENTED_EDGE ( 'NONE', *, *, #1793, .T. ) ;
#3288 = ORIENTED_EDGE ( 'NONE', *, *, #2356, .F. ) ;
#3289 = LINE ( 'NONE', #2527, #2965 ) ;
#3290 = ORIENTED_EDGE ( 'NONE', *, *, #3720, .T. ) ;
#3291 = EDGE_LOOP ( 'NONE', ( #4039, #3904, #8564, #8958 ) ) ;
#3292 = VERTEX_POINT ( 'NONE', #1171 ) ;
#3293 = DIRECTION ( 'NONE',  ( 0.000000000000000000, 0.000000000000000000, -1.000000000000000000 ) ) ;
#3294 = FILL_AREA_STYLE ('',( #3339 ) ) ;
#3295 = SURFACE_STYLE_FILL_AREA ( #4789 ) ;
#3296 = ORIENTED_EDGE ( 'NONE', *, *, #2363, .T. ) ;
#3297 = VERTEX_POINT ( 'NONE', #494 ) ;
#3298 = PRESENTATION_LAYER_ASSIGNMENT (  '', '', ( #8368 ) ) ;
#3299 = ORIENTED_EDGE ( 'NONE', *, *, #8487, .F. ) ;
#3300 = CARTESIAN_POINT ( 'NONE',  ( 6.670000000000002593, 8.299999999999993605, -0.3200000000000038369 ) ) ;
#3301 = PLANE ( 'NONE',  #9515 ) ;
#3302 =( LENGTH_UNIT ( ) NAMED_UNIT ( * ) SI_UNIT ( .MILLI., .METRE. ) );
#3303 = SURFACE_STYLE_FILL_AREA ( #1142 ) ;
#3304 = VECTOR ( 'NONE', #5962, 1000.000000000000000 ) ;
#3305 = DIRECTION ( 'NONE',  ( 1.000000000000000000, -0.000000000000000000, -0.000000000000000000 ) ) ;
#3306 = LINE ( 'NONE', #6504, #2303 ) ;
#3307 = VERTEX_POINT ( 'NONE', #9426 ) ;
#3308 = PLANE ( 'NONE',  #5314 ) ;
#3309 = ORIENTED_EDGE ( 'NONE', *, *, #7856, .F. ) ;
#3310 = SURFACE_STYLE_USAGE ( .BOTH. , #6323 ) ;
#3311 = VECTOR ( 'NONE', #2776, 1000.000000000000000 ) ;
#3312 = ORIENTED_EDGE ( 'NONE', *, *, #289, .F. ) ;
#3313 = DIRECTION ( 'NONE',  ( 1.000000000000000000, 0.000000000000000000, -0.000000000000000000 ) ) ;
#3314 = PLANE ( 'NONE',  #7249 ) ;
#3315 = ADVANCED_FACE ( 'NONE', ( #5019 ), #8735, .F. ) ;
#3316 = CARTESIAN_POINT ( 'NONE',  ( -8.569999999999998508, 0.7500000000000000000, 0.7700000000000006839 ) ) ;
#3317 = EDGE_CURVE ( 'NONE', #9424, #8933, #4229, .T. ) ;
#3318 = DIRECTION ( 'NONE',  ( 0.000000000000000000, -3.771912141373855303E-16, -1.000000000000000000 ) ) ;
#3319 = PRESENTATION_LAYER_ASSIGNMENT (  '', '', ( #4598 ) ) ;
#3320 = FILL_AREA_STYLE ('',( #9410 ) ) ;
#3321 = ORIENTED_EDGE ( 'NONE', *, *, #3136, .F. ) ;
#3322 = EDGE_CURVE ( 'NONE', #1997, #4387, #7886, .T. ) ;
#3323 =( NAMED_UNIT ( * ) PLANE_ANGLE_UNIT ( ) SI_UNIT ( $, .RADIAN. ) );
#3324 = CARTESIAN_POINT ( 'NONE',  ( -0.9499999999999977351, -2.699999999999993072, -0.3200000000000031153 ) ) ;
#3325 = CARTESIAN_POINT ( 'NONE',  ( -0.9499999999999977351, -2.699999999999993072, -0.3200000000000038369 ) ) ;
#3326 = CARTESIAN_POINT ( 'NONE',  ( 9.210000000000002629, -2.699999999999993072, -0.3200000000000031153 ) ) ;
#3327 =( NAMED_UNIT ( * ) PLANE_ANGLE_UNIT ( ) SI_UNIT ( $, .RADIAN. ) );
#3328 = EDGE_CURVE ( 'NONE', #6952, #3698, #1219, .T. ) ;
#3329 = DIRECTION ( 'NONE',  ( 0.000000000000000000, 0.000000000000000000, -1.000000000000000000 ) ) ;
#3330 = ORIENTED_EDGE ( 'NONE', *, *, #2566, .F. ) ;
#3331 = AXIS2_PLACEMENT_3D ( 'NONE', #7024, #5352, #5496 ) ;
#3332 = EDGE_CURVE ( 'NONE', #7816, #378, #3428, .T. ) ;
#3333 = PLANE ( 'NONE',  #8662 ) ;
#3334 = VERTEX_POINT ( 'NONE', #6534 ) ;
#3335 = ORIENTED_EDGE ( 'NONE', *, *, #7772, .T. ) ;
#3336 = EDGE_LOOP ( 'NONE', ( #3240, #5914, #6053, #972 ) ) ;
#3337 = LINE ( 'NONE', #4695, #2859 ) ;
#3338 = DIRECTION ( 'NONE',  ( -1.000000000000000000, 0.000000000000000000, 0.000000000000000000 ) ) ;
#3339 = FILL_AREA_STYLE_COLOUR ( '', #7191 ) ;
#3340 = EDGE_CURVE ( 'NONE', #9652, #7816, #9378, .T. ) ;
#3341 = VERTEX_POINT ( 'NONE', #4876 ) ;
#3342 = DIRECTION ( 'NONE',  ( 1.000000000000000000, 0.000000000000000000, 0.000000000000000000 ) ) ;
#3343 = ORIENTED_EDGE ( 'NONE', *, *, #9489, .F. ) ;
#3344 = STYLED_ITEM ( 'NONE', ( #5453 ), #716 ) ;
#3345 = UNCERTAINTY_MEASURE_WITH_UNIT (LENGTH_MEASURE( 1.000000000000000082E-05 ), #154, 'distance_accuracy_value', 'NONE');
#3346 = EDGE_LOOP ( 'NONE', ( #736, #9526, #8985, #6916 ) ) ;
#3347 = PLANE ( 'NONE',  #7234 ) ;
#3348 = CARTESIAN_POINT ( 'NONE',  ( -10.05999999999999872, -0.03999999999999923755, -1.270000000000004237 ) ) ;
#3349 = DIRECTION ( 'NONE',  ( 1.000000000000000000, 0.000000000000000000, -0.000000000000000000 ) ) ;
#3350 = CARTESIAN_POINT ( 'NONE',  ( 2.440000000000001279, 2.500000000000000444, 1.019999999999996243 ) ) ;
#3351 = DIRECTION ( 'NONE',  ( 0.000000000000000000, -0.3420201433256594981, -0.9396926207859117586 ) ) ;
#3352 = DIRECTION ( 'NONE',  ( -1.000000000000000000, 0.000000000000000000, -0.000000000000000000 ) ) ;
#3353 = DIRECTION ( 'NONE',  ( 0.000000000000000000, 0.000000000000000000, -1.000000000000000000 ) ) ;
#3354 = VECTOR ( 'NONE', #3800, 1000.000000000000000 ) ;
#3355 = ORIENTED_EDGE ( 'NONE', *, *, #1059, .F. ) ;
#3356 = FILL_AREA_STYLE ('',( #6326 ) ) ;
#3357 = DIRECTION ( 'NONE',  ( 0.000000000000000000, 0.000000000000000000, -1.000000000000000000 ) ) ;
#3358 = FILL_AREA_STYLE ('',( #6426 ) ) ;
#3359 = FACE_OUTER_BOUND ( 'NONE', #8103, .T. ) ;
#3360 = MECHANICAL_DESIGN_GEOMETRIC_PRESENTATION_REPRESENTATION (  '', ( #7659 ), #5435 ) ;
#3361 = CARTESIAN_POINT ( 'NONE',  ( -5.179999999999998828, 0.000000000000000000, 1.269999999999995799 ) ) ;
#3362 = VERTEX_POINT ( 'NONE', #7285 ) ;
#3363 = CARTESIAN_POINT ( 'NONE',  ( 12.60000000000000320, -0.03999999999999967470, -1.020000000000004237 ) ) ;
#3364 = EDGE_CURVE ( 'NONE', #9201, #1061, #5804, .T. ) ;
#3365 = EDGE_CURVE ( 'NONE', #4928, #8129, #8026, .T. ) ;
#3366 = LINE ( 'NONE', #9369, #2968 ) ;
#3367 = PRESENTATION_STYLE_ASSIGNMENT (( #2611 ) ) ;
#3368 = VECTOR ( 'NONE', #9263, 1000.000000000000000 ) ;
#3369 = CARTESIAN_POINT ( 'NONE',  ( 1.059191070279861036, 8.599999999999999645, 1.041517047584500167E-15 ) ) ;
#3370 = CARTESIAN_POINT ( 'NONE',  ( 9.210000000000002629, -2.699999999999993072, -0.3200000000000038369 ) ) ;
#3371 = FACE_OUTER_BOUND ( 'NONE', #6951, .T. ) ;
#3372 = CARTESIAN_POINT ( 'NONE',  ( 5.180000000000000604, 2.500000000000000444, 1.019999999999996243 ) ) ;
#3373 = EDGE_CURVE ( 'NONE', #4388, #7407, #3478, .T. ) ;
#3374 = SURFACE_STYLE_USAGE ( .BOTH. , #4130 ) ;
#3375 = VECTOR ( 'NONE', #5798, 1000.000000000000000 ) ;
#3376 = ORIENTED_EDGE ( 'NONE', *, *, #4060, .F. ) ;
#3377 =( LENGTH_UNIT ( ) NAMED_UNIT ( * ) SI_UNIT ( .MILLI., .METRE. ) );
#3378 = ADVANCED_FACE ( 'NONE', ( #1834 ), #7931, .T. ) ;
#3379 = ORIENTED_EDGE ( 'NONE', *, *, #3555, .T. ) ;
#3380 = DIRECTION ( 'NONE',  ( -1.000000000000000000, 0.000000000000000000, 0.000000000000000000 ) ) ;
#3381 = ORIENTED_EDGE ( 'NONE', *, *, #8536, .T. ) ;
#3382 = ORIENTED_EDGE ( 'NONE', *, *, #4542, .T. ) ;
#3383 = CARTESIAN_POINT ( 'NONE',  ( 12.69999999999999929, 2.500000000000000000, 1.270000000000000018 ) ) ;
#3384 = ADVANCED_FACE ( 'NONE', ( #8832 ), #2720, .T. ) ;
#3385 = EDGE_LOOP ( 'NONE', ( #9017, #2669, #4411, #7368 ) ) ;
#3386 = EDGE_LOOP ( 'NONE', ( #2873, #7146, #3756, #203 ) ) ;
#3387 = EDGE_CURVE ( 'NONE', #3717, #4884, #5858, .T. ) ;
#3388 = VECTOR ( 'NONE', #822, 1000.000000000000000 ) ;
#3389 = ORIENTED_EDGE ( 'NONE', *, *, #176, .F. ) ;
#3390 = ORIENTED_EDGE ( 'NONE', *, *, #950, .F. ) ;
#3391 = CARTESIAN_POINT ( 'NONE',  ( -6.174204948351979638, 3.882392806044252964, -2.715795051648021374 ) ) ;
#3392 = CARTESIAN_POINT ( 'NONE',  ( -1.059191070279857483, 8.599999999999999645, 1.041517047584500167E-15 ) ) ;
#3393 = DIRECTION ( 'NONE',  ( 0.000000000000000000, 0.000000000000000000, -1.000000000000000000 ) ) ;
#3394 = AXIS2_PLACEMENT_3D ( 'NONE', #8104, #3501, #2058 ) ;
#3395 = SURFACE_STYLE_USAGE ( .BOTH. , #366 ) ;
#3396 = LINE ( 'NONE', #464, #6557 ) ;
#3397 = EDGE_CURVE ( 'NONE', #2048, #6325, #5270, .T. ) ;
#3398 = VECTOR ( 'NONE', #2799, 1000.000000000000000 ) ;
#3399 = VECTOR ( 'NONE', #7625, 1000.000000000000000 ) ;
#3400 = MECHANICAL_DESIGN_GEOMETRIC_PRESENTATION_REPRESENTATION (  '', ( #3567 ), #1955 ) ;
#3401 = FACE_OUTER_BOUND ( 'NONE', #4840, .T. ) ;
#3402 = DIRECTION ( 'NONE',  ( -0.000000000000000000, 1.000000000000000000, 1.707404996040164265E-16 ) ) ;
#3403 =( GEOMETRIC_REPRESENTATION_CONTEXT ( 3 ) GLOBAL_UNCERTAINTY_ASSIGNED_CONTEXT ( ( #6232 ) ) GLOBAL_UNIT_ASSIGNED_CONTEXT ( ( #6615, #2858, #6506 ) ) REPRESENTATION_CONTEXT ( 'NONE', 'WORKASPACE' ) );
#3404 = CARTESIAN_POINT ( 'NONE',  ( -11.10999999999999766, -6.905096679918783842, -0.3200000000000038369 ) ) ;
#3405 = EDGE_LOOP ( 'NONE', ( #3479, #4436, #3924, #4329 ) ) ;
#3406 =( LENGTH_UNIT ( ) NAMED_UNIT ( * ) SI_UNIT ( .MILLI., .METRE. ) );
#3407 = STYLED_ITEM ( 'NONE', ( #391 ), #8594 ) ;
#3408 = VECTOR ( 'NONE', #4090, 1000.000000000000000 ) ;
#3409 = DIRECTION ( 'NONE',  ( 0.000000000000000000, 1.000000000000000000, 1.707404996040164265E-16 ) ) ;
#3410 = SURFACE_STYLE_FILL_AREA ( #4260 ) ;
#3411 = DIRECTION ( 'NONE',  ( -0.000000000000000000, -0.000000000000000000, -1.000000000000000000 ) ) ;
#3412 = MECHANICAL_DESIGN_GEOMETRIC_PRESENTATION_REPRESENTATION (  '', ( #6413 ), #4211 ) ;
#3413 = VECTOR ( 'NONE', #5850, 1000.000000000000114 ) ;
#3414 = ORIENTED_EDGE ( 'NONE', *, *, #4624, .T. ) ;
#3415 = FILL_AREA_STYLE ('',( #2610 ) ) ;
#3416 = CARTESIAN_POINT ( 'NONE',  ( 15.24000000000000021, 8.599999999999999645, -0.2108089297201413692 ) ) ;
#3417 = SURFACE_STYLE_FILL_AREA ( #8770 ) ;
#3418 = LINE ( 'NONE', #4867, #5522 ) ;
#3419 = CARTESIAN_POINT ( 'NONE',  ( -10.25999999999999801, 2.500000000000000444, 1.019999999999996243 ) ) ;
#3420 = CARTESIAN_POINT ( 'NONE',  ( 7.620000000000000107, 8.599999999999999645, 0.2108089297201405921 ) ) ;
#3421 = SURFACE_STYLE_FILL_AREA ( #9607 ) ;
#3422 = DIRECTION ( 'NONE',  ( 0.000000000000000000, 1.000000000000000000, 1.707404996040164265E-16 ) ) ;
#3423 = EDGE_CURVE ( 'NONE', #5195, #7617, #3741, .T. ) ;
#3424 =( LENGTH_UNIT ( ) NAMED_UNIT ( * ) SI_UNIT ( .MILLI., .METRE. ) );
#3425 = ORIENTED_EDGE ( 'NONE', *, *, #4685, .F. ) ;
#3426 = FILL_AREA_STYLE_COLOUR ( '', #3815 ) ;
#3427 = VECTOR ( 'NONE', #1682, 1000.000000000000000 ) ;
#3428 = LINE ( 'NONE', #6351, #667 ) ;
#3429 = VERTEX_POINT ( 'NONE', #3799 ) ;
#3430 = ORIENTED_EDGE ( 'NONE', *, *, #5506, .T. ) ;
#3431 = ORIENTED_EDGE ( 'NONE', *, *, #4052, .F. ) ;
#3432 = CARTESIAN_POINT ( 'NONE',  ( 10.06000000000000227, 4.743384504624081899E-17, -1.020000000000004237 ) ) ;
#3433 = ORIENTED_EDGE ( 'NONE', *, *, #2293, .F. ) ;
#3434 = LINE ( 'NONE', #216, #6117 ) ;
#3435 = CARTESIAN_POINT ( 'NONE',  ( 2.640000000000000124, 0.000000000000000000, -1.270000000000004237 ) ) ;
#3436 = ADVANCED_FACE ( 'NONE', ( #8189 ), #3593, .T. ) ;
#3437 = AXIS2_PLACEMENT_3D ( 'NONE', #8515, #1623, #1714 ) ;
#3438 = CLOSED_SHELL ( 'NONE', ( #4435, #915, #9287, #8403, #6185, #1805, #2829, #6349, #7790, #8945, #6240, #480, #4182, #1371 ) ) ;
#3439 = VERTEX_POINT ( 'NONE', #7393 ) ;
#3440 = ORIENTED_EDGE ( 'NONE', *, *, #1919, .F. ) ;
#3441 = CARTESIAN_POINT ( 'NONE',  ( -6.669999999999999041, 2.500000000000000444, -0.3200000000000021716 ) ) ;
#3442 = ORIENTED_EDGE ( 'NONE', *, *, #9513, .T. ) ;
#3443 = DIRECTION ( 'NONE',  ( 0.000000000000000000, 1.707404996040164265E-16, -1.000000000000000000 ) ) ;
#3444 = AXIS2_PLACEMENT_3D ( 'NONE', #1612, #4654, #141 ) ;
#3445 = ORIENTED_EDGE ( 'NONE', *, *, #6507, .F. ) ;
#3446 = ADVANCED_FACE ( 'NONE', ( #4579 ), #2942, .F. ) ;
#3447 = SURFACE_STYLE_FILL_AREA ( #2681 ) ;
#3448 = FILL_AREA_STYLE ('',( #997 ) ) ;
#3449 = SURFACE_SIDE_STYLE ('',( #3303 ) ) ;
#3450 = CARTESIAN_POINT ( 'NONE',  ( 12.69999999999999929, 0.000000000000000000, -1.270000000000000018 ) ) ;
#3451 = EDGE_CURVE ( 'NONE', #436, #5430, #4522, .T. ) ;
#3452 = PLANE ( 'NONE',  #7366 ) ;
#3453 = AXIS2_PLACEMENT_3D ( 'NONE', #7645, #5504, #9314 ) ;
#3454 = ORIENTED_EDGE ( 'NONE', *, *, #8775, .F. ) ;
#3455 = CARTESIAN_POINT ( 'NONE',  ( 11.11000000000000476, 2.500000000000000444, -0.3200000000000021716 ) ) ;
#3456 = CARTESIAN_POINT ( 'NONE',  ( 12.70000000000000107, 8.599999999999999645, 0.2108089297201405921 ) ) ;
#3457 = ORIENTED_EDGE ( 'NONE', *, *, #7856, .T. ) ;
#3458 = EDGE_CURVE ( 'NONE', #33, #6422, #4475, .T. ) ;
#3459 = CARTESIAN_POINT ( 'NONE',  ( 12.69999999999999929, 0.7500000000000001110, -0.3200000000000023381 ) ) ;
#3460 = FILL_AREA_STYLE ('',( #5785 ) ) ;
#3461 = ORIENTED_EDGE ( 'NONE', *, *, #1567, .F. ) ;
#3462 = CARTESIAN_POINT ( 'NONE',  ( 12.69999999999999929, 2.500000000000000444, -1.270000000000000018 ) ) ;
#3463 = CARTESIAN_POINT ( 'NONE',  ( -4.980000000000000426, -0.03999999999999967470, 1.019999999999995799 ) ) ;
#3464 = EDGE_CURVE ( 'NONE', #9342, #7842, #6051, .T. ) ;
#3465 = DIRECTION ( 'NONE',  ( 0.000000000000000000, 1.000000000000000000, 1.707404996040164265E-16 ) ) ;
#3466 = ORIENTED_EDGE ( 'NONE', *, *, #8169, .F. ) ;
#3467 = FILL_AREA_STYLE_COLOUR ( '', #489 ) ;
#3468 =( NAMED_UNIT ( * ) PLANE_ANGLE_UNIT ( ) SI_UNIT ( $, .RADIAN. ) );
#3469 = CARTESIAN_POINT ( 'NONE',  ( 4.020808929720141478, 8.599999999999999645, 1.041517047584500167E-15 ) ) ;
#3470 = FACE_OUTER_BOUND ( 'NONE', #7080, .T. ) ;
#3471 = COLOUR_RGB ( '',1.000000000000000000, 0.8117647058823529438, 0.5019607843137254832 ) ;
#3472 = LINE ( 'NONE', #9510, #1505 ) ;
#3473 = DIRECTION ( 'NONE',  ( -1.000000000000000000, 0.000000000000000000, 0.000000000000000000 ) ) ;
#3474 = VECTOR ( 'NONE', #5313, 1000.000000000000000 ) ;
#3475 = DIRECTION ( 'NONE',  ( -1.000000000000000000, 0.000000000000000000, 0.000000000000000000 ) ) ;
#3476 = ORIENTED_EDGE ( 'NONE', *, *, #6104, .T. ) ;
#3477 = LINE ( 'NONE', #1127, #4269 ) ;
#3478 = LINE ( 'NONE', #2778, #6889 ) ;
#3479 = ORIENTED_EDGE ( 'NONE', *, *, #9138, .T. ) ;
#3480 = PRESENTATION_STYLE_ASSIGNMENT (( #1931 ) ) ;
#3481 = VECTOR ( 'NONE', #4126, 1000.000000000000000 ) ;
#3482 = ORIENTED_EDGE ( 'NONE', *, *, #3328, .F. ) ;
#3483 = DIRECTION ( 'NONE',  ( 0.000000000000000000, -1.408054769461692709E-16, 1.000000000000000000 ) ) ;
#3484 = CARTESIAN_POINT ( 'NONE',  ( 0.1000000000000011297, 0.000000000000000000, 1.019999999999995799 ) ) ;
#3485 = VECTOR ( 'NONE', #1381, 1000.000000000000000 ) ;
#3486 = ORIENTED_EDGE ( 'NONE', *, *, #3322, .T. ) ;
#3487 = APPLICATION_PROTOCOL_DEFINITION ( 'draft international standard', 'automotive_design', 1998, #5343 ) ;
#3488 = ORIENTED_EDGE ( 'NONE', *, *, #4685, .T. ) ;
#3489 = EDGE_CURVE ( 'NONE', #8933, #1136, #636, .T. ) ;
#3490 = ORIENTED_EDGE ( 'NONE', *, *, #2423, .F. ) ;
#3491 = CARTESIAN_POINT ( 'NONE',  ( 11.11000000000000121, 8.299999999999993605, -0.3200000000000012279 ) ) ;
#3492 = EDGE_CURVE ( 'NONE', #1486, #3003, #2279, .T. ) ;
#3493 = FACE_OUTER_BOUND ( 'NONE', #6874, .T. ) ;
#3494 = PLANE ( 'NONE',  #5376 ) ;
#3495 = STYLED_ITEM ( 'NONE', ( #9117 ), #6298 ) ;
#3496 = CARTESIAN_POINT ( 'NONE',  ( 11.37427180889166323, -3.426080827528285244, -0.05572819110834042328 ) ) ;
#3497 = LINE ( 'NONE', #8656, #4682 ) ;
#3498 = CARTESIAN_POINT ( 'NONE',  ( -5.179999999999998828, -0.03999999999999967470, 1.269999999999995799 ) ) ;
#3499 = ORIENTED_EDGE ( 'NONE', *, *, #7210, .F. ) ;
#3500 = EDGE_CURVE ( 'NONE', #1508, #3618, #2887, .T. ) ;
#3501 = DIRECTION ( 'NONE',  ( 1.000000000000000000, 0.000000000000000000, 0.000000000000000000 ) ) ;
#3502 = AXIS2_PLACEMENT_3D ( 'NONE', #3507, #2864, #2806 ) ;
#3503 = LINE ( 'NONE', #4254, #6046 ) ;
#3504 = EDGE_LOOP ( 'NONE', ( #5800, #4460, #9481, #598 ) ) ;
#3505 =( LENGTH_UNIT ( ) NAMED_UNIT ( * ) SI_UNIT ( .MILLI., .METRE. ) );
#3506 = EDGE_CURVE ( 'NONE', #3675, #466, #8131, .T. ) ;
#3507 = CARTESIAN_POINT ( 'NONE',  ( 0.1000000000000011297, -0.03999999999999923755, -1.270000000000004237 ) ) ;
#3508 = DIRECTION ( 'NONE',  ( -0.000000000000000000, 1.000000000000000000, 0.000000000000000000 ) ) ;
#3509 = AXIS2_PLACEMENT_3D ( 'NONE', #4, #4512, #3626 ) ;
#3510 = ORIENTED_EDGE ( 'NONE', *, *, #347, .F. ) ;
#3511 = PLANE ( 'NONE',  #3902 ) ;
#3512 =( GEOMETRIC_REPRESENTATION_CONTEXT ( 3 ) GLOBAL_UNCERTAINTY_ASSIGNED_CONTEXT ( ( #1635 ) ) GLOBAL_UNIT_ASSIGNED_CONTEXT ( ( #509, #8097, #459 ) ) REPRESENTATION_CONTEXT ( 'NONE', 'WORKASPACE' ) );
#3513 = FACE_OUTER_BOUND ( 'NONE', #8733, .T. ) ;
#3514 = DIRECTION ( 'NONE',  ( 1.000000000000000000, 0.000000000000000000, -0.000000000000000000 ) ) ;
#3515 = ADVANCED_FACE ( 'NONE', ( #2085 ), #4815, .F. ) ;
#3516 = DIRECTION ( 'NONE',  ( 0.3236155771181769003, 0.8891264907159941444, 0.3236155771181765672 ) ) ;
#3517 =( GEOMETRIC_REPRESENTATION_CONTEXT ( 3 ) GLOBAL_UNCERTAINTY_ASSIGNED_CONTEXT ( ( #2957 ) ) GLOBAL_UNIT_ASSIGNED_CONTEXT ( ( #7721, #7677, #2310 ) ) REPRESENTATION_CONTEXT ( 'NONE', 'WORKASPACE' ) );
#3518 = ORIENTED_EDGE ( 'NONE', *, *, #474, .F. ) ;
#3519 = DIRECTION ( 'NONE',  ( 0.000000000000000000, 1.000000000000000000, 1.707404996040164265E-16 ) ) ;
#3520 = ADVANCED_FACE ( 'NONE', ( #6949 ), #3978, .F. ) ;
#3521 = LINE ( 'NONE', #2021, #3697 ) ;
#3522 = DIRECTION ( 'NONE',  ( 0.000000000000000000, 0.000000000000000000, -1.000000000000000000 ) ) ;
#3523 = SURFACE_SIDE_STYLE ('',( #7276 ) ) ;
#3524 = VECTOR ( 'NONE', #288, 1000.000000000000000 ) ;
#3525 = DIRECTION ( 'NONE',  ( -1.000000000000000000, 0.000000000000000000, 0.000000000000000000 ) ) ;
#3526 = VECTOR ( 'NONE', #1634, 1000.000000000000000 ) ;
#3527 = LINE ( 'NONE', #7924, #1139 ) ;
#3528 = EDGE_CURVE ( 'NONE', #5919, #7421, #6239, .T. ) ;
#3529 = ORIENTED_EDGE ( 'NONE', *, *, #5699, .F. ) ;
#3530 = LINE ( 'NONE', #9517, #3164 ) ;
#3531 = PRESENTATION_LAYER_ASSIGNMENT (  '', '', ( #1927 ) ) ;
#3532 = DIRECTION ( 'NONE',  ( 0.000000000000000000, 0.000000000000000000, 1.000000000000000000 ) ) ;
#3533 = EDGE_LOOP ( 'NONE', ( #4794, #7739, #5276, #7715 ) ) ;
#3534 = UNCERTAINTY_MEASURE_WITH_UNIT (LENGTH_MEASURE( 1.000000000000000082E-05 ), #9580, 'distance_accuracy_value', 'NONE');
#3535 = CARTESIAN_POINT ( 'NONE',  ( -6.669999999999999929, -6.905096679918783842, -0.3200000000000038369 ) ) ;
#3536 = ORIENTED_EDGE ( 'NONE', *, *, #4419, .T. ) ;
#3537 = DIRECTION ( 'NONE',  ( 0.000000000000000000, 0.000000000000000000, 1.000000000000000000 ) ) ;
#3538 = UNCERTAINTY_MEASURE_WITH_UNIT (LENGTH_MEASURE( 1.000000000000000082E-05 ), #9584, 'distance_accuracy_value', 'NONE');
#3539 = CARTESIAN_POINT ( 'NONE',  ( 8.679191070279861364, -3.000000000000000000, 1.270000000000000018 ) ) ;
#3540 = SURFACE_STYLE_USAGE ( .BOTH. , #8839 ) ;
#3541 = COLOUR_RGB ( '',1.000000000000000000, 0.8117647058823529438, 0.5019607843137254832 ) ;
#3542 = ORIENTED_EDGE ( 'NONE', *, *, #6700, .T. ) ;
#3543 = APPLICATION_PROTOCOL_DEFINITION ( 'draft international standard', 'automotive_design', 1998, #5701 ) ;
#3544 = ORIENTED_EDGE ( 'NONE', *, *, #9093, .F. ) ;
#3545 = ORIENTED_EDGE ( 'NONE', *, *, #5597, .T. ) ;
#3546 = VECTOR ( 'NONE', #7001, 1000.000000000000000 ) ;
#3547 = ORIENTED_EDGE ( 'NONE', *, *, #5208, .F. ) ;
#3548 = FILL_AREA_STYLE_COLOUR ( '', #6137 ) ;
#3549 = LINE ( 'NONE', #4196, #6666 ) ;
#3550 = CARTESIAN_POINT ( 'NONE',  ( -11.10826512283769141, -2.695233464171030047, 0.3217348771623044223 ) ) ;
#3551 = CARTESIAN_POINT ( 'NONE',  ( -3.489999999999998437, -3.000000000000000000, -0.2108089297201431456 ) ) ;
#3552 = FACE_OUTER_BOUND ( 'NONE', #43, .T. ) ;
#3553 = DIRECTION ( 'NONE',  ( 0.000000000000000000, -0.3420201433256594981, 0.9396926207859117586 ) ) ;
#3554 = ORIENTED_EDGE ( 'NONE', *, *, #4176, .T. ) ;
#3555 = EDGE_CURVE ( 'NONE', #3109, #7509, #6854, .T. ) ;
#3556 = AXIS2_PLACEMENT_3D ( 'NONE', #1125, #4173, #8234 ) ;
#3557 = FACE_OUTER_BOUND ( 'NONE', #7951, .T. ) ;
#3558 = LINE ( 'NONE', #1197, #1765 ) ;
#3559 = AXIS2_PLACEMENT_3D ( 'NONE', #719, #2321, #3878 ) ;
#3560 = VERTEX_POINT ( 'NONE', #781 ) ;
#3561 = DIRECTION ( 'NONE',  ( 0.000000000000000000, 1.000000000000000000, 1.707404996040164265E-16 ) ) ;
#3562 = CARTESIAN_POINT ( 'NONE',  ( -9.209999999999999076, -0.03999999999999967470, -0.3200000000000026157 ) ) ;
#3563 = FILL_AREA_STYLE_COLOUR ( '', #9171 ) ;
#3564 =( GEOMETRIC_REPRESENTATION_CONTEXT ( 3 ) GLOBAL_UNCERTAINTY_ASSIGNED_CONTEXT ( ( #3645 ) ) GLOBAL_UNIT_ASSIGNED_CONTEXT ( ( #575, #8267, #9068 ) ) REPRESENTATION_CONTEXT ( 'NONE', 'WORKASPACE' ) );
#3565 = UNCERTAINTY_MEASURE_WITH_UNIT (LENGTH_MEASURE( 1.000000000000000082E-05 ), #1939, 'distance_accuracy_value', 'NONE');
#3566 = CARTESIAN_POINT ( 'NONE',  ( -8.569999999999998508, 2.500000000000000444, 0.3199999999999995071 ) ) ;
#3567 = STYLED_ITEM ( 'NONE', ( #5980 ), #7303 ) ;
#3568 = CARTESIAN_POINT ( 'NONE',  ( -7.719999999999997975, 2.500000000000000888, -1.270000000000003793 ) ) ;
#3569 = DIRECTION ( 'NONE',  ( -0.000000000000000000, 1.000000000000000000, 1.707404996040164265E-16 ) ) ;
#3570 = DIRECTION ( 'NONE',  ( -1.000000000000000000, 0.000000000000000000, 0.000000000000000000 ) ) ;
#3571 = VECTOR ( 'NONE', #6678, 1000.000000000000000 ) ;
#3572 = ADVANCED_FACE ( 'NONE', ( #5370 ), #9324, .T. ) ;
#3573 = DIRECTION ( 'NONE',  ( -1.000000000000000000, 0.000000000000000000, 0.000000000000000000 ) ) ;
#3574 = ORIENTED_EDGE ( 'NONE', *, *, #6764, .T. ) ;
#3575 = VECTOR ( 'NONE', #4249, 1000.000000000000000 ) ;
#3576 = AXIS2_PLACEMENT_3D ( 'NONE', #9647, #8919, #1360 ) ;
#3577 = AXIS2_PLACEMENT_3D ( 'NONE', #4128, #7000, #9372 ) ;
#3578 =( LENGTH_UNIT ( ) NAMED_UNIT ( * ) SI_UNIT ( .MILLI., .METRE. ) );
#3579 = LINE ( 'NONE', #6629, #1620 ) ;
#3580 = SURFACE_STYLE_FILL_AREA ( #7226 ) ;
#3581 = EDGE_CURVE ( 'NONE', #8779, #4038, #5514, .T. ) ;
#3582 = CARTESIAN_POINT ( 'NONE',  ( 0.1000000000000011297, 0.000000000000000000, 1.269999999999995799 ) ) ;
#3583 = FACE_OUTER_BOUND ( 'NONE', #5918, .T. ) ;
#3584 = CARTESIAN_POINT ( 'NONE',  ( -10.05999999999999872, 2.500000000000000444, -1.020000000000003793 ) ) ;
#3585 = VECTOR ( 'NONE', #8045, 1000.000000000000000 ) ;
#3586 = VECTOR ( 'NONE', #5169, 1000.000000000000000 ) ;
#3587 = CARTESIAN_POINT ( 'NONE',  ( 12.69999999999999929, 2.500000000000000444, -1.020000000000003793 ) ) ;
#3588 = ADVANCED_FACE ( 'NONE', ( #8576 ), #3089, .F. ) ;
#3589 = CARTESIAN_POINT ( 'NONE',  ( -9.209999999999999076, -0.03999999999999967470, 0.3199999999999990630 ) ) ;
#3590 = AXIS2_PLACEMENT_3D ( 'NONE', #1182, #7247, #2895 ) ;
#3591 = ORIENTED_EDGE ( 'NONE', *, *, #2691, .T. ) ;
#3592 = LINE ( 'NONE', #9613, #911 ) ;
#3593 = PLANE ( 'NONE',  #1871 ) ;
#3594 = ORIENTED_EDGE ( 'NONE', *, *, #8345, .F. ) ;
#3595 = VECTOR ( 'NONE', #3155, 1000.000000000000000 ) ;
#3596 = DIRECTION ( 'NONE',  ( 0.3236155771181767893, -0.8891264907159940334, 0.3236155771181771224 ) ) ;
#3597 = AXIS2_PLACEMENT_3D ( 'NONE', #2201, #3763, #5191 ) ;
#3598 = ORIENTED_EDGE ( 'NONE', *, *, #7398, .F. ) ;
#3599 = EDGE_CURVE ( 'NONE', #2739, #7971, #3366, .T. ) ;
#3600 = VERTEX_POINT ( 'NONE', #6336 ) ;
#3601 =( LENGTH_UNIT ( ) NAMED_UNIT ( * ) SI_UNIT ( .MILLI., .METRE. ) );
#3602 = CARTESIAN_POINT ( 'NONE',  ( 2.640000000000000124, -0.03999999999999967470, -1.020000000000004237 ) ) ;
#3603 = ORIENTED_EDGE ( 'NONE', *, *, #8182, .F. ) ;
#3604 = SURFACE_STYLE_FILL_AREA ( #6545 ) ;
#3605 = VERTEX_POINT ( 'NONE', #2020 ) ;
#3606 = ORIENTED_EDGE ( 'NONE', *, *, #9684, .F. ) ;
#3607 = ORIENTED_EDGE ( 'NONE', *, *, #4494, .F. ) ;
#3608 = LINE ( 'NONE', #4389, #271 ) ;
#3609 = PRESENTATION_STYLE_ASSIGNMENT (( #5771 ) ) ;
#3610 =( GEOMETRIC_REPRESENTATION_CONTEXT ( 3 ) GLOBAL_UNCERTAINTY_ASSIGNED_CONTEXT ( ( #4642 ) ) GLOBAL_UNIT_ASSIGNED_CONTEXT ( ( #616, #2209, #5200 ) ) REPRESENTATION_CONTEXT ( 'NONE', 'WORKASPACE' ) );
#3611 = DIRECTION ( 'NONE',  ( 1.000000000000000000, 0.000000000000000000, 0.000000000000000000 ) ) ;
#3612 = CARTESIAN_POINT ( 'NONE',  ( 10.26000000000000156, -0.03999999999999967470, 1.269999999999995799 ) ) ;
#3613 = DIRECTION ( 'NONE',  ( -1.000000000000000000, -0.000000000000000000, -0.000000000000000000 ) ) ;
#3614 = ORIENTED_EDGE ( 'NONE', *, *, #3713, .F. ) ;
#3615 = FILL_AREA_STYLE_COLOUR ( '', #8139 ) ;
#3616 = VECTOR ( 'NONE', #7204, 1000.000000000000000 ) ;
#3617 = PLANE ( 'NONE',  #4941 ) ;
#3618 = VERTEX_POINT ( 'NONE', #7273 ) ;
#3619 = CARTESIAN_POINT ( 'NONE',  ( -11.61873153413532123, 8.660657145849658178, 0.1887315341353224540 ) ) ;
#3620 =( NAMED_UNIT ( * ) PLANE_ANGLE_UNIT ( ) SI_UNIT ( $, .RADIAN. ) );
#3621 = FILL_AREA_STYLE ('',( #3563 ) ) ;
#3622 = VECTOR ( 'NONE', #4169, 1000.000000000000000 ) ;
#3623 = PLANE ( 'NONE',  #2771 ) ;
#3624 = FACE_OUTER_BOUND ( 'NONE', #1217, .T. ) ;
#3625 = VERTEX_POINT ( 'NONE', #9504 ) ;
#3626 = DIRECTION ( 'NONE',  ( -1.000000000000000000, 0.000000000000000000, 0.000000000000000000 ) ) ;
#3627 = ORIENTED_EDGE ( 'NONE', *, *, #986, .F. ) ;
#3628 = DIRECTION ( 'NONE',  ( -1.000000000000000000, 0.000000000000000000, 0.000000000000000000 ) ) ;
#3629 = CARTESIAN_POINT ( 'NONE',  ( -11.10999999999999766, 8.299999999999993605, 0.3200000000000004508 ) ) ;
#3630 = ADVANCED_FACE ( 'NONE', ( #1021 ), #8675, .T. ) ;
#3631 = PLANE ( 'NONE',  #1304 ) ;
#3632 = VECTOR ( 'NONE', #6411, 1000.000000000000000 ) ;
#3633 = VECTOR ( 'NONE', #7003, 1000.000000000000000 ) ;
#3634 = LINE ( 'NONE', #4472, #85 ) ;
#3635 = ORIENTED_EDGE ( 'NONE', *, *, #2705, .T. ) ;
#3636 = EDGE_CURVE ( 'NONE', #3439, #3896, #1160, .T. ) ;
#3637 = LINE ( 'NONE', #2718, #3010 ) ;
#3638 = CARTESIAN_POINT ( 'NONE',  ( -11.75000000000000000, -6.905096679918783842, 0.3199999999999978417 ) ) ;
#3639 = ORIENTED_EDGE ( 'NONE', *, *, #8313, .T. ) ;
#3640 = UNCERTAINTY_MEASURE_WITH_UNIT (LENGTH_MEASURE( 1.000000000000000082E-05 ), #6329, 'distance_accuracy_value', 'NONE');
#3641 = DIRECTION ( 'NONE',  ( -1.000000000000000000, 0.000000000000000000, -0.000000000000000000 ) ) ;
#3642 = VECTOR ( 'NONE', #6748, 1000.000000000000000 ) ;
#3643 = ORIENTED_EDGE ( 'NONE', *, *, #3458, .T. ) ;
#3644 = EDGE_CURVE ( 'NONE', #4828, #346, #7132, .T. ) ;
#3645 = UNCERTAINTY_MEASURE_WITH_UNIT (LENGTH_MEASURE( 1.000000000000000082E-05 ), #575, 'distance_accuracy_value', 'NONE');
#3646 = DIRECTION ( 'NONE',  ( -0.000000000000000000, 0.000000000000000000, 1.000000000000000000 ) ) ;
#3647 = CARTESIAN_POINT ( 'NONE',  ( -4.980000000000000426, 2.500000000000000444, 1.019999999999996243 ) ) ;
#3648 = MECHANICAL_DESIGN_GEOMETRIC_PRESENTATION_REPRESENTATION (  '', ( #4598 ), #2840 ) ;
#3649 = ORIENTED_EDGE ( 'NONE', *, *, #6279, .T. ) ;
#3650 = EDGE_CURVE ( 'NONE', #8895, #8298, #294, .T. ) ;
#3651 = EDGE_LOOP ( 'NONE', ( #9520, #5924, #1155, #9092 ) ) ;
#3652 = CARTESIAN_POINT ( 'NONE',  ( 0.1000000000000011297, 2.500000000000000888, -1.270000000000003793 ) ) ;
#3653 = VERTEX_POINT ( 'NONE', #8624 ) ;
#3654 = ORIENTED_EDGE ( 'NONE', *, *, #4619, .F. ) ;
#3655 = ADVANCED_FACE ( 'NONE', ( #2763 ), #7174, .F. ) ;
#3656 = FACE_OUTER_BOUND ( 'NONE', #3504, .T. ) ;
#3657 = VECTOR ( 'NONE', #2091, 1000.000000000000000 ) ;
#3658 = LINE ( 'NONE', #3612, #3900 ) ;
#3659 =( NAMED_UNIT ( * ) PLANE_ANGLE_UNIT ( ) SI_UNIT ( $, .RADIAN. ) );
#3660 = ORIENTED_EDGE ( 'NONE', *, *, #5407, .F. ) ;
#3661 = ORIENTED_EDGE ( 'NONE', *, *, #3772, .T. ) ;
#3662 = CARTESIAN_POINT ( 'NONE',  ( 6.670000000000006146, 0.7500000000000000000, 0.7700000000000006839 ) ) ;
#3663 =( GEOMETRIC_REPRESENTATION_CONTEXT ( 3 ) GLOBAL_UNCERTAINTY_ASSIGNED_CONTEXT ( ( #157 ) ) GLOBAL_UNIT_ASSIGNED_CONTEXT ( ( #2441, #355, #7981 ) ) REPRESENTATION_CONTEXT ( 'NONE', 'WORKASPACE' ) );
#3664 = CARTESIAN_POINT ( 'NONE',  ( -1.589999999999999414, 8.299999999999993605, 0.3200000000000004508 ) ) ;
#3665 = MECHANICAL_DESIGN_GEOMETRIC_PRESENTATION_REPRESENTATION (  '', ( #5081 ), #9657 ) ;
#3666 = ORIENTED_EDGE ( 'NONE', *, *, #4252, .T. ) ;
#3667 = DIRECTION ( 'NONE',  ( 0.000000000000000000, 1.707404996040164265E-16, -1.000000000000000000 ) ) ;
#3668 = CARTESIAN_POINT ( 'NONE',  ( 2.540000000000000036, 8.599999999999999645, 0.2108089297201405921 ) ) ;
#3669 = FACE_BOUND ( 'NONE', #9166, .T. ) ;
#3670 = FACE_OUTER_BOUND ( 'NONE', #8079, .T. ) ;
#3671 = LINE ( 'NONE', #6676, #89 ) ;
#3672 = LINE ( 'NONE', #9702, #7694 ) ;
#3673 = AXIS2_PLACEMENT_3D ( 'NONE', #4706, #2365, #3018 ) ;
#3674 = LINE ( 'NONE', #623, #7833 ) ;
#3675 = VERTEX_POINT ( 'NONE', #1420 ) ;
#3676 = CARTESIAN_POINT ( 'NONE',  ( 1.059191070279861036, 8.599999999999999645, 0.2108089297201405921 ) ) ;
#3677 = ORIENTED_EDGE ( 'NONE', *, *, #2786, .T. ) ;
#3678 = FACE_OUTER_BOUND ( 'NONE', #2484, .T. ) ;
#3679 = SURFACE_STYLE_FILL_AREA ( #7489 ) ;
#3680 = VECTOR ( 'NONE', #8652, 1000.000000000000000 ) ;
#3681 = DIRECTION ( 'NONE',  ( -0.000000000000000000, 1.000000000000000000, 1.707404996040164265E-16 ) ) ;
#3682 = DIRECTION ( 'NONE',  ( -0.000000000000000000, 1.734723475976807094E-15, -1.000000000000000000 ) ) ;
#3683 = DIRECTION ( 'NONE',  ( 1.000000000000000000, 0.000000000000000000, -0.000000000000000000 ) ) ;
#3684 = FILL_AREA_STYLE ('',( #8928 ) ) ;
#3685 = VECTOR ( 'NONE', #1889, 1000.000000000000000 ) ;
#3686 = DIRECTION ( 'NONE',  ( 0.000000000000000000, 0.000000000000000000, -1.000000000000000000 ) ) ;
#3687 = EDGE_CURVE ( 'NONE', #6484, #8895, #1367, .T. ) ;
#3688 = ORIENTED_EDGE ( 'NONE', *, *, #5404, .T. ) ;
#3689 = ADVANCED_FACE ( 'NONE', ( #9074 ), #8923, .F. ) ;
#3690 = DIRECTION ( 'NONE',  ( -0.000000000000000000, 1.000000000000000000, 1.707404996040164265E-16 ) ) ;
#3691 = CARTESIAN_POINT ( 'NONE',  ( -8.569999999999998508, -6.905096679918783842, 0.3199999999999978417 ) ) ;
#3692 = ORIENTED_EDGE ( 'NONE', *, *, #7435, .F. ) ;
#3693 = AXIS2_PLACEMENT_3D ( 'NONE', #6471, #9551, #4366 ) ;
#3694 = ORIENTED_EDGE ( 'NONE', *, *, #4976, .F. ) ;
#3695 =( LENGTH_UNIT ( ) NAMED_UNIT ( * ) SI_UNIT ( .MILLI., .METRE. ) );
#3696 =( LENGTH_UNIT ( ) NAMED_UNIT ( * ) SI_UNIT ( .MILLI., .METRE. ) );
#3697 = VECTOR ( 'NONE', #3028, 1000.000000000000000 ) ;
#3698 = VERTEX_POINT ( 'NONE', #7488 ) ;
#3699 = ADVANCED_FACE ( 'NONE', ( #7379 ), #5112, .F. ) ;
#3700 = EDGE_LOOP ( 'NONE', ( #5378, #8646, #5871, #7553 ) ) ;
#3701 = SURFACE_STYLE_FILL_AREA ( #9099 ) ;
#3702 = ORIENTED_EDGE ( 'NONE', *, *, #6850, .F. ) ;
#3703 = ORIENTED_EDGE ( 'NONE', *, *, #4660, .T. ) ;
#3704 =( NAMED_UNIT ( * ) SI_UNIT ( $, .STERADIAN. ) SOLID_ANGLE_UNIT ( ) );
#3705 = PLANE ( 'NONE',  #1735 ) ;
#3706 = FACE_OUTER_BOUND ( 'NONE', #4938, .T. ) ;
#3707 = AXIS2_PLACEMENT_3D ( 'NONE', #2001, #1241, #1399 ) ;
#3708 = EDGE_CURVE ( 'NONE', #5667, #5471, #8121, .T. ) ;
#3709 = DIRECTION ( 'NONE',  ( 0.000000000000000000, -1.000000000000000000, -1.707404996040164265E-16 ) ) ;
#3710 = LINE ( 'NONE', #8956, #6912 ) ;
#3711 = ORIENTED_EDGE ( 'NONE', *, *, #8423, .T. ) ;
#3712 = ORIENTED_EDGE ( 'NONE', *, *, #6969, .F. ) ;
#3713 = EDGE_CURVE ( 'NONE', #717, #8342, #9653, .T. ) ;
#3714 = LINE ( 'NONE', #8157, #376 ) ;
#3715 =( GEOMETRIC_REPRESENTATION_CONTEXT ( 3 ) GLOBAL_UNCERTAINTY_ASSIGNED_CONTEXT ( ( #5712 ) ) GLOBAL_UNIT_ASSIGNED_CONTEXT ( ( #1529, #2275, #631 ) ) REPRESENTATION_CONTEXT ( 'NONE', 'WORKASPACE' ) );
#3716 =( NAMED_UNIT ( * ) PLANE_ANGLE_UNIT ( ) SI_UNIT ( $, .RADIAN. ) );
#3717 = VERTEX_POINT ( 'NONE', #6628 ) ;
#3718 =( NAMED_UNIT ( * ) PLANE_ANGLE_UNIT ( ) SI_UNIT ( $, .RADIAN. ) );
#3719 = FILL_AREA_STYLE_COLOUR ( '', #4885 ) ;
#3720 = EDGE_CURVE ( 'NONE', #4687, #4588, #2928, .T. ) ;
#3721 = DIRECTION ( 'NONE',  ( 0.000000000000000000, 0.000000000000000000, -1.000000000000000000 ) ) ;
#3722 = PLANE ( 'NONE',  #7180 ) ;
#3723 = MECHANICAL_DESIGN_GEOMETRIC_PRESENTATION_REPRESENTATION (  '', ( #5144 ), #5762 ) ;
#3724 = ORIENTED_EDGE ( 'NONE', *, *, #8730, .T. ) ;
#3725 = PLANE ( 'NONE',  #3576 ) ;
#3726 = PLANE ( 'NONE',  #6085 ) ;
#3727 = ORIENTED_EDGE ( 'NONE', *, *, #1179, .F. ) ;
#3728 = LINE ( 'NONE', #3074, #4784 ) ;
#3729 = SURFACE_STYLE_FILL_AREA ( #4365 ) ;
#3730 = STYLED_ITEM ( 'NONE', ( #7813 ), #8201 ) ;
#3731 = MECHANICAL_DESIGN_GEOMETRIC_PRESENTATION_REPRESENTATION (  '', ( #7690 ), #4830 ) ;
#3732 = CARTESIAN_POINT ( 'NONE',  ( 11.11000000000000121, 8.299999999999993605, 0.3200000000000004508 ) ) ;
#3733 = AXIS2_PLACEMENT_3D ( 'NONE', #6321, #9356, #2548 ) ;
#3734 = SURFACE_STYLE_FILL_AREA ( #671 ) ;
#3735 = FACE_OUTER_BOUND ( 'NONE', #4024, .T. ) ;
#3736 = MECHANICAL_DESIGN_GEOMETRIC_PRESENTATION_REPRESENTATION (  '', ( #2449 ), #4989 ) ;
#3737 = DIRECTION ( 'NONE',  ( -0.000000000000000000, 1.734723475976807094E-15, -1.000000000000000000 ) ) ;
#3738 = EDGE_LOOP ( 'NONE', ( #2336, #39, #9388, #2959 ) ) ;
#3739 = LINE ( 'NONE', #7654, #3642 ) ;
#3740 = PRESENTATION_LAYER_ASSIGNMENT (  '', '', ( #6247 ) ) ;
#3741 = LINE ( 'NONE', #6749, #1398 ) ;
#3742 = SURFACE_SIDE_STYLE ('',( #2335 ) ) ;
#3743 = VERTEX_POINT ( 'NONE', #8177 ) ;
#3744 = UNCERTAINTY_MEASURE_WITH_UNIT (LENGTH_MEASURE( 1.000000000000000082E-05 ), #5933, 'distance_accuracy_value', 'NONE');
#3745 = LINE ( 'NONE', #3092, #3485 ) ;
#3746 = ORIENTED_EDGE ( 'NONE', *, *, #8245, .F. ) ;
#3747 = AXIS2_PLACEMENT_3D ( 'NONE', #2834, #352, #8883 ) ;
#3748 = VECTOR ( 'NONE', #5305, 1000.000000000000000 ) ;
#3749 = DIRECTION ( 'NONE',  ( -0.000000000000000000, 1.000000000000000000, 0.000000000000000000 ) ) ;
#3750 = VERTEX_POINT ( 'NONE', #627 ) ;
#3751 = DIRECTION ( 'NONE',  ( -1.000000000000000000, 0.000000000000000000, 0.000000000000000000 ) ) ;
#3752 = ADVANCED_FACE ( 'NONE', ( #3678 ), #196, .F. ) ;
#3753 = VERTEX_POINT ( 'NONE', #4757 ) ;
#3754 = COLOUR_RGB ( '',1.000000000000000000, 0.8117647058823529438, 0.5019607843137254832 ) ;
#3755 = MECHANICAL_DESIGN_GEOMETRIC_PRESENTATION_REPRESENTATION (  '', ( #7349 ), #1151 ) ;
#3756 = ORIENTED_EDGE ( 'NONE', *, *, #2067, .T. ) ;
#3757 = SURFACE_SIDE_STYLE ('',( #3701 ) ) ;
#3758 = EDGE_LOOP ( 'NONE', ( #40, #6809, #659, #3606 ) ) ;
#3759 = UNCERTAINTY_MEASURE_WITH_UNIT (LENGTH_MEASURE( 1.000000000000000082E-05 ), #2507, 'distance_accuracy_value', 'NONE');
#3760 = ORIENTED_EDGE ( 'NONE', *, *, #3024, .T. ) ;
#3761 = CARTESIAN_POINT ( 'NONE',  ( 5.180000000000000604, 9.486769009248163798E-17, -1.020000000000004237 ) ) ;
#3762 =( NAMED_UNIT ( * ) SI_UNIT ( $, .STERADIAN. ) SOLID_ANGLE_UNIT ( ) );
#3763 = DIRECTION ( 'NONE',  ( 1.000000000000000000, 0.000000000000000000, 0.000000000000000000 ) ) ;
#3764 = EDGE_CURVE ( 'NONE', #8525, #6207, #3970, .T. ) ;
#3765 = EDGE_CURVE ( 'NONE', #2496, #3192, #6278, .T. ) ;
#3766 = DIRECTION ( 'NONE',  ( -0.9396926207859117586, -0.3420201433256594981, -0.000000000000000000 ) ) ;
#3767 = AXIS2_PLACEMENT_3D ( 'NONE', #9280, #8479, #6995 ) ;
#3768 =( NAMED_UNIT ( * ) PLANE_ANGLE_UNIT ( ) SI_UNIT ( $, .RADIAN. ) );
#3769 = DIRECTION ( 'NONE',  ( -0.000000000000000000, 1.000000000000000000, 1.707404996040164265E-16 ) ) ;
#3770 = EDGE_LOOP ( 'NONE', ( #4797, #6537, #6208, #7248 ) ) ;
#3771 = ORIENTED_EDGE ( 'NONE', *, *, #6793, .F. ) ;
#3772 = EDGE_CURVE ( 'NONE', #8093, #4387, #7595, .T. ) ;
#3773 = MECHANICAL_DESIGN_GEOMETRIC_PRESENTATION_REPRESENTATION (  '', ( #720 ), #6757 ) ;
#3774 = ORIENTED_EDGE ( 'NONE', *, *, #7642, .F. ) ;
#3775 = DIRECTION ( 'NONE',  ( 0.000000000000000000, -1.408054769461692709E-16, 1.000000000000000000 ) ) ;
#3776 = FACE_OUTER_BOUND ( 'NONE', #1727, .T. ) ;
#3777 = DIRECTION ( 'NONE',  ( 0.3236155771181767893, -0.8891264907159940334, 0.3236155771181771224 ) ) ;
#3778 = ADVANCED_FACE ( 'NONE', ( #2270 ), #5503, .T. ) ;
#3779 = SURFACE_STYLE_FILL_AREA ( #1652 ) ;
#3780 = CARTESIAN_POINT ( 'NONE',  ( 8.570000000000002061, 8.299999999999993605, 0.3200000000000004508 ) ) ;
#3781 = CARTESIAN_POINT ( 'NONE',  ( 7.520000000000002238, 0.000000000000000000, 1.019999999999995799 ) ) ;
#3782 = DIRECTION ( 'NONE',  ( 0.000000000000000000, 1.707404996040164265E-16, -1.000000000000000000 ) ) ;
#3783 = ORIENTED_EDGE ( 'NONE', *, *, #5534, .F. ) ;
#3784 = AXIS2_PLACEMENT_3D ( 'NONE', #1251, #3667, #4301 ) ;
#3785 = DIRECTION ( 'NONE',  ( 0.000000000000000000, 0.000000000000000000, -1.000000000000000000 ) ) ;
#3786 = ORIENTED_EDGE ( 'NONE', *, *, #7707, .F. ) ;
#3787 = EDGE_CURVE ( 'NONE', #7754, #3204, #4662, .T. ) ;
#3788 =( LENGTH_UNIT ( ) NAMED_UNIT ( * ) SI_UNIT ( .MILLI., .METRE. ) );
#3789 = LINE ( 'NONE', #7381, #8362 ) ;
#3790 = AXIS2_PLACEMENT_3D ( 'NONE', #9167, #5299, #3205 ) ;
#3791 = EDGE_CURVE ( 'NONE', #8884, #6075, #8330, .T. ) ;
#3792 = LINE ( 'NONE', #4515, #3474 ) ;
#3793 = FILL_AREA_STYLE_COLOUR ( '', #1336 ) ;
#3794 = SURFACE_STYLE_FILL_AREA ( #3684 ) ;
#3795 = CARTESIAN_POINT ( 'NONE',  ( -5.179999999999997051, 2.500000000000000444, -1.270000000000000018 ) ) ;
#3796 = VECTOR ( 'NONE', #5948, 1000.000000000000000 ) ;
#3797 = ORIENTED_EDGE ( 'NONE', *, *, #8047, .T. ) ;
#3798 = DIRECTION ( 'NONE',  ( 1.000000000000000000, 0.000000000000000000, 0.000000000000000000 ) ) ;
#3799 = CARTESIAN_POINT ( 'NONE',  ( -3.489999999999996660, 0.7500000000000001110, -0.3200000000000025047 ) ) ;
#3800 = DIRECTION ( 'NONE',  ( -1.000000000000000000, 0.000000000000000000, 0.000000000000000000 ) ) ;
#3801 = ORIENTED_EDGE ( 'NONE', *, *, #9014, .T. ) ;
#3802 = ORIENTED_EDGE ( 'NONE', *, *, #474, .T. ) ;
#3803 = CARTESIAN_POINT ( 'NONE',  ( 1.059191070279861036, -3.000000000000000000, 1.270000000000000018 ) ) ;
#3804 = FACE_OUTER_BOUND ( 'NONE', #5756, .T. ) ;
#3805 = PRESENTATION_LAYER_ASSIGNMENT (  '', '', ( #5051 ) ) ;
#3806 = DIRECTION ( 'NONE',  ( -1.000000000000000000, 0.000000000000000000, 0.000000000000000000 ) ) ;
#3807 = ORIENTED_EDGE ( 'NONE', *, *, #1170, .T. ) ;
#3808 = AXIS2_PLACEMENT_3D ( 'NONE', #7511, #3145, #6158 ) ;
#3809 = VERTEX_POINT ( 'NONE', #7032 ) ;
#3810 = ORIENTED_EDGE ( 'NONE', *, *, #5133, .F. ) ;
#3811 = FILL_AREA_STYLE_COLOUR ( '', #4563 ) ;
#3812 = FACE_OUTER_BOUND ( 'NONE', #4278, .T. ) ;
#3813 = PLANE ( 'NONE',  #1677 ) ;
#3814 = DIRECTION ( 'NONE',  ( 0.000000000000000000, 0.000000000000000000, 1.000000000000000000 ) ) ;
#3815 = COLOUR_RGB ( '',1.000000000000000000, 0.8117647058823529438, 0.5019607843137254832 ) ;
#3816 = CARTESIAN_POINT ( 'NONE',  ( 11.64080892972014425, 8.599999999999999645, 1.041517047584500167E-15 ) ) ;
#3817 = COLOUR_RGB ( '',1.000000000000000000, 0.8117647058823529438, 0.5019607843137254832 ) ;
#3818 = ORIENTED_EDGE ( 'NONE', *, *, #6284, .F. ) ;
#3819 = SURFACE_SIDE_STYLE ('',( #757 ) ) ;
#3820 = EDGE_CURVE ( 'NONE', #5383, #6531, #5360, .T. ) ;
#3821 = ORIENTED_EDGE ( 'NONE', *, *, #1868, .F. ) ;
#3822 = EDGE_CURVE ( 'NONE', #1840, #990, #3075, .T. ) ;
#3823 = EDGE_LOOP ( 'NONE', ( #2896, #4808, #7102, #9705 ) ) ;
#3824 = LINE ( 'NONE', #4705, #6601 ) ;
#3825 = DIRECTION ( 'NONE',  ( 0.000000000000000000, -1.000000000000000000, -1.707404996040164265E-16 ) ) ;
#3826 = CARTESIAN_POINT ( 'NONE',  ( 0.1000000000000011297, 2.500000000000000444, -1.020000000000003793 ) ) ;
#3827 = AXIS2_PLACEMENT_3D ( 'NONE', #3047, #8436, #3898 ) ;
#3828 = CARTESIAN_POINT ( 'NONE',  ( -4.129999999999999893, -6.905096679918783842, -0.3200000000000038369 ) ) ;
#3829 = DIRECTION ( 'NONE',  ( 0.000000000000000000, 1.000000000000000000, 1.707404996040164265E-16 ) ) ;
#3830 = DIRECTION ( 'NONE',  ( 0.000000000000000000, 0.000000000000000000, 1.000000000000000000 ) ) ;
#3831 = EDGE_CURVE ( 'NONE', #1186, #9030, #3881, .T. ) ;
#3832 = CARTESIAN_POINT ( 'NONE',  ( -7.719999999999997975, -0.03999999999999967470, 1.269999999999995799 ) ) ;
#3833 = SURFACE_SIDE_STYLE ('',( #8171 ) ) ;
#3834 = AXIS2_PLACEMENT_3D ( 'NONE', #9121, #4750, #8456 ) ;
#3835 = EDGE_LOOP ( 'NONE', ( #9332, #4843, #5044, #3189 ) ) ;
#3836 = EDGE_CURVE ( 'NONE', #6151, #5382, #7687, .T. ) ;
#3837 = CARTESIAN_POINT ( 'NONE',  ( 12.69999999999999929, 2.500000000000000000, 1.270000000000000018 ) ) ;
#3838 = DIRECTION ( 'NONE',  ( 0.000000000000000000, 0.000000000000000000, 1.000000000000000000 ) ) ;
#3839 = ADVANCED_FACE ( 'NONE', ( #6186 ), #3267, .T. ) ;
#3840 = CARTESIAN_POINT ( 'NONE',  ( 11.11000000000000476, 2.500000000000000444, 0.3199999999999995071 ) ) ;
#3841 = DIRECTION ( 'NONE',  ( 1.000000000000000000, 0.000000000000000000, -0.000000000000000000 ) ) ;
#3842 = MECHANICAL_DESIGN_GEOMETRIC_PRESENTATION_REPRESENTATION (  '', ( #1262 ), #1600 ) ;
#3843 = VERTEX_POINT ( 'NONE', #2694 ) ;
#3844 = ADVANCED_FACE ( 'NONE', ( #331 ), #5691, .T. ) ;
#3845 = CARTESIAN_POINT ( 'NONE',  ( -6.669999999999999041, -0.03999999999999967470, 0.3199999999999990630 ) ) ;
#3846 = VECTOR ( 'NONE', #8803, 1000.000000000000000 ) ;
#3847 = DIRECTION ( 'NONE',  ( 0.000000000000000000, 1.707404996040164265E-16, -1.000000000000000000 ) ) ;
#3848 = ORIENTED_EDGE ( 'NONE', *, *, #1509, .T. ) ;
#3849 = UNCERTAINTY_MEASURE_WITH_UNIT (LENGTH_MEASURE( 1.000000000000000082E-05 ), #1603, 'distance_accuracy_value', 'NONE');
#3850 = VERTEX_POINT ( 'NONE', #1905 ) ;
#3851 = PRESENTATION_STYLE_ASSIGNMENT (( #789 ) ) ;
#3852 = VECTOR ( 'NONE', #2803, 1000.000000000000000 ) ;
#3853 = DIRECTION ( 'NONE',  ( -1.000000000000000000, 0.000000000000000000, -0.000000000000000000 ) ) ;
#3854 = ADVANCED_FACE ( 'NONE', ( #4900 ), #1062, .F. ) ;
#3855 = MECHANICAL_DESIGN_GEOMETRIC_PRESENTATION_REPRESENTATION (  '', ( #5555 ), #491 ) ;
#3856 = ORIENTED_EDGE ( 'NONE', *, *, #4981, .F. ) ;
#3857 = CARTESIAN_POINT ( 'NONE',  ( -1.589999999999997637, 2.500000000000000444, -0.3200000000000021716 ) ) ;
#3858 = AXIS2_PLACEMENT_3D ( 'NONE', #4476, #1536, #4580 ) ;
#3859 =( NAMED_UNIT ( * ) SI_UNIT ( $, .STERADIAN. ) SOLID_ANGLE_UNIT ( ) );
#3860 = ORIENTED_EDGE ( 'NONE', *, *, #6737, .F. ) ;
#3861 = VERTEX_POINT ( 'NONE', #8664 ) ;
#3862 = DIRECTION ( 'NONE',  ( 0.3236155771181768448, 0.8891264907159940334, -0.3236155771181768448 ) ) ;
#3863 = CARTESIAN_POINT ( 'NONE',  ( 7.620000000000000107, 8.599999999999999645, -0.2108089297201413692 ) ) ;
#3864 = VECTOR ( 'NONE', #7, 1000.000000000000000 ) ;
#3865 = LINE ( 'NONE', #4548, #1962 ) ;
#3866 = EDGE_LOOP ( 'NONE', ( #7154, #615, #3201, #7942 ) ) ;
#3867 = SURFACE_SIDE_STYLE ('',( #6024 ) ) ;
#3868 = CARTESIAN_POINT ( 'NONE',  ( -4.980000000000002203, 1.885956070686925433E-16, -0.7700000000000006839 ) ) ;
#3869 = VECTOR ( 'NONE', #2736, 1000.000000000000000 ) ;
#3870 = ORIENTED_EDGE ( 'NONE', *, *, #9444, .F. ) ;
#3871 = FILL_AREA_STYLE ('',( #9787 ) ) ;
#3872 = LINE ( 'NONE', #8415, #5249 ) ;
#3873 =( LENGTH_UNIT ( ) NAMED_UNIT ( * ) SI_UNIT ( .MILLI., .METRE. ) );
#3874 = CARTESIAN_POINT ( 'NONE',  ( -2.439999999999999503, 9.486769009248163798E-17, -1.020000000000004237 ) ) ;
#3875 = ADVANCED_FACE ( 'NONE', ( #8860 ), #2063, .F. ) ;
#3876 = CARTESIAN_POINT ( 'NONE',  ( -3.488265122837692189, -2.695233464171030047, 0.3217348771623044223 ) ) ;
#3877 = STYLED_ITEM ( 'NONE', ( #4719 ), #2289 ) ;
#3878 = DIRECTION ( 'NONE',  ( 0.000000000000000000, 0.000000000000000000, 1.000000000000000000 ) ) ;
#3879 = ORIENTED_EDGE ( 'NONE', *, *, #2853, .T. ) ;
#3880 = FACE_OUTER_BOUND ( 'NONE', #3229, .T. ) ;
#3881 = LINE ( 'NONE', #770, #9297 ) ;
#3882 = VECTOR ( 'NONE', #476, 1000.000000000000114 ) ;
#3883 = DIRECTION ( 'NONE',  ( 0.3236155771181768448, 0.8891264907159940334, 0.3236155771181768448 ) ) ;
#3884 = FACE_BOUND ( 'NONE', #8736, .T. ) ;
#3885 = DIRECTION ( 'NONE',  ( 0.000000000000000000, -1.408054769461692709E-16, 1.000000000000000000 ) ) ;
#3886 = DIRECTION ( 'NONE',  ( -1.000000000000000000, 0.000000000000000000, 0.000000000000000000 ) ) ;
#3887 = FILL_AREA_STYLE ('',( #5318 ) ) ;
#3888 = ORIENTED_EDGE ( 'NONE', *, *, #215, .F. ) ;
#3889 = LINE ( 'NONE', #9762, #9183 ) ;
#3890 = EDGE_CURVE ( 'NONE', #2506, #6785, #9743, .T. ) ;
#3891 = ORIENTED_EDGE ( 'NONE', *, *, #6764, .F. ) ;
#3892 = FACE_OUTER_BOUND ( 'NONE', #1880, .T. ) ;
#3893 = PRESENTATION_LAYER_ASSIGNMENT (  '', '', ( #237 ) ) ;
#3894 = ORIENTED_EDGE ( 'NONE', *, *, #8715, .T. ) ;
#3895 = COLOUR_RGB ( '',1.000000000000000000, 0.8117647058823529438, 0.5019607843137254832 ) ;
#3896 = VERTEX_POINT ( 'NONE', #8161 ) ;
#3897 = SURFACE_STYLE_FILL_AREA ( #9283 ) ;
#3898 = DIRECTION ( 'NONE',  ( -0.000000000000000000, 0.000000000000000000, 1.000000000000000000 ) ) ;
#3899 = CARTESIAN_POINT ( 'NONE',  ( 35.56000000000000227, -3.000000000000000000, -0.2108089297201431456 ) ) ;
#3900 = VECTOR ( 'NONE', #1291, 1000.000000000000000 ) ;
#3901 = EDGE_CURVE ( 'NONE', #5943, #3341, #5782, .T. ) ;
#3902 = AXIS2_PLACEMENT_3D ( 'NONE', #8008, #372, #6515 ) ;
#3903 = AXIS2_PLACEMENT_3D ( 'NONE', #4452, #9740, #8754 ) ;
#3904 = ORIENTED_EDGE ( 'NONE', *, *, #8186, .T. ) ;
#3905 = ORIENTED_EDGE ( 'NONE', *, *, #4532, .T. ) ;
#3906 = EDGE_CURVE ( 'NONE', #8868, #6871, #4347, .T. ) ;
#3907 =( NAMED_UNIT ( * ) PLANE_ANGLE_UNIT ( ) SI_UNIT ( $, .RADIAN. ) );
#3908 = ORIENTED_EDGE ( 'NONE', *, *, #392, .T. ) ;
#3909 = AXIS2_PLACEMENT_3D ( 'NONE', #5331, #4637, #790 ) ;
#3910 = VERTEX_POINT ( 'NONE', #7315 ) ;
#3911 = PRESENTATION_STYLE_ASSIGNMENT (( #6164 ) ) ;
#3912 = FILL_AREA_STYLE ('',( #4646 ) ) ;
#3913 = VECTOR ( 'NONE', #4295, 1000.000000000000000 ) ;
#3914 = CARTESIAN_POINT ( 'NONE',  ( -7.519999999999998685, 2.500000000000000444, 1.019999999999996243 ) ) ;
#3915 = ORIENTED_EDGE ( 'NONE', *, *, #5005, .F. ) ;
#3916 = EDGE_LOOP ( 'NONE', ( #405, #2597, #1058, #2394 ) ) ;
#3917 = LINE ( 'NONE', #847, #8188 ) ;
#3918 = DIRECTION ( 'NONE',  ( 0.000000000000000000, 1.408054769461692709E-16, -1.000000000000000000 ) ) ;
#3919 = DIRECTION ( 'NONE',  ( 0.000000000000000000, 0.000000000000000000, 1.000000000000000000 ) ) ;
#3920 =( GEOMETRIC_REPRESENTATION_CONTEXT ( 3 ) GLOBAL_UNCERTAINTY_ASSIGNED_CONTEXT ( ( #2351 ) ) GLOBAL_UNIT_ASSIGNED_CONTEXT ( ( #6250, #3907, #9292 ) ) REPRESENTATION_CONTEXT ( 'NONE', 'WORKASPACE' ) );
#3921 =( NAMED_UNIT ( * ) PLANE_ANGLE_UNIT ( ) SI_UNIT ( $, .RADIAN. ) );
#3922 = SURFACE_STYLE_USAGE ( .BOTH. , #4803 ) ;
#3923 = LINE ( 'NONE', #6180, #9419 ) ;
#3924 = ORIENTED_EDGE ( 'NONE', *, *, #3080, .F. ) ;
#3925 = PRESENTATION_STYLE_ASSIGNMENT (( #5501 ) ) ;
#3926 =( GEOMETRIC_REPRESENTATION_CONTEXT ( 3 ) GLOBAL_UNCERTAINTY_ASSIGNED_CONTEXT ( ( #3054 ) ) GLOBAL_UNIT_ASSIGNED_CONTEXT ( ( #6521, #3323, #5006 ) ) REPRESENTATION_CONTEXT ( 'NONE', 'WORKASPACE' ) );
#3927 = SURFACE_STYLE_FILL_AREA ( #7819 ) ;
#3928 = DIRECTION ( 'NONE',  ( 0.000000000000000000, 0.000000000000000000, -1.000000000000000000 ) ) ;
#3929 =( LENGTH_UNIT ( ) NAMED_UNIT ( * ) SI_UNIT ( .MILLI., .METRE. ) );
#3930 = DIRECTION ( 'NONE',  ( 0.000000000000000000, -1.707404996040164265E-16, 1.000000000000000000 ) ) ;
#3931 = LINE ( 'NONE', #4763, #3388 ) ;
#3932 = ORIENTED_EDGE ( 'NONE', *, *, #9162, .T. ) ;
#3933 = PRESENTATION_STYLE_ASSIGNMENT (( #2472 ) ) ;
#3934 = ADVANCED_FACE ( 'NONE', ( #4455 ), #8109, .F. ) ;
#3935 = MECHANICAL_DESIGN_GEOMETRIC_PRESENTATION_REPRESENTATION (  '', ( #3137 ), #4874 ) ;
#3936 = EDGE_CURVE ( 'NONE', #4978, #7897, #6670, .T. ) ;
#3937 = CARTESIAN_POINT ( 'NONE',  ( 3.599191070279859961, -3.000000000000000000, 1.270000000000000018 ) ) ;
#3938 =( NAMED_UNIT ( * ) PLANE_ANGLE_UNIT ( ) SI_UNIT ( $, .RADIAN. ) );
#3939 = UNCERTAINTY_MEASURE_WITH_UNIT (LENGTH_MEASURE( 1.000000000000000082E-05 ), #6704, 'distance_accuracy_value', 'NONE');
#3940 = DIRECTION ( 'NONE',  ( 0.000000000000000000, 1.000000000000000000, 1.707404996040164265E-16 ) ) ;
#3941 = ORIENTED_EDGE ( 'NONE', *, *, #2030, .T. ) ;
#3942 = VERTEX_POINT ( 'NONE', #7477 ) ;
#3943 = FACE_OUTER_BOUND ( 'NONE', #701, .T. ) ;
#3944 = LINE ( 'NONE', #6343, #6913 ) ;
#3945 = AXIS2_PLACEMENT_3D ( 'NONE', #6524, #2660, #4218 ) ;
#3946 = ADVANCED_FACE ( 'NONE', ( #2008 ), #2863, .T. ) ;
#3947 = EDGE_LOOP ( 'NONE', ( #9713, #8119, #2727, #4534, #2794, #9694, #7029, #6353, #4331, #1904, #7486, #4179, #444, #8204, #4639, #2228, #3888, #6705, #3746, #72, #1223, #2790, #3445, #8242, #1948, #7246, #7678, #171, #2717, #4373, #2804, #1281, #6348, #8194, #3150, #8634, #2486, #3025, #2220, #8572, #6460, #6285, #3915, #5551, #2089, #8693, #7781, #2267, #209, #7460, #3433, #6015, #6716, #4257, #9249, #8397, #1254, #8841, #644, #4296, #1611, #2675, #6264, #9196, #504, #8757, #7472, #6301, #2197, #7723, #7566, #5061, #754, #400, #4782, #2431, #8294, #2346, #8360, #591, #2732, #9394, #2693, #441 ) ) ;
#3948 =( NAMED_UNIT ( * ) SI_UNIT ( $, .STERADIAN. ) SOLID_ANGLE_UNIT ( ) );
#3949 = EDGE_CURVE ( 'NONE', #5817, #5719, #1300, .T. ) ;
#3950 = CARTESIAN_POINT ( 'NONE',  ( 12.69999999999999929, 0.7500000000000001110, 0.3199999999999991740 ) ) ;
#3951 = ORIENTED_EDGE ( 'NONE', *, *, #5404, .F. ) ;
#3952 = UNCERTAINTY_MEASURE_WITH_UNIT (LENGTH_MEASURE( 1.000000000000000082E-05 ), #7944, 'distance_accuracy_value', 'NONE');
#3953 =( GEOMETRIC_REPRESENTATION_CONTEXT ( 3 ) GLOBAL_UNCERTAINTY_ASSIGNED_CONTEXT ( ( #2944 ) ) GLOBAL_UNIT_ASSIGNED_CONTEXT ( ( #197, #8760, #9450 ) ) REPRESENTATION_CONTEXT ( 'NONE', 'WORKASPACE' ) );
#3954 = ORIENTED_EDGE ( 'NONE', *, *, #1383, .F. ) ;
#3955 = DIRECTION ( 'NONE',  ( 0.000000000000000000, -1.000000000000000000, -1.707404996040164265E-16 ) ) ;
#3956 = DIRECTION ( 'NONE',  ( 0.000000000000000000, -0.000000000000000000, 1.000000000000000000 ) ) ;
#3957 = EDGE_CURVE ( 'NONE', #7129, #8710, #2914, .T. ) ;
#3958 = VERTEX_POINT ( 'NONE', #1462 ) ;
#3959 =( NAMED_UNIT ( * ) SI_UNIT ( $, .STERADIAN. ) SOLID_ANGLE_UNIT ( ) );
#3960 = VERTEX_POINT ( 'NONE', #519 ) ;
#3961 = PLANE ( 'NONE',  #3790 ) ;
#3962 = CARTESIAN_POINT ( 'NONE',  ( 3.490000000000003322, -0.03999999999999967470, 0.3199999999999990630 ) ) ;
#3963 = DIRECTION ( 'NONE',  ( -0.000000000000000000, 1.000000000000000000, 1.707404996040164265E-16 ) ) ;
#3964 = VECTOR ( 'NONE', #4073, 1000.000000000000000 ) ;
#3965 = LINE ( 'NONE', #2317, #8406 ) ;
#3966 = CARTESIAN_POINT ( 'NONE',  ( -7.519999999999998685, 0.000000000000000000, -1.270000000000004237 ) ) ;
#3967 = DIRECTION ( 'NONE',  ( 0.000000000000000000, -1.000000000000000000, -1.707404996040164265E-16 ) ) ;
#3968 = FILL_AREA_STYLE_COLOUR ( '', #4198 ) ;
#3969 = VECTOR ( 'NONE', #5848, 1000.000000000000000 ) ;
#3970 = LINE ( 'NONE', #815, #1354 ) ;
#3971 = PRESENTATION_STYLE_ASSIGNMENT (( #1671 ) ) ;
#3972 = CARTESIAN_POINT ( 'NONE',  ( 12.69999999999999929, 0.7500000000000000000, 0.7700000000000006839 ) ) ;
#3973 = FILL_AREA_STYLE_COLOUR ( '', #7043 ) ;
#3974 = PLANE ( 'NONE',  #5753 ) ;
#3975 = STYLED_ITEM ( 'NONE', ( #3851 ), #5583 ) ;
#3976 = ORIENTED_EDGE ( 'NONE', *, *, #1066, .T. ) ;
#3977 = CARTESIAN_POINT ( 'NONE',  ( -1.480808929720139444, 8.599999999999999645, -0.2108089297201413692 ) ) ;
#3978 = PLANE ( 'NONE',  #2475 ) ;
#3979 = PRESENTATION_LAYER_ASSIGNMENT (  '', '', ( #4769 ) ) ;
#3980 = PLANE ( 'NONE',  #3188 ) ;
#3981 =( GEOMETRIC_REPRESENTATION_CONTEXT ( 3 ) GLOBAL_UNCERTAINTY_ASSIGNED_CONTEXT ( ( #3939 ) ) GLOBAL_UNIT_ASSIGNED_CONTEXT ( ( #6704, #5285, #3859 ) ) REPRESENTATION_CONTEXT ( 'NONE', 'WORKASPACE' ) );
#3982 = ORIENTED_EDGE ( 'NONE', *, *, #6600, .T. ) ;
#3983 = EDGE_LOOP ( 'NONE', ( #2007, #4812, #5142, #5257 ) ) ;
#3984 = CARTESIAN_POINT ( 'NONE',  ( 3.621268465864678987, 8.660657145849658178, 0.1887315341353224540 ) ) ;
#3985 = LINE ( 'NONE', #7881, #4133 ) ;
#3986 = CARTESIAN_POINT ( 'NONE',  ( 6.030000000000000249, 8.299999999999993605, -0.3200000000000012279 ) ) ;
#3987 = EDGE_CURVE ( 'NONE', #8046, #6639, #4501, .T. ) ;
#3988 = AXIS2_PLACEMENT_3D ( 'NONE', #1436, #6807, #4478 ) ;
#3989 = ORIENTED_EDGE ( 'NONE', *, *, #9554, .T. ) ;
#3990 = LINE ( 'NONE', #4085, #9177 ) ;
#3991 = CARTESIAN_POINT ( 'NONE',  ( -0.09999999999999766020, -0.03999999999999967470, 1.019999999999995799 ) ) ;
#3992 = ORIENTED_EDGE ( 'NONE', *, *, #4281, .T. ) ;
#3993 = ORIENTED_EDGE ( 'NONE', *, *, #7877, .F. ) ;
#3994 = PLANE ( 'NONE',  #8575 ) ;
#3995 = CARTESIAN_POINT ( 'NONE',  ( -8.568265122837692260, -2.695233464171030047, 0.3217348771623044223 ) ) ;
#3996 = COLOUR_RGB ( '',1.000000000000000000, 0.8117647058823529438, 0.5019607843137254832 ) ;
#3997 =( NAMED_UNIT ( * ) PLANE_ANGLE_UNIT ( ) SI_UNIT ( $, .RADIAN. ) );
#3998 = ADVANCED_FACE ( 'NONE', ( #9641 ), #5886, .F. ) ;
#3999 = DIRECTION ( 'NONE',  ( -1.000000000000000000, 0.000000000000000000, -0.000000000000000000 ) ) ;
#4000 = MECHANICAL_DESIGN_GEOMETRIC_PRESENTATION_REPRESENTATION (  '', ( #798 ), #6202 ) ;
#4001 = EDGE_LOOP ( 'NONE', ( #3389, #838, #8108, #5744 ) ) ;
#4002 =( NAMED_UNIT ( * ) PLANE_ANGLE_UNIT ( ) SI_UNIT ( $, .RADIAN. ) );
#4003 = ORIENTED_EDGE ( 'NONE', *, *, #302, .F. ) ;
#4004 = EDGE_CURVE ( 'NONE', #5195, #7765, #6076, .T. ) ;
#4005 = LINE ( 'NONE', #1756, #8513 ) ;
#4006 =( LENGTH_UNIT ( ) NAMED_UNIT ( * ) SI_UNIT ( .MILLI., .METRE. ) );
#4007 = DIRECTION ( 'NONE',  ( 0.3236155771181767893, -0.8891264907159940334, 0.3236155771181771224 ) ) ;
#4008 =( GEOMETRIC_REPRESENTATION_CONTEXT ( 3 ) GLOBAL_UNCERTAINTY_ASSIGNED_CONTEXT ( ( #9774 ) ) GLOBAL_UNIT_ASSIGNED_CONTEXT ( ( #408, #1798, #317 ) ) REPRESENTATION_CONTEXT ( 'NONE', 'WORKASPACE' ) );
#4009 = CARTESIAN_POINT ( 'NONE',  ( 7.520000000000002238, -0.03999999999999923755, -1.270000000000004237 ) ) ;
#4010 = CARTESIAN_POINT ( 'NONE',  ( -11.21919107027985874, -3.000000000000000000, 0.2108089297201388157 ) ) ;
#4011 = EDGE_CURVE ( 'NONE', #4038, #8905, #3917, .T. ) ;
#4012 = DIRECTION ( 'NONE',  ( 0.000000000000000000, 0.000000000000000000, -1.000000000000000000 ) ) ;
#4013 = DIRECTION ( 'NONE',  ( -0.000000000000000000, 1.000000000000000000, 1.707404996040164265E-16 ) ) ;
#4014 = AXIS2_PLACEMENT_3D ( 'NONE', #8218, #8966, #9595 ) ;
#4015 = PLANE ( 'NONE',  #7140 ) ;
#4016 = EDGE_CURVE ( 'NONE', #2939, #7238, #7766, .T. ) ;
#4017 = DIRECTION ( 'NONE',  ( -0.000000000000000000, 0.000000000000000000, 1.000000000000000000 ) ) ;
#4018 = ADVANCED_BREP_SHAPE_REPRESENTATION ( 'DS1021-1_10SF11', ( #4892, #8054, #8201, #5059, #1730, #4862, #8006, #1669, #1441, #8073, #1525, #3590 ), #6103 ) ;
#4019 = PLANE ( 'NONE',  #896 ) ;
#4020 =( GEOMETRIC_REPRESENTATION_CONTEXT ( 3 ) GLOBAL_UNCERTAINTY_ASSIGNED_CONTEXT ( ( #6923 ) ) GLOBAL_UNIT_ASSIGNED_CONTEXT ( ( #98, #6136, #7208 ) ) REPRESENTATION_CONTEXT ( 'NONE', 'WORKASPACE' ) );
#4021 = LINE ( 'NONE', #5605, #2456 ) ;
#4022 = FACE_OUTER_BOUND ( 'NONE', #7065, .T. ) ;
#4023 = LINE ( 'NONE', #9136, #8937 ) ;
#4024 = EDGE_LOOP ( 'NONE', ( #1407, #8012, #6100, #4701 ) ) ;
#4025 = LINE ( 'NONE', #1071, #1083 ) ;
#4026 = STYLED_ITEM ( 'NONE', ( #7334 ), #2044 ) ;
#4027 = CARTESIAN_POINT ( 'NONE',  ( 12.69999999999999929, 9.429780353434485416E-17, -1.020000000000004237 ) ) ;
#4028 = DIRECTION ( 'NONE',  ( 0.000000000000000000, 1.000000000000000000, 1.707404996040164265E-16 ) ) ;
#4029 = VERTEX_POINT ( 'NONE', #5349 ) ;
#4030 = EDGE_LOOP ( 'NONE', ( #3879, #5132, #9109, #1232, #873, #8609, #2387, #4506 ) ) ;
#4031 = DIRECTION ( 'NONE',  ( -1.000000000000000000, -0.000000000000000000, -0.000000000000000000 ) ) ;
#4032 = CARTESIAN_POINT ( 'NONE',  ( 2.440000000000001279, 2.500000000000000444, 1.019999999999996243 ) ) ;
#4033 = DIRECTION ( 'NONE',  ( -0.000000000000000000, 1.000000000000000000, 1.707404996040164265E-16 ) ) ;
#4034 = CARTESIAN_POINT ( 'NONE',  ( 3.599191070279859961, -3.000000000000000000, -0.2108089297201431456 ) ) ;
#4035 = AXIS2_PLACEMENT_3D ( 'NONE', #6466, #8011, #9456 ) ;
#4036 = ORIENTED_EDGE ( 'NONE', *, *, #2657, .T. ) ;
#4037 =( NAMED_UNIT ( * ) SI_UNIT ( $, .STERADIAN. ) SOLID_ANGLE_UNIT ( ) );
#4038 = VERTEX_POINT ( 'NONE', #5393 ) ;
#4039 = ORIENTED_EDGE ( 'NONE', *, *, #7742, .T. ) ;
#4040 = EDGE_CURVE ( 'NONE', #5332, #793, #6972, .T. ) ;
#4041 = MECHANICAL_DESIGN_GEOMETRIC_PRESENTATION_REPRESENTATION (  '', ( #8142 ), #2748 ) ;
#4042 = CARTESIAN_POINT ( 'NONE',  ( 12.69999999999999929, 2.500000000000000000, 1.270000000000000018 ) ) ;
#4043 = CARTESIAN_POINT ( 'NONE',  ( 0.9500000000000029532, 0.7500000000000000000, 0.7700000000000006839 ) ) ;
#4044 =( LENGTH_UNIT ( ) NAMED_UNIT ( * ) SI_UNIT ( .MILLI., .METRE. ) );
#4045 = PRESENTATION_STYLE_ASSIGNMENT (( #988 ) ) ;
#4046 = ORIENTED_EDGE ( 'NONE', *, *, #4011, .T. ) ;
#4047 = MECHANICAL_DESIGN_GEOMETRIC_PRESENTATION_REPRESENTATION (  '', ( #9270 ), #8154 ) ;
#4048 = VECTOR ( 'NONE', #7012, 1000.000000000000000 ) ;
#4049 = DIRECTION ( 'NONE',  ( 0.000000000000000000, -1.707404996040164265E-16, 1.000000000000000000 ) ) ;
#4050 = EDGE_LOOP ( 'NONE', ( #9773, #3807, #1697, #6393 ) ) ;
#4051 = FILL_AREA_STYLE ('',( #6877 ) ) ;
#4052 = EDGE_CURVE ( 'NONE', #1484, #3960, #6173, .T. ) ;
#4053 = VECTOR ( 'NONE', #9007, 1000.000000000000000 ) ;
#4054 = ORIENTED_EDGE ( 'NONE', *, *, #5262, .T. ) ;
#4055 = DIRECTION ( 'NONE',  ( 0.000000000000000000, 3.771912141373855303E-16, 1.000000000000000000 ) ) ;
#4056 = VECTOR ( 'NONE', #5264, 1000.000000000000000 ) ;
#4057 = DIRECTION ( 'NONE',  ( -0.000000000000000000, 0.000000000000000000, 1.000000000000000000 ) ) ;
#4058 = CARTESIAN_POINT ( 'NONE',  ( 7.720000000000001528, 0.000000000000000000, 1.269999999999995799 ) ) ;
#4059 = EDGE_LOOP ( 'NONE', ( #6254, #9355, #6388, #5414 ) ) ;
#4060 = EDGE_CURVE ( 'NONE', #8535, #8525, #3824, .T. ) ;
#4061 = DIRECTION ( 'NONE',  ( 0.000000000000000000, 0.000000000000000000, 1.000000000000000000 ) ) ;
#4062 = PRESENTATION_STYLE_ASSIGNMENT (( #3310 ) ) ;
#4063 = AXIS2_PLACEMENT_3D ( 'NONE', #510, #561, #6766 ) ;
#4064 = VERTEX_POINT ( 'NONE', #1563 ) ;
#4065 =( NAMED_UNIT ( * ) PLANE_ANGLE_UNIT ( ) SI_UNIT ( $, .RADIAN. ) );
#4066 = ADVANCED_FACE ( 'NONE', ( #8413 ), #6777, .F. ) ;
#4067 = LINE ( 'NONE', #2160, #1710 ) ;
#4068 = SURFACE_STYLE_FILL_AREA ( #6233 ) ;
#4069 =( GEOMETRIC_REPRESENTATION_CONTEXT ( 3 ) GLOBAL_UNCERTAINTY_ASSIGNED_CONTEXT ( ( #5429 ) ) GLOBAL_UNIT_ASSIGNED_CONTEXT ( ( #3226, #250, #1775 ) ) REPRESENTATION_CONTEXT ( 'NONE', 'WORKASPACE' ) );
#4070 = EDGE_CURVE ( 'NONE', #5690, #6199, #183, .T. ) ;
#4071 = PLANE ( 'NONE',  #9552 ) ;
#4072 = VERTEX_POINT ( 'NONE', #44 ) ;
#4073 = DIRECTION ( 'NONE',  ( -1.000000000000000000, 0.000000000000000000, 0.000000000000000000 ) ) ;
#4074 = DIRECTION ( 'NONE',  ( -1.000000000000000000, 0.000000000000000000, 0.000000000000000000 ) ) ;
#4075 = ADVANCED_FACE ( 'NONE', ( #7631 ), #3961, .F. ) ;
#4076 = LINE ( 'NONE', #7133, #9686 ) ;
#4077 = DIRECTION ( 'NONE',  ( 0.000000000000000000, -0.000000000000000000, 1.000000000000000000 ) ) ;
#4078 = FILL_AREA_STYLE ('',( #3110 ) ) ;
#4079 = MECHANICAL_DESIGN_GEOMETRIC_PRESENTATION_REPRESENTATION (  '', ( #4552 ), #3610 ) ;
#4080 = PLANE ( 'NONE',  #3577 ) ;
#4081 = LINE ( 'NONE', #5615, #663 ) ;
#4082 = PRESENTATION_STYLE_ASSIGNMENT (( #3374 ) ) ;
#4083 = STYLED_ITEM ( 'NONE', ( #7671 ), #4435 ) ;
#4084 = ORIENTED_EDGE ( 'NONE', *, *, #5758, .F. ) ;
#4085 = CARTESIAN_POINT ( 'NONE',  ( 5.180000000000000604, 2.500000000000000444, -1.020000000000003793 ) ) ;
#4086 = ORIENTED_EDGE ( 'NONE', *, *, #1458, .F. ) ;
#4087 = ORIENTED_EDGE ( 'NONE', *, *, #860, .T. ) ;
#4088 = PLANE ( 'NONE',  #9207 ) ;
#4089 = CARTESIAN_POINT ( 'NONE',  ( 7.520000000000002238, 4.743384504624081899E-17, -1.020000000000004237 ) ) ;
#4090 = DIRECTION ( 'NONE',  ( -0.000000000000000000, 1.000000000000000000, 1.707404996040164265E-16 ) ) ;
#4091 = ORIENTED_EDGE ( 'NONE', *, *, #6721, .F. ) ;
#4092 = PLANE ( 'NONE',  #1661 ) ;
#4093 = ORIENTED_EDGE ( 'NONE', *, *, #6700, .F. ) ;
#4094 =( GEOMETRIC_REPRESENTATION_CONTEXT ( 3 ) GLOBAL_UNCERTAINTY_ASSIGNED_CONTEXT ( ( #9667 ) ) GLOBAL_UNIT_ASSIGNED_CONTEXT ( ( #3268, #5554, #5455 ) ) REPRESENTATION_CONTEXT ( 'NONE', 'WORKASPACE' ) );
#4095 = FILL_AREA_STYLE_COLOUR ( '', #8428 ) ;
#4096 = EDGE_LOOP ( 'NONE', ( #7002, #3774, #2631, #1545 ) ) ;
#4097 = LINE ( 'NONE', #9305, #6774 ) ;
#4098 = SURFACE_STYLE_USAGE ( .BOTH. , #1051 ) ;
#4099 =( LENGTH_UNIT ( ) NAMED_UNIT ( * ) SI_UNIT ( .MILLI., .METRE. ) );
#4100 = CARTESIAN_POINT ( 'NONE',  ( -7.519999999999998685, 2.500000000000000444, -1.020000000000003793 ) ) ;
#4101 = VECTOR ( 'NONE', #849, 1000.000000000000000 ) ;
#4102 = DIRECTION ( 'NONE',  ( -0.9396926207859117586, -0.3420201433256594981, 0.000000000000000000 ) ) ;
#4103 = DIRECTION ( 'NONE',  ( 0.000000000000000000, 1.000000000000000000, 1.707404996040164265E-16 ) ) ;
#4104 = ADVANCED_FACE ( 'NONE', ( #759 ), #1513, .F. ) ;
#4105 = ADVANCED_FACE ( 'NONE', ( #6133 ), #2364, .F. ) ;
#4106 = PLANE ( 'NONE',  #5469 ) ;
#4107 = ORIENTED_EDGE ( 'NONE', *, *, #5692, .T. ) ;
#4108 = DIRECTION ( 'NONE',  ( 1.000000000000000000, 0.000000000000000000, 0.000000000000000000 ) ) ;
#4109 = MECHANICAL_DESIGN_GEOMETRIC_PRESENTATION_REPRESENTATION (  '', ( #763 ), #1566 ) ;
#4110 = EDGE_LOOP ( 'NONE', ( #2827, #4194, #2297, #5856 ) ) ;
#4111 = PLANE ( 'NONE',  #1214 ) ;
#4112 = EDGE_CURVE ( 'NONE', #4495, #8699, #3162, .T. ) ;
#4113 = DIRECTION ( 'NONE',  ( -1.000000000000000000, -0.000000000000000000, -0.000000000000000000 ) ) ;
#4114 =( NAMED_UNIT ( * ) SI_UNIT ( $, .STERADIAN. ) SOLID_ANGLE_UNIT ( ) );
#4115 = FACE_OUTER_BOUND ( 'NONE', #794, .T. ) ;
#4116 = VECTOR ( 'NONE', #7782, 1000.000000000000000 ) ;
#4117 = EDGE_CURVE ( 'NONE', #5559, #5859, #5679, .T. ) ;
#4118 = DIRECTION ( 'NONE',  ( -1.000000000000000000, 0.000000000000000000, 0.000000000000000000 ) ) ;
#4119 = VECTOR ( 'NONE', #4869, 1000.000000000000114 ) ;
#4120 = VERTEX_POINT ( 'NONE', #9395 ) ;
#4121 = CARTESIAN_POINT ( 'NONE',  ( -6.029999999999998472, -2.699999999999993072, -0.3200000000000031153 ) ) ;
#4122 = DIRECTION ( 'NONE',  ( 0.000000000000000000, 1.707404996040164265E-16, -1.000000000000000000 ) ) ;
#4123 = FACE_OUTER_BOUND ( 'NONE', #6616, .T. ) ;
#4124 = EDGE_CURVE ( 'NONE', #4875, #1004, #7021, .T. ) ;
#4125 = DIRECTION ( 'NONE',  ( -0.000000000000000000, 1.000000000000000000, 1.707404996040164265E-16 ) ) ;
#4126 = DIRECTION ( 'NONE',  ( 0.000000000000000000, 0.000000000000000000, 1.000000000000000000 ) ) ;
#4127 = COLOUR_RGB ( '',1.000000000000000000, 0.8117647058823529438, 0.5019607843137254832 ) ;
#4128 = CARTESIAN_POINT ( 'NONE',  ( 33.02000000000000313, -3.000000000000000000, 0.2108089297201388157 ) ) ;
#4129 = ADVANCED_FACE ( 'NONE', ( #9439 ), #3347, .F. ) ;
#4130 = SURFACE_SIDE_STYLE ('',( #2716 ) ) ;
#4131 = ORIENTED_EDGE ( 'NONE', *, *, #5385, .F. ) ;
#4132 = MECHANICAL_DESIGN_GEOMETRIC_PRESENTATION_REPRESENTATION (  '', ( #1246 ), #3663 ) ;
#4133 = VECTOR ( 'NONE', #1212, 1000.000000000000000 ) ;
#4134 = CARTESIAN_POINT ( 'NONE',  ( 11.11000000000000476, -0.03999999999999967470, -0.3200000000000026157 ) ) ;
#4135 = ORIENTED_EDGE ( 'NONE', *, *, #3332, .T. ) ;
#4136 = DIRECTION ( 'NONE',  ( 0.000000000000000000, 1.000000000000000000, 1.707404996040164265E-16 ) ) ;
#4137 = ORIENTED_EDGE ( 'NONE', *, *, #6926, .T. ) ;
#4138 = ADVANCED_FACE ( 'NONE', ( #3255 ), #1141, .F. ) ;
#4139 = PRESENTATION_STYLE_ASSIGNMENT (( #8640 ) ) ;
#4140 = FILL_AREA_STYLE ('',( #1935 ) ) ;
#4141 = SURFACE_SIDE_STYLE ('',( #7938 ) ) ;
#4142 =( GEOMETRIC_REPRESENTATION_CONTEXT ( 3 ) GLOBAL_UNCERTAINTY_ASSIGNED_CONTEXT ( ( #1538 ) ) GLOBAL_UNIT_ASSIGNED_CONTEXT ( ( #8110, #3620, #5201 ) ) REPRESENTATION_CONTEXT ( 'NONE', 'WORKASPACE' ) );
#4143 = ORIENTED_EDGE ( 'NONE', *, *, #1013, .T. ) ;
#4144 = VERTEX_POINT ( 'NONE', #5590 ) ;
#4145 = MECHANICAL_DESIGN_GEOMETRIC_PRESENTATION_REPRESENTATION (  '', ( #2075 ), #482 ) ;
#4146 = UNCERTAINTY_MEASURE_WITH_UNIT (LENGTH_MEASURE( 1.000000000000000082E-05 ), #3377, 'distance_accuracy_value', 'NONE');
#4147 = FACE_OUTER_BOUND ( 'NONE', #9110, .T. ) ;
#4148 = COLOUR_RGB ( '',1.000000000000000000, 0.8117647058823529438, 0.5019607843137254832 ) ;
#4149 = ORIENTED_EDGE ( 'NONE', *, *, #332, .F. ) ;
#4150 = DIRECTION ( 'NONE',  ( 0.000000000000000000, -1.707404996040164265E-16, 1.000000000000000000 ) ) ;
#4151 = PLANE ( 'NONE',  #2242 ) ;
#4152 = DIRECTION ( 'NONE',  ( 1.000000000000000000, -0.000000000000000000, -0.000000000000000000 ) ) ;
#4153 = STYLED_ITEM ( 'NONE', ( #4703 ), #957 ) ;
#4154 = DIRECTION ( 'NONE',  ( 0.3236155771181769003, -0.8891264907159941444, -0.3236155771181765672 ) ) ;
#4155 = DIRECTION ( 'NONE',  ( 1.000000000000000000, 0.000000000000000000, -0.000000000000000000 ) ) ;
#4156 = FACE_OUTER_BOUND ( 'NONE', #8185, .T. ) ;
#4157 = AXIS2_PLACEMENT_3D ( 'NONE', #5659, #3277, #340 ) ;
#4158 = ORIENTED_EDGE ( 'NONE', *, *, #6507, .T. ) ;
#4159 = EDGE_CURVE ( 'NONE', #6878, #5781, #8700, .T. ) ;
#4160 = LINE ( 'NONE', #3462, #8459 ) ;
#4161 = SURFACE_STYLE_USAGE ( .BOTH. , #374 ) ;
#4162 = LINE ( 'NONE', #375, #5273 ) ;
#4163 = AXIS2_PLACEMENT_3D ( 'NONE', #7025, #2318, #8323 ) ;
#4164 = CARTESIAN_POINT ( 'NONE',  ( -6.669999999999999929, 8.299999999999993605, 0.3200000000000004508 ) ) ;
#4165 = ORIENTED_EDGE ( 'NONE', *, *, #4004, .T. ) ;
#4166 = CARTESIAN_POINT ( 'NONE',  ( -0.09999999999999766020, 0.000000000000000000, -1.270000000000004237 ) ) ;
#4167 = SURFACE_STYLE_USAGE ( .BOTH. , #5791 ) ;
#4168 =( LENGTH_UNIT ( ) NAMED_UNIT ( * ) SI_UNIT ( .MILLI., .METRE. ) );
#4169 = DIRECTION ( 'NONE',  ( 0.000000000000000000, 1.000000000000000000, 1.707404996040164265E-16 ) ) ;
#4170 = SURFACE_STYLE_FILL_AREA ( #1211 ) ;
#4171 = SURFACE_STYLE_USAGE ( .BOTH. , #2614 ) ;
#4172 = SURFACE_SIDE_STYLE ('',( #8072 ) ) ;
#4173 = DIRECTION ( 'NONE',  ( 0.000000000000000000, -1.707404996040164265E-16, 1.000000000000000000 ) ) ;
#4174 = AXIS2_PLACEMENT_3D ( 'NONE', #729, #3083, #8183 ) ;
#4175 = EDGE_LOOP ( 'NONE', ( #5392, #5210, #5904, #8491 ) ) ;
#4176 = EDGE_CURVE ( 'NONE', #3743, #495, #2497, .T. ) ;
#4177 = CARTESIAN_POINT ( 'NONE',  ( 4.980000000000002203, 2.500000000000000444, -1.020000000000003793 ) ) ;
#4178 = FILL_AREA_STYLE ('',( #4925 ) ) ;
#4179 = ORIENTED_EDGE ( 'NONE', *, *, #5041, .F. ) ;
#4180 = SURFACE_SIDE_STYLE ('',( #1131 ) ) ;
#4181 = ORIENTED_EDGE ( 'NONE', *, *, #1919, .T. ) ;
#4182 = ADVANCED_FACE ( 'NONE', ( #364 ), #2680, .T. ) ;
#4183 = VECTOR ( 'NONE', #5622, 1000.000000000000000 ) ;
#4184 = DIRECTION ( 'NONE',  ( 0.000000000000000000, 1.000000000000000000, 1.707404996040164265E-16 ) ) ;
#4185 = FILL_AREA_STYLE_COLOUR ( '', #2760 ) ;
#4186 = VECTOR ( 'NONE', #9321, 1000.000000000000000 ) ;
#4187 = ORIENTED_EDGE ( 'NONE', *, *, #9489, .T. ) ;
#4188 = ADVANCED_FACE ( 'NONE', ( #995 ), #8746, .F. ) ;
#4189 = LINE ( 'NONE', #4793, #8794 ) ;
#4190 = ORIENTED_EDGE ( 'NONE', *, *, #2762, .T. ) ;
#4191 = VECTOR ( 'NONE', #4903, 1000.000000000000000 ) ;
#4192 = VECTOR ( 'NONE', #7122, 1000.000000000000000 ) ;
#4193 = LINE ( 'NONE', #7250, #7485 ) ;
#4194 = ORIENTED_EDGE ( 'NONE', *, *, #1844, .F. ) ;
#4195 = DIRECTION ( 'NONE',  ( 0.000000000000000000, -1.408054769461692709E-16, 1.000000000000000000 ) ) ;
#4196 = CARTESIAN_POINT ( 'NONE',  ( 10.06000000000000227, 2.500000000000000444, 1.019999999999996243 ) ) ;
#4197 =( NAMED_UNIT ( * ) SI_UNIT ( $, .STERADIAN. ) SOLID_ANGLE_UNIT ( ) );
#4198 = COLOUR_RGB ( '',1.000000000000000000, 0.8117647058823529438, 0.5019607843137254832 ) ;
#4199 = COLOUR_RGB ( '',1.000000000000000000, 0.8117647058823529438, 0.5019607843137254832 ) ;
#4200 = CARTESIAN_POINT ( 'NONE',  ( 15.24000000000000021, 8.599999999999999645, 0.2108089297201405921 ) ) ;
#4201 = LINE ( 'NONE', #3450, #94 ) ;
#4202 = PRESENTATION_LAYER_ASSIGNMENT (  '', '', ( #3567 ) ) ;
#4203 = SURFACE_STYLE_USAGE ( .BOTH. , #5730 ) ;
#4204 = DIRECTION ( 'NONE',  ( -1.000000000000000000, -0.000000000000000000, -0.000000000000000000 ) ) ;
#4205 = CARTESIAN_POINT ( 'NONE',  ( -4.129999999999998117, -0.03999999999999967470, -0.3200000000000026157 ) ) ;
#4206 = ORIENTED_EDGE ( 'NONE', *, *, #6034, .T. ) ;
#4207 = VECTOR ( 'NONE', #496, 1000.000000000000000 ) ;
#4208 = PRESENTATION_LAYER_ASSIGNMENT (  '', '', ( #96 ) ) ;
#4209 = LINE ( 'NONE', #8712, #755 ) ;
#4210 = CARTESIAN_POINT ( 'NONE',  ( 0.000000000000000000, 8.599999999999999645, 0.2108089297201405921 ) ) ;
#4211 =( GEOMETRIC_REPRESENTATION_CONTEXT ( 3 ) GLOBAL_UNCERTAINTY_ASSIGNED_CONTEXT ( ( #2722 ) ) GLOBAL_UNIT_ASSIGNED_CONTEXT ( ( #8102, #5141, #7415 ) ) REPRESENTATION_CONTEXT ( 'NONE', 'WORKASPACE' ) );
#4212 = PRESENTATION_LAYER_ASSIGNMENT (  '', '', ( #8164 ) ) ;
#4213 = CARTESIAN_POINT ( 'NONE',  ( 12.69999999999999929, 2.500000000000000000, 1.270000000000000018 ) ) ;
#4214 = ORIENTED_EDGE ( 'NONE', *, *, #7742, .F. ) ;
#4215 = SURFACE_STYLE_FILL_AREA ( #3415 ) ;
#4216 = SURFACE_STYLE_FILL_AREA ( #1116 ) ;
#4217 = DIRECTION ( 'NONE',  ( 0.000000000000000000, -1.707404996040164265E-16, 1.000000000000000000 ) ) ;
#4218 = DIRECTION ( 'NONE',  ( 0.000000000000000000, 0.000000000000000000, 1.000000000000000000 ) ) ;
#4219 = CARTESIAN_POINT ( 'NONE',  ( 7.720000000000001528, -0.03999999999999967470, -1.020000000000004237 ) ) ;
#4220 = PLANE ( 'NONE',  #9499 ) ;
#4221 = STYLED_ITEM ( 'NONE', ( #3245 ), #5397 ) ;
#4222 = CARTESIAN_POINT ( 'NONE',  ( 10.06000000000000227, -0.03999999999999967470, 1.269999999999995799 ) ) ;
#4223 = DIRECTION ( 'NONE',  ( 0.000000000000000000, 0.000000000000000000, -1.000000000000000000 ) ) ;
#4224 = EDGE_CURVE ( 'NONE', #3625, #5383, #4005, .T. ) ;
#4225 = EDGE_LOOP ( 'NONE', ( #9536, #5084, #7360, #160 ) ) ;
#4226 = EDGE_CURVE ( 'NONE', #6648, #8239, #4097, .T. ) ;
#4227 = DIRECTION ( 'NONE',  ( -1.000000000000000000, -0.000000000000000000, -0.000000000000000000 ) ) ;
#4228 = VECTOR ( 'NONE', #7918, 1000.000000000000000 ) ;
#4229 = LINE ( 'NONE', #1879, #8193 ) ;
#4230 = EDGE_LOOP ( 'NONE', ( #7482, #7992, #9436, #234 ) ) ;
#4231 = UNCERTAINTY_MEASURE_WITH_UNIT (LENGTH_MEASURE( 1.000000000000000082E-05 ), #145, 'distance_accuracy_value', 'NONE');
#4232 = DIRECTION ( 'NONE',  ( -0.000000000000000000, 1.000000000000000000, 1.707404996040164265E-16 ) ) ;
#4233 = ORIENTED_EDGE ( 'NONE', *, *, #1567, .T. ) ;
#4234 = CARTESIAN_POINT ( 'NONE',  ( 8.570000000000003837, 0.7500000000000000000, 0.7700000000000006839 ) ) ;
#4235 = CARTESIAN_POINT ( 'NONE',  ( 6.670000000000006146, 0.7500000000000001110, -0.3200000000000025047 ) ) ;
#4236 = FACE_OUTER_BOUND ( 'NONE', #8482, .T. ) ;
#4237 = EDGE_CURVE ( 'NONE', #8648, #6771, #273, .T. ) ;
#4238 =( GEOMETRIC_REPRESENTATION_CONTEXT ( 3 ) GLOBAL_UNCERTAINTY_ASSIGNED_CONTEXT ( ( #7714 ) ) GLOBAL_UNIT_ASSIGNED_CONTEXT ( ( #9247, #8490, #7005 ) ) REPRESENTATION_CONTEXT ( 'NONE', 'WORKASPACE' ) );
#4239 = ORIENTED_EDGE ( 'NONE', *, *, #7980, .F. ) ;
#4240 = EDGE_CURVE ( 'NONE', #7223, #6401, #9347, .T. ) ;
#4241 = DIRECTION ( 'NONE',  ( -1.000000000000000000, -0.000000000000000000, -0.000000000000000000 ) ) ;
#4242 = VERTEX_POINT ( 'NONE', #9000 ) ;
#4243 = UNCERTAINTY_MEASURE_WITH_UNIT (LENGTH_MEASURE( 1.000000000000000082E-05 ), #826, 'distance_accuracy_value', 'NONE');
#4244 =( NAMED_UNIT ( * ) SI_UNIT ( $, .STERADIAN. ) SOLID_ANGLE_UNIT ( ) );
#4245 = VERTEX_POINT ( 'NONE', #5189 ) ;
#4246 = DIRECTION ( 'NONE',  ( 1.000000000000000000, 0.000000000000000000, 0.000000000000000000 ) ) ;
#4247 = EDGE_CURVE ( 'NONE', #2939, #2011, #9529, .T. ) ;
#4248 = LINE ( 'NONE', #3496, #976 ) ;
#4249 = DIRECTION ( 'NONE',  ( -1.000000000000000000, -0.000000000000000000, -0.000000000000000000 ) ) ;
#4250 = VECTOR ( 'NONE', #7822, 1000.000000000000000 ) ;
#4251 = EDGE_LOOP ( 'NONE', ( #7200, #4272, #9728, #4454 ) ) ;
#4252 = EDGE_CURVE ( 'NONE', #5184, #4581, #606, .T. ) ;
#4253 = DIRECTION ( 'NONE',  ( 0.000000000000000000, 0.000000000000000000, 1.000000000000000000 ) ) ;
#4254 = CARTESIAN_POINT ( 'NONE',  ( 11.75000000000000355, -2.699999999999993072, 0.3199999999999985634 ) ) ;
#4255 = ORIENTED_EDGE ( 'NONE', *, *, #7300, .F. ) ;
#4256 = DIRECTION ( 'NONE',  ( 0.000000000000000000, -1.000000000000000000, -1.707404996040164265E-16 ) ) ;
#4257 = ORIENTED_EDGE ( 'NONE', *, *, #4792, .F. ) ;
#4258 = EDGE_CURVE ( 'NONE', #3184, #8434, #7352, .T. ) ;
#4259 = LINE ( 'NONE', #8056, #8468 ) ;
#4260 = FILL_AREA_STYLE ('',( #5654 ) ) ;
#4261 = DIRECTION ( 'NONE',  ( -0.000000000000000000, 1.000000000000000000, 1.707404996040164265E-16 ) ) ;
#4262 = ORIENTED_EDGE ( 'NONE', *, *, #6956, .F. ) ;
#4263 = SURFACE_SIDE_STYLE ('',( #1207 ) ) ;
#4264 = PRESENTATION_STYLE_ASSIGNMENT (( #4167 ) ) ;
#4265 = LINE ( 'NONE', #7274, #8595 ) ;
#4266 = LINE ( 'NONE', #1315, #2344 ) ;
#4267 = DIRECTION ( 'NONE',  ( -0.000000000000000000, 1.000000000000000000, 1.707404996040164265E-16 ) ) ;
#4268 = DIRECTION ( 'NONE',  ( -0.000000000000000000, -0.000000000000000000, -1.000000000000000000 ) ) ;
#4269 = VECTOR ( 'NONE', #6481, 1000.000000000000000 ) ;
#4270 = LINE ( 'NONE', #2769, #9574 ) ;
#4271 = LINE ( 'NONE', #4222, #217 ) ;
#4272 = ORIENTED_EDGE ( 'NONE', *, *, #6520, .F. ) ;
#4273 = PLANE ( 'NONE',  #7430 ) ;
#4274 = DIRECTION ( 'NONE',  ( -1.000000000000000000, -0.000000000000000000, -0.000000000000000000 ) ) ;
#4275 = ORIENTED_EDGE ( 'NONE', *, *, #7300, .T. ) ;
#4276 = FACE_OUTER_BOUND ( 'NONE', #5663, .T. ) ;
#4277 = MECHANICAL_DESIGN_GEOMETRIC_PRESENTATION_REPRESENTATION (  '', ( #8548 ), #1737 ) ;
#4278 = EDGE_LOOP ( 'NONE', ( #2885, #6604, #2046, #8613 ) ) ;
#4279 = LINE ( 'NONE', #4326, #7622 ) ;
#4280 = LINE ( 'NONE', #5761, #9120 ) ;
#4281 = EDGE_CURVE ( 'NONE', #7887, #5023, #5769, .T. ) ;
#4282 =( GEOMETRIC_REPRESENTATION_CONTEXT ( 3 ) GLOBAL_UNCERTAINTY_ASSIGNED_CONTEXT ( ( #3849 ) ) GLOBAL_UNIT_ASSIGNED_CONTEXT ( ( #1603, #8206, #1450 ) ) REPRESENTATION_CONTEXT ( 'NONE', 'WORKASPACE' ) );
#4283 = AXIS2_PLACEMENT_3D ( 'NONE', #5849, #1972, #6834 ) ;
#4284 = ORIENTED_EDGE ( 'NONE', *, *, #8237, .T. ) ;
#4285 =( NAMED_UNIT ( * ) SI_UNIT ( $, .STERADIAN. ) SOLID_ANGLE_UNIT ( ) );
#4286 = VERTEX_POINT ( 'NONE', #8205 ) ;
#4287 = ORIENTED_EDGE ( 'NONE', *, *, #6468, .F. ) ;
#4288 = ORIENTED_EDGE ( 'NONE', *, *, #6216, .T. ) ;
#4289 = DIRECTION ( 'NONE',  ( 1.000000000000000000, 0.000000000000000000, 0.000000000000000000 ) ) ;
#4290 = DIRECTION ( 'NONE',  ( 0.000000000000000000, -1.707404996040164265E-16, 1.000000000000000000 ) ) ;
#4291 = DIRECTION ( 'NONE',  ( -0.000000000000000000, 1.000000000000000000, 1.707404996040164265E-16 ) ) ;
#4292 = AXIS2_PLACEMENT_3D ( 'NONE', #8481, #5565, #4028 ) ;
#4293 = EDGE_CURVE ( 'NONE', #1394, #3230, #508, .T. ) ;
#4294 = SURFACE_STYLE_USAGE ( .BOTH. , #1054 ) ;
#4295 = DIRECTION ( 'NONE',  ( 0.000000000000000000, 1.000000000000000000, 2.891205793294678326E-16 ) ) ;
#4296 = ORIENTED_EDGE ( 'NONE', *, *, #5342, .F. ) ;
#4297 = VECTOR ( 'NONE', #1188, 1000.000000000000000 ) ;
#4298 = EDGE_CURVE ( 'NONE', #8845, #1500, #560, .T. ) ;
#4299 = PLANE ( 'NONE',  #5424 ) ;
#4300 = ORIENTED_EDGE ( 'NONE', *, *, #9169, .T. ) ;
#4301 = DIRECTION ( 'NONE',  ( 0.000000000000000000, 1.000000000000000000, 1.707404996040164265E-16 ) ) ;
#4302 = CARTESIAN_POINT ( 'NONE',  ( 1.081268465864680062, 8.660657145849658178, -0.1887315341353228981 ) ) ;
#4303 = AXIS2_PLACEMENT_3D ( 'NONE', #1459, #4344, #9692 ) ;
#4304 = EDGE_CURVE ( 'NONE', #4577, #8460, #3608, .T. ) ;
#4305 = LINE ( 'NONE', #7319, #844 ) ;
#4306 = VECTOR ( 'NONE', #9473, 1000.000000000000000 ) ;
#4307 = CARTESIAN_POINT ( 'NONE',  ( 5.180000000000000604, -0.03999999999999967470, -1.020000000000004237 ) ) ;
#4308 = PLANE ( 'NONE',  #4315 ) ;
#4309 = CARTESIAN_POINT ( 'NONE',  ( 0.000000000000000000, 8.599999999999999645, -0.2108089297201413692 ) ) ;
#4310 = ORIENTED_EDGE ( 'NONE', *, *, #309, .F. ) ;
#4311 = ADVANCED_FACE ( 'NONE', ( #4445 ), #6708, .F. ) ;
#4312 = CARTESIAN_POINT ( 'NONE',  ( 6.030000000000003801, 2.500000000000000444, 0.3199999999999995071 ) ) ;
#4313 = DIRECTION ( 'NONE',  ( -1.000000000000000000, 0.000000000000000000, 0.000000000000000000 ) ) ;
#4314 = DIRECTION ( 'NONE',  ( -0.000000000000000000, 1.734723475976807094E-15, -1.000000000000000000 ) ) ;
#4315 = AXIS2_PLACEMENT_3D ( 'NONE', #8717, #5001, #4952 ) ;
#4316 = DIRECTION ( 'NONE',  ( 0.000000000000000000, 0.000000000000000000, -1.000000000000000000 ) ) ;
#4317 =( GEOMETRIC_REPRESENTATION_CONTEXT ( 3 ) GLOBAL_UNCERTAINTY_ASSIGNED_CONTEXT ( ( #1233 ) ) GLOBAL_UNIT_ASSIGNED_CONTEXT ( ( #6739, #9019, #1471 ) ) REPRESENTATION_CONTEXT ( 'NONE', 'WORKASPACE' ) );
#4318 = LINE ( 'NONE', #8125, #2141 ) ;
#4319 = FACE_OUTER_BOUND ( 'NONE', #6641, .T. ) ;
#4320 = ORIENTED_EDGE ( 'NONE', *, *, #3111, .F. ) ;
#4321 = PLANE ( 'NONE',  #2513 ) ;
#4322 = VECTOR ( 'NONE', #58, 1000.000000000000000 ) ;
#4323 = VERTEX_POINT ( 'NONE', #3491 ) ;
#4324 = CARTESIAN_POINT ( 'NONE',  ( -1.094204948351980011, 3.882392806044252964, -2.715795051648021374 ) ) ;
#4325 = ORIENTED_EDGE ( 'NONE', *, *, #7510, .T. ) ;
#4326 = CARTESIAN_POINT ( 'NONE',  ( -4.980000000000000426, 2.500000000000000444, 1.019999999999996243 ) ) ;
#4327 = DIRECTION ( 'NONE',  ( 0.000000000000000000, 0.000000000000000000, 1.000000000000000000 ) ) ;
#4328 = CARTESIAN_POINT ( 'NONE',  ( 1.590000000000004521, 0.7500000000000001110, -0.3200000000000025047 ) ) ;
#4329 = ORIENTED_EDGE ( 'NONE', *, *, #2116, .F. ) ;
#4330 = EDGE_LOOP ( 'NONE', ( #3639, #7935, #363, #6406 ) ) ;
#4331 = ORIENTED_EDGE ( 'NONE', *, *, #2057, .F. ) ;
#4332 = UNCERTAINTY_MEASURE_WITH_UNIT (LENGTH_MEASURE( 1.000000000000000082E-05 ), #8249, 'distance_accuracy_value', 'NONE');
#4333 = ORIENTED_EDGE ( 'NONE', *, *, #8983, .T. ) ;
#4334 = DIRECTION ( 'NONE',  ( -0.000000000000000000, 1.000000000000000000, 1.707404996040164265E-16 ) ) ;
#4335 = LINE ( 'NONE', #8848, #4297 ) ;
#4336 = SURFACE_SIDE_STYLE ('',( #2735 ) ) ;
#4337 = EDGE_LOOP ( 'NONE', ( #3992, #5358, #2113, #5165 ) ) ;
#4338 = CARTESIAN_POINT ( 'NONE',  ( -8.569999999999998508, 8.299999999999993605, 0.3200000000000004508 ) ) ;
#4339 = ORIENTED_EDGE ( 'NONE', *, *, #9567, .T. ) ;
#4340 = ORIENTED_EDGE ( 'NONE', *, *, #9513, .F. ) ;
#4341 = VECTOR ( 'NONE', #8984, 1000.000000000000000 ) ;
#4342 = LINE ( 'NONE', #8959, #6888 ) ;
#4343 = EDGE_CURVE ( 'NONE', #580, #5757, #1998, .T. ) ;
#4344 = DIRECTION ( 'NONE',  ( 1.000000000000000000, 0.000000000000000000, 0.000000000000000000 ) ) ;
#4345 = AXIS2_PLACEMENT_3D ( 'NONE', #1521, #5357, #7590 ) ;
#4346 = ORIENTED_EDGE ( 'NONE', *, *, #8483, .F. ) ;
#4347 = LINE ( 'NONE', #3619, #6131 ) ;
#4348 = SURFACE_SIDE_STYLE ('',( #1252 ) ) ;
#4349 = PLANE ( 'NONE',  #4413 ) ;
#4350 = VERTEX_POINT ( 'NONE', #1343 ) ;
#4351 = VECTOR ( 'NONE', #4407, 1000.000000000000000 ) ;
#4352 =( LENGTH_UNIT ( ) NAMED_UNIT ( * ) SI_UNIT ( .MILLI., .METRE. ) );
#4353 =( GEOMETRIC_REPRESENTATION_CONTEXT ( 3 ) GLOBAL_UNCERTAINTY_ASSIGNED_CONTEXT ( ( #8287 ) ) GLOBAL_UNIT_ASSIGNED_CONTEXT ( ( #6570, #1109, #7220 ) ) REPRESENTATION_CONTEXT ( 'NONE', 'WORKASPACE' ) );
#4354 = DIRECTION ( 'NONE',  ( -0.000000000000000000, 1.000000000000000000, 1.707404996040164265E-16 ) ) ;
#4355 = EDGE_CURVE ( 'NONE', #8258, #1335, #6499, .T. ) ;
#4356 = DIRECTION ( 'NONE',  ( 0.000000000000000000, 0.000000000000000000, -1.000000000000000000 ) ) ;
#4357 =( GEOMETRIC_REPRESENTATION_CONTEXT ( 3 ) GLOBAL_UNCERTAINTY_ASSIGNED_CONTEXT ( ( #962 ) ) GLOBAL_UNIT_ASSIGNED_CONTEXT ( ( #1887, #4002, #6363 ) ) REPRESENTATION_CONTEXT ( 'NONE', 'WORKASPACE' ) );
#4358 = FACE_OUTER_BOUND ( 'NONE', #2925, .T. ) ;
#4359 = VERTEX_POINT ( 'NONE', #6552 ) ;
#4360 = AXIS2_PLACEMENT_3D ( 'NONE', #3168, #2413, #5448 ) ;
#4361 = EDGE_CURVE ( 'NONE', #7223, #181, #2795, .T. ) ;
#4362 = VECTOR ( 'NONE', #2092, 1000.000000000000000 ) ;
#4363 = CARTESIAN_POINT ( 'NONE',  ( 0.9500000000000011768, 8.299999999999993605, -0.3200000000000012279 ) ) ;
#4364 = ORIENTED_EDGE ( 'NONE', *, *, #7741, .F. ) ;
#4365 = FILL_AREA_STYLE ('',( #8064 ) ) ;
#4366 = DIRECTION ( 'NONE',  ( 0.000000000000000000, 0.000000000000000000, 1.000000000000000000 ) ) ;
#4367 = LINE ( 'NONE', #1317, #786 ) ;
#4368 = PRESENTATION_STYLE_ASSIGNMENT (( #584 ) ) ;
#4369 = EDGE_CURVE ( 'NONE', #1842, #454, #5088, .T. ) ;
#4370 = VECTOR ( 'NONE', #2177, 1000.000000000000000 ) ;
#4371 = DIRECTION ( 'NONE',  ( 0.000000000000000000, 1.000000000000000000, 1.707404996040164265E-16 ) ) ;
#4372 = LINE ( 'NONE', #5173, #7964 ) ;
#4373 = ORIENTED_EDGE ( 'NONE', *, *, #6976, .F. ) ;
#4374 = CARTESIAN_POINT ( 'NONE',  ( 10.26000000000000156, 2.500000000000000444, 1.019999999999996243 ) ) ;
#4375 = CARTESIAN_POINT ( 'NONE',  ( -1.589999999999999414, -3.000000000000000000, 0.2108089297201388157 ) ) ;
#4376 = ORIENTED_EDGE ( 'NONE', *, *, #2578, .T. ) ;
#4377 = PLANE ( 'NONE',  #946 ) ;
#4378 = AXIS2_PLACEMENT_3D ( 'NONE', #5641, #8653, #3393 ) ;
#4379 = ORIENTED_EDGE ( 'NONE', *, *, #3284, .T. ) ;
#4380 = DIRECTION ( 'NONE',  ( -0.9396926207859117586, -0.3420201433256594981, -0.000000000000000000 ) ) ;
#4381 = SURFACE_STYLE_USAGE ( .BOTH. , #8791 ) ;
#4382 = LINE ( 'NONE', #6599, #1963 ) ;
#4383 = VECTOR ( 'NONE', #5166, 1000.000000000000000 ) ;
#4384 = ORIENTED_EDGE ( 'NONE', *, *, #139, .F. ) ;
#4385 = ORIENTED_EDGE ( 'NONE', *, *, #1078, .F. ) ;
#4386 = CARTESIAN_POINT ( 'NONE',  ( 10.26000000000000156, 2.500000000000000000, 1.019999999999996243 ) ) ;
#4387 = VERTEX_POINT ( 'NONE', #3056 ) ;
#4388 = VERTEX_POINT ( 'NONE', #6763 ) ;
#4389 = CARTESIAN_POINT ( 'NONE',  ( -0.09999999999999766020, 2.500000000000000444, 1.019999999999996243 ) ) ;
#4390 = PLANE ( 'NONE',  #9052 ) ;
#4391 = PLANE ( 'NONE',  #5336 ) ;
#4392 = MECHANICAL_DESIGN_GEOMETRIC_PRESENTATION_REPRESENTATION (  '', ( #9763 ), #9303 ) ;
#4393 = CLOSED_SHELL ( 'NONE', ( #7592, #7017, #7966, #1070, #114, #5562, #749, #6728, #4547, #3045, #8606, #5638, #6788, #3202 ) ) ;
#4394 = SURFACE_STYLE_FILL_AREA ( #8100 ) ;
#4395 = SURFACE_STYLE_USAGE ( .BOTH. , #2851 ) ;
#4396 = ORIENTED_EDGE ( 'NONE', *, *, #2705, .F. ) ;
#4397 = ORIENTED_EDGE ( 'NONE', *, *, #2154, .F. ) ;
#4398 = LINE ( 'NONE', #6718, #4842 ) ;
#4399 =( GEOMETRIC_REPRESENTATION_CONTEXT ( 3 ) GLOBAL_UNCERTAINTY_ASSIGNED_CONTEXT ( ( #3148 ) ) GLOBAL_UNIT_ASSIGNED_CONTEXT ( ( #5492, #3017, #6879 ) ) REPRESENTATION_CONTEXT ( 'NONE', 'WORKASPACE' ) );
#4400 = PRESENTATION_STYLE_ASSIGNMENT (( #6775 ) ) ;
#4401 = ORIENTED_EDGE ( 'NONE', *, *, #7244, .F. ) ;
#4402 = DIRECTION ( 'NONE',  ( 0.000000000000000000, -0.3420201433256594981, -0.9396926207859117586 ) ) ;
#4403 = DIRECTION ( 'NONE',  ( 1.000000000000000000, 0.000000000000000000, 0.000000000000000000 ) ) ;
#4405 = EDGE_CURVE ( 'NONE', #466, #2731, #6819, .T. ) ;
#4404 = DIRECTION ( 'NONE',  ( 0.000000000000000000, 0.000000000000000000, -1.000000000000000000 ) ) ;
#4406 = MECHANICAL_DESIGN_GEOMETRIC_PRESENTATION_REPRESENTATION (  '', ( #6142 ), #6297 ) ;
#4407 = DIRECTION ( 'NONE',  ( 0.000000000000000000, 1.000000000000000000, 1.707404996040164265E-16 ) ) ;
#4408 = EDGE_CURVE ( 'NONE', #5650, #633, #9202, .T. ) ;
#4409 = CARTESIAN_POINT ( 'NONE',  ( 12.69999999999999929, 0.000000000000000000, 1.270000000000000018 ) ) ;
#4410 = DIRECTION ( 'NONE',  ( 0.3236155771181768448, 0.8891264907159940334, 0.3236155771181768448 ) ) ;
#4411 = ORIENTED_EDGE ( 'NONE', *, *, #4976, .T. ) ;
#4412 = LINE ( 'NONE', #2982, #6494 ) ;
#4413 = AXIS2_PLACEMENT_3D ( 'NONE', #2499, #8366, #4749 ) ;
#4414 = EDGE_LOOP ( 'NONE', ( #9390, #6535, #1548, #8939 ) ) ;
#4415 = CARTESIAN_POINT ( 'NONE',  ( 11.11000000000000476, -0.03999999999999967470, -0.3200000000000026157 ) ) ;
#4416 = DIRECTION ( 'NONE',  ( 1.000000000000000000, 0.000000000000000000, 0.000000000000000000 ) ) ;
#4417 = CARTESIAN_POINT ( 'NONE',  ( -5.179999999999998828, 0.000000000000000000, -1.270000000000004237 ) ) ;
#4418 = DIRECTION ( 'NONE',  ( 0.000000000000000000, 0.000000000000000000, 1.000000000000000000 ) ) ;
#4419 = EDGE_CURVE ( 'NONE', #6785, #639, #8301, .T. ) ;
#4420 = DIRECTION ( 'NONE',  ( -1.000000000000000000, -0.000000000000000000, 0.000000000000000000 ) ) ;
#4421 = VECTOR ( 'NONE', #3963, 1000.000000000000000 ) ;
#4422 = CARTESIAN_POINT ( 'NONE',  ( 4.020808929720141478, 8.599999999999999645, 1.041517047584500167E-15 ) ) ;
#4423 = ORIENTED_EDGE ( 'NONE', *, *, #760, .F. ) ;
#4424 = CARTESIAN_POINT ( 'NONE',  ( -9.209999999999999076, -6.905096679918783842, -0.3200000000000038369 ) ) ;
#4425 = EDGE_CURVE ( 'NONE', #4875, #3266, #1551, .T. ) ;
#4426 = CARTESIAN_POINT ( 'NONE',  ( 17.78000000000000114, -3.000000000000000000, 0.2108089297201388157 ) ) ;
#4427 = ORIENTED_EDGE ( 'NONE', *, *, #7802, .F. ) ;
#4428 = UNCERTAINTY_MEASURE_WITH_UNIT (LENGTH_MEASURE( 1.000000000000000082E-05 ), #403, 'distance_accuracy_value', 'NONE');
#4429 = FILL_AREA_STYLE_COLOUR ( '', #5877 ) ;
#4430 = MECHANICAL_DESIGN_GEOMETRIC_PRESENTATION_REPRESENTATION (  '', ( #299 ), #2835 ) ;
#4431 = ORIENTED_EDGE ( 'NONE', *, *, #2154, .T. ) ;
#4432 = SURFACE_SIDE_STYLE ('',( #1384 ) ) ;
#4433 = PLANE ( 'NONE',  #6012 ) ;
#4434 = SURFACE_SIDE_STYLE ('',( #8395 ) ) ;
#4435 = ADVANCED_FACE ( 'NONE', ( #5431 ), #4593, .T. ) ;
#4436 = ORIENTED_EDGE ( 'NONE', *, *, #8818, .T. ) ;
#4437 = ORIENTED_EDGE ( 'NONE', *, *, #3116, .F. ) ;
#4438 = VECTOR ( 'NONE', #4679, 1000.000000000000000 ) ;
#4439 = ADVANCED_FACE ( 'NONE', ( #2298 ), #6925, .F. ) ;
#4440 = DIRECTION ( 'NONE',  ( -1.000000000000000000, 0.000000000000000000, -0.000000000000000000 ) ) ;
#4441 = ORIENTED_EDGE ( 'NONE', *, *, #8666, .T. ) ;
#4442 = UNCERTAINTY_MEASURE_WITH_UNIT (LENGTH_MEASURE( 1.000000000000000082E-05 ), #193, 'distance_accuracy_value', 'NONE');
#4443 = COLOUR_RGB ( '',1.000000000000000000, 0.8117647058823529438, 0.5019607843137254832 ) ;
#4444 = ORIENTED_EDGE ( 'NONE', *, *, #2121, .T. ) ;
#4445 = FACE_OUTER_BOUND ( 'NONE', #4251, .T. ) ;
#4446 = DIRECTION ( 'NONE',  ( -0.000000000000000000, 0.000000000000000000, -1.000000000000000000 ) ) ;
#4447 = PRESENTATION_LAYER_ASSIGNMENT (  '', '', ( #6175 ) ) ;
#4448 = CARTESIAN_POINT ( 'NONE',  ( -3.489999999999998437, -2.699999999999993072, -0.3200000000000038369 ) ) ;
#4449 = DIRECTION ( 'NONE',  ( -0.000000000000000000, 1.000000000000000000, 1.707404996040164265E-16 ) ) ;
#4450 = CARTESIAN_POINT ( 'NONE',  ( -1.589999999999997637, 2.500000000000000444, 0.3199999999999995071 ) ) ;
#4451 = VERTEX_POINT ( 'NONE', #3761 ) ;
#4452 = CARTESIAN_POINT ( 'NONE',  ( -7.719999999999997975, -0.03999999999999923755, -1.270000000000004237 ) ) ;
#4453 = SURFACE_STYLE_USAGE ( .BOTH. , #1406 ) ;
#4454 = ORIENTED_EDGE ( 'NONE', *, *, #8831, .F. ) ;
#4455 = FACE_OUTER_BOUND ( 'NONE', #1742, .T. ) ;
#4456 = CARTESIAN_POINT ( 'NONE',  ( -6.560808929720139737, -3.000000000000000000, -0.2108089297201431456 ) ) ;
#4457 = ORIENTED_EDGE ( 'NONE', *, *, #777, .F. ) ;
#4458 = FACE_OUTER_BOUND ( 'NONE', #1069, .T. ) ;
#4459 = SURFACE_STYLE_USAGE ( .BOTH. , #2976 ) ;
#4460 = ORIENTED_EDGE ( 'NONE', *, *, #1170, .F. ) ;
#4461 = DIRECTION ( 'NONE',  ( -1.000000000000000000, -0.000000000000000000, -0.000000000000000000 ) ) ;
#4462 = AXIS2_PLACEMENT_3D ( 'NONE', #7702, #1590, #4077 ) ;
#4463 = FACE_OUTER_BOUND ( 'NONE', #6840, .T. ) ;
#4464 = ORIENTED_EDGE ( 'NONE', *, *, #9229, .T. ) ;
#4465 = ADVANCED_FACE ( 'NONE', ( #1024 ), #8353, .T. ) ;
#4466 = CARTESIAN_POINT ( 'NONE',  ( 12.69999999999999929, 2.500000000000000000, 1.270000000000000018 ) ) ;
#4467 =( GEOMETRIC_REPRESENTATION_CONTEXT ( 3 ) GLOBAL_UNCERTAINTY_ASSIGNED_CONTEXT ( ( #2832 ) ) GLOBAL_UNIT_ASSIGNED_CONTEXT ( ( #7155, #5591, #6368 ) ) REPRESENTATION_CONTEXT ( 'NONE', 'WORKASPACE' ) );
#4468 = CARTESIAN_POINT ( 'NONE',  ( 1.059191070279861036, 8.599999999999999645, 1.041517047584500167E-15 ) ) ;
#4469 = FACE_OUTER_BOUND ( 'NONE', #5541, .T. ) ;
#4470 = CARTESIAN_POINT ( 'NONE',  ( -10.25999999999999801, -0.03999999999999967470, 1.269999999999995799 ) ) ;
#4471 =( GEOMETRIC_REPRESENTATION_CONTEXT ( 3 ) GLOBAL_UNCERTAINTY_ASSIGNED_CONTEXT ( ( #8203 ) ) GLOBAL_UNIT_ASSIGNED_CONTEXT ( ( #9060, #2259, #6074 ) ) REPRESENTATION_CONTEXT ( 'NONE', 'WORKASPACE' ) );
#4472 = CARTESIAN_POINT ( 'NONE',  ( 0.9482651228376950403, -2.695233464171030047, 0.3217348771623044223 ) ) ;
#4473 = EDGE_LOOP ( 'NONE', ( #4743, #3312, #5765, #8567 ) ) ;
#4474 = EDGE_CURVE ( 'NONE', #4980, #1292, #383, .T. ) ;
#4475 = LINE ( 'NONE', #6592, #8692 ) ;
#4476 = CARTESIAN_POINT ( 'NONE',  ( 12.69999999999999929, 0.000000000000000000, 1.270000000000000018 ) ) ;
#4477 = ORIENTED_EDGE ( 'NONE', *, *, #7262, .F. ) ;
#4478 = DIRECTION ( 'NONE',  ( -1.000000000000000000, 0.000000000000000000, 0.000000000000000000 ) ) ;
#4479 = ORIENTED_EDGE ( 'NONE', *, *, #7699, .T. ) ;
#4480 = DIRECTION ( 'NONE',  ( -0.9396926207859117586, -0.3420201433256594981, 0.000000000000000000 ) ) ;
#4481 = DIRECTION ( 'NONE',  ( 0.000000000000000000, -0.000000000000000000, 1.000000000000000000 ) ) ;
#4482 = DIRECTION ( 'NONE',  ( -1.000000000000000000, 0.000000000000000000, 0.000000000000000000 ) ) ;
#4483 = EDGE_CURVE ( 'NONE', #9145, #7610, #3418, .T. ) ;
#4484 = MECHANICAL_DESIGN_GEOMETRIC_PRESENTATION_REPRESENTATION (  '', ( #2719 ), #5115 ) ;
#4485 = ORIENTED_EDGE ( 'NONE', *, *, #1968, .F. ) ;
#4486 = DIRECTION ( 'NONE',  ( -1.000000000000000000, -0.000000000000000000, -0.000000000000000000 ) ) ;
#4487 = ADVANCED_FACE ( 'NONE', ( #7275 ), #1967, .F. ) ;
#4488 = CARTESIAN_POINT ( 'NONE',  ( -7.719999999999994422, 2.500000000000000444, -1.270000000000000018 ) ) ;
#4489 = ORIENTED_EDGE ( 'NONE', *, *, #7042, .T. ) ;
#4490 = ORIENTED_EDGE ( 'NONE', *, *, #7922, .T. ) ;
#4491 = FILL_AREA_STYLE ('',( #9103 ) ) ;
#4492 = DIRECTION ( 'NONE',  ( 0.000000000000000000, 0.000000000000000000, 1.000000000000000000 ) ) ;
#4493 = CARTESIAN_POINT ( 'NONE',  ( 7.520000000000002238, 2.500000000000000444, 1.019999999999996243 ) ) ;
#4494 = EDGE_CURVE ( 'NONE', #3753, #8637, #1826, .T. ) ;
#4495 = VERTEX_POINT ( 'NONE', #8626 ) ;
#4496 = ORIENTED_EDGE ( 'NONE', *, *, #3365, .T. ) ;
#4497 = VECTOR ( 'NONE', #1980, 1000.000000000000000 ) ;
#4498 = VECTOR ( 'NONE', #910, 1000.000000000000000 ) ;
#4499 = ADVANCED_FACE ( 'NONE', ( #1074 ), #7176, .T. ) ;
#4500 = ORIENTED_EDGE ( 'NONE', *, *, #4778, .T. ) ;
#4501 = LINE ( 'NONE', #9591, #1362 ) ;
#4502 = DIRECTION ( 'NONE',  ( 0.000000000000000000, -1.707404996040164265E-16, 1.000000000000000000 ) ) ;
#4503 = CARTESIAN_POINT ( 'NONE',  ( -8.569999999999998508, 0.7500000000000001110, -0.3200000000000025047 ) ) ;
#4504 = LINE ( 'NONE', #5252, #4351 ) ;
#4505 = PRESENTATION_LAYER_ASSIGNMENT (  '', '', ( #5144 ) ) ;
#4506 = ORIENTED_EDGE ( 'NONE', *, *, #3765, .T. ) ;
#4507 = DIRECTION ( 'NONE',  ( -1.000000000000000000, 0.000000000000000000, 0.000000000000000000 ) ) ;
#4508 = ORIENTED_EDGE ( 'NONE', *, *, #3214, .F. ) ;
#4509 = LINE ( 'NONE', #768, #4676 ) ;
#4510 = ORIENTED_EDGE ( 'NONE', *, *, #7707, .T. ) ;
#4511 = AXIS2_PLACEMENT_3D ( 'NONE', #396, #6437, #9468 ) ;
#4512 = DIRECTION ( 'NONE',  ( 0.000000000000000000, -0.3420201433256594981, 0.9396926207859117586 ) ) ;
#4513 = VECTOR ( 'NONE', #3409, 1000.000000000000000 ) ;
#4514 = DIRECTION ( 'NONE',  ( 0.000000000000000000, 0.000000000000000000, -1.000000000000000000 ) ) ;
#4515 = CARTESIAN_POINT ( 'NONE',  ( -11.48572819110833798, -3.426080827528285244, -0.05572819110834042328 ) ) ;
#4516 =( GEOMETRIC_REPRESENTATION_CONTEXT ( 3 ) GLOBAL_UNCERTAINTY_ASSIGNED_CONTEXT ( ( #198 ) ) GLOBAL_UNIT_ASSIGNED_CONTEXT ( ( #811, #8419, #191 ) ) REPRESENTATION_CONTEXT ( 'NONE', 'WORKASPACE' ) );
#4517 = DIRECTION ( 'NONE',  ( -0.000000000000000000, 1.000000000000000000, 1.707404996040164265E-16 ) ) ;
#4518 = VECTOR ( 'NONE', #2151, 1000.000000000000000 ) ;
#4519 = VECTOR ( 'NONE', #2285, 1000.000000000000000 ) ;
#4520 = LINE ( 'NONE', #6746, #4341 ) ;
#4521 = ORIENTED_EDGE ( 'NONE', *, *, #5390, .T. ) ;
#4522 = LINE ( 'NONE', #1432, #5058 ) ;
#4523 = LINE ( 'NONE', #2186, #3526 ) ;
#4524 = ORIENTED_EDGE ( 'NONE', *, *, #874, .T. ) ;
#4525 = UNCERTAINTY_MEASURE_WITH_UNIT (LENGTH_MEASURE( 1.000000000000000082E-05 ), #660, 'distance_accuracy_value', 'NONE');
#4526 = CARTESIAN_POINT ( 'NONE',  ( 12.69999999999999929, 0.000000000000000000, -1.270000000000000018 ) ) ;
#4527 = VERTEX_POINT ( 'NONE', #9416 ) ;
#4528 = DIRECTION ( 'NONE',  ( 0.000000000000000000, -0.000000000000000000, 1.000000000000000000 ) ) ;
#4529 = MECHANICAL_DESIGN_GEOMETRIC_PRESENTATION_REPRESENTATION (  '', ( #6113 ), #4698 ) ;
#4530 = CARTESIAN_POINT ( 'NONE',  ( -0.9499999999999959588, -0.03999999999999967470, -0.3200000000000026157 ) ) ;
#4531 = DIRECTION ( 'NONE',  ( -0.000000000000000000, 1.000000000000000000, 1.707404996040164265E-16 ) ) ;
#4532 = EDGE_CURVE ( 'NONE', #9697, #8909, #7879, .T. ) ;
#4533 = ADVANCED_FACE ( 'NONE', ( #4123 ), #9553, .F. ) ;
#4534 = ORIENTED_EDGE ( 'NONE', *, *, #5631, .F. ) ;
#4535 = COLOUR_RGB ( '',1.000000000000000000, 0.8117647058823529438, 0.5019607843137254832 ) ;
#4536 = PRESENTATION_LAYER_ASSIGNMENT (  '', '', ( #8142 ) ) ;
#4537 = FILL_AREA_STYLE ('',( #9046 ) ) ;
#4538 = FILL_AREA_STYLE_COLOUR ( '', #2386 ) ;
#4539 = ORIENTED_EDGE ( 'NONE', *, *, #2343, .T. ) ;
#4540 = UNCERTAINTY_MEASURE_WITH_UNIT (LENGTH_MEASURE( 1.000000000000000082E-05 ), #8820, 'distance_accuracy_value', 'NONE');
#4541 = ORIENTED_EDGE ( 'NONE', *, *, #2477, .T. ) ;
#4542 = EDGE_CURVE ( 'NONE', #3861, #5650, #1118, .T. ) ;
#4543 = DIRECTION ( 'NONE',  ( 0.000000000000000000, 0.000000000000000000, 1.000000000000000000 ) ) ;
#4544 = CARTESIAN_POINT ( 'NONE',  ( 7.720000000000001528, 9.486769009248163798E-17, -1.020000000000004237 ) ) ;
#4545 = LINE ( 'NONE', #7570, #8807 ) ;
#4546 = LINE ( 'NONE', #2521, #2272 ) ;
#4547 = ADVANCED_FACE ( 'NONE', ( #8016 ), #6582, .F. ) ;
#4548 = CARTESIAN_POINT ( 'NONE',  ( 9.100808929720143325, 8.599999999999999645, 1.041517047584500167E-15 ) ) ;
#4549 = ORIENTED_EDGE ( 'NONE', *, *, #51, .T. ) ;
#4550 = PLANE ( 'NONE',  #545 ) ;
#4551 = DIRECTION ( 'NONE',  ( 0.000000000000000000, 0.000000000000000000, 1.000000000000000000 ) ) ;
#4552 = STYLED_ITEM ( 'NONE', ( #2159 ), #3946 ) ;
#4553 = ORIENTED_EDGE ( 'NONE', *, *, #9084, .T. ) ;
#4554 = EDGE_CURVE ( 'NONE', #8779, #5523, #1918, .T. ) ;
#4555 = DIRECTION ( 'NONE',  ( -1.000000000000000000, 0.000000000000000000, 0.000000000000000000 ) ) ;
#4556 = CARTESIAN_POINT ( 'NONE',  ( 11.64080892972014425, 8.599999999999999645, -0.2108089297201413692 ) ) ;
#4557 = LINE ( 'NONE', #3826, #9626 ) ;
#4558 = PLANE ( 'NONE',  #4283 ) ;
#4559 = LINE ( 'NONE', #9122, #9539 ) ;
#4560 = CARTESIAN_POINT ( 'NONE',  ( -1.480808929720139444, 8.599999999999999645, 1.041517047584500167E-15 ) ) ;
#4561 = EDGE_CURVE ( 'NONE', #2140, #5943, #6472, .T. ) ;
#4562 = DIRECTION ( 'NONE',  ( 0.000000000000000000, 1.000000000000000000, 1.707404996040164265E-16 ) ) ;
#4563 = COLOUR_RGB ( '',1.000000000000000000, 0.8117647058823529438, 0.5019607843137254832 ) ;
#4564 = DIRECTION ( 'NONE',  ( 0.000000000000000000, 0.000000000000000000, 1.000000000000000000 ) ) ;
#4565 = ORIENTED_EDGE ( 'NONE', *, *, #3387, .T. ) ;
#4566 = SURFACE_STYLE_FILL_AREA ( #5989 ) ;
#4567 = EDGE_CURVE ( 'NONE', #7761, #5023, #4266, .T. ) ;
#4568 = CARTESIAN_POINT ( 'NONE',  ( 2.640000000000000124, 2.500000000000000444, 1.019999999999996243 ) ) ;
#4569 = LINE ( 'NONE', #6088, #4322 ) ;
#4570 = LINE ( 'NONE', #8872, #1377 ) ;
#4571 = VECTOR ( 'NONE', #2932, 1000.000000000000114 ) ;
#4572 = FACE_OUTER_BOUND ( 'NONE', #4175, .T. ) ;
#4573 = DIRECTION ( 'NONE',  ( 0.3236155771181768448, -0.8891264907159940334, 0.3236155771181768448 ) ) ;
#4574 = PLANE ( 'NONE',  #6225 ) ;
#4575 = SURFACE_STYLE_USAGE ( .BOTH. , #8336 ) ;
#4576 = STYLED_ITEM ( 'NONE', ( #6672 ), #4892 ) ;
#4577 = VERTEX_POINT ( 'NONE', #7597 ) ;
#4578 = DIRECTION ( 'NONE',  ( 0.000000000000000000, 1.000000000000000000, 1.707404996040164265E-16 ) ) ;
#4579 = FACE_OUTER_BOUND ( 'NONE', #34, .T. ) ;
#4580 = DIRECTION ( 'NONE',  ( -1.000000000000000000, 0.000000000000000000, -0.000000000000000000 ) ) ;
#4581 = VERTEX_POINT ( 'NONE', #2123 ) ;
#4582 = CARTESIAN_POINT ( 'NONE',  ( -12.59999999999999964, 2.500000000000000444, 1.019999999999996243 ) ) ;
#4583 = EDGE_LOOP ( 'NONE', ( #8441, #6690, #2862, #2814 ) ) ;
#4584 = SURFACE_STYLE_FILL_AREA ( #5330 ) ;
#4585 = MECHANICAL_DESIGN_GEOMETRIC_PRESENTATION_REPRESENTATION (  '', ( #1222 ), #8043 ) ;
#4586 =( NAMED_UNIT ( * ) SI_UNIT ( $, .STERADIAN. ) SOLID_ANGLE_UNIT ( ) );
#4587 = ORIENTED_EDGE ( 'NONE', *, *, #2691, .F. ) ;
#4588 = VERTEX_POINT ( 'NONE', #1369 ) ;
#4589 = MECHANICAL_DESIGN_GEOMETRIC_PRESENTATION_REPRESENTATION (  '', ( #9016 ), #6808 ) ;
#4590 = LINE ( 'NONE', #3052, #4924 ) ;
#4591 = EDGE_LOOP ( 'NONE', ( #8412, #4284, #6868, #5916 ) ) ;
#4592 = ORIENTED_EDGE ( 'NONE', *, *, #9273, .T. ) ;
#4593 = PLANE ( 'NONE',  #2019 ) ;
#4594 = EDGE_CURVE ( 'NONE', #5430, #6204, #7434, .T. ) ;
#4595 = SURFACE_STYLE_USAGE ( .BOTH. , #6820 ) ;
#4596 = CARTESIAN_POINT ( 'NONE',  ( -7.520000000000002238, 2.500000000000000000, 1.019999999999996243 ) ) ;
#4597 = FACE_OUTER_BOUND ( 'NONE', #8539, .T. ) ;
#4598 = STYLED_ITEM ( 'NONE', ( #3933 ), #480 ) ;
#4599 = LINE ( 'NONE', #8500, #3595 ) ;
#4600 = ORIENTED_EDGE ( 'NONE', *, *, #5261, .F. ) ;
#4601 =( NAMED_UNIT ( * ) SI_UNIT ( $, .STERADIAN. ) SOLID_ANGLE_UNIT ( ) );
#4602 = ORIENTED_EDGE ( 'NONE', *, *, #8462, .T. ) ;
#4603 = CARTESIAN_POINT ( 'NONE',  ( 7.720000000000001528, -0.03999999999999967470, -1.020000000000004237 ) ) ;
#4604 = ORIENTED_EDGE ( 'NONE', *, *, #7529, .T. ) ;
#4605 = CARTESIAN_POINT ( 'NONE',  ( 12.69999999999999929, 0.000000000000000000, 1.270000000000000018 ) ) ;
#4606 = ADVANCED_FACE ( 'NONE', ( #9602 ), #5214, .F. ) ;
#4607 = CARTESIAN_POINT ( 'NONE',  ( 12.69999999999999929, 0.7500000000000001110, -0.3200000000000023381 ) ) ;
#4608 =( GEOMETRIC_REPRESENTATION_CONTEXT ( 3 ) GLOBAL_UNCERTAINTY_ASSIGNED_CONTEXT ( ( #5123 ) ) GLOBAL_UNIT_ASSIGNED_CONTEXT ( ( #3695, #5182, #5760 ) ) REPRESENTATION_CONTEXT ( 'NONE', 'WORKASPACE' ) );
#4609 = CARTESIAN_POINT ( 'NONE',  ( -4.020808929720139702, -3.000000000000000000, 0.2108089297201388157 ) ) ;
#4610 = SURFACE_SIDE_STYLE ('',( #853 ) ) ;
#4611 = DIRECTION ( 'NONE',  ( 0.000000000000000000, -3.771912141373855303E-16, -1.000000000000000000 ) ) ;
#4612 = DIRECTION ( 'NONE',  ( 0.000000000000000000, -1.707404996040164265E-16, 1.000000000000000000 ) ) ;
#4613 = EDGE_CURVE ( 'NONE', #5757, #8373, #5113, .T. ) ;
#4614 = LINE ( 'NONE', #6138, #7525 ) ;
#4615 = VECTOR ( 'NONE', #9091, 1000.000000000000000 ) ;
#4616 = EDGE_LOOP ( 'NONE', ( #2306, #6814, #1644, #9313 ) ) ;
#4617 = DIRECTION ( 'NONE',  ( 0.000000000000000000, 3.771912141373855303E-16, 1.000000000000000000 ) ) ;
#4618 =( NAMED_UNIT ( * ) PLANE_ANGLE_UNIT ( ) SI_UNIT ( $, .RADIAN. ) );
#4619 = EDGE_CURVE ( 'NONE', #550, #9245, #7543, .T. ) ;
#4620 = PLANE ( 'NONE',  #3453 ) ;
#4621 = VECTOR ( 'NONE', #2972, 1000.000000000000000 ) ;
#4622 = DIRECTION ( 'NONE',  ( 0.000000000000000000, 0.000000000000000000, -1.000000000000000000 ) ) ;
#4623 = CARTESIAN_POINT ( 'NONE',  ( -4.980000000000000426, 2.500000000000000444, -1.020000000000003793 ) ) ;
#4624 = EDGE_CURVE ( 'NONE', #5719, #3184, #3789, .T. ) ;
#4625 = DIRECTION ( 'NONE',  ( 0.000000000000000000, 1.408054769461692709E-16, -1.000000000000000000 ) ) ;
#4626 = MECHANICAL_DESIGN_GEOMETRIC_PRESENTATION_REPRESENTATION (  '', ( #3344 ), #8257 ) ;
#4627 = EDGE_LOOP ( 'NONE', ( #3044, #3147, #3951, #447 ) ) ;
#4628 = CARTESIAN_POINT ( 'NONE',  ( 4.131734877162307917, -2.695233464171030047, 0.3217348771623044223 ) ) ;
#4629 = DIRECTION ( 'NONE',  ( 1.000000000000000000, 0.000000000000000000, 0.000000000000000000 ) ) ;
#4630 = CARTESIAN_POINT ( 'NONE',  ( 5.180000000000000604, 2.500000000000000444, 1.269999999999996243 ) ) ;
#4631 = EDGE_LOOP ( 'NONE', ( #2308, #1995, #7630, #5763 ) ) ;
#4632 = UNCERTAINTY_MEASURE_WITH_UNIT (LENGTH_MEASURE( 1.000000000000000082E-05 ), #9306, 'distance_accuracy_value', 'NONE');
#4633 = PLANE ( 'NONE',  #6829 ) ;
#4634 = ORIENTED_EDGE ( 'NONE', *, *, #5597, .F. ) ;
#4635 = ORIENTED_EDGE ( 'NONE', *, *, #1285, .T. ) ;
#4636 = MECHANICAL_DESIGN_GEOMETRIC_PRESENTATION_REPRESENTATION (  '', ( #497 ), #4471 ) ;
#4637 = DIRECTION ( 'NONE',  ( -1.000000000000000000, 0.000000000000000000, 0.000000000000000000 ) ) ;
#4638 = ORIENTED_EDGE ( 'NONE', *, *, #8461, .F. ) ;
#4639 = ORIENTED_EDGE ( 'NONE', *, *, #9027, .F. ) ;
#4640 = VECTOR ( 'NONE', #6337, 1000.000000000000000 ) ;
#4641 = ORIENTED_EDGE ( 'NONE', *, *, #7042, .F. ) ;
#4642 = UNCERTAINTY_MEASURE_WITH_UNIT (LENGTH_MEASURE( 1.000000000000000082E-05 ), #616, 'distance_accuracy_value', 'NONE');
#4643 = ORIENTED_EDGE ( 'NONE', *, *, #3555, .F. ) ;
#4644 = DIRECTION ( 'NONE',  ( -1.000000000000000000, 0.000000000000000000, 0.000000000000000000 ) ) ;
#4645 =( NAMED_UNIT ( * ) PLANE_ANGLE_UNIT ( ) SI_UNIT ( $, .RADIAN. ) );
#4646 = FILL_AREA_STYLE_COLOUR ( '', #1829 ) ;
#4647 = AXIS2_PLACEMENT_3D ( 'NONE', #620, #2161, #4404 ) ;
#4648 = DIRECTION ( 'NONE',  ( -0.000000000000000000, 1.000000000000000000, 1.707404996040164265E-16 ) ) ;
#4649 = ORIENTED_EDGE ( 'NONE', *, *, #3764, .T. ) ;
#4650 = DIRECTION ( 'NONE',  ( 0.000000000000000000, 0.000000000000000000, 1.000000000000000000 ) ) ;
#4651 = CARTESIAN_POINT ( 'NONE',  ( 10.26000000000000156, 2.500000000000000444, -1.020000000000003793 ) ) ;
#4652 = VECTOR ( 'NONE', #3123, 1000.000000000000000 ) ;
#4653 = ORIENTED_EDGE ( 'NONE', *, *, #816, .T. ) ;
#4654 = DIRECTION ( 'NONE',  ( 1.000000000000000000, 0.000000000000000000, 0.000000000000000000 ) ) ;
#4655 = SURFACE_SIDE_STYLE ('',( #7632 ) ) ;
#4656 = SURFACE_STYLE_USAGE ( .BOTH. , #6220 ) ;
#4657 = DIRECTION ( 'NONE',  ( 1.000000000000000000, 0.000000000000000000, -0.000000000000000000 ) ) ;
#4658 = FILL_AREA_STYLE_COLOUR ( '', #3071 ) ;
#4659 = CARTESIAN_POINT ( 'NONE',  ( 0.1000000000000011297, 0.000000000000000000, -1.270000000000004237 ) ) ;
#4660 = EDGE_CURVE ( 'NONE', #823, #9715, #6683, .T. ) ;
#4661 = FACE_OUTER_BOUND ( 'NONE', #5484, .T. ) ;
#4662 = LINE ( 'NONE', #7644, #879 ) ;
#4663 = CARTESIAN_POINT ( 'NONE',  ( -1.589999999999999414, -2.699999999999993072, 0.3199999999999985634 ) ) ;
#4664 = EDGE_CURVE ( 'NONE', #5092, #9222, #9755, .T. ) ;
#4665 = UNCERTAINTY_MEASURE_WITH_UNIT (LENGTH_MEASURE( 1.000000000000000082E-05 ), #1000, 'distance_accuracy_value', 'NONE');
#4666 =( LENGTH_UNIT ( ) NAMED_UNIT ( * ) SI_UNIT ( .MILLI., .METRE. ) );
#4667 = LINE ( 'NONE', #1717, #247 ) ;
#4668 = LINE ( 'NONE', #4761, #3058 ) ;
#4669 = ADVANCED_FACE ( 'NONE', ( #6795 ), #7490, .T. ) ;
#4670 = CARTESIAN_POINT ( 'NONE',  ( -11.24126846586467643, 8.660657145849658178, -0.1887315341353228981 ) ) ;
#4671 = EDGE_LOOP ( 'NONE', ( #5125, #6674, #7791, #6111 ) ) ;
#4672 = LINE ( 'NONE', #7876, #4116 ) ;
#4673 = CARTESIAN_POINT ( 'NONE',  ( 1.059191070279861036, -3.000000000000000000, -0.3200000000000031708 ) ) ;
#4674 = LINE ( 'NONE', #71, #7939 ) ;
#4675 = SURFACE_SIDE_STYLE ('',( #6997 ) ) ;
#4676 = VECTOR ( 'NONE', #4564, 1000.000000000000000 ) ;
#4677 = ORIENTED_EDGE ( 'NONE', *, *, #6114, .F. ) ;
#4678 = EDGE_CURVE ( 'NONE', #8129, #6449, #9076, .T. ) ;
#4679 = DIRECTION ( 'NONE',  ( 0.000000000000000000, 0.000000000000000000, -1.000000000000000000 ) ) ;
#4680 = CARTESIAN_POINT ( 'NONE',  ( 1.480808929720142997, -3.000000000000000000, -0.2108089297201431456 ) ) ;
#4681 = FACE_OUTER_BOUND ( 'NONE', #7112, .T. ) ;
#4682 = VECTOR ( 'NONE', #7159, 1000.000000000000000 ) ;
#4683 = PRESENTATION_LAYER_ASSIGNMENT (  '', '', ( #8943 ) ) ;
#4684 = AXIS2_PLACEMENT_3D ( 'NONE', #107, #5505, #3928 ) ;
#4685 = EDGE_CURVE ( 'NONE', #3055, #8373, #8332, .T. ) ;
#4686 = STYLED_ITEM ( 'NONE', ( #945 ), #9733 ) ;
#4687 = VERTEX_POINT ( 'NONE', #6630 ) ;
#4688 = ORIENTED_EDGE ( 'NONE', *, *, #4778, .F. ) ;
#4689 = COLOUR_RGB ( '',1.000000000000000000, 0.8117647058823529438, 0.5019607843137254832 ) ;
#4690 = DIRECTION ( 'NONE',  ( 1.000000000000000000, 0.000000000000000000, 0.000000000000000000 ) ) ;
#4691 = ORIENTED_EDGE ( 'NONE', *, *, #124, .F. ) ;
#4692 = VECTOR ( 'NONE', #4507, 1000.000000000000000 ) ;
#4693 = VECTOR ( 'NONE', #8643, 1000.000000000000000 ) ;
#4694 = ORIENTED_EDGE ( 'NONE', *, *, #115, .F. ) ;
#4695 = CARTESIAN_POINT ( 'NONE',  ( -12.59999999999999964, 2.500000000000000444, 1.019999999999996243 ) ) ;
#4696 = DIRECTION ( 'NONE',  ( 0.3236155771181769003, 0.8891264907159941444, 0.3236155771181765672 ) ) ;
#4697 = DIRECTION ( 'NONE',  ( 1.000000000000000000, 0.000000000000000000, 0.000000000000000000 ) ) ;
#4698 =( GEOMETRIC_REPRESENTATION_CONTEXT ( 3 ) GLOBAL_UNCERTAINTY_ASSIGNED_CONTEXT ( ( #8615 ) ) GLOBAL_UNIT_ASSIGNED_CONTEXT ( ( #1266, #2080, #5069 ) ) REPRESENTATION_CONTEXT ( 'NONE', 'WORKASPACE' ) );
#4699 = CARTESIAN_POINT ( 'NONE',  ( -4.129999999999999893, 8.299999999999993605, -0.3200000000000038369 ) ) ;
#4700 = SURFACE_STYLE_USAGE ( .BOTH. , #4180 ) ;
#4701 = ORIENTED_EDGE ( 'NONE', *, *, #654, .F. ) ;
#4702 = FILL_AREA_STYLE_COLOUR ( '', #9125 ) ;
#4703 = PRESENTATION_STYLE_ASSIGNMENT (( #5540 ) ) ;
#4704 = ORIENTED_EDGE ( 'NONE', *, *, #9785, .T. ) ;
#4705 = CARTESIAN_POINT ( 'NONE',  ( 12.69999999999999929, 0.000000000000000000, 1.019999999999995799 ) ) ;
#4706 = CARTESIAN_POINT ( 'NONE',  ( 6.139191070279860440, -3.000000000000000000, 1.270000000000000018 ) ) ;
#4707 = PLANE ( 'NONE',  #6619 ) ;
#4708 = PRESENTATION_LAYER_ASSIGNMENT (  '', '', ( #9751 ) ) ;
#4709 = PRESENTATION_STYLE_ASSIGNMENT (( #6269 ) ) ;
#4710 = CARTESIAN_POINT ( 'NONE',  ( 7.720000000000001528, 2.500000000000000444, -1.020000000000003793 ) ) ;
#4711 = CARTESIAN_POINT ( 'NONE',  ( 0.9500000000000029532, -0.03999999999999967470, 0.3199999999999990630 ) ) ;
#4712 = DIRECTION ( 'NONE',  ( 0.3236155771181768448, 0.8891264907159940334, -0.3236155771181768448 ) ) ;
#4713 =( GEOMETRIC_REPRESENTATION_CONTEXT ( 3 ) GLOBAL_UNCERTAINTY_ASSIGNED_CONTEXT ( ( #1549 ) ) GLOBAL_UNIT_ASSIGNED_CONTEXT ( ( #1724, #8385, #1587 ) ) REPRESENTATION_CONTEXT ( 'NONE', 'WORKASPACE' ) );
#4714 = PRESENTATION_STYLE_ASSIGNMENT (( #6231 ) ) ;
#4715 = EDGE_CURVE ( 'NONE', #9403, #8373, #4570, .T. ) ;
#4716 = EDGE_CURVE ( 'NONE', #7476, #2571, #5847, .T. ) ;
#4717 = PLANE ( 'NONE',  #3244 ) ;
#4718 = AXIS2_PLACEMENT_3D ( 'NONE', #6423, #1009, #3313 ) ;
#4719 = PRESENTATION_STYLE_ASSIGNMENT (( #1676 ) ) ;
#4720 = PRESENTATION_LAYER_ASSIGNMENT (  '', '', ( #1530 ) ) ;
#4721 = ORIENTED_EDGE ( 'NONE', *, *, #4060, .T. ) ;
#4722 = FILL_AREA_STYLE ('',( #338 ) ) ;
#4723 = VECTOR ( 'NONE', #9214, 1000.000000000000000 ) ;
#4724 = DIRECTION ( 'NONE',  ( -1.000000000000000000, 0.000000000000000000, 0.000000000000000000 ) ) ;
#4725 = DIRECTION ( 'NONE',  ( 0.000000000000000000, 1.707404996040164265E-16, -1.000000000000000000 ) ) ;
#4726 = VERTEX_POINT ( 'NONE', #2326 ) ;
#4727 = ADVANCED_FACE ( 'NONE', ( #2464 ), #4019, .F. ) ;
#4728 = CARTESIAN_POINT ( 'NONE',  ( 11.21919107027986229, 8.599999999999999645, 1.041517047584500167E-15 ) ) ;
#4729 = PRESENTATION_STYLE_ASSIGNMENT (( #4171 ) ) ;
#4730 = VECTOR ( 'NONE', #3883, 1000.000000000000114 ) ;
#4731 = ORIENTED_EDGE ( 'NONE', *, *, #771, .F. ) ;
#4732 = ADVANCED_FACE ( 'NONE', ( #3216 ), #4620, .F. ) ;
#4733 = CARTESIAN_POINT ( 'NONE',  ( 1.590000000000002967, -2.699999999999993072, 0.3199999999999985634 ) ) ;
#4734 = FILL_AREA_STYLE ('',( #3191 ) ) ;
#4735 = VERTEX_POINT ( 'NONE', #4663 ) ;
#4736 = COLOUR_RGB ( '',1.000000000000000000, 0.8117647058823529438, 0.5019607843137254832 ) ;
#4737 = ORIENTED_EDGE ( 'NONE', *, *, #590, .T. ) ;
#4738 = EDGE_CURVE ( 'NONE', #7261, #2757, #1715, .T. ) ;
#4739 = PRESENTATION_STYLE_ASSIGNMENT (( #8544 ) ) ;
#4740 = FILL_AREA_STYLE_COLOUR ( '', #2782 ) ;
#4741 = LINE ( 'NONE', #2491, #1499 ) ;
#4742 = FILL_AREA_STYLE_COLOUR ( '', #6575 ) ;
#4743 = ORIENTED_EDGE ( 'NONE', *, *, #9027, .T. ) ;
#4744 = EDGE_CURVE ( 'NONE', #2194, #8961, #106, .T. ) ;
#4745 = CARTESIAN_POINT ( 'NONE',  ( -0.9499999999999977351, 8.299999999999993605, 0.3200000000000004508 ) ) ;
#4746 = CARTESIAN_POINT ( 'NONE',  ( -9.100808929720139773, 8.599999999999999645, 1.041517047584500167E-15 ) ) ;
#4747 = ORIENTED_EDGE ( 'NONE', *, *, #9206, .T. ) ;
#4748 = DIRECTION ( 'NONE',  ( 0.000000000000000000, 0.000000000000000000, 1.000000000000000000 ) ) ;
#4749 = DIRECTION ( 'NONE',  ( 0.000000000000000000, 0.000000000000000000, -1.000000000000000000 ) ) ;
#4750 = DIRECTION ( 'NONE',  ( 0.000000000000000000, 1.707404996040164265E-16, -1.000000000000000000 ) ) ;
#4751 = VECTOR ( 'NONE', #8568, 1000.000000000000000 ) ;
#4752 = LINE ( 'NONE', #765, #4652 ) ;
#4753 = PRESENTATION_STYLE_ASSIGNMENT (( #5498 ) ) ;
#4754 = FACE_OUTER_BOUND ( 'NONE', #605, .T. ) ;
#4755 = CARTESIAN_POINT ( 'NONE',  ( -1.059191070279857483, -3.000000000000000000, 0.2108089297201388157 ) ) ;
#4756 = DIRECTION ( 'NONE',  ( 0.000000000000000000, 1.408054769461692709E-16, -1.000000000000000000 ) ) ;
#4757 = CARTESIAN_POINT ( 'NONE',  ( -6.669999999999999041, 2.500000000000000444, -0.3200000000000021716 ) ) ;
#4758 = DIRECTION ( 'NONE',  ( -0.000000000000000000, 0.000000000000000000, 1.000000000000000000 ) ) ;
#4759 = UNCERTAINTY_MEASURE_WITH_UNIT (LENGTH_MEASURE( 1.000000000000000082E-05 ), #3251, 'distance_accuracy_value', 'NONE');
#4760 = PRESENTATION_LAYER_ASSIGNMENT (  '', '', ( #1246 ) ) ;
#4761 = CARTESIAN_POINT ( 'NONE',  ( 5.180000000000000604, 1.885956070686925433E-16, -0.7700000000000006839 ) ) ;
#4762 = AXIS2_PLACEMENT_3D ( 'NONE', #6078, #2412, #805 ) ;
#4763 = CARTESIAN_POINT ( 'NONE',  ( 3.490000000000000213, -2.699999999999993072, 0.3199999999999985079 ) ) ;
#4764 = ORIENTED_EDGE ( 'NONE', *, *, #4765, .T. ) ;
#4765 = EDGE_CURVE ( 'NONE', #8046, #2783, #59, .T. ) ;
#4766 = LINE ( 'NONE', #5560, #9475 ) ;
#4767 = CARTESIAN_POINT ( 'NONE',  ( -4.020808929720139702, -3.000000000000000000, -0.3200000000000031708 ) ) ;
#4768 = CARTESIAN_POINT ( 'NONE',  ( -4.980000000000000426, 0.000000000000000000, -1.270000000000004237 ) ) ;
#4769 = STYLED_ITEM ( 'NONE', ( #640 ), #6827 ) ;
#4770 = DIRECTION ( 'NONE',  ( -1.000000000000000000, 0.000000000000000000, 0.000000000000000000 ) ) ;
#4771 = ORIENTED_EDGE ( 'NONE', *, *, #1760, .F. ) ;
#4772 = ORIENTED_EDGE ( 'NONE', *, *, #1285, .F. ) ;
#4773 = CARTESIAN_POINT ( 'NONE',  ( 12.69999999999999929, -1.741553095960960283E-16, 1.019999999999995799 ) ) ;
#4774 = PLANE ( 'NONE',  #1975 ) ;
#4775 = CARTESIAN_POINT ( 'NONE',  ( -6.139191070279857776, -3.000000000000000000, 0.2108089297201388157 ) ) ;
#4776 = AXIS2_PLACEMENT_3D ( 'NONE', #3026, #6841, #1524 ) ;
#4777 = STYLED_ITEM ( 'NONE', ( #5921 ), #6516 ) ;
#4778 = EDGE_CURVE ( 'NONE', #8134, #6826, #7778, .T. ) ;
#4779 = ORIENTED_EDGE ( 'NONE', *, *, #4247, .F. ) ;
#4780 = DIRECTION ( 'NONE',  ( 0.000000000000000000, -0.000000000000000000, 1.000000000000000000 ) ) ;
#4781 = CARTESIAN_POINT ( 'NONE',  ( 2.640000000000000124, 9.486769009248163798E-17, -1.020000000000004237 ) ) ;
#4782 = ORIENTED_EDGE ( 'NONE', *, *, #4252, .F. ) ;
#4783 = ORIENTED_EDGE ( 'NONE', *, *, #2900, .T. ) ;
#4784 = VECTOR ( 'NONE', #2122, 1000.000000000000000 ) ;
#4785 = ORIENTED_EDGE ( 'NONE', *, *, #5407, .T. ) ;
#4786 = FILL_AREA_STYLE_COLOUR ( '', #5242 ) ;
#4787 = CARTESIAN_POINT ( 'NONE',  ( 3.490000000000000213, -6.905096679918783842, -0.3200000000000038369 ) ) ;
#4788 = ADVANCED_FACE ( 'NONE', ( #961 ), #859, .T. ) ;
#4789 = FILL_AREA_STYLE ('',( #6307 ) ) ;
#4790 = STYLED_ITEM ( 'NONE', ( #1610 ), #998 ) ;
#4791 = ORIENTED_EDGE ( 'NONE', *, *, #7078, .T. ) ;
#4792 = EDGE_CURVE ( 'NONE', #1273, #9549, #6091, .T. ) ;
#4793 = CARTESIAN_POINT ( 'NONE',  ( -7.719999999999997975, 2.500000000000000444, 1.019999999999996243 ) ) ;
#4794 = ORIENTED_EDGE ( 'NONE', *, *, #6362, .T. ) ;
#4795 = MECHANICAL_DESIGN_GEOMETRIC_PRESENTATION_REPRESENTATION (  '', ( #8424 ), #4069 ) ;
#4796 = PLANE ( 'NONE',  #8265 ) ;
#4797 = ORIENTED_EDGE ( 'NONE', *, *, #9547, .T. ) ;
#4798 = CARTESIAN_POINT ( 'NONE',  ( 10.26000000000000156, -0.03999999999999967470, 1.019999999999995799 ) ) ;
#4799 = STYLED_ITEM ( 'NONE', ( #1204 ), #2469 ) ;
#4800 = CARTESIAN_POINT ( 'NONE',  ( -9.209999999999999076, -2.699999999999993072, -0.3200000000000031153 ) ) ;
#4801 = EDGE_CURVE ( 'NONE', #5707, #5687, #9179, .T. ) ;
#4802 = DIRECTION ( 'NONE',  ( 0.000000000000000000, -0.3420201433256594981, -0.9396926207859117586 ) ) ;
#4803 = SURFACE_SIDE_STYLE ('',( #188 ) ) ;
#4804 = LINE ( 'NONE', #1667, #2759 ) ;
#4805 = ADVANCED_FACE ( 'NONE', ( #5406 ), #8425, .F. ) ;
#4806 = CARTESIAN_POINT ( 'NONE',  ( 10.06000000000000227, 2.500000000000000444, -1.020000000000003793 ) ) ;
#4807 = DIRECTION ( 'NONE',  ( 1.000000000000000000, 0.000000000000000000, 0.000000000000000000 ) ) ;
#4808 = ORIENTED_EDGE ( 'NONE', *, *, #1503, .T. ) ;
#4809 = SURFACE_STYLE_FILL_AREA ( #7691 ) ;
#4810 = PLANE ( 'NONE',  #6735 ) ;
#4811 = LINE ( 'NONE', #1068, #8771 ) ;
#4812 = ORIENTED_EDGE ( 'NONE', *, *, #6279, .F. ) ;
#4813 = SURFACE_STYLE_USAGE ( .BOTH. , #5415 ) ;
#4814 = COLOUR_RGB ( '',1.000000000000000000, 0.8117647058823529438, 0.5019607843137254832 ) ;
#4815 = PLANE ( 'NONE',  #3767 ) ;
#4816 =( NAMED_UNIT ( * ) PLANE_ANGLE_UNIT ( ) SI_UNIT ( $, .RADIAN. ) );
#4817 =( NAMED_UNIT ( * ) SI_UNIT ( $, .STERADIAN. ) SOLID_ANGLE_UNIT ( ) );
#4818 = CARTESIAN_POINT ( 'NONE',  ( 12.69999999999999929, 0.000000000000000000, 0.7700000000000004619 ) ) ;
#4819 = LINE ( 'NONE', #3420, #8070 ) ;
#4820 = LINE ( 'NONE', #2563, #7665 ) ;
#4821 = AXIS2_PLACEMENT_3D ( 'NONE', #1831, #5014, #3475 ) ;
#4822 = ORIENTED_EDGE ( 'NONE', *, *, #1933, .F. ) ;
#4823 = LINE ( 'NONE', #9333, #5835 ) ;
#4824 = MECHANICAL_DESIGN_GEOMETRIC_PRESENTATION_REPRESENTATION (  '', ( #8620 ), #4516 ) ;
#4825 = PRESENTATION_STYLE_ASSIGNMENT (( #9199 ) ) ;
#4826 = VERTEX_POINT ( 'NONE', #1857 ) ;
#4827 = UNCERTAINTY_MEASURE_WITH_UNIT (LENGTH_MEASURE( 1.000000000000000082E-05 ), #6658, 'distance_accuracy_value', 'NONE');
#4828 = VERTEX_POINT ( 'NONE', #1150 ) ;
#4829 = ORIENTED_EDGE ( 'NONE', *, *, #1007, .F. ) ;
#4830 =( GEOMETRIC_REPRESENTATION_CONTEXT ( 3 ) GLOBAL_UNCERTAINTY_ASSIGNED_CONTEXT ( ( #8191 ) ) GLOBAL_UNIT_ASSIGNED_CONTEXT ( ( #4352, #7369, #8915 ) ) REPRESENTATION_CONTEXT ( 'NONE', 'WORKASPACE' ) );
#4831 = LINE ( 'NONE', #356, #7215 ) ;
#4832 = EDGE_CURVE ( 'NONE', #8095, #3717, #4901, .T. ) ;
#4833 = CARTESIAN_POINT ( 'NONE',  ( -4.020808929720139702, -3.000000000000000000, -0.2108089297201431456 ) ) ;
#4834 = EDGE_CURVE ( 'NONE', #2106, #6493, #7219, .T. ) ;
#4835 = VECTOR ( 'NONE', #1196, 1000.000000000000000 ) ;
#4836 = ORIENTED_EDGE ( 'NONE', *, *, #1694, .T. ) ;
#4837 = PRESENTATION_LAYER_ASSIGNMENT (  '', '', ( #7688 ) ) ;
#4838 =( GEOMETRIC_REPRESENTATION_CONTEXT ( 3 ) GLOBAL_UNCERTAINTY_ASSIGNED_CONTEXT ( ( #4428 ) ) GLOBAL_UNIT_ASSIGNED_CONTEXT ( ( #403, #1178, #1226 ) ) REPRESENTATION_CONTEXT ( 'NONE', 'WORKASPACE' ) );
#4839 = FILL_AREA_STYLE_COLOUR ( '', #8951 ) ;
#4840 = EDGE_LOOP ( 'NONE', ( #6961, #1741, #731, #5287 ) ) ;
#4841 = EDGE_CURVE ( 'NONE', #4064, #5253, #4209, .T. ) ;
#4842 = VECTOR ( 'NONE', #9538, 1000.000000000000000 ) ;
#4843 = ORIENTED_EDGE ( 'NONE', *, *, #4613, .T. ) ;
#4844 = SURFACE_SIDE_STYLE ('',( #4939 ) ) ;
#4845 = FACE_OUTER_BOUND ( 'NONE', #7808, .T. ) ;
#4846 = SURFACE_STYLE_FILL_AREA ( #1189 ) ;
#4847 = ADVANCED_FACE ( 'NONE', ( #8614 ), #3314, .F. ) ;
#4848 = MECHANICAL_DESIGN_GEOMETRIC_PRESENTATION_REPRESENTATION (  '', ( #256 ), #3113 ) ;
#4849 =( NAMED_UNIT ( * ) SI_UNIT ( $, .STERADIAN. ) SOLID_ANGLE_UNIT ( ) );
#4850 = CARTESIAN_POINT ( 'NONE',  ( 7.720000000000001528, 2.500000000000000444, 1.269999999999996243 ) ) ;
#4851 = CARTESIAN_POINT ( 'NONE',  ( 4.130000000000001670, -6.905096679918783842, -0.3200000000000038369 ) ) ;
#4852 = CARTESIAN_POINT ( 'NONE',  ( 2.440000000000001279, 2.500000000000000888, -1.270000000000003793 ) ) ;
#4853 = ADVANCED_FACE ( 'NONE', ( #425 ), #4111, .F. ) ;
#4854 = LINE ( 'NONE', #6984, #3035 ) ;
#4855 = AXIS2_PLACEMENT_3D ( 'NONE', #5876, #8901, #2102 ) ;
#4856 = ORIENTED_EDGE ( 'NONE', *, *, #4355, .T. ) ;
#4857 = CARTESIAN_POINT ( 'NONE',  ( -11.10999999999999766, -0.03999999999999967470, 0.3199999999999990630 ) ) ;
#4858 = EDGE_CURVE ( 'NONE', #8140, #5023, #7121, .T. ) ;
#4859 = DIRECTION ( 'NONE',  ( -1.000000000000000000, -0.000000000000000000, -0.000000000000000000 ) ) ;
#4860 = DIRECTION ( 'NONE',  ( 0.000000000000000000, 0.000000000000000000, 1.000000000000000000 ) ) ;
#4861 = LINE ( 'NONE', #429, #6884 ) ;
#4862 = MANIFOLD_SOLID_BREP ( 'LPattern1[4]', #3438 ) ;
#4863 = VERTEX_POINT ( 'NONE', #5050 ) ;
#4864 = ADVANCED_FACE ( 'NONE', ( #371 ), #7166, .F. ) ;
#4865 = DIRECTION ( 'NONE',  ( 0.9396926207859117586, -0.3420201433256594981, 0.000000000000000000 ) ) ;
#4866 = DIRECTION ( 'NONE',  ( 0.000000000000000000, 1.000000000000000000, 1.707404996040164265E-16 ) ) ;
#4867 = CARTESIAN_POINT ( 'NONE',  ( 20.32000000000000028, 8.599999999999999645, -0.2108089297201413692 ) ) ;
#4868 = AXIS2_PLACEMENT_3D ( 'NONE', #2114, #5048, #8262 ) ;
#4869 = DIRECTION ( 'NONE',  ( 0.3236155771181768448, 0.8891264907159940334, -0.3236155771181768448 ) ) ;
#4870 =( LENGTH_UNIT ( ) NAMED_UNIT ( * ) SI_UNIT ( .MILLI., .METRE. ) );
#4871 = SURFACE_SIDE_STYLE ('',( #9329 ) ) ;
#4872 = CARTESIAN_POINT ( 'NONE',  ( -1.589999999999997637, -0.03999999999999967470, 0.3199999999999990630 ) ) ;
#4873 = LINE ( 'NONE', #5662, #9258 ) ;
#4874 =( GEOMETRIC_REPRESENTATION_CONTEXT ( 3 ) GLOBAL_UNCERTAINTY_ASSIGNED_CONTEXT ( ( #3952 ) ) GLOBAL_UNIT_ASSIGNED_CONTEXT ( ( #7944, #410, #948 ) ) REPRESENTATION_CONTEXT ( 'NONE', 'WORKASPACE' ) );
#4875 = VERTEX_POINT ( 'NONE', #7265 ) ;
#4876 = CARTESIAN_POINT ( 'NONE',  ( 3.490000000000003322, 0.7500000000000001110, -0.3200000000000023381 ) ) ;
#4877 = VERTEX_POINT ( 'NONE', #473 ) ;
#4878 = LINE ( 'NONE', #549, #9275 ) ;
#4879 = ORIENTED_EDGE ( 'NONE', *, *, #6845, .T. ) ;
#4880 = LINE ( 'NONE', #5581, #7908 ) ;
#4881 = AXIS2_PLACEMENT_3D ( 'NONE', #8, #4416, #4514 ) ;
#4882 = ORIENTED_EDGE ( 'NONE', *, *, #2791, .F. ) ;
#4883 = SURFACE_STYLE_FILL_AREA ( #7941 ) ;
#4884 = VERTEX_POINT ( 'NONE', #2746 ) ;
#4885 = COLOUR_RGB ( '',0.2509803921568627416, 0.2509803921568627416, 0.2509803921568627416 ) ;
#4886 = EDGE_CURVE ( 'NONE', #4863, #7509, #4067, .T. ) ;
#4887 = FILL_AREA_STYLE_COLOUR ( '', #8741 ) ;
#4888 = EDGE_LOOP ( 'NONE', ( #7286, #3476, #5180, #7394 ) ) ;
#4889 = DIRECTION ( 'NONE',  ( 0.000000000000000000, 0.000000000000000000, 1.000000000000000000 ) ) ;
#4890 = PLANE ( 'NONE',  #334 ) ;
#4891 =( NAMED_UNIT ( * ) SI_UNIT ( $, .STERADIAN. ) SOLID_ANGLE_UNIT ( ) );
#4892 = MANIFOLD_SOLID_BREP ( 'Cut-Extrude1', #6453 ) ;
#4893 = VECTOR ( 'NONE', #460, 1000.000000000000000 ) ;
#4894 = COLOUR_RGB ( '',1.000000000000000000, 0.8117647058823529438, 0.5019607843137254832 ) ;
#4895 = CARTESIAN_POINT ( 'NONE',  ( -6.029999999999998472, -3.000000000000000000, -0.2108089297201431456 ) ) ;
#4896 = CARTESIAN_POINT ( 'NONE',  ( -11.75000000000000000, 2.500000000000000444, 0.3199999999999995071 ) ) ;
#4897 = DIRECTION ( 'NONE',  ( 0.000000000000000000, -1.734723475976807094E-15, 1.000000000000000000 ) ) ;
#4898 = PLANE ( 'NONE',  #3048 ) ;
#4899 = ORIENTED_EDGE ( 'NONE', *, *, #1422, .F. ) ;
#4900 = FACE_OUTER_BOUND ( 'NONE', #2704, .T. ) ;
#4901 = LINE ( 'NONE', #5652, #9781 ) ;
#4902 = PRESENTATION_STYLE_ASSIGNMENT (( #2749 ) ) ;
#4903 = DIRECTION ( 'NONE',  ( -0.000000000000000000, 1.734723475976807094E-15, -1.000000000000000000 ) ) ;
#4904 = EDGE_CURVE ( 'NONE', #6761, #9448, #709, .T. ) ;
#4905 = DIRECTION ( 'NONE',  ( 1.000000000000000000, 0.000000000000000000, -0.000000000000000000 ) ) ;
#4906 = MECHANICAL_DESIGN_GEOMETRIC_PRESENTATION_REPRESENTATION (  '', ( #9639 ), #7900 ) ;
#4907 = SURFACE_STYLE_USAGE ( .BOTH. , #8671 ) ;
#4908 = ORIENTED_EDGE ( 'NONE', *, *, #1503, .F. ) ;
#4909 = ADVANCED_FACE ( 'NONE', ( #6029, #2065, #9744, #6618, #5888, #9064, #2262, #3669, #9009, #2973, #5301 ), #5103, .F. ) ;
#4910 = PLANE ( 'NONE',  #9512 ) ;
#4911 = UNCERTAINTY_MEASURE_WITH_UNIT (LENGTH_MEASURE( 1.000000000000000082E-05 ), #3696, 'distance_accuracy_value', 'NONE');
#4912 = DIRECTION ( 'NONE',  ( 0.000000000000000000, 0.000000000000000000, -1.000000000000000000 ) ) ;
#4913 = CARTESIAN_POINT ( 'NONE',  ( 0.9500000000000029532, -0.03999999999999967470, -0.3200000000000026157 ) ) ;
#4914 = PLANE ( 'NONE',  #2526 ) ;
#4915 = DIRECTION ( 'NONE',  ( -1.000000000000000000, 0.000000000000000000, 0.000000000000000000 ) ) ;
#4916 = EDGE_CURVE ( 'NONE', #8933, #8363, #9593, .T. ) ;
#4917 = CARTESIAN_POINT ( 'NONE',  ( -9.078731534135320302, 8.660657145849658178, -0.1887315341353228981 ) ) ;
#4918 = VECTOR ( 'NONE', #8988, 1000.000000000000000 ) ;
#4919 = PLANE ( 'NONE',  #3556 ) ;
#4920 = VERTEX_POINT ( 'NONE', #5934 ) ;
#4921 = ADVANCED_FACE ( 'NONE', ( #8264 ), #2916, .F. ) ;
#4922 = PRESENTATION_LAYER_ASSIGNMENT (  '', '', ( #41 ) ) ;
#4923 = DIRECTION ( 'NONE',  ( 0.000000000000000000, -0.000000000000000000, 1.000000000000000000 ) ) ;
#4924 = VECTOR ( 'NONE', #2294, 1000.000000000000000 ) ;
#4925 = FILL_AREA_STYLE_COLOUR ( '', #4199 ) ;
#4926 = EDGE_LOOP ( 'NONE', ( #4829, #4908, #6631, #2260 ) ) ;
#4927 = FILL_AREA_STYLE_COLOUR ( '', #4997 ) ;
#4928 = VERTEX_POINT ( 'NONE', #571 ) ;
#4929 = LINE ( 'NONE', #9620, #8873 ) ;
#4930 = LINE ( 'NONE', #7010, #2316 ) ;
#4931 = DIRECTION ( 'NONE',  ( 0.000000000000000000, 3.771912141373855303E-16, 1.000000000000000000 ) ) ;
#4932 = VERTEX_POINT ( 'NONE', #9789 ) ;
#4933 = DIRECTION ( 'NONE',  ( 0.000000000000000000, 0.000000000000000000, 1.000000000000000000 ) ) ;
#4934 = VERTEX_POINT ( 'NONE', #5152 ) ;
#4935 = AXIS2_PLACEMENT_3D ( 'NONE', #1854, #8756, #5688 ) ;
#4936 = DIRECTION ( 'NONE',  ( 0.000000000000000000, 1.707404996040164265E-16, -1.000000000000000000 ) ) ;
#4937 = AXIS2_PLACEMENT_3D ( 'NONE', #4798, #5640, #365 ) ;
#4938 = EDGE_LOOP ( 'NONE', ( #7670, #471, #8144, #2381 ) ) ;
#4939 = SURFACE_STYLE_FILL_AREA ( #7898 ) ;
#4940 = FILL_AREA_STYLE ('',( #9348 ) ) ;
#4941 = AXIS2_PLACEMENT_3D ( 'NONE', #7420, #5976, #2860 ) ;
#4942 = CARTESIAN_POINT ( 'NONE',  ( 3.490000000000000213, -2.699999999999993072, -0.3200000000000031153 ) ) ;
#4943 = FILL_AREA_STYLE ('',( #2687 ) ) ;
#4944 = LINE ( 'NONE', #7028, #7686 ) ;
#4945 = LINE ( 'NONE', #7867, #641 ) ;
#4946 = COLOUR_RGB ( '',1.000000000000000000, 0.8117647058823529438, 0.5019607843137254832 ) ;
#4947 = ORIENTED_EDGE ( 'NONE', *, *, #4951, .F. ) ;
#4948 = DIRECTION ( 'NONE',  ( 0.000000000000000000, 0.000000000000000000, 1.000000000000000000 ) ) ;
#4949 = LINE ( 'NONE', #1818, #5767 ) ;
#4950 = EDGE_CURVE ( 'NONE', #580, #7661, #6569, .T. ) ;
#4951 = EDGE_CURVE ( 'NONE', #6614, #3274, #1357, .T. ) ;
#4952 = DIRECTION ( 'NONE',  ( 0.000000000000000000, -1.000000000000000000, -1.707404996040164265E-16 ) ) ;
#4953 = FACE_OUTER_BOUND ( 'NONE', #2215, .T. ) ;
#4954 = ORIENTED_EDGE ( 'NONE', *, *, #8296, .T. ) ;
#4955 = PLANE ( 'NONE',  #7925 ) ;
#4956 = ADVANCED_FACE ( 'NONE', ( #521 ), #4349, .T. ) ;
#4957 = SURFACE_SIDE_STYLE ('',( #7962 ) ) ;
#4958 = CARTESIAN_POINT ( 'NONE',  ( 22.85999999999999943, -3.000000000000000000, 0.2108089297201388157 ) ) ;
#4959 = VECTOR ( 'NONE', #2798, 1000.000000000000114 ) ;
#4960 = DIRECTION ( 'NONE',  ( -1.000000000000000000, -0.000000000000000000, 0.000000000000000000 ) ) ;
#4961 = DIRECTION ( 'NONE',  ( -0.9396926207859117586, -0.3420201433256594981, -0.000000000000000000 ) ) ;
#4962 = PRESENTATION_STYLE_ASSIGNMENT (( #7229 ) ) ;
#4963 = CARTESIAN_POINT ( 'NONE',  ( -1.480808929720139444, 8.599999999999999645, 1.041517047584500167E-15 ) ) ;
#4964 = EDGE_CURVE ( 'NONE', #8342, #1938, #7767, .T. ) ;
#4965 = LINE ( 'NONE', #439, #5450 ) ;
#4966 = PLANE ( 'NONE',  #7987 ) ;
#4967 = MECHANICAL_DESIGN_GEOMETRIC_PRESENTATION_REPRESENTATION (  '', ( #3877 ), #362 ) ;
#4968 = ORIENTED_EDGE ( 'NONE', *, *, #3030, .F. ) ;
#4969 = SURFACE_SIDE_STYLE ('',( #9467 ) ) ;
#4970 = ADVANCED_FACE ( 'NONE', ( #6974 ), #4707, .T. ) ;
#4971 = DIRECTION ( 'NONE',  ( 0.000000000000000000, 1.000000000000000000, 1.707404996040164265E-16 ) ) ;
#4972 = EDGE_LOOP ( 'NONE', ( #5537, #674, #9472, #5585 ) ) ;
#4973 = CARTESIAN_POINT ( 'NONE',  ( 12.60000000000000320, 0.000000000000000000, 1.019999999999995799 ) ) ;
#4974 = VERTEX_POINT ( 'NONE', #2410 ) ;
#4975 = DIRECTION ( 'NONE',  ( 0.000000000000000000, -1.734723475976807094E-15, 1.000000000000000000 ) ) ;
#4976 = EDGE_CURVE ( 'NONE', #1550, #1394, #7583, .T. ) ;
#4977 = PRESENTATION_LAYER_ASSIGNMENT (  '', '', ( #1480 ) ) ;
#4978 = VERTEX_POINT ( 'NONE', #762 ) ;
#4979 = ORIENTED_EDGE ( 'NONE', *, *, #9624, .T. ) ;
#4980 = VERTEX_POINT ( 'NONE', #9216 ) ;
#4981 = EDGE_CURVE ( 'NONE', #8699, #7537, #3066, .T. ) ;
#4982 = MECHANICAL_DESIGN_GEOMETRIC_PRESENTATION_REPRESENTATION (  '', ( #2937 ), #1002 ) ;
#4983 = DIRECTION ( 'NONE',  ( 0.000000000000000000, 1.000000000000000000, 1.707404996040164265E-16 ) ) ;
#4984 = ORIENTED_EDGE ( 'NONE', *, *, #6059, .F. ) ;
#4985 = CARTESIAN_POINT ( 'NONE',  ( 5.180000000000000604, -0.03999999999999967470, 1.019999999999995799 ) ) ;
#4986 = CARTESIAN_POINT ( 'NONE',  ( 5.080000000000000071, 8.599999999999999645, -0.2108089297201413692 ) ) ;
#4987 = CARTESIAN_POINT ( 'NONE',  ( 12.69999999999999929, 0.7500000000000001110, 0.3199999999999991740 ) ) ;
#4988 = VECTOR ( 'NONE', #3516, 1000.000000000000000 ) ;
#4989 =( GEOMETRIC_REPRESENTATION_CONTEXT ( 3 ) GLOBAL_UNCERTAINTY_ASSIGNED_CONTEXT ( ( #435 ) ) GLOBAL_UNIT_ASSIGNED_CONTEXT ( ( #8437, #7788, #2481 ) ) REPRESENTATION_CONTEXT ( 'NONE', 'WORKASPACE' ) );
#4990 = LINE ( 'NONE', #276, #1982 ) ;
#4991 = EDGE_LOOP ( 'NONE', ( #4165, #7416, #2969, #5186 ) ) ;
#4992 = LINE ( 'NONE', #568, #5621 ) ;
#4993 = AXIS2_PLACEMENT_3D ( 'NONE', #5972, #5389, #9058 ) ;
#4994 = CARTESIAN_POINT ( 'NONE',  ( 10.06000000000000227, 0.000000000000000000, -1.270000000000004237 ) ) ;
#4995 = ORIENTED_EDGE ( 'NONE', *, *, #9784, .T. ) ;
#4996 = DIRECTION ( 'NONE',  ( 0.000000000000000000, -0.000000000000000000, 1.000000000000000000 ) ) ;
#4997 = COLOUR_RGB ( '',1.000000000000000000, 0.8117647058823529438, 0.5019607843137254832 ) ;
#4998 = MECHANICAL_DESIGN_GEOMETRIC_PRESENTATION_REPRESENTATION (  '', ( #6414 ), #858 ) ;
#4999 = FILL_AREA_STYLE ('',( #1064 ) ) ;
#5000 = CARTESIAN_POINT ( 'NONE',  ( 3.490000000000000213, -2.699999999999993072, 0.3199999999999985634 ) ) ;
#5001 = DIRECTION ( 'NONE',  ( 0.000000000000000000, -1.707404996040164265E-16, 1.000000000000000000 ) ) ;
#5002 = CARTESIAN_POINT ( 'NONE',  ( -6.669999999999999041, -0.03999999999999967470, -0.3200000000000026157 ) ) ;
#5003 = MECHANICAL_DESIGN_GEOMETRIC_PRESENTATION_REPRESENTATION (  '', ( #9583 ), #6577 ) ;
#5004 = VERTEX_POINT ( 'NONE', #1515 ) ;
#5005 = EDGE_CURVE ( 'NONE', #7575, #1888, #4557, .T. ) ;
#5006 =( NAMED_UNIT ( * ) SI_UNIT ( $, .STERADIAN. ) SOLID_ANGLE_UNIT ( ) );
#5007 = DIRECTION ( 'NONE',  ( 1.000000000000000000, 0.000000000000000000, 0.000000000000000000 ) ) ;
#5008 = UNCERTAINTY_MEASURE_WITH_UNIT (LENGTH_MEASURE( 1.000000000000000082E-05 ), #3232, 'distance_accuracy_value', 'NONE');
#5009 = DIRECTION ( 'NONE',  ( 1.000000000000000000, 0.000000000000000000, -0.000000000000000000 ) ) ;
#5010 = CARTESIAN_POINT ( 'NONE',  ( -12.69999999999999929, 0.000000000000000000, 1.270000000000000018 ) ) ;
#5011 =( NAMED_UNIT ( * ) PLANE_ANGLE_UNIT ( ) SI_UNIT ( $, .RADIAN. ) );
#5012 = AXIS2_PLACEMENT_3D ( 'NONE', #6105, #4629, #5746 ) ;
#5013 = DIRECTION ( 'NONE',  ( 0.9396926207859117586, -0.3420201433256594981, -0.000000000000000000 ) ) ;
#5014 = DIRECTION ( 'NONE',  ( -0.000000000000000000, -0.3420201433256597756, -0.9396926207859116476 ) ) ;
#5015 = ORIENTED_EDGE ( 'NONE', *, *, #6457, .T. ) ;
#5016 = LINE ( 'NONE', #8025, #1228 ) ;
#5017 = VECTOR ( 'NONE', #9178, 1000.000000000000000 ) ;
#5018 = EDGE_CURVE ( 'NONE', #7537, #5579, #9261, .T. ) ;
#5019 = FACE_OUTER_BOUND ( 'NONE', #7893, .T. ) ;
#5020 = ORIENTED_EDGE ( 'NONE', *, *, #6114, .T. ) ;
#5021 = DIRECTION ( 'NONE',  ( 0.000000000000000000, 1.000000000000000000, 1.707404996040164265E-16 ) ) ;
#5022 = AXIS2_PLACEMENT_3D ( 'NONE', #4134, #1928, #4971 ) ;
#5023 = VERTEX_POINT ( 'NONE', #6833 ) ;
#5024 = FILL_AREA_STYLE ('',( #499 ) ) ;
#5025 = SURFACE_SIDE_STYLE ('',( #1990 ) ) ;
#5026 = DIRECTION ( 'NONE',  ( -1.000000000000000000, 0.000000000000000000, 0.000000000000000000 ) ) ;
#5027 = AXIS2_PLACEMENT_3D ( 'NONE', #2509, #9404, #4996 ) ;
#5028 = ADVANCED_FACE ( 'NONE', ( #2455 ), #1665, .F. ) ;
#5029 = ORIENTED_EDGE ( 'NONE', *, *, #2751, .T. ) ;
#5030 = DIRECTION ( 'NONE',  ( -1.000000000000000000, -0.000000000000000000, -0.000000000000000000 ) ) ;
#5031 = VERTEX_POINT ( 'NONE', #5494 ) ;
#5032 = ADVANCED_FACE ( 'NONE', ( #7071 ), #3494, .F. ) ;
#5033 = ORIENTED_EDGE ( 'NONE', *, *, #530, .T. ) ;
#5034 = CARTESIAN_POINT ( 'NONE',  ( 10.26000000000000156, 9.486769009248163798E-17, -1.020000000000004237 ) ) ;
#5035 = AXIS2_PLACEMENT_3D ( 'NONE', #5966, #5874, #458 ) ;
#5036 = EDGE_LOOP ( 'NONE', ( #7843, #29, #409, #5111 ) ) ;
#5037 = SURFACE_STYLE_FILL_AREA ( #9579 ) ;
#5038 = ORIENTED_EDGE ( 'NONE', *, *, #8536, .F. ) ;
#5039 = CARTESIAN_POINT ( 'NONE',  ( -8.701268465864677282, 8.660657145849658178, -0.1887315341353228981 ) ) ;
#5040 = CARTESIAN_POINT ( 'NONE',  ( -11.64080892972014070, -3.000000000000000000, 1.270000000000000018 ) ) ;
#5041 = EDGE_CURVE ( 'NONE', #8396, #9201, #9531, .T. ) ;
#5042 =( NAMED_UNIT ( * ) SI_UNIT ( $, .STERADIAN. ) SOLID_ANGLE_UNIT ( ) );
#5043 = AXIS2_PLACEMENT_3D ( 'NONE', #9507, #4960, #5611 ) ;
#5044 = ORIENTED_EDGE ( 'NONE', *, *, #4715, .F. ) ;
#5045 = SURFACE_SIDE_STYLE ('',( #5733 ) ) ;
#5046 = CARTESIAN_POINT ( 'NONE',  ( 0.1000000000000011297, 9.486769009248163798E-17, -1.020000000000004237 ) ) ;
#5047 = VERTEX_POINT ( 'NONE', #412 ) ;
#5048 = DIRECTION ( 'NONE',  ( 1.000000000000000000, 0.000000000000000000, 0.000000000000000000 ) ) ;
#5049 =( NAMED_UNIT ( * ) PLANE_ANGLE_UNIT ( ) SI_UNIT ( $, .RADIAN. ) );
#5050 = CARTESIAN_POINT ( 'NONE',  ( 0.9500000000000011768, -2.699999999999993072, -0.3200000000000031153 ) ) ;
#5051 = STYLED_ITEM ( 'NONE', ( #3971 ), #4788 ) ;
#5052 = ORIENTED_EDGE ( 'NONE', *, *, #2278, .F. ) ;
#5053 = CARTESIAN_POINT ( 'NONE',  ( -0.9499999999999959588, 0.7500000000000000000, 0.7700000000000006839 ) ) ;
#5054 = CARTESIAN_POINT ( 'NONE',  ( -3.489999999999996660, 2.500000000000000444, 0.3199999999999995071 ) ) ;
#5055 = CARTESIAN_POINT ( 'NONE',  ( 4.980000000000002203, 0.000000000000000000, -1.270000000000004237 ) ) ;
#5056 = LINE ( 'NONE', #7126, #1771 ) ;
#5057 = LINE ( 'NONE', #4309, #7826 ) ;
#5058 = VECTOR ( 'NONE', #18, 1000.000000000000000 ) ;
#5059 = MANIFOLD_SOLID_BREP ( 'LPattern1[2]', #9627 ) ;
#5060 = PRESENTATION_LAYER_ASSIGNMENT (  '', '', ( #9016 ) ) ;
#5061 = ORIENTED_EDGE ( 'NONE', *, *, #9676, .F. ) ;
#5062 = LINE ( 'NONE', #7326, #5258 ) ;
#5063 = DIRECTION ( 'NONE',  ( -1.000000000000000000, 0.000000000000000000, 0.000000000000000000 ) ) ;
#5064 = SURFACE_SIDE_STYLE ('',( #1117 ) ) ;
#5065 = CARTESIAN_POINT ( 'NONE',  ( -6.669999999999999041, 2.500000000000000444, 0.3199999999999995071 ) ) ;
#5066 = DIRECTION ( 'NONE',  ( 1.000000000000000000, 0.000000000000000000, 0.000000000000000000 ) ) ;
#5067 = LINE ( 'NONE', #7333, #1895 ) ;
#5068 = VECTOR ( 'NONE', #2568, 1000.000000000000000 ) ;
#5069 =( NAMED_UNIT ( * ) SI_UNIT ( $, .STERADIAN. ) SOLID_ANGLE_UNIT ( ) );
#5070 = DIRECTION ( 'NONE',  ( 0.000000000000000000, -0.000000000000000000, 1.000000000000000000 ) ) ;
#5071 = AXIS2_PLACEMENT_3D ( 'NONE', #3469, #4961, #2710 ) ;
#5072 = CARTESIAN_POINT ( 'NONE',  ( -6.669999999999999929, 8.299999999999993605, -0.3200000000000038369 ) ) ;
#5073 = EDGE_LOOP ( 'NONE', ( #133, #2132, #4541, #5234 ) ) ;
#5074 = CARTESIAN_POINT ( 'NONE',  ( -11.64080892972014070, 8.599999999999999645, 1.041517047584500167E-15 ) ) ;
#5075 = ORIENTED_EDGE ( 'NONE', *, *, #1814, .T. ) ;
#5076 = MECHANICAL_DESIGN_GEOMETRIC_PRESENTATION_REPRESENTATION (  '', ( #6175 ), #8061 ) ;
#5077 = ORIENTED_EDGE ( 'NONE', *, *, #8844, .F. ) ;
#5078 = CARTESIAN_POINT ( 'NONE',  ( -0.9499999999999959588, 0.7500000000000001110, 0.3199999999999991740 ) ) ;
#5079 = EDGE_CURVE ( 'NONE', #2637, #6771, #6316, .T. ) ;
#5080 = EDGE_CURVE ( 'NONE', #93, #7887, #7156, .T. ) ;
#5081 = STYLED_ITEM ( 'NONE', ( #4962 ), #5810 ) ;
#5082 = EDGE_LOOP ( 'NONE', ( #6733, #502, #875, #9611 ) ) ;
#5083 = DIRECTION ( 'NONE',  ( 1.000000000000000000, 0.000000000000000000, 0.000000000000000000 ) ) ;
#5084 = ORIENTED_EDGE ( 'NONE', *, *, #6586, .T. ) ;
#5085 = EDGE_LOOP ( 'NONE', ( #1457, #3982, #6758, #8431 ) ) ;
#5086 = VERTEX_POINT ( 'NONE', #7860 ) ;
#5087 = EDGE_CURVE ( 'NONE', #7183, #8745, #7899, .T. ) ;
#5088 = LINE ( 'NONE', #8096, #7084 ) ;
#5089 = LINE ( 'NONE', #6553, #6497 ) ;
#5090 = LINE ( 'NONE', #5967, #5179 ) ;
#5091 = AXIS2_PLACEMENT_3D ( 'NONE', #8914, #8162, #761 ) ;
#5092 = VERTEX_POINT ( 'NONE', #4800 ) ;
#5093 = ADVANCED_FACE ( 'NONE', ( #1052 ), #2542, .T. ) ;
#5094 = CARTESIAN_POINT ( 'NONE',  ( 12.69999999999999929, 0.000000000000000000, 0.7700000000000004619 ) ) ;
#5095 = ORIENTED_EDGE ( 'NONE', *, *, #2225, .T. ) ;
#5096 = PRESENTATION_STYLE_ASSIGNMENT (( #1949 ) ) ;
#5097 = AXIS2_PLACEMENT_3D ( 'NONE', #8263, #4502, #3825 ) ;
#5098 = SURFACE_STYLE_USAGE ( .BOTH. , #7363 ) ;
#5099 = ORIENTED_EDGE ( 'NONE', *, *, #3049, .F. ) ;
#5100 = EDGE_CURVE ( 'NONE', #7619, #1403, #9440, .T. ) ;
#5101 = SURFACE_STYLE_FILL_AREA ( #2970 ) ;
#5102 = DIRECTION ( 'NONE',  ( -1.000000000000000000, 0.000000000000000000, 0.000000000000000000 ) ) ;
#5103 = PLANE ( 'NONE',  #7099 ) ;
#5104 = COLOUR_RGB ( '',1.000000000000000000, 0.8117647058823529438, 0.5019607843137254832 ) ;
#5105 = LINE ( 'NONE', #711, #2442 ) ;
#5106 = PRESENTATION_STYLE_ASSIGNMENT (( #2069 ) ) ;
#5107 = LINE ( 'NONE', #5985, #9570 ) ;
#5108 = LINE ( 'NONE', #5841, #8781 ) ;
#5109 = AXIS2_PLACEMENT_3D ( 'NONE', #1022, #4122, #156 ) ;
#5110 = EDGE_LOOP ( 'NONE', ( #8198, #9635, #2208, #8248, #8911, #3129, #6543, #3712 ) ) ;
#5111 = ORIENTED_EDGE ( 'NONE', *, *, #6284, .T. ) ;
#5112 = PLANE ( 'NONE',  #7385 ) ;
#5113 = LINE ( 'NONE', #8178, #8828 ) ;
#5114 = DIRECTION ( 'NONE',  ( 0.000000000000000000, -1.000000000000000000, -1.707404996040164265E-16 ) ) ;
#5115 =( GEOMETRIC_REPRESENTATION_CONTEXT ( 3 ) GLOBAL_UNCERTAINTY_ASSIGNED_CONTEXT ( ( #6496 ) ) GLOBAL_UNIT_ASSIGNED_CONTEXT ( ( #7533, #6620, #7481 ) ) REPRESENTATION_CONTEXT ( 'NONE', 'WORKASPACE' ) );
#5116 = CARTESIAN_POINT ( 'NONE',  ( 11.61873153413532478, 8.660657145849658178, -0.1887315341353228981 ) ) ;
#5117 = DIRECTION ( 'NONE',  ( -0.000000000000000000, 1.000000000000000000, 1.707404996040164265E-16 ) ) ;
#5118 = ORIENTED_EDGE ( 'NONE', *, *, #9169, .F. ) ;
#5119 = DIRECTION ( 'NONE',  ( 0.000000000000000000, 0.000000000000000000, 1.000000000000000000 ) ) ;
#5120 =( GEOMETRIC_REPRESENTATION_CONTEXT ( 3 ) GLOBAL_UNCERTAINTY_ASSIGNED_CONTEXT ( ( #9470 ) ) GLOBAL_UNIT_ASSIGNED_CONTEXT ( ( #5682, #9307, #4849 ) ) REPRESENTATION_CONTEXT ( 'NONE', 'WORKASPACE' ) );
#5121 = DIRECTION ( 'NONE',  ( 0.000000000000000000, 0.000000000000000000, -1.000000000000000000 ) ) ;
#5122 = ORIENTED_EDGE ( 'NONE', *, *, #468, .T. ) ;
#5123 = UNCERTAINTY_MEASURE_WITH_UNIT (LENGTH_MEASURE( 1.000000000000000082E-05 ), #3695, 'distance_accuracy_value', 'NONE');
#5124 = CARTESIAN_POINT ( 'NONE',  ( -7.719999999999997975, 2.500000000000000444, -1.020000000000003793 ) ) ;
#5125 = ORIENTED_EDGE ( 'NONE', *, *, #1722, .T. ) ;
#5126 = DIRECTION ( 'NONE',  ( 0.000000000000000000, 1.000000000000000000, 1.707404996040164265E-16 ) ) ;
#5127 = VECTOR ( 'NONE', #7969, 1000.000000000000114 ) ;
#5128 = ORIENTED_EDGE ( 'NONE', *, *, #4716, .F. ) ;
#5129 = CARTESIAN_POINT ( 'NONE',  ( -11.75000000000000000, 8.299999999999993605, -0.3200000000000012279 ) ) ;
#5130 = ORIENTED_EDGE ( 'NONE', *, *, #526, .F. ) ;
#5131 = CARTESIAN_POINT ( 'NONE',  ( -0.9499999999999959588, 2.500000000000000444, 0.3199999999999995071 ) ) ;
#5132 = ORIENTED_EDGE ( 'NONE', *, *, #7232, .T. ) ;
#5133 = EDGE_CURVE ( 'NONE', #639, #4978, #8207, .T. ) ;
#5134 = ORIENTED_EDGE ( 'NONE', *, *, #6976, .T. ) ;
#5135 = DIRECTION ( 'NONE',  ( 0.000000000000000000, 1.000000000000000000, 1.707404996040164265E-16 ) ) ;
#5136 = EDGE_CURVE ( 'NONE', #7101, #6648, #5823, .T. ) ;
#5137 = DIRECTION ( 'NONE',  ( 0.000000000000000000, -0.000000000000000000, 1.000000000000000000 ) ) ;
#5138 = LINE ( 'NONE', #3195, #1028 ) ;
#5139 = CARTESIAN_POINT ( 'NONE',  ( -0.9499999999999959588, 0.7500000000000001110, -0.3200000000000025047 ) ) ;
#5140 = PRESENTATION_STYLE_ASSIGNMENT (( #4395 ) ) ;
#5141 =( NAMED_UNIT ( * ) PLANE_ANGLE_UNIT ( ) SI_UNIT ( $, .RADIAN. ) );
#5142 = ORIENTED_EDGE ( 'NONE', *, *, #222, .F. ) ;
#5143 = ADVANCED_FACE ( 'NONE', ( #1397 ), #7465, .F. ) ;
#5144 = STYLED_ITEM ( 'NONE', ( #1959 ), #9021 ) ;
#5145 = LINE ( 'NONE', #514, #696 ) ;
#5146 = LINE ( 'NONE', #6668, #2703 ) ;
#5147 = ORIENTED_EDGE ( 'NONE', *, *, #3906, .T. ) ;
#5148 = CARTESIAN_POINT ( 'NONE',  ( -2.439999999999999503, 2.500000000000000444, 1.019999999999996243 ) ) ;
#5149 = EDGE_CURVE ( 'NONE', #2645, #2622, #5090, .T. ) ;
#5150 = STYLED_ITEM ( 'NONE', ( #8932 ), #3384 ) ;
#5151 = DIRECTION ( 'NONE',  ( -1.000000000000000000, 0.000000000000000000, 0.000000000000000000 ) ) ;
#5152 = CARTESIAN_POINT ( 'NONE',  ( 8.570000000000002061, -2.699999999999993072, -0.3200000000000031153 ) ) ;
#5153 = AXIS2_PLACEMENT_3D ( 'NONE', #1401, #7468, #7519 ) ;
#5154 = DIRECTION ( 'NONE',  ( 0.000000000000000000, 0.000000000000000000, -1.000000000000000000 ) ) ;
#5155 = VECTOR ( 'NONE', #6464, 1000.000000000000000 ) ;
#5156 = PLANE ( 'NONE',  #4163 ) ;
#5157 = LINE ( 'NONE', #1465, #7970 ) ;
#5158 = LINE ( 'NONE', #577, #3748 ) ;
#5159 = ADVANCED_FACE ( 'NONE', ( #3706 ), #9683, .F. ) ;
#5160 = FILL_AREA_STYLE ('',( #2119 ) ) ;
#5161 = ORIENTED_EDGE ( 'NONE', *, *, #5277, .T. ) ;
#5162 = VECTOR ( 'NONE', #4136, 1000.000000000000000 ) ;
#5163 = VECTOR ( 'NONE', #9221, 1000.000000000000000 ) ;
#5164 = VECTOR ( 'NONE', #4931, 1000.000000000000000 ) ;
#5165 = ORIENTED_EDGE ( 'NONE', *, *, #1800, .T. ) ;
#5166 = DIRECTION ( 'NONE',  ( -1.000000000000000000, 0.000000000000000000, 0.000000000000000000 ) ) ;
#5167 = EDGE_CURVE ( 'NONE', #8280, #123, #5241, .T. ) ;
#5168 = DIRECTION ( 'NONE',  ( -1.000000000000000000, -0.000000000000000000, -0.000000000000000000 ) ) ;
#5169 = DIRECTION ( 'NONE',  ( 1.000000000000000000, 0.000000000000000000, 0.000000000000000000 ) ) ;
#5170 = VECTOR ( 'NONE', #2642, 1000.000000000000000 ) ;
#5171 = LINE ( 'NONE', #1426, #6876 ) ;
#5172 = ADVANCED_FACE ( 'NONE', ( #651 ), #4391, .F. ) ;
#5173 = CARTESIAN_POINT ( 'NONE',  ( 2.640000000000000124, -0.03999999999999967470, 1.269999999999995799 ) ) ;
#5174 = ORIENTED_EDGE ( 'NONE', *, *, #11, .T. ) ;
#5175 = CARTESIAN_POINT ( 'NONE',  ( -9.209999999999999076, 8.299999999999993605, -0.3200000000000012279 ) ) ;
#5176 = DIRECTION ( 'NONE',  ( 0.000000000000000000, -3.771912141373855303E-16, -1.000000000000000000 ) ) ;
#5177 = EDGE_LOOP ( 'NONE', ( #4287, #119, #15, #8132 ) ) ;
#5178 = CARTESIAN_POINT ( 'NONE',  ( -9.209999999999999076, -0.03999999999999967470, -0.3200000000000026157 ) ) ;
#5179 = VECTOR ( 'NONE', #6656, 1000.000000000000000 ) ;
#5180 = ORIENTED_EDGE ( 'NONE', *, *, #2913, .F. ) ;
#5181 = FILL_AREA_STYLE_COLOUR ( '', #9043 ) ;
#5182 =( NAMED_UNIT ( * ) PLANE_ANGLE_UNIT ( ) SI_UNIT ( $, .RADIAN. ) );
#5183 = CARTESIAN_POINT ( 'NONE',  ( 8.679191070279861364, 8.599999999999999645, -0.2108089297201413692 ) ) ;
#5184 = VERTEX_POINT ( 'NONE', #8804 ) ;
#5185 = LINE ( 'NONE', #8199, #6731 ) ;
#5186 = ORIENTED_EDGE ( 'NONE', *, *, #3423, .F. ) ;
#5187 = ORIENTED_EDGE ( 'NONE', *, *, #8583, .T. ) ;
#5188 = ORIENTED_EDGE ( 'NONE', *, *, #1123, .T. ) ;
#5189 = CARTESIAN_POINT ( 'NONE',  ( -3.599191070279858184, -3.000000000000000000, 0.2108089297201388157 ) ) ;
#5190 = FILL_AREA_STYLE_COLOUR ( '', #796 ) ;
#5191 = DIRECTION ( 'NONE',  ( 0.000000000000000000, 0.000000000000000000, -1.000000000000000000 ) ) ;
#5192 = VECTOR ( 'NONE', #570, 1000.000000000000000 ) ;
#5193 =( NAMED_UNIT ( * ) PLANE_ANGLE_UNIT ( ) SI_UNIT ( $, .RADIAN. ) );
#5194 = CARTESIAN_POINT ( 'NONE',  ( 5.180000000000000604, -0.03999999999999967470, 1.269999999999995799 ) ) ;
#5195 = VERTEX_POINT ( 'NONE', #8254 ) ;
#5196 = EDGE_LOOP ( 'NONE', ( #9689, #4485, #2388, #3607 ) ) ;
#5197 = CARTESIAN_POINT ( 'NONE',  ( 6.560808929720142402, -3.000000000000000000, 0.3199999999999985079 ) ) ;
#5198 = FILL_AREA_STYLE ('',( #2156 ) ) ;
#5199 = ORIENTED_EDGE ( 'NONE', *, *, #8120, .F. ) ;
#5200 =( NAMED_UNIT ( * ) SI_UNIT ( $, .STERADIAN. ) SOLID_ANGLE_UNIT ( ) );
#5201 =( NAMED_UNIT ( * ) SI_UNIT ( $, .STERADIAN. ) SOLID_ANGLE_UNIT ( ) );
#5202 = SURFACE_STYLE_FILL_AREA ( #8111 ) ;
#5203 = CARTESIAN_POINT ( 'NONE',  ( -10.05999999999999872, 0.000000000000000000, 1.019999999999995799 ) ) ;
#5204 = COLOUR_RGB ( '',1.000000000000000000, 0.8117647058823529438, 0.5019607843137254832 ) ;
#5205 = CARTESIAN_POINT ( 'NONE',  ( 9.100808929720143325, 8.599999999999999645, 0.2108089297201405921 ) ) ;
#5206 = EDGE_LOOP ( 'NONE', ( #9488, #5665, #7549, #7750 ) ) ;
#5207 = CARTESIAN_POINT ( 'NONE',  ( -2.639999999999998348, 2.500000000000000444, -1.020000000000003793 ) ) ;
#5208 = EDGE_CURVE ( 'NONE', #739, #5970, #1451, .T. ) ;
#5209 = DIRECTION ( 'NONE',  ( 0.3236155771181768448, 0.8891264907159940334, 0.3236155771181768448 ) ) ;
#5210 = ORIENTED_EDGE ( 'NONE', *, *, #4916, .F. ) ;
#5211 = VECTOR ( 'NONE', #9131, 1000.000000000000000 ) ;
#5212 =( LENGTH_UNIT ( ) NAMED_UNIT ( * ) SI_UNIT ( .MILLI., .METRE. ) );
#5213 = FILL_AREA_STYLE ('',( #6040 ) ) ;
#5214 = PLANE ( 'NONE',  #4881 ) ;
#5215 = EDGE_CURVE ( 'NONE', #9403, #4974, #8149, .T. ) ;
#5216 = LINE ( 'NONE', #7491, #8053 ) ;
#5217 = CARTESIAN_POINT ( 'NONE',  ( 12.60000000000000320, -0.03999999999999967470, 1.019999999999995799 ) ) ;
#5218 = CARTESIAN_POINT ( 'NONE',  ( 4.980000000000002203, -0.03999999999999967470, 1.019999999999995799 ) ) ;
#5219 = ADVANCED_FACE ( 'NONE', ( #1345 ), #695, .F. ) ;
#5220 = CARTESIAN_POINT ( 'NONE',  ( 11.21919107027986229, 8.599999999999999645, -0.2108089297201413692 ) ) ;
#5221 = ORIENTED_EDGE ( 'NONE', *, *, #7034, .T. ) ;
#5222 = DIRECTION ( 'NONE',  ( 0.3236155771181769003, 0.8891264907159941444, 0.3236155771181765672 ) ) ;
#5223 = DIRECTION ( 'NONE',  ( -1.000000000000000000, -0.000000000000000000, 0.000000000000000000 ) ) ;
#5224 = ORIENTED_EDGE ( 'NONE', *, *, #8470, .T. ) ;
#5225 = UNCERTAINTY_MEASURE_WITH_UNIT (LENGTH_MEASURE( 1.000000000000000082E-05 ), #848, 'distance_accuracy_value', 'NONE');
#5226 = VECTOR ( 'NONE', #113, 1000.000000000000000 ) ;
#5227 = ORIENTED_EDGE ( 'NONE', *, *, #6520, .T. ) ;
#5228 = ADVANCED_FACE ( 'NONE', ( #3656 ), #1290, .F. ) ;
#5229 = LINE ( 'NONE', #2237, #931 ) ;
#5230 = DIRECTION ( 'NONE',  ( -0.000000000000000000, 1.000000000000000000, 1.707404996040164265E-16 ) ) ;
#5231 =( GEOMETRIC_REPRESENTATION_CONTEXT ( 3 ) GLOBAL_UNCERTAINTY_ASSIGNED_CONTEXT ( ( #7395 ) ) GLOBAL_UNIT_ASSIGNED_CONTEXT ( ( #7095, #9371, #6953 ) ) REPRESENTATION_CONTEXT ( 'NONE', 'WORKASPACE' ) );
#5232 = EDGE_CURVE ( 'NONE', #7238, #3041, #5138, .T. ) ;
#5233 = ORIENTED_EDGE ( 'NONE', *, *, #821, .F. ) ;
#5234 = ORIENTED_EDGE ( 'NONE', *, *, #4369, .F. ) ;
#5235 = MECHANICAL_DESIGN_GEOMETRIC_PRESENTATION_REPRESENTATION (  '', ( #2212 ), #4608 ) ;
#5236 = LINE ( 'NONE', #8251, #2224 ) ;
#5237 = ORIENTED_EDGE ( 'NONE', *, *, #9500, .F. ) ;
#5238 = ORIENTED_EDGE ( 'NONE', *, *, #3199, .T. ) ;
#5239 = DIRECTION ( 'NONE',  ( 0.000000000000000000, 0.000000000000000000, 1.000000000000000000 ) ) ;
#5240 = DIRECTION ( 'NONE',  ( -0.000000000000000000, -0.3420201433256597756, -0.9396926207859116476 ) ) ;
#5241 = LINE ( 'NONE', #3550, #2462 ) ;
#5242 = COLOUR_RGB ( '',1.000000000000000000, 0.8117647058823529438, 0.5019607843137254832 ) ;
#5243 = CARTESIAN_POINT ( 'NONE',  ( 12.70000000000000107, 8.599999999999999645, 0.2108089297201405921 ) ) ;
#5244 = SURFACE_SIDE_STYLE ('',( #7309 ) ) ;
#5245 = EDGE_LOOP ( 'NONE', ( #2546, #4995, #5340, #5015 ) ) ;
#5246 = EDGE_LOOP ( 'NONE', ( #5954, #2995, #7397, #2436 ) ) ;
#5247 = AXIS2_PLACEMENT_3D ( 'NONE', #4426, #5956, #1326 ) ;
#5248 =( GEOMETRIC_REPRESENTATION_CONTEXT ( 3 ) GLOBAL_UNCERTAINTY_ASSIGNED_CONTEXT ( ( #6197 ) ) GLOBAL_UNIT_ASSIGNED_CONTEXT ( ( #8243, #8392, #9670 ) ) REPRESENTATION_CONTEXT ( 'NONE', 'WORKASPACE' ) );
#5249 = VECTOR ( 'NONE', #3209, 1000.000000000000000 ) ;
#5250 = ORIENTED_EDGE ( 'NONE', *, *, #246, .T. ) ;
#5251 = CARTESIAN_POINT ( 'NONE',  ( -2.639999999999998348, 0.000000000000000000, 1.269999999999995799 ) ) ;
#5252 = CARTESIAN_POINT ( 'NONE',  ( 6.030000000000000249, -6.905096679918783842, -0.3200000000000038369 ) ) ;
#5253 = VERTEX_POINT ( 'NONE', #4596 ) ;
#5254 = LINE ( 'NONE', #2265, #6734 ) ;
#5255 =( GEOMETRIC_REPRESENTATION_CONTEXT ( 3 ) GLOBAL_UNCERTAINTY_ASSIGNED_CONTEXT ( ( #3744 ) ) GLOBAL_UNIT_ASSIGNED_CONTEXT ( ( #5933, #5049, #1302 ) ) REPRESENTATION_CONTEXT ( 'NONE', 'WORKASPACE' ) );
#5256 = PLANE ( 'NONE',  #6542 ) ;
#5257 = ORIENTED_EDGE ( 'NONE', *, *, #8231, .F. ) ;
#5258 = VECTOR ( 'NONE', #2761, 1000.000000000000000 ) ;
#5259 = MECHANICAL_DESIGN_GEOMETRIC_PRESENTATION_REPRESENTATION (  '', ( #7640 ), #4467 ) ;
#5260 = CARTESIAN_POINT ( 'NONE',  ( 12.69999999999999929, 2.500000000000000444, -1.270000000000000018 ) ) ;
#5261 = EDGE_CURVE ( 'NONE', #5687, #498, #751, .T. ) ;
#5262 = EDGE_CURVE ( 'NONE', #3266, #1486, #9158, .T. ) ;
#5263 = DIRECTION ( 'NONE',  ( 0.000000000000000000, 1.000000000000000000, 1.707404996040164265E-16 ) ) ;
#5264 = DIRECTION ( 'NONE',  ( -0.000000000000000000, 1.000000000000000000, 1.707404996040164265E-16 ) ) ;
#5265 = AXIS2_PLACEMENT_3D ( 'NONE', #5929, #5884, #4551 ) ;
#5266 = LINE ( 'NONE', #7336, #1797 ) ;
#5267 = EDGE_LOOP ( 'NONE', ( #8035, #5576, #813, #9717 ) ) ;
#5268 = ADVANCED_FACE ( 'NONE', ( #6124 ), #9777, .F. ) ;
#5269 = CARTESIAN_POINT ( 'NONE',  ( 12.69999999999999929, 9.429780353434485416E-17, -1.020000000000004237 ) ) ;
#5270 = LINE ( 'NONE', #734, #2833 ) ;
#5271 = PLANE ( 'NONE',  #7307 ) ;
#5272 = EDGE_LOOP ( 'NONE', ( #2977, #7626, #6498, #1093 ) ) ;
#5273 = VECTOR ( 'NONE', #3411, 1000.000000000000000 ) ;
#5274 =( LENGTH_UNIT ( ) NAMED_UNIT ( * ) SI_UNIT ( .MILLI., .METRE. ) );
#5275 = AXIS2_PLACEMENT_3D ( 'NONE', #2582, #1138, #1095 ) ;
#5276 = ORIENTED_EDGE ( 'NONE', *, *, #4841, .F. ) ;
#5277 = EDGE_CURVE ( 'NONE', #1938, #2288, #2300, .T. ) ;
#5278 = DIRECTION ( 'NONE',  ( 0.000000000000000000, 0.000000000000000000, 1.000000000000000000 ) ) ;
#5279 = PLANE ( 'NONE',  #9026 ) ;
#5280 = DIRECTION ( 'NONE',  ( -0.000000000000000000, 1.000000000000000000, 1.707404996040164265E-16 ) ) ;
#5281 = AXIS2_PLACEMENT_3D ( 'NONE', #4958, #1161, #5007 ) ;
#5282 = ORIENTED_EDGE ( 'NONE', *, *, #7529, .F. ) ;
#5283 = ADVANCED_FACE ( 'NONE', ( #1604 ), #1699, .F. ) ;
#5284 = ORIENTED_EDGE ( 'NONE', *, *, #195, .F. ) ;
#5285 =( NAMED_UNIT ( * ) PLANE_ANGLE_UNIT ( ) SI_UNIT ( $, .RADIAN. ) );
#5286 = EDGE_LOOP ( 'NONE', ( #1951, #3440, #6038, #3954 ) ) ;
#5287 = ORIENTED_EDGE ( 'NONE', *, *, #684, .F. ) ;
#5288 = SURFACE_STYLE_FILL_AREA ( #35 ) ;
#5289 = ADVANCED_FACE ( 'NONE', ( #6821 ), #6165, .F. ) ;
#5290 = VECTOR ( 'NONE', #3829, 1000.000000000000000 ) ;
#5291 = DIRECTION ( 'NONE',  ( -1.000000000000000000, 0.000000000000000000, 0.000000000000000000 ) ) ;
#5292 = VERTEX_POINT ( 'NONE', #8497 ) ;
#5293 = ORIENTED_EDGE ( 'NONE', *, *, #8721, .T. ) ;
#5294 = EDGE_CURVE ( 'NONE', #8239, #543, #4545, .T. ) ;
#5295 = VECTOR ( 'NONE', #3532, 1000.000000000000000 ) ;
#5296 = FILL_AREA_STYLE_COLOUR ( '', #2595 ) ;
#5297 = AXIS2_PLACEMENT_3D ( 'NONE', #2254, #3766, #3059 ) ;
#5298 = VERTEX_POINT ( 'NONE', #5433 ) ;
#5299 = DIRECTION ( 'NONE',  ( 1.000000000000000000, 0.000000000000000000, -0.000000000000000000 ) ) ;
#5300 = SURFACE_STYLE_FILL_AREA ( #6779 ) ;
#5301 = FACE_OUTER_BOUND ( 'NONE', #3947, .T. ) ;
#5302 = CARTESIAN_POINT ( 'NONE',  ( 12.69999999999999929, 2.500000000000000000, 1.270000000000000018 ) ) ;
#5303 = CARTESIAN_POINT ( 'NONE',  ( -6.669999999999999929, -2.699999999999993072, 0.3199999999999985634 ) ) ;
#5304 = AXIS2_PLACEMENT_3D ( 'NONE', #9233, #867, #5461 ) ;
#5305 = DIRECTION ( 'NONE',  ( 0.000000000000000000, 1.408054769461692709E-16, -1.000000000000000000 ) ) ;
#5306 = SURFACE_SIDE_STYLE ('',( #9126 ) ) ;
#5307 = ORIENTED_EDGE ( 'NONE', *, *, #6707, .T. ) ;
#5308 = LINE ( 'NONE', #9651, #2538 ) ;
#5309 = DIRECTION ( 'NONE',  ( -0.000000000000000000, 1.000000000000000000, 1.707404996040164265E-16 ) ) ;
#5310 = PRESENTATION_LAYER_ASSIGNMENT (  '', '', ( #7997 ) ) ;
#5311 = VECTOR ( 'NONE', #2357, 1000.000000000000000 ) ;
#5312 = VECTOR ( 'NONE', #9406, 1000.000000000000000 ) ;
#5313 = DIRECTION ( 'NONE',  ( 0.3236155771181767893, -0.8891264907159940334, 0.3236155771181771224 ) ) ;
#5314 = AXIS2_PLACEMENT_3D ( 'NONE', #7118, #8514, #5686 ) ;
#5315 = CARTESIAN_POINT ( 'NONE',  ( 2.440000000000001279, -0.03999999999999967470, 1.019999999999995799 ) ) ;
#5316 = VECTOR ( 'NONE', #6270, 1000.000000000000000 ) ;
#5317 =( GEOMETRIC_REPRESENTATION_CONTEXT ( 3 ) GLOBAL_UNCERTAINTY_ASSIGNED_CONTEXT ( ( #4911 ) ) GLOBAL_UNIT_ASSIGNED_CONTEXT ( ( #3696, #7663, #4586 ) ) REPRESENTATION_CONTEXT ( 'NONE', 'WORKASPACE' ) );
#5318 = FILL_AREA_STYLE_COLOUR ( '', #8138 ) ;
#5319 = ORIENTED_EDGE ( 'NONE', *, *, #4281, .F. ) ;
#5320 =( LENGTH_UNIT ( ) NAMED_UNIT ( * ) SI_UNIT ( .MILLI., .METRE. ) );
#5321 = STYLED_ITEM ( 'NONE', ( #5673 ), #9673 ) ;
#5322 = DIRECTION ( 'NONE',  ( 0.000000000000000000, 1.000000000000000000, 1.707404996040164265E-16 ) ) ;
#5323 = FACE_OUTER_BOUND ( 'NONE', #2338, .T. ) ;
#5324 = ORIENTED_EDGE ( 'NONE', *, *, #9422, .F. ) ;
#5325 = UNCERTAINTY_MEASURE_WITH_UNIT (LENGTH_MEASURE( 1.000000000000000082E-05 ), #5274, 'distance_accuracy_value', 'NONE');
#5326 = CARTESIAN_POINT ( 'NONE',  ( -4.129999999999998117, -0.03999999999999967470, 0.3199999999999990630 ) ) ;
#5327 = EDGE_LOOP ( 'NONE', ( #2073, #8991, #1239, #8999 ) ) ;
#5328 = FILL_AREA_STYLE_COLOUR ( '', #8556 ) ;
#5329 = VECTOR ( 'NONE', #6043, 1000.000000000000000 ) ;
#5330 = FILL_AREA_STYLE ('',( #2284 ) ) ;
#5331 = CARTESIAN_POINT ( 'NONE',  ( 11.11000000000000121, -6.905096679918783842, -0.3200000000000038369 ) ) ;
#5332 = VERTEX_POINT ( 'NONE', #9105 ) ;
#5333 = ADVANCED_FACE ( 'NONE', ( #8355 ), #3813, .T. ) ;
#5334 = VECTOR ( 'NONE', #6966, 1000.000000000000000 ) ;
#5335 = SURFACE_STYLE_FILL_AREA ( #4537 ) ;
#5336 = AXIS2_PLACEMENT_3D ( 'NONE', #9732, #8098, #4446 ) ;
#5337 = FACE_OUTER_BOUND ( 'NONE', #3866, .T. ) ;
#5338 = ORIENTED_EDGE ( 'NONE', *, *, #3451, .F. ) ;
#5339 = UNCERTAINTY_MEASURE_WITH_UNIT (LENGTH_MEASURE( 1.000000000000000082E-05 ), #3578, 'distance_accuracy_value', 'NONE');
#5340 = ORIENTED_EDGE ( 'NONE', *, *, #2627, .F. ) ;
#5341 = CARTESIAN_POINT ( 'NONE',  ( 20.32000000000000028, 8.599999999999999645, -0.2108089297201413692 ) ) ;
#5342 = EDGE_CURVE ( 'NONE', #8488, #4359, #402, .T. ) ;
#5343 = APPLICATION_CONTEXT ( 'automotive_design' ) ;
#5344 = PLANE ( 'NONE',  #7168 ) ;
#5345 = STYLED_ITEM ( 'NONE', ( #483 ), #3630 ) ;
#5346 = ORIENTED_EDGE ( 'NONE', *, *, #1458, .T. ) ;
#5347 = EDGE_CURVE ( 'NONE', #5388, #7575, #5716, .T. ) ;
#5348 = ORIENTED_EDGE ( 'NONE', *, *, #3214, .T. ) ;
#5349 = CARTESIAN_POINT ( 'NONE',  ( -4.129999999999998117, 0.7500000000000001110, -0.3200000000000023381 ) ) ;
#5350 =( NAMED_UNIT ( * ) SI_UNIT ( $, .STERADIAN. ) SOLID_ANGLE_UNIT ( ) );
#5351 = EDGE_CURVE ( 'NONE', #2395, #2637, #4930, .T. ) ;
#5352 = DIRECTION ( 'NONE',  ( 1.000000000000000000, 0.000000000000000000, 0.000000000000000000 ) ) ;
#5353 = SURFACE_STYLE_USAGE ( .BOTH. , #2458 ) ;
#5354 = CARTESIAN_POINT ( 'NONE',  ( -1.589999999999999414, -6.905096679918783842, -0.3200000000000038369 ) ) ;
#5355 = CARTESIAN_POINT ( 'NONE',  ( -1.589999999999999414, -6.905096679918783842, 0.3199999999999978417 ) ) ;
#5356 = VECTOR ( 'NONE', #2101, 1000.000000000000000 ) ;
#5357 = DIRECTION ( 'NONE',  ( 1.000000000000000000, 0.000000000000000000, 0.000000000000000000 ) ) ;
#5358 = ORIENTED_EDGE ( 'NONE', *, *, #3, .T. ) ;
#5359 = CARTESIAN_POINT ( 'NONE',  ( -4.980000000000000426, -0.03999999999999967470, 1.269999999999995799 ) ) ;
#5360 = LINE ( 'NONE', #57, #2166 ) ;
#5361 = FILL_AREA_STYLE_COLOUR ( '', #1460 ) ;
#5362 = CARTESIAN_POINT ( 'NONE',  ( 8.570000000000002061, -6.905096679918783842, 0.3199999999999978417 ) ) ;
#5363 = AXIS2_PLACEMENT_3D ( 'NONE', #2765, #4912, #7921 ) ;
#5364 = FACE_OUTER_BOUND ( 'NONE', #5553, .T. ) ;
#5365 = CARTESIAN_POINT ( 'NONE',  ( 20.32000000000000028, 8.599999999999999645, 0.2108089297201405921 ) ) ;
#5366 = CARTESIAN_POINT ( 'NONE',  ( -9.100808929720139773, -3.000000000000000000, 0.2108089297201388157 ) ) ;
#5367 = PRESENTATION_LAYER_ASSIGNMENT (  '', '', ( #8680 ) ) ;
#5368 = ORIENTED_EDGE ( 'NONE', *, *, #1911, .T. ) ;
#5369 = LINE ( 'NONE', #2332, #5226 ) ;
#5370 = FACE_OUTER_BOUND ( 'NONE', #1943, .T. ) ;
#5371 = DIRECTION ( 'NONE',  ( -0.000000000000000000, -0.000000000000000000, -1.000000000000000000 ) ) ;
#5372 = ORIENTED_EDGE ( 'NONE', *, *, #394, .T. ) ;
#5373 = DIRECTION ( 'NONE',  ( 1.000000000000000000, 0.000000000000000000, 0.000000000000000000 ) ) ;
#5374 = ORIENTED_EDGE ( 'NONE', *, *, #3, .F. ) ;
#5375 = PLANE ( 'NONE',  #6975 ) ;
#5376 = AXIS2_PLACEMENT_3D ( 'NONE', #7206, #7946, #7996 ) ;
#5377 = CARTESIAN_POINT ( 'NONE',  ( 3.490000000000003322, 2.500000000000000444, 0.3199999999999995071 ) ) ;
#5378 = ORIENTED_EDGE ( 'NONE', *, *, #2700, .T. ) ;
#5379 = EDGE_LOOP ( 'NONE', ( #8942, #1235, #5678, #6366 ) ) ;
#5380 = AXIS2_PLACEMENT_3D ( 'NONE', #4424, #6101, #4578 ) ;
#5381 = LINE ( 'NONE', #8399, #5508 ) ;
#5382 = VERTEX_POINT ( 'NONE', #1133 ) ;
#5383 = VERTEX_POINT ( 'NONE', #4089 ) ;
#5384 = LINE ( 'NONE', #6709, #3196 ) ;
#5385 = EDGE_CURVE ( 'NONE', #779, #2679, #3434, .T. ) ;
#5386 = CARTESIAN_POINT ( 'NONE',  ( 5.180000000000000604, 0.000000000000000000, 1.270000000000000018 ) ) ;
#5387 = VECTOR ( 'NONE', #6846, 1000.000000000000000 ) ;
#5388 = VERTEX_POINT ( 'NONE', #2532 ) ;
#5389 = DIRECTION ( 'NONE',  ( 0.9396926207859117586, -0.3420201433256594981, -0.000000000000000000 ) ) ;
#5390 = EDGE_CURVE ( 'NONE', #1734, #9161, #4831, .T. ) ;
#5391 = PLANE ( 'NONE',  #6673 ) ;
#5392 = ORIENTED_EDGE ( 'NONE', *, *, #2690, .T. ) ;
#5393 = CARTESIAN_POINT ( 'NONE',  ( 3.599191070279859961, 8.599999999999999645, -0.2108089297201413692 ) ) ;
#5394 = DIRECTION ( 'NONE',  ( 0.000000000000000000, 0.000000000000000000, 1.000000000000000000 ) ) ;
#5395 = CARTESIAN_POINT ( 'NONE',  ( 1.590000000000004521, 0.7500000000000000000, 0.7700000000000006839 ) ) ;
#5396 = COLOUR_RGB ( '',1.000000000000000000, 0.8117647058823529438, 0.5019607843137254832 ) ;
#5397 = ADVANCED_FACE ( 'NONE', ( #5532 ), #6358, .T. ) ;
#5398 = CARTESIAN_POINT ( 'NONE',  ( -7.519999999999998685, -0.03999999999999967470, 1.019999999999995799 ) ) ;
#5399 = FACE_OUTER_BOUND ( 'NONE', #5246, .T. ) ;
#5400 = FACE_OUTER_BOUND ( 'NONE', #5379, .T. ) ;
#5401 = EDGE_LOOP ( 'NONE', ( #1813, #921, #3299, #989 ) ) ;
#5402 =( GEOMETRIC_REPRESENTATION_CONTEXT ( 3 ) GLOBAL_UNCERTAINTY_ASSIGNED_CONTEXT ( ( #5418 ) ) GLOBAL_UNIT_ASSIGNED_CONTEXT ( ( #6067, #4645, #8354 ) ) REPRESENTATION_CONTEXT ( 'NONE', 'WORKASPACE' ) );
#5403 = VECTOR ( 'NONE', #2024, 1000.000000000000000 ) ;
#5404 = EDGE_CURVE ( 'NONE', #1004, #3292, #4880, .T. ) ;
#5405 = PRESENTATION_STYLE_ASSIGNMENT (( #6985 ) ) ;
#5406 = FACE_OUTER_BOUND ( 'NONE', #2775, .T. ) ;
#5407 = EDGE_CURVE ( 'NONE', #2529, #4495, #8545, .T. ) ;
#5408 = ORIENTED_EDGE ( 'NONE', *, *, #8483, .T. ) ;
#5409 = FACE_OUTER_BOUND ( 'NONE', #238, .T. ) ;
#5410 = PRESENTATION_LAYER_ASSIGNMENT (  '', '', ( #9664 ) ) ;
#5411 = FILL_AREA_STYLE ('',( #3973 ) ) ;
#5412 = PLANE ( 'NONE',  #7792 ) ;
#5413 = DIRECTION ( 'NONE',  ( 0.3236155771181768448, -0.8891264907159940334, -0.3236155771181768448 ) ) ;
#5414 = ORIENTED_EDGE ( 'NONE', *, *, #2524, .F. ) ;
#5415 = SURFACE_SIDE_STYLE ('',( #293 ) ) ;
#5416 =( GEOMETRIC_REPRESENTATION_CONTEXT ( 3 ) GLOBAL_UNCERTAINTY_ASSIGNED_CONTEXT ( ( #5225 ) ) GLOBAL_UNIT_ASSIGNED_CONTEXT ( ( #848, #3718, #6028 ) ) REPRESENTATION_CONTEXT ( 'NONE', 'WORKASPACE' ) );
#5417 =( NAMED_UNIT ( * ) SI_UNIT ( $, .STERADIAN. ) SOLID_ANGLE_UNIT ( ) );
#5418 = UNCERTAINTY_MEASURE_WITH_UNIT (LENGTH_MEASURE( 1.000000000000000082E-05 ), #6067, 'distance_accuracy_value', 'NONE');
#5419 = DIRECTION ( 'NONE',  ( -0.000000000000000000, -0.000000000000000000, -1.000000000000000000 ) ) ;
#5420 = VERTEX_POINT ( 'NONE', #8592 ) ;
#5421 = CARTESIAN_POINT ( 'NONE',  ( 2.640000000000000124, 2.500000000000000888, -1.270000000000003793 ) ) ;
#5422 = DIRECTION ( 'NONE',  ( 0.000000000000000000, -0.000000000000000000, 1.000000000000000000 ) ) ;
#5423 = VERTEX_POINT ( 'NONE', #1790 ) ;
#5424 = AXIS2_PLACEMENT_3D ( 'NONE', #4205, #1903, #5780 ) ;
#5425 = EDGE_LOOP ( 'NONE', ( #5789, #1132, #1846, #547 ) ) ;
#5426 = CARTESIAN_POINT ( 'NONE',  ( 7.720000000000001528, 2.500000000000000888, -1.270000000000003793 ) ) ;
#5427 = FACE_OUTER_BOUND ( 'NONE', #1865, .T. ) ;
#5428 = ORIENTED_EDGE ( 'NONE', *, *, #2368, .F. ) ;
#5429 = UNCERTAINTY_MEASURE_WITH_UNIT (LENGTH_MEASURE( 1.000000000000000082E-05 ), #3226, 'distance_accuracy_value', 'NONE');
#5430 = VERTEX_POINT ( 'NONE', #9431 ) ;
#5431 = FACE_OUTER_BOUND ( 'NONE', #5815, .T. ) ;
#5432 = DIRECTION ( 'NONE',  ( 0.9396926207859117586, -0.3420201433256594981, 0.000000000000000000 ) ) ;
#5433 = CARTESIAN_POINT ( 'NONE',  ( 4.980000000000002203, 2.500000000000000444, 1.019999999999996243 ) ) ;
#5434 = DIRECTION ( 'NONE',  ( -1.000000000000000000, 0.000000000000000000, -0.000000000000000000 ) ) ;
#5435 =( GEOMETRIC_REPRESENTATION_CONTEXT ( 3 ) GLOBAL_UNCERTAINTY_ASSIGNED_CONTEXT ( ( #7007 ) ) GLOBAL_UNIT_ASSIGNED_CONTEXT ( ( #3873, #3921, #5497 ) ) REPRESENTATION_CONTEXT ( 'NONE', 'WORKASPACE' ) );
#5436 = CARTESIAN_POINT ( 'NONE',  ( 9.210000000000002629, -6.905096679918783842, -0.3200000000000038369 ) ) ;
#5437 = CARTESIAN_POINT ( 'NONE',  ( -0.9499999999999959588, 2.500000000000000444, -0.3200000000000021161 ) ) ;
#5438 = ORIENTED_EDGE ( 'NONE', *, *, #9676, .T. ) ;
#5439 = CARTESIAN_POINT ( 'NONE',  ( -8.569999999999998508, 2.500000000000000444, -0.3200000000000021161 ) ) ;
#5440 = ADVANCED_FACE ( 'NONE', ( #2626 ), #7106, .T. ) ;
#5441 = EDGE_CURVE ( 'NONE', #7617, #3958, #8136, .T. ) ;
#5442 = VECTOR ( 'NONE', #7947, 1000.000000000000000 ) ;
#5443 = ORIENTED_EDGE ( 'NONE', *, *, #7316, .F. ) ;
#5444 = CARTESIAN_POINT ( 'NONE',  ( 12.69999999999999929, 0.000000000000000000, -1.270000000000000018 ) ) ;
#5445 = CARTESIAN_POINT ( 'NONE',  ( 1.590000000000004521, -0.03999999999999967470, -0.3200000000000026157 ) ) ;
#5446 = PLANE ( 'NONE',  #3834 ) ;
#5447 = LINE ( 'NONE', #229, #5290 ) ;
#5448 = DIRECTION ( 'NONE',  ( 0.000000000000000000, -0.000000000000000000, 1.000000000000000000 ) ) ;
#5449 = DIRECTION ( 'NONE',  ( -0.000000000000000000, 1.000000000000000000, 1.707404996040164265E-16 ) ) ;
#5450 = VECTOR ( 'NONE', #5851, 1000.000000000000000 ) ;
#5451 = PLANE ( 'NONE',  #4345 ) ;
#5452 = ADVANCED_FACE ( 'NONE', ( #9671 ), #4433, .F. ) ;
#5453 = PRESENTATION_STYLE_ASSIGNMENT (( #2461 ) ) ;
#5454 = FILL_AREA_STYLE ('',( #8422 ) ) ;
#5455 =( NAMED_UNIT ( * ) SI_UNIT ( $, .STERADIAN. ) SOLID_ANGLE_UNIT ( ) );
#5456 = UNCERTAINTY_MEASURE_WITH_UNIT (LENGTH_MEASURE( 1.000000000000000082E-05 ), #9184, 'distance_accuracy_value', 'NONE');
#5457 = COLOUR_RGB ( '',1.000000000000000000, 0.8117647058823529438, 0.5019607843137254832 ) ;
#5458 = CARTESIAN_POINT ( 'NONE',  ( 7.720000000000001528, -0.03999999999999967470, 1.019999999999995799 ) ) ;
#5459 = ADVANCED_FACE ( 'NONE', ( #6698 ), #7452, .F. ) ;
#5460 = CARTESIAN_POINT ( 'NONE',  ( 8.679191070279861364, 8.599999999999999645, 0.2108089297201405921 ) ) ;
#5461 = DIRECTION ( 'NONE',  ( -1.000000000000000000, 0.000000000000000000, 0.000000000000000000 ) ) ;
#5462 = ORIENTED_EDGE ( 'NONE', *, *, #7510, .F. ) ;
#5463 = VECTOR ( 'NONE', #3830, 1000.000000000000000 ) ;
#5464 = EDGE_CURVE ( 'NONE', #8146, #5195, #6598, .T. ) ;
#5465 = CARTESIAN_POINT ( 'NONE',  ( 2.440000000000001279, 0.000000000000000000, -1.270000000000004237 ) ) ;
#5466 = SURFACE_STYLE_FILL_AREA ( #8432 ) ;
#5467 = DIRECTION ( 'NONE',  ( -1.000000000000000000, 0.000000000000000000, 0.000000000000000000 ) ) ;
#5468 = SURFACE_STYLE_USAGE ( .BOTH. , #2430 ) ;
#5469 = AXIS2_PLACEMENT_3D ( 'NONE', #9311, #6373, #5550 ) ;
#5470 = EDGE_LOOP ( 'NONE', ( #3941, #7615, #2311, #4641 ) ) ;
#5471 = VERTEX_POINT ( 'NONE', #6643 ) ;
#5472 = CARTESIAN_POINT ( 'NONE',  ( -11.64080892972014070, 8.599999999999999645, 0.2108089297201405921 ) ) ;
#5473 = FILL_AREA_STYLE ('',( #1594 ) ) ;
#5474 = CARTESIAN_POINT ( 'NONE',  ( -5.179999999999998828, -0.03999999999999967470, -1.020000000000004237 ) ) ;
#5475 = EDGE_CURVE ( 'NONE', #6648, #9427, #9522, .T. ) ;
#5476 = VECTOR ( 'NONE', #3853, 1000.000000000000000 ) ;
#5477 = VECTOR ( 'NONE', #6603, 1000.000000000000000 ) ;
#5478 = VERTEX_POINT ( 'NONE', #4235 ) ;
#5479 = DIRECTION ( 'NONE',  ( 0.000000000000000000, -0.000000000000000000, 1.000000000000000000 ) ) ;
#5480 = MECHANICAL_DESIGN_GEOMETRIC_PRESENTATION_REPRESENTATION (  '', ( #3407 ), #8473 ) ;
#5481 = DIRECTION ( 'NONE',  ( -0.000000000000000000, 1.000000000000000000, 1.707404996040164265E-16 ) ) ;
#5482 = ORIENTED_EDGE ( 'NONE', *, *, #3901, .F. ) ;
#5483 = VECTOR ( 'NONE', #5449, 1000.000000000000000 ) ;
#5484 = EDGE_LOOP ( 'NONE', ( #1446, #967, #5443, #6122 ) ) ;
#5485 = CARTESIAN_POINT ( 'NONE',  ( -12.69999999999999929, 2.500000000000000444, -1.020000000000003793 ) ) ;
#5486 = SURFACE_STYLE_FILL_AREA ( #3912 ) ;
#5487 = CARTESIAN_POINT ( 'NONE',  ( -3.489999999999998437, 8.299999999999993605, 0.3200000000000004508 ) ) ;
#5488 = ORIENTED_EDGE ( 'NONE', *, *, #2714, .F. ) ;
#5489 = LINE ( 'NONE', #7894, #1502 ) ;
#5490 =( NAMED_UNIT ( * ) PLANE_ANGLE_UNIT ( ) SI_UNIT ( $, .RADIAN. ) );
#5491 = ORIENTED_EDGE ( 'NONE', *, *, #1747, .T. ) ;
#5492 =( LENGTH_UNIT ( ) NAMED_UNIT ( * ) SI_UNIT ( .MILLI., .METRE. ) );
#5493 = CARTESIAN_POINT ( 'NONE',  ( -7.519999999999998685, -0.03999999999999967470, 1.269999999999995799 ) ) ;
#5494 = CARTESIAN_POINT ( 'NONE',  ( -4.129999999999999893, 8.299999999999993605, -0.3200000000000012279 ) ) ;
#5495 = COLOUR_RGB ( '',1.000000000000000000, 0.8117647058823529438, 0.5019607843137254832 ) ;
#5496 = DIRECTION ( 'NONE',  ( 0.000000000000000000, 0.000000000000000000, -1.000000000000000000 ) ) ;
#5497 =( NAMED_UNIT ( * ) SI_UNIT ( $, .STERADIAN. ) SOLID_ANGLE_UNIT ( ) );
#5498 = SURFACE_STYLE_USAGE ( .BOTH. , #6979 ) ;
#5499 = ADVANCED_FACE ( 'NONE', ( #5960 ), #8085, .T. ) ;
#5500 = CARTESIAN_POINT ( 'NONE',  ( -4.980000000000000426, -0.03999999999999967470, -1.020000000000004237 ) ) ;
#5501 = SURFACE_STYLE_USAGE ( .BOTH. , #3833 ) ;
#5502 = VECTOR ( 'NONE', #2172, 1000.000000000000000 ) ;
#5503 = PLANE ( 'NONE',  #3437 ) ;
#5504 = DIRECTION ( 'NONE',  ( -0.000000000000000000, 1.000000000000000000, 0.000000000000000000 ) ) ;
#5505 = DIRECTION ( 'NONE',  ( -0.9396926207859117586, -0.3420201433256594981, -0.000000000000000000 ) ) ;
#5506 = EDGE_CURVE ( 'NONE', #1794, #8621, #7344, .T. ) ;
#5507 = VECTOR ( 'NONE', #6842, 1000.000000000000000 ) ;
#5508 = VECTOR ( 'NONE', #7237, 1000.000000000000000 ) ;
#5509 = CARTESIAN_POINT ( 'NONE',  ( 8.570000000000003837, 2.500000000000000444, -0.3200000000000021716 ) ) ;
#5510 = EDGE_LOOP ( 'NONE', ( #306, #5731, #8082, #1902 ) ) ;
#5511 = DIRECTION ( 'NONE',  ( 1.000000000000000000, 0.000000000000000000, -0.000000000000000000 ) ) ;
#5512 = AXIS2_PLACEMENT_3D ( 'NONE', #6409, #7810, #4889 ) ;
#5513 = ADVANCED_FACE ( 'NONE', ( #6152 ), #5375, .F. ) ;
#5514 = LINE ( 'NONE', #2382, #8812 ) ;
#5515 = UNCERTAINTY_MEASURE_WITH_UNIT (LENGTH_MEASURE( 1.000000000000000082E-05 ), #6135, 'distance_accuracy_value', 'NONE');
#5516 =( LENGTH_UNIT ( ) NAMED_UNIT ( * ) SI_UNIT ( .MILLI., .METRE. ) );
#5517 = VERTEX_POINT ( 'NONE', #1640 ) ;
#5518 = ORIENTED_EDGE ( 'NONE', *, *, #5005, .T. ) ;
#5519 = CARTESIAN_POINT ( 'NONE',  ( 6.670000000000002593, -3.000000000000000000, -0.2108089297201431456 ) ) ;
#5520 = EDGE_CURVE ( 'NONE', #5650, #580, #2999, .T. ) ;
#5521 = LINE ( 'NONE', #1504, #1937 ) ;
#5522 = VECTOR ( 'NONE', #4313, 1000.000000000000000 ) ;
#5523 = VERTEX_POINT ( 'NONE', #6914 ) ;
#5524 = SURFACE_STYLE_FILL_AREA ( #7885 ) ;
#5525 = ADVANCED_FACE ( 'NONE', ( #3943 ), #2389, .F. ) ;
#5526 = SURFACE_STYLE_FILL_AREA ( #4734 ) ;
#5527 = ORIENTED_EDGE ( 'NONE', *, *, #4124, .F. ) ;
#5528 = UNCERTAINTY_MEASURE_WITH_UNIT (LENGTH_MEASURE( 1.000000000000000082E-05 ), #8815, 'distance_accuracy_value', 'NONE');
#5529 = MECHANICAL_DESIGN_GEOMETRIC_PRESENTATION_REPRESENTATION (  '', ( #5051 ), #4094 ) ;
#5530 = EDGE_LOOP ( 'NONE', ( #1932, #4643, #8041, #3783 ) ) ;
#5531 = FILL_AREA_STYLE ('',( #2489 ) ) ;
#5532 = FACE_OUTER_BOUND ( 'NONE', #980, .T. ) ;
#5533 = DIRECTION ( 'NONE',  ( 0.000000000000000000, 1.000000000000000000, 1.707404996040164265E-16 ) ) ;
#5534 = EDGE_CURVE ( 'NONE', #4863, #3861, #8393, .T. ) ;
#5535 = FACE_OUTER_BOUND ( 'NONE', #219, .T. ) ;
#5536 = VECTOR ( 'NONE', #4486, 1000.000000000000000 ) ;
#5537 = ORIENTED_EDGE ( 'NONE', *, *, #5018, .T. ) ;
#5538 = CARTESIAN_POINT ( 'NONE',  ( 12.69999999999999929, 0.000000000000000000, 0.7700000000000004619 ) ) ;
#5539 = ORIENTED_EDGE ( 'NONE', *, *, #4678, .T. ) ;
#5540 = SURFACE_STYLE_USAGE ( .BOTH. , #7764 ) ;
#5541 = EDGE_LOOP ( 'NONE', ( #1487, #1657, #8946, #6649 ) ) ;
#5542 = DIRECTION ( 'NONE',  ( 0.000000000000000000, -1.000000000000000000, -1.707404996040164265E-16 ) ) ;
#5543 = DIRECTION ( 'NONE',  ( 0.000000000000000000, 0.000000000000000000, -1.000000000000000000 ) ) ;
#5544 = SURFACE_STYLE_FILL_AREA ( #3448 ) ;
#5545 = VECTOR ( 'NONE', #8130, 1000.000000000000000 ) ;
#5546 = VECTOR ( 'NONE', #773, 1000.000000000000000 ) ;
#5547 = DIRECTION ( 'NONE',  ( 0.3236155771181767893, -0.8891264907159940334, 0.3236155771181771224 ) ) ;
#5548 = LINE ( 'NONE', #4710, #1010 ) ;
#5549 = LINE ( 'NONE', #6224, #5483 ) ;
#5550 = DIRECTION ( 'NONE',  ( 1.000000000000000000, 0.000000000000000000, -0.000000000000000000 ) ) ;
#5551 = ORIENTED_EDGE ( 'NONE', *, *, #9624, .F. ) ;
#5552 =( NAMED_UNIT ( * ) PLANE_ANGLE_UNIT ( ) SI_UNIT ( $, .RADIAN. ) );
#5553 = EDGE_LOOP ( 'NONE', ( #6593, #3654, #1081, #8160 ) ) ;
#5554 =( NAMED_UNIT ( * ) PLANE_ANGLE_UNIT ( ) SI_UNIT ( $, .RADIAN. ) );
#5555 = STYLED_ITEM ( 'NONE', ( #4739 ), #6605 ) ;
#5556 = DIRECTION ( 'NONE',  ( -1.000000000000000000, -0.000000000000000000, -0.000000000000000000 ) ) ;
#5557 = AXIS2_PLACEMENT_3D ( 'NONE', #603, #7565, #4440 ) ;
#5558 = CARTESIAN_POINT ( 'NONE',  ( -4.980000000000000426, 2.500000000000000444, -1.020000000000003793 ) ) ;
#5559 = VERTEX_POINT ( 'NONE', #4680 ) ;
#5560 = CARTESIAN_POINT ( 'NONE',  ( 15.24000000000000021, 8.599999999999999645, 0.2108089297201405921 ) ) ;
#5561 = EDGE_CURVE ( 'NONE', #8038, #2198, #2433, .T. ) ;
#5562 = ADVANCED_FACE ( 'NONE', ( #3186 ), #162, .T. ) ;
#5563 = SURFACE_SIDE_STYLE ('',( #5466 ) ) ;
#5564 = DIRECTION ( 'NONE',  ( 0.000000000000000000, 3.771912141373855303E-16, 1.000000000000000000 ) ) ;
#5565 = DIRECTION ( 'NONE',  ( 0.000000000000000000, 1.707404996040164265E-16, -1.000000000000000000 ) ) ;
#5566 = VECTOR ( 'NONE', #4770, 1000.000000000000000 ) ;
#5567 = LINE ( 'NONE', #922, #5 ) ;
#5568 = LINE ( 'NONE', #8582, #6379 ) ;
#5569 = AXIS2_PLACEMENT_3D ( 'NONE', #6184, #1622, #7776 ) ;
#5570 = EDGE_CURVE ( 'NONE', #123, #5382, #2340, .T. ) ;
#5571 = AXIS2_PLACEMENT_3D ( 'NONE', #9731, #2299, #7672 ) ;
#5572 = ORIENTED_EDGE ( 'NONE', *, *, #4554, .T. ) ;
#5573 = CARTESIAN_POINT ( 'NONE',  ( 9.100808929720143325, -3.000000000000000000, 0.2108089297201388157 ) ) ;
#5574 = ADVANCED_FACE ( 'NONE', ( #7505 ), #5279, .T. ) ;
#5575 = LINE ( 'NONE', #1598, #713 ) ;
#5576 = ORIENTED_EDGE ( 'NONE', *, *, #1110, .T. ) ;
#5577 = ORIENTED_EDGE ( 'NONE', *, *, #9257, .T. ) ;
#5578 = AXIS2_PLACEMENT_3D ( 'NONE', #4746, #8410, #1561 ) ;
#5579 = VERTEX_POINT ( 'NONE', #1489 ) ;
#5580 = SURFACE_SIDE_STYLE ('',( #887 ) ) ;
#5581 = CARTESIAN_POINT ( 'NONE',  ( -8.569999999999998508, -6.905096679918783842, -0.3200000000000038369 ) ) ;
#5582 = LINE ( 'NONE', #3383, #8955 ) ;
#5583 = ADVANCED_FACE ( 'NONE', ( #3804 ), #26, .T. ) ;
#5584 = AXIS2_PLACEMENT_3D ( 'NONE', #9033, #8285, #116 ) ;
#5585 = ORIENTED_EDGE ( 'NONE', *, *, #246, .F. ) ;
#5586 = EDGE_LOOP ( 'NONE', ( #2189, #220, #7820, #9586 ) ) ;
#5587 = EDGE_CURVE ( 'NONE', #9045, #4735, #386, .T. ) ;
#5588 = FILL_AREA_STYLE ('',( #4887 ) ) ;
#5589 = ORIENTED_EDGE ( 'NONE', *, *, #354, .F. ) ;
#5590 = CARTESIAN_POINT ( 'NONE',  ( 10.06000000000000227, 0.000000000000000000, 1.019999999999995799 ) ) ;
#5591 =( NAMED_UNIT ( * ) PLANE_ANGLE_UNIT ( ) SI_UNIT ( $, .RADIAN. ) );
#5592 = MECHANICAL_DESIGN_GEOMETRIC_PRESENTATION_REPRESENTATION (  '', ( #4799 ), #2574 ) ;
#5593 = SURFACE_STYLE_USAGE ( .BOTH. , #5727 ) ;
#5594 = PRESENTATION_LAYER_ASSIGNMENT (  '', '', ( #3213 ) ) ;
#5595 = CARTESIAN_POINT ( 'NONE',  ( -4.980000000000002203, 2.500000000000000000, 1.019999999999996243 ) ) ;
#5596 = DIRECTION ( 'NONE',  ( -0.000000000000000000, 1.000000000000000000, 1.707404996040164265E-16 ) ) ;
#5597 = EDGE_CURVE ( 'NONE', #1914, #8095, #1688, .T. ) ;
#5598 = CARTESIAN_POINT ( 'NONE',  ( -11.75000000000000000, 0.7500000000000001110, -0.3200000000000023381 ) ) ;
#5599 = FACE_OUTER_BOUND ( 'NONE', #1088, .T. ) ;
#5600 = STYLED_ITEM ( 'NONE', ( #952 ), #1626 ) ;
#5601 = FILL_AREA_STYLE_COLOUR ( '', #9360 ) ;
#5602 = ORIENTED_EDGE ( 'NONE', *, *, #2155, .F. ) ;
#5603 = LINE ( 'NONE', #8616, #1806 ) ;
#5604 = AXIS2_PLACEMENT_3D ( 'NONE', #7727, #806, #6079 ) ;
#5605 = CARTESIAN_POINT ( 'NONE',  ( -2.639999999999998348, 2.500000000000000444, 1.019999999999996243 ) ) ;
#5606 = DIRECTION ( 'NONE',  ( 0.000000000000000000, 1.000000000000000000, 1.707404996040164265E-16 ) ) ;
#5607 = EDGE_LOOP ( 'NONE', ( #5368, #7755, #153, #3649 ) ) ;
#5608 = CARTESIAN_POINT ( 'NONE',  ( 9.100808929720143325, -3.000000000000000000, 1.270000000000000018 ) ) ;
#5609 = VECTOR ( 'NONE', #4371, 1000.000000000000000 ) ;
#5610 =( LENGTH_UNIT ( ) NAMED_UNIT ( * ) SI_UNIT ( .MILLI., .METRE. ) );
#5611 = DIRECTION ( 'NONE',  ( 0.000000000000000000, 0.000000000000000000, 1.000000000000000000 ) ) ;
#5612 = LINE ( 'NONE', #4818, #7454 ) ;
#5613 = CARTESIAN_POINT ( 'NONE',  ( -1.589999999999999414, -2.699999999999993072, 0.3199999999999985079 ) ) ;
#5614 = FACE_OUTER_BOUND ( 'NONE', #9150, .T. ) ;
#5615 = CARTESIAN_POINT ( 'NONE',  ( 12.60000000000000320, -0.03999999999999967470, 1.269999999999995799 ) ) ;
#5616 = EDGE_CURVE ( 'NONE', #7619, #4120, #1872, .T. ) ;
#5617 = MECHANICAL_DESIGN_GEOMETRIC_PRESENTATION_REPRESENTATION (  '', ( #6710 ), #1314 ) ;
#5618 = DIRECTION ( 'NONE',  ( 0.000000000000000000, 0.000000000000000000, 1.000000000000000000 ) ) ;
#5619 = ORIENTED_EDGE ( 'NONE', *, *, #4542, .F. ) ;
#5620 = PRESENTATION_STYLE_ASSIGNMENT (( #978 ) ) ;
#5621 = VECTOR ( 'NONE', #1296, 1000.000000000000000 ) ;
#5622 = DIRECTION ( 'NONE',  ( -0.000000000000000000, 1.000000000000000000, 1.707404996040164265E-16 ) ) ;
#5623 = ORIENTED_EDGE ( 'NONE', *, *, #2530, .T. ) ;
#5624 = UNCERTAINTY_MEASURE_WITH_UNIT (LENGTH_MEASURE( 1.000000000000000082E-05 ), #5212, 'distance_accuracy_value', 'NONE');
#5625 = ORIENTED_EDGE ( 'NONE', *, *, #2042, .T. ) ;
#5626 =( NAMED_UNIT ( * ) SI_UNIT ( $, .STERADIAN. ) SOLID_ANGLE_UNIT ( ) );
#5627 = AXIS2_PLACEMENT_3D ( 'NONE', #3198, #6210, #6257 ) ;
#5628 = DIRECTION ( 'NONE',  ( -0.000000000000000000, 1.000000000000000000, 1.707404996040164265E-16 ) ) ;
#5629 = LINE ( 'NONE', #1041, #3408 ) ;
#5630 = VECTOR ( 'NONE', #5764, 1000.000000000000000 ) ;
#5631 = EDGE_CURVE ( 'NONE', #8326, #6449, #6342, .T. ) ;
#5632 = ORIENTED_EDGE ( 'NONE', *, *, #2418, .F. ) ;
#5633 = VECTOR ( 'NONE', #1946, 1000.000000000000114 ) ;
#5634 = CARTESIAN_POINT ( 'NONE',  ( -6.560808929720139737, 8.599999999999999645, 0.2108089297201405921 ) ) ;
#5635 = ORIENTED_EDGE ( 'NONE', *, *, #4613, .F. ) ;
#5636 = PRODUCT_DEFINITION_FORMATION_WITH_SPECIFIED_SOURCE ( 'ANY', '', #2348, .NOT_KNOWN. ) ;
#5637 = ORIENTED_EDGE ( 'NONE', *, *, #2900, .F. ) ;
#5638 = ADVANCED_FACE ( 'NONE', ( #8579 ), #4914, .T. ) ;
#5639 = PRESENTATION_STYLE_ASSIGNMENT (( #7858 ) ) ;
#5640 = DIRECTION ( 'NONE',  ( 0.000000000000000000, 1.707404996040164265E-16, -1.000000000000000000 ) ) ;
#5641 = CARTESIAN_POINT ( 'NONE',  ( -3.489999999999998437, -6.905096679918783842, -0.3200000000000038369 ) ) ;
#5642 = VECTOR ( 'NONE', #5951, 1000.000000000000000 ) ;
#5643 = CARTESIAN_POINT ( 'NONE',  ( -12.59999999999999964, -0.03999999999999923755, -1.270000000000004237 ) ) ;
#5644 = FACE_OUTER_BOUND ( 'NONE', #4473, .T. ) ;
#5645 = EDGE_CURVE ( 'NONE', #6061, #4388, #4819, .T. ) ;
#5646 = DIRECTION ( 'NONE',  ( 1.000000000000000000, 0.000000000000000000, -0.000000000000000000 ) ) ;
#5647 = PLANE ( 'NONE',  #5772 ) ;
#5648 = FACE_OUTER_BOUND ( 'NONE', #9155, .T. ) ;
#5649 = PRESENTATION_LAYER_ASSIGNMENT (  '', '', ( #866 ) ) ;
#5650 = VERTEX_POINT ( 'NONE', #7787 ) ;
#5651 = EDGE_CURVE ( 'NONE', #6428, #5964, #6433, .T. ) ;
#5652 = CARTESIAN_POINT ( 'NONE',  ( 7.520000000000002238, 0.000000000000000000, 1.270000000000000018 ) ) ;
#5653 = DIRECTION ( 'NONE',  ( 0.000000000000000000, 0.000000000000000000, 1.000000000000000000 ) ) ;
#5654 = FILL_AREA_STYLE_COLOUR ( '', #6891 ) ;
#5655 = LINE ( 'NONE', #1861, #9400 ) ;
#5656 = AXIS2_PLACEMENT_3D ( 'NONE', #105, #3130, #4017 ) ;
#5657 = PLANE ( 'NONE',  #8303 ) ;
#5658 = ORIENTED_EDGE ( 'NONE', *, *, #9111, .T. ) ;
#5659 = CARTESIAN_POINT ( 'NONE',  ( 12.69999999999999929, 0.000000000000000000, -1.270000000000000018 ) ) ;
#5660 = VECTOR ( 'NONE', #8051, 1000.000000000000000 ) ;
#5661 = PRESENTATION_STYLE_ASSIGNMENT (( #8823 ) ) ;
#5662 = CARTESIAN_POINT ( 'NONE',  ( -1.589999999999997637, 2.500000000000000444, 0.3199999999999995071 ) ) ;
#5663 = EDGE_LOOP ( 'NONE', ( #1469, #6107, #7054, #9255 ) ) ;
#5664 = SURFACE_STYLE_USAGE ( .BOTH. , #1034 ) ;
#5665 = ORIENTED_EDGE ( 'NONE', *, *, #8642, .T. ) ;
#5666 = FACE_OUTER_BOUND ( 'NONE', #2619, .T. ) ;
#5667 = VERTEX_POINT ( 'NONE', #8486 ) ;
#5668 = SURFACE_SIDE_STYLE ('',( #8885 ) ) ;
#5669 = FILL_AREA_STYLE ('',( #311 ) ) ;
#5670 = VECTOR ( 'NONE', #1526, 1000.000000000000114 ) ;
#5671 = CARTESIAN_POINT ( 'NONE',  ( 12.69999999999999929, 0.000000000000000000, -1.270000000000000018 ) ) ;
#5672 = VERTEX_POINT ( 'NONE', #3326 ) ;
#5673 = PRESENTATION_STYLE_ASSIGNMENT (( #6828 ) ) ;
#5674 = ORIENTED_EDGE ( 'NONE', *, *, #8890, .F. ) ;
#5675 = COLOUR_RGB ( '',1.000000000000000000, 0.8117647058823529438, 0.5019607843137254832 ) ;
#5676 = SURFACE_SIDE_STYLE ('',( #456 ) ) ;
#5677 = EDGE_CURVE ( 'NONE', #6484, #5423, #9462, .T. ) ;
#5678 = ORIENTED_EDGE ( 'NONE', *, *, #3252, .F. ) ;
#5679 = LINE ( 'NONE', #1050, #889 ) ;
#5680 = EDGE_CURVE ( 'NONE', #370, #1486, #3985, .T. ) ;
#5681 = DIRECTION ( 'NONE',  ( -1.000000000000000000, 0.000000000000000000, 0.000000000000000000 ) ) ;
#5682 =( LENGTH_UNIT ( ) NAMED_UNIT ( * ) SI_UNIT ( .MILLI., .METRE. ) );
#5683 = DIRECTION ( 'NONE',  ( -1.000000000000000000, 0.000000000000000000, -0.000000000000000000 ) ) ;
#5684 = FACE_OUTER_BOUND ( 'NONE', #6680, .T. ) ;
#5685 = EDGE_CURVE ( 'NONE', #5423, #8298, #4367, .T. ) ;
#5686 = DIRECTION ( 'NONE',  ( 0.000000000000000000, -1.000000000000000000, -1.707404996040164265E-16 ) ) ;
#5687 = VERTEX_POINT ( 'NONE', #3780 ) ;
#5688 = DIRECTION ( 'NONE',  ( 0.000000000000000000, -1.000000000000000000, -1.707404996040164265E-16 ) ) ;
#5689 = PRESENTATION_LAYER_ASSIGNMENT (  '', '', ( #299 ) ) ;
#5690 = VERTEX_POINT ( 'NONE', #1265 ) ;
#5691 = PLANE ( 'NONE',  #5027 ) ;
#5692 = EDGE_CURVE ( 'NONE', #3698, #1338, #7384, .T. ) ;
#5693 = LINE ( 'NONE', #2603, #2750 ) ;
#5694 = EDGE_CURVE ( 'NONE', #6449, #3698, #8069, .T. ) ;
#5695 = LINE ( 'NONE', #4213, #992 ) ;
#5696 = STYLED_ITEM ( 'NONE', ( #1025 ), #6918 ) ;
#5697 = ORIENTED_EDGE ( 'NONE', *, *, #7859, .F. ) ;
#5698 = SURFACE_STYLE_USAGE ( .BOTH. , #8063 ) ;
#5699 = EDGE_CURVE ( 'NONE', #3297, #272, #712, .T. ) ;
#5700 = DIRECTION ( 'NONE',  ( -1.000000000000000000, 0.000000000000000000, 0.000000000000000000 ) ) ;
#5701 = APPLICATION_CONTEXT ( 'automotive_design' ) ;
#5702 = FILL_AREA_STYLE_COLOUR ( '', #7279 ) ;
#5703 = VECTOR ( 'NONE', #4481, 1000.000000000000000 ) ;
#5704 = SURFACE_STYLE_FILL_AREA ( #6477 ) ;
#5705 = CARTESIAN_POINT ( 'NONE',  ( -9.209999999999999076, -6.905096679918783842, 0.3199999999999978417 ) ) ;
#5706 =( NAMED_UNIT ( * ) SI_UNIT ( $, .STERADIAN. ) SOLID_ANGLE_UNIT ( ) );
#5707 = VERTEX_POINT ( 'NONE', #2768 ) ;
#5708 = CARTESIAN_POINT ( 'NONE',  ( 0.1000000000000011297, 2.500000000000000444, 1.019999999999996243 ) ) ;
#5709 = STYLED_ITEM ( 'NONE', ( #689 ), #5999 ) ;
#5710 = CARTESIAN_POINT ( 'NONE',  ( -8.569999999999998508, -0.03999999999999967470, -0.3200000000000026157 ) ) ;
#5711 = ORIENTED_EDGE ( 'NONE', *, *, #646, .F. ) ;
#5712 = UNCERTAINTY_MEASURE_WITH_UNIT (LENGTH_MEASURE( 1.000000000000000082E-05 ), #1529, 'distance_accuracy_value', 'NONE');
#5713 = SURFACE_SIDE_STYLE ('',( #2781 ) ) ;
#5714 = ORIENTED_EDGE ( 'NONE', *, *, #2302, .T. ) ;
#5715 = CARTESIAN_POINT ( 'NONE',  ( 6.670000000000002593, 8.299999999999993605, 0.3200000000000004508 ) ) ;
#5716 = LINE ( 'NONE', #6397, #6421 ) ;
#5717 = LINE ( 'NONE', #8196, #7532 ) ;
#5718 = STYLED_ITEM ( 'NONE', ( #2695 ), #6230 ) ;
#5719 = VERTEX_POINT ( 'NONE', #9066 ) ;
#5720 = CARTESIAN_POINT ( 'NONE',  ( 0.9500000000000029532, 2.500000000000000444, -0.3200000000000021716 ) ) ;
#5721 = ORIENTED_EDGE ( 'NONE', *, *, #9014, .F. ) ;
#5722 = VECTOR ( 'NONE', #382, 1000.000000000000000 ) ;
#5723 = PRESENTATION_LAYER_ASSIGNMENT (  '', '', ( #956 ) ) ;
#5724 = VERTEX_POINT ( 'NONE', #5796 ) ;
#5725 = DIRECTION ( 'NONE',  ( 0.000000000000000000, 1.000000000000000000, 1.707404996040164265E-16 ) ) ;
#5726 = SURFACE_STYLE_USAGE ( .BOTH. , #9482 ) ;
#5727 = SURFACE_SIDE_STYLE ('',( #4846 ) ) ;
#5728 =( GEOMETRIC_REPRESENTATION_CONTEXT ( 3 ) GLOBAL_UNCERTAINTY_ASSIGNED_CONTEXT ( ( #1941 ) ) GLOBAL_UNIT_ASSIGNED_CONTEXT ( ( #8260, #3160, #3117 ) ) REPRESENTATION_CONTEXT ( 'NONE', 'WORKASPACE' ) );
#5729 = SURFACE_STYLE_FILL_AREA ( #8751 ) ;
#5730 = SURFACE_SIDE_STYLE ('',( #7948 ) ) ;
#5731 = ORIENTED_EDGE ( 'NONE', *, *, #834, .F. ) ;
#5732 = EDGE_CURVE ( 'NONE', #6493, #6998, #5067, .T. ) ;
#5733 = SURFACE_STYLE_FILL_AREA ( #2801 ) ;
#5734 = DIRECTION ( 'NONE',  ( 1.000000000000000000, 0.000000000000000000, 0.000000000000000000 ) ) ;
#5735 = VECTOR ( 'NONE', #2558, 1000.000000000000000 ) ;
#5736 = EDGE_LOOP ( 'NONE', ( #6446, #9034, #2281, #3661 ) ) ;
#5737 =( NAMED_UNIT ( * ) SI_UNIT ( $, .STERADIAN. ) SOLID_ANGLE_UNIT ( ) );
#5738 = PLANE ( 'NONE',  #9357 ) ;
#5739 = CARTESIAN_POINT ( 'NONE',  ( -9.209999999999999076, -2.699999999999993072, 0.3199999999999985079 ) ) ;
#5740 = CARTESIAN_POINT ( 'NONE',  ( 7.720000000000001528, -0.03999999999999967470, 1.019999999999995799 ) ) ;
#5741 = VECTOR ( 'NONE', #7426, 1000.000000000000000 ) ;
#5742 = ADVANCED_FACE ( 'NONE', ( #6782 ), #8124, .F. ) ;
#5743 = CARTESIAN_POINT ( 'NONE',  ( 4.130000000000001670, 8.299999999999993605, 0.3200000000000004508 ) ) ;
#5744 = ORIENTED_EDGE ( 'NONE', *, *, #5651, .T. ) ;
#5745 = DIRECTION ( 'NONE',  ( -1.000000000000000000, -0.000000000000000000, -0.000000000000000000 ) ) ;
#5746 = DIRECTION ( 'NONE',  ( 0.000000000000000000, 0.000000000000000000, -1.000000000000000000 ) ) ;
#5747 = VECTOR ( 'NONE', #5879, 1000.000000000000000 ) ;
#5748 = CARTESIAN_POINT ( 'NONE',  ( 4.130000000000005222, 0.7500000000000000000, 0.7700000000000006839 ) ) ;
#5749 = EDGE_CURVE ( 'NONE', #2783, #9030, #535, .T. ) ;
#5750 = SURFACE_SIDE_STYLE ('',( #4170 ) ) ;
#5751 = CARTESIAN_POINT ( 'NONE',  ( 9.210000000000002629, 8.299999999999993605, -0.3200000000000012279 ) ) ;
#5752 = EDGE_CURVE ( 'NONE', #9424, #5031, #8874, .T. ) ;
#5753 = AXIS2_PLACEMENT_3D ( 'NONE', #1582, #6283, #9320 ) ;
#5754 = ORIENTED_EDGE ( 'NONE', *, *, #7497, .T. ) ;
#5755 = DIRECTION ( 'NONE',  ( 0.000000000000000000, 0.000000000000000000, -1.000000000000000000 ) ) ;
#5756 = EDGE_LOOP ( 'NONE', ( #8506, #2120, #4046, #2095 ) ) ;
#5757 = VERTEX_POINT ( 'NONE', #8018 ) ;
#5758 = EDGE_CURVE ( 'NONE', #1004, #5092, #9509, .T. ) ;
#5759 = CARTESIAN_POINT ( 'NONE',  ( -11.75000000000000000, -2.699999999999993072, 0.3199999999999985079 ) ) ;
#5760 =( NAMED_UNIT ( * ) SI_UNIT ( $, .STERADIAN. ) SOLID_ANGLE_UNIT ( ) );
#5761 = CARTESIAN_POINT ( 'NONE',  ( 6.030000000000000249, -2.699999999999993072, 0.3199999999999985079 ) ) ;
#5762 =( GEOMETRIC_REPRESENTATION_CONTEXT ( 3 ) GLOBAL_UNCERTAINTY_ASSIGNED_CONTEXT ( ( #1672 ) ) GLOBAL_UNIT_ASSIGNED_CONTEXT ( ( #7915, #377, #1772 ) ) REPRESENTATION_CONTEXT ( 'NONE', 'WORKASPACE' ) );
#5763 = ORIENTED_EDGE ( 'NONE', *, *, #6209, .F. ) ;
#5764 = DIRECTION ( 'NONE',  ( -0.000000000000000000, 1.000000000000000000, 1.707404996040164265E-16 ) ) ;
#5765 = ORIENTED_EDGE ( 'NONE', *, *, #7584, .F. ) ;
#5766 = VECTOR ( 'NONE', #3569, 1000.000000000000000 ) ;
#5767 = VECTOR ( 'NONE', #4859, 1000.000000000000000 ) ;
#5768 = ORIENTED_EDGE ( 'NONE', *, *, #7030, .T. ) ;
#5769 = LINE ( 'NONE', #7993, #6287 ) ;
#5770 = PLANE ( 'NONE',  #5571 ) ;
#5771 = SURFACE_STYLE_USAGE ( .BOTH. , #4336 ) ;
#5772 = AXIS2_PLACEMENT_3D ( 'NONE', #1005, #2689, #3352 ) ;
#5773 =( LENGTH_UNIT ( ) NAMED_UNIT ( * ) SI_UNIT ( .MILLI., .METRE. ) );
#5774 = CARTESIAN_POINT ( 'NONE',  ( 11.21919107027986229, -3.000000000000000000, 1.270000000000000018 ) ) ;
#5775 = VECTOR ( 'NONE', #9429, 1000.000000000000000 ) ;
#5776 = VECTOR ( 'NONE', #2533, 1000.000000000000000 ) ;
#5777 = DIRECTION ( 'NONE',  ( -0.000000000000000000, 1.000000000000000000, 1.707404996040164265E-16 ) ) ;
#5778 = ORIENTED_EDGE ( 'NONE', *, *, #406, .F. ) ;
#5779 = PRESENTATION_LAYER_ASSIGNMENT (  '', '', ( #5321 ) ) ;
#5780 = DIRECTION ( 'NONE',  ( 0.000000000000000000, 1.000000000000000000, 1.707404996040164265E-16 ) ) ;
#5781 = VERTEX_POINT ( 'NONE', #2263 ) ;
#5782 = LINE ( 'NONE', #9542, #420 ) ;
#5783 = PLANE ( 'NONE',  #5091 ) ;
#5784 = COLOUR_RGB ( '',1.000000000000000000, 0.8117647058823529438, 0.5019607843137254832 ) ;
#5785 = FILL_AREA_STYLE_COLOUR ( '', #2026 ) ;
#5786 = ADVANCED_FACE ( 'NONE', ( #3583 ), #4558, .T. ) ;
#5787 = SURFACE_SIDE_STYLE ('',( #6517 ) ) ;
#5788 = LINE ( 'NONE', #528, #3246 ) ;
#5789 = ORIENTED_EDGE ( 'NONE', *, *, #1560, .T. ) ;
#5790 = CARTESIAN_POINT ( 'NONE',  ( -6.029999999999998472, -6.905096679918783842, -0.3200000000000038369 ) ) ;
#5791 = SURFACE_SIDE_STYLE ('',( #4216 ) ) ;
#5792 = CARTESIAN_POINT ( 'NONE',  ( 0.1000000000000011297, 2.500000000000000000, 1.019999999999996243 ) ) ;
#5793 =( LENGTH_UNIT ( ) NAMED_UNIT ( * ) SI_UNIT ( .MILLI., .METRE. ) );
#5794 = EDGE_CURVE ( 'NONE', #2352, #7100, #7585, .T. ) ;
#5795 = FILL_AREA_STYLE_COLOUR ( '', #7266 ) ;
#5796 = CARTESIAN_POINT ( 'NONE',  ( 12.60000000000000320, 2.500000000000000444, -1.020000000000003793 ) ) ;
#5797 = PRESENTATION_LAYER_ASSIGNMENT (  '', '', ( #6927 ) ) ;
#5798 = DIRECTION ( 'NONE',  ( -1.000000000000000000, 0.000000000000000000, 0.000000000000000000 ) ) ;
#5799 = LINE ( 'NONE', #2027, #7037 ) ;
#5800 = ORIENTED_EDGE ( 'NONE', *, *, #8970, .F. ) ;
#5801 = ADVANCED_FACE ( 'NONE', ( #3470 ), #7278, .F. ) ;
#5802 = LINE ( 'NONE', #7391, #8852 ) ;
#5803 = STYLED_ITEM ( 'NONE', ( #7869 ), #3844 ) ;
#5804 = LINE ( 'NONE', #6483, #4497 ) ;
#5805 = ORIENTED_EDGE ( 'NONE', *, *, #4052, .T. ) ;
#5806 = UNCERTAINTY_MEASURE_WITH_UNIT (LENGTH_MEASURE( 1.000000000000000082E-05 ), #1744, 'distance_accuracy_value', 'NONE');
#5807 = FACE_OUTER_BOUND ( 'NONE', #5267, .T. ) ;
#5808 = COLOUR_RGB ( '',1.000000000000000000, 0.8117647058823529438, 0.5019607843137254832 ) ;
#5809 = EDGE_LOOP ( 'NONE', ( #3430, #5174, #4364, #6309 ) ) ;
#5810 = ADVANCED_FACE ( 'NONE', ( #2711 ), #4220, .F. ) ;
#5811 = CARTESIAN_POINT ( 'NONE',  ( 1.480808929720142997, 8.599999999999999645, 1.041517047584500167E-15 ) ) ;
#5812 = CARTESIAN_POINT ( 'NONE',  ( -1.589999999999997637, -0.03999999999999967470, 0.3199999999999990630 ) ) ;
#5813 = PLANE ( 'NONE',  #7198 ) ;
#5814 = VECTOR ( 'NONE', #9062, 1000.000000000000000 ) ;
#5815 = EDGE_LOOP ( 'NONE', ( #3677, #6637, #3466, #929 ) ) ;
#5816 = EDGE_CURVE ( 'NONE', #5420, #6754, #3872, .T. ) ;
#5817 = VERTEX_POINT ( 'NONE', #9218 ) ;
#5818 = ORIENTED_EDGE ( 'NONE', *, *, #1573, .F. ) ;
#5819 = LINE ( 'NONE', #1433, #8101 ) ;
#5820 = STYLED_ITEM ( 'NONE', ( #7515 ), #4465 ) ;
#5821 = VERTEX_POINT ( 'NONE', #3067 ) ;
#5822 = SURFACE_STYLE_USAGE ( .BOTH. , #2734 ) ;
#5823 = LINE ( 'NONE', #7412, #1985 ) ;
#5824 = CARTESIAN_POINT ( 'NONE',  ( 9.210000000000002629, -2.699999999999993072, 0.3199999999999985634 ) ) ;
#5825 = CARTESIAN_POINT ( 'NONE',  ( 9.210000000000006182, 2.500000000000000444, -0.3200000000000021161 ) ) ;
#5826 = LINE ( 'NONE', #9636, #9134 ) ;
#5827 = AXIS2_PLACEMENT_3D ( 'NONE', #150, #3078, #2375 ) ;
#5828 = EDGE_LOOP ( 'NONE', ( #8390, #2487, #9301, #9346 ) ) ;
#5829 = DIRECTION ( 'NONE',  ( 0.000000000000000000, -3.771912141373855303E-16, -1.000000000000000000 ) ) ;
#5830 = DIRECTION ( 'NONE',  ( 1.000000000000000000, 0.000000000000000000, 0.000000000000000000 ) ) ;
#5831 = ORIENTED_EDGE ( 'NONE', *, *, #2093, .T. ) ;
#5832 = DIRECTION ( 'NONE',  ( 0.000000000000000000, 1.707404996040164265E-16, -1.000000000000000000 ) ) ;
#5833 = LINE ( 'NONE', #1952, #7775 ) ;
#5834 = DIRECTION ( 'NONE',  ( 1.000000000000000000, 0.000000000000000000, 0.000000000000000000 ) ) ;
#5835 = VECTOR ( 'NONE', #3237, 1000.000000000000000 ) ;
#5836 = PRODUCT_DEFINITION_CONTEXT ( 'detailed design', #5701, 'design' ) ;
#5837 = FILL_AREA_STYLE_COLOUR ( '', #6396 ) ;
#5838 = CARTESIAN_POINT ( 'NONE',  ( -3.489999999999996660, -0.03999999999999967470, 0.3199999999999990630 ) ) ;
#5839 = SURFACE_SIDE_STYLE ('',( #3410 ) ) ;
#5840 = CARTESIAN_POINT ( 'NONE',  ( -10.25999999999999801, -0.03999999999999967470, 1.019999999999995799 ) ) ;
#5841 = CARTESIAN_POINT ( 'NONE',  ( 12.69999999999999929, 0.7500000000000000000, 0.7700000000000006839 ) ) ;
#5842 = VECTOR ( 'NONE', #7445, 1000.000000000000000 ) ;
#5843 = ORIENTED_EDGE ( 'NONE', *, *, #5995, .T. ) ;
#5844 = LINE ( 'NONE', #8869, #5722 ) ;
#5845 = FILL_AREA_STYLE ('',( #5947 ) ) ;
#5846 = CARTESIAN_POINT ( 'NONE',  ( 3.490000000000000213, -6.905096679918783842, 0.3199999999999978417 ) ) ;
#5847 = LINE ( 'NONE', #2078, #6941 ) ;
#5848 = DIRECTION ( 'NONE',  ( 0.3236155771181769003, 0.8891264907159941444, 0.3236155771181765672 ) ) ;
#5849 = CARTESIAN_POINT ( 'NONE',  ( 12.69999999999999929, -3.000000000000000000, 0.2108089297201388157 ) ) ;
#5850 = DIRECTION ( 'NONE',  ( 0.3236155771181768448, 0.8891264907159940334, 0.3236155771181768448 ) ) ;
#5851 = DIRECTION ( 'NONE',  ( -1.000000000000000000, 0.000000000000000000, 0.000000000000000000 ) ) ;
#5852 = MECHANICAL_DESIGN_GEOMETRIC_PRESENTATION_REPRESENTATION (  '', ( #6967 ), #2372 ) ;
#5853 = CARTESIAN_POINT ( 'NONE',  ( 11.64080892972014425, -3.000000000000000000, -0.2108089297201431456 ) ) ;
#5854 = VECTOR ( 'NONE', #9614, 1000.000000000000000 ) ;
#5855 = ADVANCED_FACE ( 'NONE', ( #7726 ), #7634, .F. ) ;
#5856 = ORIENTED_EDGE ( 'NONE', *, *, #5645, .F. ) ;
#5857 = CARTESIAN_POINT ( 'NONE',  ( 11.11000000000000121, -2.699999999999993072, -0.3200000000000031153 ) ) ;
#5858 = LINE ( 'NONE', #1379, #4918 ) ;
#5859 = VERTEX_POINT ( 'NONE', #6176 ) ;
#5860 = CARTESIAN_POINT ( 'NONE',  ( 12.69999999999999929, 0.000000000000000000, 1.019999999999996021 ) ) ;
#5861 = PRESENTATION_LAYER_ASSIGNMENT (  '', '', ( #3975 ) ) ;
#5862 = EDGE_LOOP ( 'NONE', ( #3488, #5635, #7377, #8454 ) ) ;
#5863 =( NAMED_UNIT ( * ) PLANE_ANGLE_UNIT ( ) SI_UNIT ( $, .RADIAN. ) );
#5864 = DIRECTION ( 'NONE',  ( 1.000000000000000000, 0.000000000000000000, 0.000000000000000000 ) ) ;
#5865 = ADVANCED_FACE ( 'NONE', ( #6977 ), #5446, .F. ) ;
#5866 = VECTOR ( 'NONE', #983, 1000.000000000000000 ) ;
#5867 = AXIS2_PLACEMENT_3D ( 'NONE', #1339, #8297, #647 ) ;
#5868 = EDGE_LOOP ( 'NONE', ( #8286, #567, #5711, #2997 ) ) ;
#5869 = EDGE_CURVE ( 'NONE', #8909, #1008, #3965, .T. ) ;
#5870 = LINE ( 'NONE', #5129, #2451 ) ;
#5871 = ORIENTED_EDGE ( 'NONE', *, *, #9398, .F. ) ;
#5872 = ORIENTED_EDGE ( 'NONE', *, *, #8418, .T. ) ;
#5873 = VERTEX_POINT ( 'NONE', #143 ) ;
#5874 = DIRECTION ( 'NONE',  ( 0.9396926207859117586, -0.3420201433256594981, -0.000000000000000000 ) ) ;
#5875 = FACE_OUTER_BOUND ( 'NONE', #6248, .T. ) ;
#5876 = CARTESIAN_POINT ( 'NONE',  ( 17.78000000000000114, 8.599999999999999645, 0.2108089297201405921 ) ) ;
#5877 = COLOUR_RGB ( '',1.000000000000000000, 0.8117647058823529438, 0.5019607843137254832 ) ;
#5878 = EDGE_CURVE ( 'NONE', #6401, #604, #951, .T. ) ;
#5879 = DIRECTION ( 'NONE',  ( 0.000000000000000000, 0.000000000000000000, -1.000000000000000000 ) ) ;
#5880 = LINE ( 'NONE', #5194, #379 ) ;
#5881 = ORIENTED_EDGE ( 'NONE', *, *, #2714, .T. ) ;
#5882 = EDGE_CURVE ( 'NONE', #1033, #6428, #6221, .T. ) ;
#5883 = PRESENTATION_LAYER_ASSIGNMENT (  '', '', ( #8569 ) ) ;
#5884 = DIRECTION ( 'NONE',  ( -1.000000000000000000, -0.000000000000000000, 0.000000000000000000 ) ) ;
#5885 = ORIENTED_EDGE ( 'NONE', *, *, #2028, .F. ) ;
#5886 = PLANE ( 'NONE',  #6933 ) ;
#5887 = CARTESIAN_POINT ( 'NONE',  ( 0.9500000000000011768, -2.699999999999993072, -0.3200000000000031153 ) ) ;
#5888 = FACE_BOUND ( 'NONE', #9770, .T. ) ;
#5889 = COLOUR_RGB ( '',1.000000000000000000, 0.8117647058823529438, 0.5019607843137254832 ) ;
#5890 = EDGE_LOOP ( 'NONE', ( #7563, #4158, #6947, #7703 ) ) ;
#5891 = ADVANCED_FACE ( 'NONE', ( #8509 ), #7769, .F. ) ;
#5892 = SURFACE_SIDE_STYLE ('',( #7480 ) ) ;
#5893 = FILL_AREA_STYLE_COLOUR ( '', #8749 ) ;
#5894 = DIRECTION ( 'NONE',  ( 0.000000000000000000, 0.000000000000000000, 1.000000000000000000 ) ) ;
#5895 = LINE ( 'NONE', #2813, #9267 ) ;
#5896 = ORIENTED_EDGE ( 'NONE', *, *, #8543, .T. ) ;
#5897 =( NAMED_UNIT ( * ) PLANE_ANGLE_UNIT ( ) SI_UNIT ( $, .RADIAN. ) );
#5898 = PRESENTATION_STYLE_ASSIGNMENT (( #1313 ) ) ;
#5899 = SURFACE_STYLE_USAGE ( .BOTH. , #8228 ) ;
#5900 = CARTESIAN_POINT ( 'NONE',  ( -4.980000000000000426, 2.500000000000000888, -1.270000000000003793 ) ) ;
#5901 = CARTESIAN_POINT ( 'NONE',  ( -2.439999999999999503, 2.500000000000000000, 1.019999999999996243 ) ) ;
#5902 = CARTESIAN_POINT ( 'NONE',  ( 12.60000000000000320, 2.500000000000000444, 1.019999999999996243 ) ) ;
#5903 = CARTESIAN_POINT ( 'NONE',  ( 10.06000000000000227, 1.885956070686925433E-16, -0.7700000000000006839 ) ) ;
#5904 = ORIENTED_EDGE ( 'NONE', *, *, #9618, .T. ) ;
#5905 = FACE_OUTER_BOUND ( 'NONE', #263, .T. ) ;
#5906 = AXIS2_PLACEMENT_3D ( 'NONE', #4200, #4802, #463 ) ;
#5907 = FILL_AREA_STYLE ('',( #2185 ) ) ;
#5908 = ORIENTED_EDGE ( 'NONE', *, *, #289, .T. ) ;
#5909 = UNCERTAINTY_MEASURE_WITH_UNIT (LENGTH_MEASURE( 1.000000000000000082E-05 ), #8978, 'distance_accuracy_value', 'NONE');
#5910 = VERTEX_POINT ( 'NONE', #97 ) ;
#5911 = DIRECTION ( 'NONE',  ( 1.000000000000000000, 0.000000000000000000, 0.000000000000000000 ) ) ;
#5912 = ADVANCED_FACE ( 'NONE', ( #3257 ), #3122, .F. ) ;
#5913 = VECTOR ( 'NONE', #9288, 1000.000000000000000 ) ;
#5914 = ORIENTED_EDGE ( 'NONE', *, *, #9785, .F. ) ;
#5915 = LINE ( 'NONE', #5720, #6093 ) ;
#5916 = ORIENTED_EDGE ( 'NONE', *, *, #3820, .F. ) ;
#5917 = LINE ( 'NONE', #2897, #2061 ) ;
#5918 = EDGE_LOOP ( 'NONE', ( #2193, #7108, #4954, #4771 ) ) ;
#5919 = VERTEX_POINT ( 'NONE', #4609 ) ;
#5920 = DIRECTION ( 'NONE',  ( 0.000000000000000000, 0.000000000000000000, 1.000000000000000000 ) ) ;
#5921 = PRESENTATION_STYLE_ASSIGNMENT (( #5822 ) ) ;
#5922 =( NAMED_UNIT ( * ) SI_UNIT ( $, .STERADIAN. ) SOLID_ANGLE_UNIT ( ) );
#5923 = DIRECTION ( 'NONE',  ( 1.000000000000000000, 0.000000000000000000, -0.000000000000000000 ) ) ;
#5924 = ORIENTED_EDGE ( 'NONE', *, *, #51, .F. ) ;
#5925 =( GEOMETRIC_REPRESENTATION_CONTEXT ( 3 ) GLOBAL_UNCERTAINTY_ASSIGNED_CONTEXT ( ( #2040 ) ) GLOBAL_UNIT_ASSIGNED_CONTEXT ( ( #6380, #7169, #715 ) ) REPRESENTATION_CONTEXT ( 'NONE', 'WORKASPACE' ) );
#5926 = COLOUR_RGB ( '',1.000000000000000000, 0.8117647058823529438, 0.5019607843137254832 ) ;
#5927 = LINE ( 'NONE', #7362, #1153 ) ;
#5928 = ADVANCED_FACE ( 'NONE', ( #9170 ), #2367, .F. ) ;
#5929 = CARTESIAN_POINT ( 'NONE',  ( 2.440000000000001279, -0.03999999999999923755, -1.270000000000004237 ) ) ;
#5930 = VECTOR ( 'NONE', #3402, 1000.000000000000000 ) ;
#5931 = EDGE_LOOP ( 'NONE', ( #8737, #3050, #8308, #430 ) ) ;
#5932 = DIRECTION ( 'NONE',  ( 0.000000000000000000, 1.707404996040164265E-16, -1.000000000000000000 ) ) ;
#5933 =( LENGTH_UNIT ( ) NAMED_UNIT ( * ) SI_UNIT ( .MILLI., .METRE. ) );
#5934 = CARTESIAN_POINT ( 'NONE',  ( -1.480808929720139444, 8.599999999999999645, 0.2108089297201405921 ) ) ;
#5935 = AXIS2_PLACEMENT_3D ( 'NONE', #7209, #7902, #5683 ) ;
#5936 = ADVANCED_FACE ( 'NONE', ( #852 ), #6936, .F. ) ;
#5937 = VERTEX_POINT ( 'NONE', #5131 ) ;
#5938 = FACE_OUTER_BOUND ( 'NONE', #4330, .T. ) ;
#5939 = DIRECTION ( 'NONE',  ( 0.3236155771181768448, -0.8891264907159940334, -0.3236155771181768448 ) ) ;
#5940 = LINE ( 'NONE', #2502, #8631 ) ;
#5941 = DIRECTION ( 'NONE',  ( 0.000000000000000000, 0.000000000000000000, 1.000000000000000000 ) ) ;
#5942 = PLANE ( 'NONE',  #6555 ) ;
#5943 = VERTEX_POINT ( 'NONE', #8349 ) ;
#5944 = ADVANCED_FACE ( 'NONE', ( #3105 ), #2246, .F. ) ;
#5945 = VECTOR ( 'NONE', #2665, 1000.000000000000000 ) ;
#5946 = VECTOR ( 'NONE', #5126, 1000.000000000000000 ) ;
#5947 = FILL_AREA_STYLE_COLOUR ( '', #1190 ) ;
#5948 = DIRECTION ( 'NONE',  ( 0.000000000000000000, 1.000000000000000000, 1.707404996040164265E-16 ) ) ;
#5949 = EDGE_CURVE ( 'NONE', #7183, #3560, #7406, .T. ) ;
#5950 = FILL_AREA_STYLE ('',( #3081 ) ) ;
#5951 = DIRECTION ( 'NONE',  ( 0.000000000000000000, 0.000000000000000000, -1.000000000000000000 ) ) ;
#5952 = CARTESIAN_POINT ( 'NONE',  ( -6.669999999999999929, -6.905096679918783842, 0.3199999999999978417 ) ) ;
#5953 = DIRECTION ( 'NONE',  ( 0.000000000000000000, 0.000000000000000000, -1.000000000000000000 ) ) ;
#5954 = ORIENTED_EDGE ( 'NONE', *, *, #4425, .T. ) ;
#5955 = LINE ( 'NONE', #4628, #7892 ) ;
#5956 = DIRECTION ( 'NONE',  ( 0.000000000000000000, -0.3420201433256591650, 0.9396926207859118696 ) ) ;
#5957 = ORIENTED_EDGE ( 'NONE', *, *, #2517, .F. ) ;
#5958 = PRESENTATION_LAYER_ASSIGNMENT (  '', '', ( #9583 ) ) ;
#5959 = ORIENTED_EDGE ( 'NONE', *, *, #7814, .F. ) ;
#5960 = FACE_OUTER_BOUND ( 'NONE', #5286, .T. ) ;
#5961 = VERTEX_POINT ( 'NONE', #7512 ) ;
#5962 = DIRECTION ( 'NONE',  ( -1.000000000000000000, 0.000000000000000000, 0.000000000000000000 ) ) ;
#5963 = CARTESIAN_POINT ( 'NONE',  ( -2.639999999999998348, -0.03999999999999923755, -1.270000000000004237 ) ) ;
#5964 = VERTEX_POINT ( 'NONE', #9772 ) ;
#5965 = ORIENTED_EDGE ( 'NONE', *, *, #9560, .F. ) ;
#5966 = CARTESIAN_POINT ( 'NONE',  ( -6.560808929720139737, 8.599999999999999645, 1.041517047584500167E-15 ) ) ;
#5967 = CARTESIAN_POINT ( 'NONE',  ( -11.64080892972014070, -3.000000000000000000, -0.3200000000000031708 ) ) ;
#5968 = MECHANICAL_DESIGN_GEOMETRIC_PRESENTATION_REPRESENTATION (  '', ( #7722 ), #267 ) ;
#5969 = LINE ( 'NONE', #7306, #61 ) ;
#5970 = VERTEX_POINT ( 'NONE', #6816 ) ;
#5971 = ORIENTED_EDGE ( 'NONE', *, *, #8529, .T. ) ;
#5972 = CARTESIAN_POINT ( 'NONE',  ( -4.020808929720139702, 8.599999999999999645, 1.041517047584500167E-15 ) ) ;
#5973 = EDGE_CURVE ( 'NONE', #1888, #6204, #6013, .T. ) ;
#5974 = COLOUR_RGB ( '',1.000000000000000000, 0.8117647058823529438, 0.5019607843137254832 ) ;
#5975 = EDGE_CURVE ( 'NONE', #4934, #1734, #4590, .T. ) ;
#5976 = DIRECTION ( 'NONE',  ( 0.000000000000000000, 1.707404996040164265E-16, -1.000000000000000000 ) ) ;
#5977 = ORIENTED_EDGE ( 'NONE', *, *, #1641, .F. ) ;
#5978 = SURFACE_SIDE_STYLE ('',( #5101 ) ) ;
#5979 = CARTESIAN_POINT ( 'NONE',  ( 12.69999999999999929, 2.500000000000000000, 1.270000000000000018 ) ) ;
#5980 = PRESENTATION_STYLE_ASSIGNMENT (( #9010 ) ) ;
#5981 = CARTESIAN_POINT ( 'NONE',  ( -1.589999999999997637, 0.7500000000000001110, -0.3200000000000023381 ) ) ;
#5982 = VECTOR ( 'NONE', #8772, 1000.000000000000000 ) ;
#5983 = CARTESIAN_POINT ( 'NONE',  ( 2.640000000000000124, 0.000000000000000000, 1.270000000000000018 ) ) ;
#5984 = EDGE_CURVE ( 'NONE', #2194, #1877, #6064, .T. ) ;
#5985 = CARTESIAN_POINT ( 'NONE',  ( 11.11000000000000121, -2.699999999999993072, 0.3199999999999985079 ) ) ;
#5986 = LINE ( 'NONE', #1363, #7185 ) ;
#5987 = EDGE_LOOP ( 'NONE', ( #8817, #1096, #8742, #4634 ) ) ;
#5988 = EDGE_CURVE ( 'NONE', #1008, #9476, #2098, .T. ) ;
#5989 = FILL_AREA_STYLE ('',( #7487 ) ) ;
#5990 =( GEOMETRIC_REPRESENTATION_CONTEXT ( 3 ) GLOBAL_UNCERTAINTY_ASSIGNED_CONTEXT ( ( #7287 ) ) GLOBAL_UNIT_ASSIGNED_CONTEXT ( ( #9405, #1107, #9544 ) ) REPRESENTATION_CONTEXT ( 'NONE', 'WORKASPACE' ) );
#5991 = SURFACE_STYLE_USAGE ( .BOTH. , #7327 ) ;
#5992 = DIRECTION ( 'NONE',  ( 0.000000000000000000, -1.000000000000000000, -1.707404996040164265E-16 ) ) ;
#5993 = DIRECTION ( 'NONE',  ( 1.000000000000000000, 0.000000000000000000, 0.000000000000000000 ) ) ;
#5994 = PRESENTATION_STYLE_ASSIGNMENT (( #2987 ) ) ;
#5995 = EDGE_CURVE ( 'NONE', #1299, #3750, #5917, .T. ) ;
#5996 = DIRECTION ( 'NONE',  ( 0.000000000000000000, -0.000000000000000000, 1.000000000000000000 ) ) ;
#5997 = CARTESIAN_POINT ( 'NONE',  ( 10.26000000000000156, 0.000000000000000000, 1.270000000000000018 ) ) ;
#5998 = ORIENTED_EDGE ( 'NONE', *, *, #1911, .F. ) ;
#5999 = ADVANCED_FACE ( 'NONE', ( #5337 ), #9727, .T. ) ;
#6000 = DIRECTION ( 'NONE',  ( 0.3236155771181769003, -0.8891264907159941444, -0.3236155771181765672 ) ) ;
#6001 = SURFACE_SIDE_STYLE ('',( #7604 ) ) ;
#6002 = VERTEX_POINT ( 'NONE', #4386 ) ;
#6003 = PLANE ( 'NONE',  #1591 ) ;
#6004 = COLOUR_RGB ( '',1.000000000000000000, 0.8117647058823529438, 0.5019607843137254832 ) ;
#6005 = ORIENTED_EDGE ( 'NONE', *, *, #886, .F. ) ;
#6006 =( LENGTH_UNIT ( ) NAMED_UNIT ( * ) SI_UNIT ( .MILLI., .METRE. ) );
#6007 = STYLED_ITEM ( 'NONE', ( #9272 ), #7138 ) ;
#6008 = CARTESIAN_POINT ( 'NONE',  ( -4.129999999999999893, -3.000000000000000000, 0.2108089297201388157 ) ) ;
#6009 = ADVANCED_FACE ( 'NONE', ( #1392 ), #2955, .F. ) ;
#6010 = EDGE_LOOP ( 'NONE', ( #4054, #6445, #4441, #1749 ) ) ;
#6011 = ORIENTED_EDGE ( 'NONE', *, *, #5475, .T. ) ;
#6012 = AXIS2_PLACEMENT_3D ( 'NONE', #7400, #6540, #594 ) ;
#6013 = LINE ( 'NONE', #3652, #2861 ) ;
#6014 = ORIENTED_EDGE ( 'NONE', *, *, #4425, .F. ) ;
#6015 = ORIENTED_EDGE ( 'NONE', *, *, #602, .F. ) ;
#6016 = FILL_AREA_STYLE ('',( #5190 ) ) ;
#6017 = DIRECTION ( 'NONE',  ( 0.000000000000000000, 0.000000000000000000, -1.000000000000000000 ) ) ;
#6018 = VECTOR ( 'NONE', #8083, 1000.000000000000000 ) ;
#6019 = AXIS2_PLACEMENT_3D ( 'NONE', #2079, #764, #5114 ) ;
#6020 = CARTESIAN_POINT ( 'NONE',  ( -0.9499999999999959588, 2.500000000000000444, 0.3199999999999995071 ) ) ;
#6021 = DIRECTION ( 'NONE',  ( 0.000000000000000000, -1.707404996040164265E-16, 1.000000000000000000 ) ) ;
#6022 = DIRECTION ( 'NONE',  ( 0.000000000000000000, -0.000000000000000000, 1.000000000000000000 ) ) ;
#6023 = EDGE_LOOP ( 'NONE', ( #6596, #2556, #9623, #3542 ) ) ;
#6024 = SURFACE_STYLE_FILL_AREA ( #6128 ) ;
#6025 = AXIS2_PLACEMENT_3D ( 'NONE', #973, #9241, #7880 ) ;
#6026 = VERTEX_POINT ( 'NONE', #4488 ) ;
#6027 = CARTESIAN_POINT ( 'NONE',  ( 27.94000000000000128, -3.000000000000000000, 1.270000000000000018 ) ) ;
#6028 =( NAMED_UNIT ( * ) SI_UNIT ( $, .STERADIAN. ) SOLID_ANGLE_UNIT ( ) );
#6029 = FACE_BOUND ( 'NONE', #6355, .T. ) ;
#6030 = CARTESIAN_POINT ( 'NONE',  ( 4.130000000000001670, -6.905096679918783842, 0.3199999999999978417 ) ) ;
#6031 = CARTESIAN_POINT ( 'NONE',  ( 4.980000000000002203, -0.03999999999999923755, -1.270000000000004237 ) ) ;
#6032 = VECTOR ( 'NONE', #1812, 1000.000000000000000 ) ;
#6033 = DIRECTION ( 'NONE',  ( 0.000000000000000000, 0.000000000000000000, -1.000000000000000000 ) ) ;
#6034 = EDGE_CURVE ( 'NONE', #1061, #8261, #5236, .T. ) ;
#6035 = CARTESIAN_POINT ( 'NONE',  ( 3.490000000000003322, -0.03999999999999967470, -0.3200000000000026157 ) ) ;
#6036 = AXIS2_PLACEMENT_3D ( 'NONE', #3392, #6219, #899 ) ;
#6037 = SURFACE_STYLE_USAGE ( .BOTH. , #5306 ) ;
#6038 = ORIENTED_EDGE ( 'NONE', *, *, #8293, .F. ) ;
#6039 = PRESENTATION_STYLE_ASSIGNMENT (( #6681 ) ) ;
#6040 = FILL_AREA_STYLE_COLOUR ( '', #9080 ) ;
#6041 = VECTOR ( 'NONE', #3537, 1000.000000000000000 ) ;
#6042 = LINE ( 'NONE', #5900, #2047 ) ;
#6043 = DIRECTION ( 'NONE',  ( 0.3236155771181767893, -0.8891264907159940334, 0.3236155771181771224 ) ) ;
#6044 = EDGE_CURVE ( 'NONE', #1394, #7816, #7803, .T. ) ;
#6045 = FACE_OUTER_BOUND ( 'NONE', #6262, .T. ) ;
#6046 = VECTOR ( 'NONE', #5830, 1000.000000000000000 ) ;
#6047 = SURFACE_STYLE_FILL_AREA ( #3887 ) ;
#6048 = VERTEX_POINT ( 'NONE', #5124 ) ;
#6049 = CARTESIAN_POINT ( 'NONE',  ( 6.670000000000002593, -6.905096679918783842, 0.3199999999999978417 ) ) ;
#6050 = EDGE_CURVE ( 'NONE', #8202, #8258, #6640, .T. ) ;
#6051 = LINE ( 'NONE', #4375, #5842 ) ;
#6052 = CARTESIAN_POINT ( 'NONE',  ( 12.69999999999999929, 0.000000000000000000, 1.270000000000000018 ) ) ;
#6053 = ORIENTED_EDGE ( 'NONE', *, *, #7994, .T. ) ;
#6054 = PRESENTATION_STYLE_ASSIGNMENT (( #785 ) ) ;
#6055 = COLOUR_RGB ( '',1.000000000000000000, 0.8117647058823529438, 0.5019607843137254832 ) ;
#6056 = ORIENTED_EDGE ( 'NONE', *, *, #392, .F. ) ;
#6057 = ORIENTED_EDGE ( 'NONE', *, *, #7090, .F. ) ;
#6058 = CARTESIAN_POINT ( 'NONE',  ( 2.640000000000000124, 0.000000000000000000, 1.269999999999995799 ) ) ;
#6059 = EDGE_CURVE ( 'NONE', #7129, #8252, #2282, .T. ) ;
#6060 = VECTOR ( 'NONE', #1368, 1000.000000000000000 ) ;
#6061 = VERTEX_POINT ( 'NONE', #2235 ) ;
#6062 = ORIENTED_EDGE ( 'NONE', *, *, #4483, .F. ) ;
#6063 = ADVANCED_FACE ( 'NONE', ( #7502 ), #6003, .F. ) ;
#6064 = LINE ( 'NONE', #9679, #9351 ) ;
#6065 = VERTEX_POINT ( 'NONE', #3043 ) ;
#6066 = ORIENTED_EDGE ( 'NONE', *, *, #538, .F. ) ;
#6067 =( LENGTH_UNIT ( ) NAMED_UNIT ( * ) SI_UNIT ( .MILLI., .METRE. ) );
#6068 =( NAMED_UNIT ( * ) SI_UNIT ( $, .STERADIAN. ) SOLID_ANGLE_UNIT ( ) );
#6069 = DIRECTION ( 'NONE',  ( -1.000000000000000000, 0.000000000000000000, 0.000000000000000000 ) ) ;
#6070 = LINE ( 'NONE', #177, #1828 ) ;
#6071 = ORIENTED_EDGE ( 'NONE', *, *, #590, .F. ) ;
#6072 = CARTESIAN_POINT ( 'NONE',  ( -11.10999999999999766, 8.299999999999993605, -0.3200000000000038369 ) ) ;
#6073 = VECTOR ( 'NONE', #5070, 1000.000000000000000 ) ;
#6074 =( NAMED_UNIT ( * ) SI_UNIT ( $, .STERADIAN. ) SOLID_ANGLE_UNIT ( ) );
#6075 = VERTEX_POINT ( 'NONE', #8341 ) ;
#6076 = LINE ( 'NONE', #9116, #2630 ) ;
#6077 = DIRECTION ( 'NONE',  ( 1.000000000000000000, 0.000000000000000000, 0.000000000000000000 ) ) ;
#6078 = CARTESIAN_POINT ( 'NONE',  ( -11.75000000000000000, -0.03999999999999967470, 0.3199999999999990630 ) ) ;
#6079 = DIRECTION ( 'NONE',  ( 0.000000000000000000, -1.000000000000000000, -1.707404996040164265E-16 ) ) ;
#6080 = DIRECTION ( 'NONE',  ( -0.000000000000000000, 1.000000000000000000, 1.707404996040164265E-16 ) ) ;
#6081 = VECTOR ( 'NONE', #8074, 1000.000000000000000 ) ;
#6082 = LINE ( 'NONE', #7684, #7538 ) ;
#6083 = DIRECTION ( 'NONE',  ( 0.3236155771181769003, 0.8891264907159941444, 0.3236155771181765672 ) ) ;
#6084 = VERTEX_POINT ( 'NONE', #4582 ) ;
#6085 = AXIS2_PLACEMENT_3D ( 'NONE', #2980, #1309, #2072 ) ;
#6086 = DIRECTION ( 'NONE',  ( 0.3236155771181768448, -0.8891264907159940334, 0.3236155771181768448 ) ) ;
#6087 = COLOUR_RGB ( '',1.000000000000000000, 0.8117647058823529438, 0.5019607843137254832 ) ;
#6088 = CARTESIAN_POINT ( 'NONE',  ( -7.519999999999998685, -0.03999999999999923755, -1.270000000000004237 ) ) ;
#6089 = VECTOR ( 'NONE', #8547, 1000.000000000000000 ) ;
#6090 = VECTOR ( 'NONE', #890, 1000.000000000000000 ) ;
#6091 = LINE ( 'NONE', #6141, #5211 ) ;
#6092 = SURFACE_STYLE_FILL_AREA ( #5950 ) ;
#6093 = VECTOR ( 'NONE', #5030, 1000.000000000000000 ) ;
#6094 = CARTESIAN_POINT ( 'NONE',  ( 6.294271808891662268, -3.426080827528285244, -0.05572819110834042328 ) ) ;
#6095 = CARTESIAN_POINT ( 'NONE',  ( -5.179999999999998828, 0.000000000000000000, 1.019999999999995799 ) ) ;
#6096 =( GEOMETRIC_REPRESENTATION_CONTEXT ( 3 ) GLOBAL_UNCERTAINTY_ASSIGNED_CONTEXT ( ( #3538 ) ) GLOBAL_UNIT_ASSIGNED_CONTEXT ( ( #9584, #8607, #9443 ) ) REPRESENTATION_CONTEXT ( 'NONE', 'WORKASPACE' ) );
#6097 = VECTOR ( 'NONE', #4012, 1000.000000000000000 ) ;
#6098 = AXIS2_PLACEMENT_3D ( 'NONE', #3602, #9523, #2139 ) ;
#6099 =( NAMED_UNIT ( * ) PLANE_ANGLE_UNIT ( ) SI_UNIT ( $, .RADIAN. ) );
#6100 = ORIENTED_EDGE ( 'NONE', *, *, #7758, .F. ) ;
#6101 = DIRECTION ( 'NONE',  ( 0.000000000000000000, 1.707404996040164265E-16, -1.000000000000000000 ) ) ;
#6102 = EDGE_CURVE ( 'NONE', #3266, #8878, #8192, .T. ) ;
#6103 =( GEOMETRIC_REPRESENTATION_CONTEXT ( 3 ) GLOBAL_UNCERTAINTY_ASSIGNED_CONTEXT ( ( #3565 ) ) GLOBAL_UNIT_ASSIGNED_CONTEXT ( ( #1939, #8037, #4285 ) ) REPRESENTATION_CONTEXT ( 'NONE', 'WORKASPACE' ) );
#6104 = EDGE_CURVE ( 'NONE', #1877, #5184, #22, .T. ) ;
#6105 = CARTESIAN_POINT ( 'NONE',  ( -2.439999999999999503, -0.03999999999999923755, -1.270000000000004237 ) ) ;
#6106 = CARTESIAN_POINT ( 'NONE',  ( 6.030000000000000249, 8.299999999999993605, 0.3200000000000004508 ) ) ;
#6107 = ORIENTED_EDGE ( 'NONE', *, *, #9480, .T. ) ;
#6108 = UNCERTAINTY_MEASURE_WITH_UNIT (LENGTH_MEASURE( 1.000000000000000082E-05 ), #86, 'distance_accuracy_value', 'NONE');
#6109 = CARTESIAN_POINT ( 'NONE',  ( -2.439999999999999503, -0.03999999999999967470, -1.020000000000004237 ) ) ;
#6110 = ORIENTED_EDGE ( 'NONE', *, *, #7642, .T. ) ;
#6111 = ORIENTED_EDGE ( 'NONE', *, *, #9268, .F. ) ;
#6112 = SURFACE_SIDE_STYLE ('',( #6755 ) ) ;
#6113 = STYLED_ITEM ( 'NONE', ( #7968 ), #7790 ) ;
#6114 = EDGE_CURVE ( 'NONE', #4064, #739, #3745, .T. ) ;
#6115 = ORIENTED_EDGE ( 'NONE', *, *, #5261, .T. ) ;
#6116 = CARTESIAN_POINT ( 'NONE',  ( 5.180000000000000604, -0.03999999999999967470, 1.019999999999995799 ) ) ;
#6117 = VECTOR ( 'NONE', #7848, 1000.000000000000000 ) ;
#6118 = ADVANCED_FACE ( 'NONE', ( #2945 ), #2087, .F. ) ;
#6119 = CARTESIAN_POINT ( 'NONE',  ( -4.129999999999998117, -0.03999999999999967470, 0.3199999999999990630 ) ) ;
#6120 = ORIENTED_EDGE ( 'NONE', *, *, #8912, .T. ) ;
#6121 = UNCERTAINTY_MEASURE_WITH_UNIT (LENGTH_MEASURE( 1.000000000000000082E-05 ), #3406, 'distance_accuracy_value', 'NONE');
#6122 = ORIENTED_EDGE ( 'NONE', *, *, #2587, .F. ) ;
#6123 = CARTESIAN_POINT ( 'NONE',  ( 12.69999999999999929, 0.000000000000000000, 1.270000000000000018 ) ) ;
#6124 = FACE_OUTER_BOUND ( 'NONE', #9628, .T. ) ;
#6125 = ADVANCED_FACE ( 'NONE', ( #1329 ), #1539, .F. ) ;
#6126 = FILL_AREA_STYLE ('',( #4742 ) ) ;
#6127 = ORIENTED_EDGE ( 'NONE', *, *, #5520, .F. ) ;
#6128 = FILL_AREA_STYLE ('',( #9210 ) ) ;
#6129 = ADVANCED_FACE ( 'NONE', ( #2996 ), #8240, .T. ) ;
#6130 = FACE_OUTER_BOUND ( 'NONE', #4591, .T. ) ;
#6131 = VECTOR ( 'NONE', #6512, 1000.000000000000114 ) ;
#6132 = ORIENTED_EDGE ( 'NONE', *, *, #5390, .F. ) ;
#6133 = FACE_OUTER_BOUND ( 'NONE', #1832, .T. ) ;
#6134 = FILL_AREA_STYLE_COLOUR ( '', #7629 ) ;
#6135 =( LENGTH_UNIT ( ) NAMED_UNIT ( * ) SI_UNIT ( .MILLI., .METRE. ) );
#6136 =( NAMED_UNIT ( * ) PLANE_ANGLE_UNIT ( ) SI_UNIT ( $, .RADIAN. ) );
#6137 = COLOUR_RGB ( '',1.000000000000000000, 0.8117647058823529438, 0.5019607843137254832 ) ;
#6138 = CARTESIAN_POINT ( 'NONE',  ( 6.670000000000006146, -0.03999999999999967470, 0.3199999999999990630 ) ) ;
#6139 = PLANE ( 'NONE',  #5569 ) ;
#6140 = DIRECTION ( 'NONE',  ( 0.000000000000000000, 0.000000000000000000, 1.000000000000000000 ) ) ;
#6141 = CARTESIAN_POINT ( 'NONE',  ( -7.519999999999998685, 2.500000000000000888, -1.270000000000003793 ) ) ;
#6142 = STYLED_ITEM ( 'NONE', ( #3029 ), #4669 ) ;
#6143 = FACE_BOUND ( 'NONE', #2946, .T. ) ;
#6144 = SURFACE_SIDE_STYLE ('',( #9318 ) ) ;
#6145 = LINE ( 'NONE', #965, #6508 ) ;
#6146 = PLANE ( 'NONE',  #5304 ) ;
#6147 = VERTEX_POINT ( 'NONE', #6858 ) ;
#6148 = LINE ( 'NONE', #6855, #1275 ) ;
#6149 = LINE ( 'NONE', #3228, #8077 ) ;
#6150 = ORIENTED_EDGE ( 'NONE', *, *, #9560, .T. ) ;
#6151 = VERTEX_POINT ( 'NONE', #73 ) ;
#6152 = FACE_OUTER_BOUND ( 'NONE', #8023, .T. ) ;
#6153 = VECTOR ( 'NONE', #3918, 1000.000000000000000 ) ;
#6154 = CARTESIAN_POINT ( 'NONE',  ( 12.69999999999999929, 0.000000000000000000, 1.019999999999995799 ) ) ;
#6155 = ADVANCED_FACE ( 'NONE', ( #679 ), #4377, .F. ) ;
#6156 = ADVANCED_FACE ( 'NONE', ( #3892 ), #8578, .F. ) ;
#6157 = ORIENTED_EDGE ( 'NONE', *, *, #3111, .T. ) ;
#6158 = DIRECTION ( 'NONE',  ( -1.000000000000000000, 0.000000000000000000, 0.000000000000000000 ) ) ;
#6159 = VECTOR ( 'NONE', #3798, 1000.000000000000000 ) ;
#6160 = CARTESIAN_POINT ( 'NONE',  ( -9.209999999999999076, 0.7500000000000001110, 0.3199999999999991740 ) ) ;
#6161 = ORIENTED_EDGE ( 'NONE', *, *, #1301, .F. ) ;
#6162 = ORIENTED_EDGE ( 'NONE', *, *, #2241, .T. ) ;
#6163 = CARTESIAN_POINT ( 'NONE',  ( 4.130000000000001670, -6.905096679918783842, -0.3200000000000038369 ) ) ;
#6164 = SURFACE_STYLE_USAGE ( .BOTH. , #7620 ) ;
#6165 = PLANE ( 'NONE',  #2615 ) ;
#6166 =( NAMED_UNIT ( * ) SI_UNIT ( $, .STERADIAN. ) SOLID_ANGLE_UNIT ( ) );
#6167 = ADVANCED_FACE ( 'NONE', ( #6198 ), #3980, .F. ) ;
#6168 = MECHANICAL_DESIGN_GEOMETRIC_PRESENTATION_REPRESENTATION (  '', ( #5696 ), #5231 ) ;
#6169 = ORIENTED_EDGE ( 'NONE', *, *, #3506, .F. ) ;
#6170 = PLANE ( 'NONE',  #384 ) ;
#6171 = ORIENTED_EDGE ( 'NONE', *, *, #1738, .T. ) ;
#6172 = EDGE_CURVE ( 'NONE', #2622, #6151, #6149, .T. ) ;
#6173 = LINE ( 'NONE', #6218, #4723 ) ;
#6174 = PLANE ( 'NONE',  #3673 ) ;
#6175 = STYLED_ITEM ( 'NONE', ( #8031 ), #5499 ) ;
#6176 = CARTESIAN_POINT ( 'NONE',  ( 1.480808929720142997, -3.000000000000000000, 0.2108089297201388157 ) ) ;
#6177 = CARTESIAN_POINT ( 'NONE',  ( 8.701268465864680834, 8.660657145849658178, -0.1887315341353228981 ) ) ;
#6178 = CARTESIAN_POINT ( 'NONE',  ( 12.69999999999999929, 2.500000000000000000, 1.270000000000000018 ) ) ;
#6179 = EDGE_CURVE ( 'NONE', #7340, #6002, #919, .T. ) ;
#6180 = CARTESIAN_POINT ( 'NONE',  ( 12.70000000000000107, 8.599999999999999645, -0.2108089297201413692 ) ) ;
#6181 = ORIENTED_EDGE ( 'NONE', *, *, #7463, .F. ) ;
#6182 = VECTOR ( 'NONE', #1039, 1000.000000000000000 ) ;
#6183 = VECTOR ( 'NONE', #8728, 1000.000000000000000 ) ;
#6184 = CARTESIAN_POINT ( 'NONE',  ( 9.100808929720143325, 8.599999999999999645, 1.041517047584500167E-15 ) ) ;
#6185 = ADVANCED_FACE ( 'NONE', ( #253 ), #970, .F. ) ;
#6186 = FACE_OUTER_BOUND ( 'NONE', #868, .T. ) ;
#6187 = FILL_AREA_STYLE ('',( #1624 ) ) ;
#6188 = SURFACE_SIDE_STYLE ('',( #4809 ) ) ;
#6189 = PRESENTATION_LAYER_ASSIGNMENT (  '', '', ( #1901 ) ) ;
#6190 = DIRECTION ( 'NONE',  ( 0.000000000000000000, 1.408054769461692709E-16, -1.000000000000000000 ) ) ;
#6191 = FACE_OUTER_BOUND ( 'NONE', #1766, .T. ) ;
#6192 = VECTOR ( 'NONE', #7272, 1000.000000000000000 ) ;
#6193 = ORIENTED_EDGE ( 'NONE', *, *, #222, .T. ) ;
#6194 = PRESENTATION_STYLE_ASSIGNMENT (( #4813 ) ) ;
#6195 = PRESENTATION_STYLE_ASSIGNMENT (( #8526 ) ) ;
#6196 =( NAMED_UNIT ( * ) SI_UNIT ( $, .STERADIAN. ) SOLID_ANGLE_UNIT ( ) );
#6197 = UNCERTAINTY_MEASURE_WITH_UNIT (LENGTH_MEASURE( 1.000000000000000082E-05 ), #8243, 'distance_accuracy_value', 'NONE');
#6198 = FACE_OUTER_BOUND ( 'NONE', #1679, .T. ) ;
#6199 = VERTEX_POINT ( 'NONE', #6908 ) ;
#6200 = EDGE_LOOP ( 'NONE', ( #9502, #1498, #2724, #3248 ) ) ;
#6201 = DIRECTION ( 'NONE',  ( 0.000000000000000000, -0.000000000000000000, 1.000000000000000000 ) ) ;
#6202 =( GEOMETRIC_REPRESENTATION_CONTEXT ( 3 ) GLOBAL_UNCERTAINTY_ASSIGNED_CONTEXT ( ( #8697 ) ) GLOBAL_UNIT_ASSIGNED_CONTEXT ( ( #1298, #3716, #8106 ) ) REPRESENTATION_CONTEXT ( 'NONE', 'WORKASPACE' ) );
#6203 = DIRECTION ( 'NONE',  ( -0.000000000000000000, 1.000000000000000000, 1.707404996040164265E-16 ) ) ;
#6204 = VERTEX_POINT ( 'NONE', #7217 ) ;
#6205 = MECHANICAL_DESIGN_GEOMETRIC_PRESENTATION_REPRESENTATION (  '', ( #2088 ), #6849 ) ;
#6206 = DIRECTION ( 'NONE',  ( -0.000000000000000000, 1.000000000000000000, 1.707404996040164265E-16 ) ) ;
#6207 = VERTEX_POINT ( 'NONE', #2385 ) ;
#6208 = ORIENTED_EDGE ( 'NONE', *, *, #6209, .T. ) ;
#6209 = EDGE_CURVE ( 'NONE', #1284, #1786, #117, .T. ) ;
#6210 = DIRECTION ( 'NONE',  ( 1.000000000000000000, 0.000000000000000000, 0.000000000000000000 ) ) ;
#6211 = AXIS2_PLACEMENT_3D ( 'NONE', #6031, #9700, #714 ) ;
#6212 = FACE_OUTER_BOUND ( 'NONE', #2247, .T. ) ;
#6213 = VERTEX_POINT ( 'NONE', #9189 ) ;
#6214 = CARTESIAN_POINT ( 'NONE',  ( 6.560808929720142402, -3.000000000000000000, 1.270000000000000018 ) ) ;
#6215 = VECTOR ( 'NONE', #7839, 1000.000000000000000 ) ;
#6216 = EDGE_CURVE ( 'NONE', #4932, #6213, #424, .T. ) ;
#6217 = EDGE_LOOP ( 'NONE', ( #2188, #1783, #7314, #4131 ) ) ;
#6218 = CARTESIAN_POINT ( 'NONE',  ( 6.139191070279860440, -3.000000000000000000, -0.3200000000000031708 ) ) ;
#6219 = DIRECTION ( 'NONE',  ( -0.9396926207859117586, -0.3420201433256594981, -0.000000000000000000 ) ) ;
#6220 = SURFACE_SIDE_STYLE ('',( #227 ) ) ;
#6221 = LINE ( 'NONE', #9262, #8247 ) ;
#6222 = DIRECTION ( 'NONE',  ( 0.3236155771181768448, 0.8891264907159940334, 0.3236155771181768448 ) ) ;
#6223 = DIRECTION ( 'NONE',  ( 0.000000000000000000, 3.771912141373855303E-16, 1.000000000000000000 ) ) ;
#6224 = CARTESIAN_POINT ( 'NONE',  ( -7.519999999999998685, -0.03999999999999967470, -1.020000000000004237 ) ) ;
#6225 = AXIS2_PLACEMENT_3D ( 'NONE', #7439, #6687, #5996 ) ;
#6226 = ADVANCED_FACE ( 'NONE', ( #3141 ), #7658, .F. ) ;
#6227 =( NAMED_UNIT ( * ) SI_UNIT ( $, .STERADIAN. ) SOLID_ANGLE_UNIT ( ) );
#6228 = DIRECTION ( 'NONE',  ( 0.000000000000000000, 0.000000000000000000, -1.000000000000000000 ) ) ;
#6229 =( LENGTH_UNIT ( ) NAMED_UNIT ( * ) SI_UNIT ( .MILLI., .METRE. ) );
#6230 = ADVANCED_FACE ( 'NONE', ( #8388 ), #4633, .F. ) ;
#6231 = SURFACE_STYLE_USAGE ( .BOTH. , #9228 ) ;
#6232 = UNCERTAINTY_MEASURE_WITH_UNIT (LENGTH_MEASURE( 1.000000000000000082E-05 ), #6615, 'distance_accuracy_value', 'NONE');
#6233 = FILL_AREA_STYLE ('',( #8426 ) ) ;
#6234 = AXIS2_PLACEMENT_3D ( 'NONE', #6851, #6237, #3841 ) ;
#6235 = LINE ( 'NONE', #7737, #7027 ) ;
#6236 = EDGE_CURVE ( 'NONE', #1136, #6061, #7478, .T. ) ;
#6237 = DIRECTION ( 'NONE',  ( 0.000000000000000000, 0.000000000000000000, 1.000000000000000000 ) ) ;
#6238 = ORIENTED_EDGE ( 'NONE', *, *, #3890, .F. ) ;
#6239 = LINE ( 'NONE', #4767, #9589 ) ;
#6240 = ADVANCED_FACE ( 'NONE', ( #8861 ), #2745, .T. ) ;
#6241 = FACE_OUTER_BOUND ( 'NONE', #1244, .T. ) ;
#6242 = CARTESIAN_POINT ( 'NONE',  ( 2.640000000000000124, -0.03999999999999967470, 1.019999999999995799 ) ) ;
#6243 = ORIENTED_EDGE ( 'NONE', *, *, #3500, .T. ) ;
#6244 =( NAMED_UNIT ( * ) PLANE_ANGLE_UNIT ( ) SI_UNIT ( $, .RADIAN. ) );
#6245 = COLOUR_RGB ( '',1.000000000000000000, 0.8117647058823529438, 0.5019607843137254832 ) ;
#6246 = CARTESIAN_POINT ( 'NONE',  ( -4.129999999999998117, -0.03999999999999967470, -0.3200000000000026157 ) ) ;
#6247 = STYLED_ITEM ( 'NONE', ( #9783 ), #9662 ) ;
#6248 = EDGE_LOOP ( 'NONE', ( #7364, #7606, #6664, #6715 ) ) ;
#6249 =( NAMED_UNIT ( * ) PLANE_ANGLE_UNIT ( ) SI_UNIT ( $, .RADIAN. ) );
#6250 =( LENGTH_UNIT ( ) NAMED_UNIT ( * ) SI_UNIT ( .MILLI., .METRE. ) );
#6251 = ORIENTED_EDGE ( 'NONE', *, *, #8273, .T. ) ;
#6252 = VECTOR ( 'NONE', #4562, 1000.000000000000000 ) ;
#6253 = VECTOR ( 'NONE', #1425, 1000.000000000000000 ) ;
#6254 = ORIENTED_EDGE ( 'NONE', *, *, #5133, .T. ) ;
#6255 = VERTEX_POINT ( 'NONE', #4456 ) ;
#6256 =( NAMED_UNIT ( * ) PLANE_ANGLE_UNIT ( ) SI_UNIT ( $, .RADIAN. ) );
#6257 = DIRECTION ( 'NONE',  ( 0.000000000000000000, 0.000000000000000000, -1.000000000000000000 ) ) ;
#6258 =( GEOMETRIC_REPRESENTATION_CONTEXT ( 3 ) GLOBAL_UNCERTAINTY_ASSIGNED_CONTEXT ( ( #4231 ) ) GLOBAL_UNIT_ASSIGNED_CONTEXT ( ( #145, #7117, #5042 ) ) REPRESENTATION_CONTEXT ( 'NONE', 'WORKASPACE' ) );
#6259 = SURFACE_SIDE_STYLE ('',( #1655 ) ) ;
#6260 = VECTOR ( 'NONE', #7516, 1000.000000000000000 ) ;
#6261 = EDGE_LOOP ( 'NONE', ( #4376, #3442, #8340, #2145 ) ) ;
#6262 = EDGE_LOOP ( 'NONE', ( #6408, #6762, #4143, #4190 ) ) ;
#6263 = DIRECTION ( 'NONE',  ( 0.000000000000000000, -1.707404996040164265E-16, 1.000000000000000000 ) ) ;
#6264 = ORIENTED_EDGE ( 'NONE', *, *, #5475, .F. ) ;
#6265 = DIRECTION ( 'NONE',  ( 1.000000000000000000, 0.000000000000000000, 0.000000000000000000 ) ) ;
#6266 = DIRECTION ( 'NONE',  ( -0.000000000000000000, 1.000000000000000000, 1.707404996040164265E-16 ) ) ;
#6267 = DIRECTION ( 'NONE',  ( 1.000000000000000000, 0.000000000000000000, 0.000000000000000000 ) ) ;
#6268 = PRESENTATION_LAYER_ASSIGNMENT (  '', '', ( #5345 ) ) ;
#6269 = SURFACE_STYLE_USAGE ( .BOTH. , #4610 ) ;
#6270 = DIRECTION ( 'NONE',  ( 1.000000000000000000, 0.000000000000000000, 0.000000000000000000 ) ) ;
#6271 = DIRECTION ( 'NONE',  ( 1.000000000000000000, 0.000000000000000000, 0.000000000000000000 ) ) ;
#6272 = ADVANCED_FACE ( 'NONE', ( #520 ), #5738, .F. ) ;
#6273 = ADVANCED_FACE ( 'NONE', ( #6566 ), #9592, .F. ) ;
#6274 = CARTESIAN_POINT ( 'NONE',  ( -3.599191070279858184, -3.000000000000000000, 0.3199999999999985079 ) ) ;
#6275 = ORIENTED_EDGE ( 'NONE', *, *, #1227, .F. ) ;
#6276 = SURFACE_STYLE_FILL_AREA ( #7031 ) ;
#6277 = ORIENTED_EDGE ( 'NONE', *, *, #3713, .T. ) ;
#6278 = LINE ( 'NONE', #1670, #2621 ) ;
#6279 = EDGE_CURVE ( 'NONE', #4974, #4863, #6461, .T. ) ;
#6280 = DIRECTION ( 'NONE',  ( 0.000000000000000000, 1.000000000000000000, 1.707404996040164265E-16 ) ) ;
#6281 = STYLED_ITEM ( 'NONE', ( #7410 ), #4311 ) ;
#6282 =( LENGTH_UNIT ( ) NAMED_UNIT ( * ) SI_UNIT ( .MILLI., .METRE. ) );
#6283 = DIRECTION ( 'NONE',  ( 1.000000000000000000, 0.000000000000000000, 0.000000000000000000 ) ) ;
#6284 = EDGE_CURVE ( 'NONE', #2783, #717, #5833, .T. ) ;
#6285 = ORIENTED_EDGE ( 'NONE', *, *, #5973, .F. ) ;
#6286 =( NAMED_UNIT ( * ) PLANE_ANGLE_UNIT ( ) SI_UNIT ( $, .RADIAN. ) );
#6287 = VECTOR ( 'NONE', #6655, 1000.000000000000000 ) ;
#6288 = CARTESIAN_POINT ( 'NONE',  ( -6.669999999999999929, -3.000000000000000000, 0.2108089297201388157 ) ) ;
#6289 = CARTESIAN_POINT ( 'NONE',  ( 2.640000000000000124, -0.03999999999999967470, 1.019999999999995799 ) ) ;
#6290 = VERTEX_POINT ( 'NONE', #8759 ) ;
#6291 = ADVANCED_FACE ( 'NONE', ( #6513 ), #5783, .F. ) ;
#6292 = ORIENTED_EDGE ( 'NONE', *, *, #8283, .T. ) ;
#6293 = DIRECTION ( 'NONE',  ( -1.000000000000000000, -0.000000000000000000, -0.000000000000000000 ) ) ;
#6294 =( LENGTH_UNIT ( ) NAMED_UNIT ( * ) SI_UNIT ( .MILLI., .METRE. ) );
#6295 = SURFACE_STYLE_FILL_AREA ( #3283 ) ;
#6296 = FACE_OUTER_BOUND ( 'NONE', #5868, .T. ) ;
#6297 =( GEOMETRIC_REPRESENTATION_CONTEXT ( 3 ) GLOBAL_UNCERTAINTY_ASSIGNED_CONTEXT ( ( #5909 ) ) GLOBAL_UNIT_ASSIGNED_CONTEXT ( ( #8978, #2273, #2174 ) ) REPRESENTATION_CONTEXT ( 'NONE', 'WORKASPACE' ) );
#6298 = ADVANCED_FACE ( 'NONE', ( #6935 ), #6174, .T. ) ;
#6299 = ORIENTED_EDGE ( 'NONE', *, *, #5277, .F. ) ;
#6300 = DIRECTION ( 'NONE',  ( 0.000000000000000000, 0.000000000000000000, -1.000000000000000000 ) ) ;
#6301 = ORIENTED_EDGE ( 'NONE', *, *, #860, .F. ) ;
#6302 = MECHANICAL_DESIGN_GEOMETRIC_PRESENTATION_REPRESENTATION (  '', ( #4576 ), #3149 ) ;
#6303 = CLOSED_SHELL ( 'NONE', ( #3839, #251, #1443, #5999, #8282, #585, #6230, #7303, #939, #626, #6129, #1019, #3378, #2044 ) ) ;
#6304 = VERTEX_POINT ( 'NONE', #5251 ) ;
#6305 = EDGE_CURVE ( 'NONE', #6826, #9342, #1564, .T. ) ;
#6306 = SURFACE_SIDE_STYLE ('',( #3194 ) ) ;
#6307 = FILL_AREA_STYLE_COLOUR ( '', #1156 ) ;
#6308 = AXIS2_PLACEMENT_3D ( 'NONE', #1736, #2525, #4780 ) ;
#6309 = ORIENTED_EDGE ( 'NONE', *, *, #9741, .F. ) ;
#6310 = FACE_OUTER_BOUND ( 'NONE', #5245, .T. ) ;
#6311 = ORIENTED_EDGE ( 'NONE', *, *, #4841, .T. ) ;
#6312 = FACE_OUTER_BOUND ( 'NONE', #3346, .T. ) ;
#6313 = ORIENTED_EDGE ( 'NONE', *, *, #8666, .F. ) ;
#6314 = DIRECTION ( 'NONE',  ( 0.000000000000000000, 0.000000000000000000, 1.000000000000000000 ) ) ;
#6315 = CARTESIAN_POINT ( 'NONE',  ( -2.439999999999999503, -0.03999999999999967470, 1.019999999999995799 ) ) ;
#6316 = LINE ( 'NONE', #9483, #2358 ) ;
#6317 = DIRECTION ( 'NONE',  ( 0.3236155771181767893, 0.8891264907159940334, -0.3236155771181771224 ) ) ;
#6318 = CARTESIAN_POINT ( 'NONE',  ( 5.180000000000000604, 2.500000000000000000, 1.019999999999996243 ) ) ;
#6319 = CARTESIAN_POINT ( 'NONE',  ( 8.570000000000003837, -0.03999999999999967470, 0.3199999999999990630 ) ) ;
#6320 = ORIENTED_EDGE ( 'NONE', *, *, #5685, .T. ) ;
#6321 = CARTESIAN_POINT ( 'NONE',  ( 12.69999999999999929, 0.000000000000000000, -1.270000000000000018 ) ) ;
#6322 = ORIENTED_EDGE ( 'NONE', *, *, #5208, .T. ) ;
#6323 = SURFACE_SIDE_STYLE ('',( #6276 ) ) ;
#6324 = PRESENTATION_LAYER_ASSIGNMENT (  '', '', ( #168 ) ) ;
#6325 = VERTEX_POINT ( 'NONE', #4556 ) ;
#6326 = FILL_AREA_STYLE_COLOUR ( '', #8504 ) ;
#6327 = DIRECTION ( 'NONE',  ( 0.000000000000000000, -0.000000000000000000, 1.000000000000000000 ) ) ;
#6328 = EDGE_CURVE ( 'NONE', #3675, #1997, #7528, .T. ) ;
#6329 =( LENGTH_UNIT ( ) NAMED_UNIT ( * ) SI_UNIT ( .MILLI., .METRE. ) );
#6330 = VECTOR ( 'NONE', #8496, 1000.000000000000000 ) ;
#6331 = CARTESIAN_POINT ( 'NONE',  ( 4.020808929720141478, -3.000000000000000000, -0.2108089297201431456 ) ) ;
#6332 = VECTOR ( 'NONE', #1518, 1000.000000000000000 ) ;
#6333 = CARTESIAN_POINT ( 'NONE',  ( -4.129999999999999893, -6.905096679918783842, -0.3200000000000038369 ) ) ;
#6334 = ORIENTED_EDGE ( 'NONE', *, *, #4298, .T. ) ;
#6335 =( NAMED_UNIT ( * ) PLANE_ANGLE_UNIT ( ) SI_UNIT ( $, .RADIAN. ) );
#6336 = CARTESIAN_POINT ( 'NONE',  ( 7.520000000000002238, 2.500000000000000444, -1.270000000000000018 ) ) ;
#6337 = DIRECTION ( 'NONE',  ( -1.000000000000000000, -0.000000000000000000, -0.000000000000000000 ) ) ;
#6338 = MECHANICAL_DESIGN_GEOMETRIC_PRESENTATION_REPRESENTATION (  '', ( #6987 ), #791 ) ;
#6339 =( NAMED_UNIT ( * ) PLANE_ANGLE_UNIT ( ) SI_UNIT ( $, .RADIAN. ) );
#6340 = ADVANCED_FACE ( 'NONE', ( #9215 ), #2210, .T. ) ;
#6341 = CARTESIAN_POINT ( 'NONE',  ( 12.69999999999999929, 2.500000000000000000, 1.270000000000000018 ) ) ;
#6342 = LINE ( 'NONE', #4032, #3481 ) ;
#6343 = CARTESIAN_POINT ( 'NONE',  ( -10.25999999999999801, -0.03999999999999967470, -1.020000000000004237 ) ) ;
#6344 = CARTESIAN_POINT ( 'NONE',  ( 1.590000000000004521, 2.500000000000000444, 0.3199999999999995071 ) ) ;
#6345 = MECHANICAL_DESIGN_GEOMETRIC_PRESENTATION_REPRESENTATION (  '', ( #7291 ), #953 ) ;
#6346 = PLANE ( 'NONE',  #4821 ) ;
#6347 = MECHANICAL_DESIGN_GEOMETRIC_PRESENTATION_REPRESENTATION (  '', ( #9664 ), #5416 ) ;
#6348 = ORIENTED_EDGE ( 'NONE', *, *, #1301, .T. ) ;
#6349 = ADVANCED_FACE ( 'NONE', ( #3776 ), #2261, .F. ) ;
#6350 = FACE_OUTER_BOUND ( 'NONE', #9786, .T. ) ;
#6351 = CARTESIAN_POINT ( 'NONE',  ( -9.209999999999999076, 2.500000000000000444, 0.3199999999999995071 ) ) ;
#6352 = ORIENTED_EDGE ( 'NONE', *, *, #1243, .T. ) ;
#6353 = ORIENTED_EDGE ( 'NONE', *, *, #3262, .F. ) ;
#6354 = PRESENTATION_LAYER_ASSIGNMENT (  '', '', ( #798 ) ) ;
#6355 = EDGE_LOOP ( 'NONE', ( #9767, #1585, #4423, #7142 ) ) ;
#6356 = ADVANCED_FACE ( 'NONE', ( #2454 ), #7070, .F. ) ;
#6357 = CARTESIAN_POINT ( 'NONE',  ( 11.64080892972014425, -3.000000000000000000, 1.270000000000000018 ) ) ;
#6358 = PLANE ( 'NONE',  #2379 ) ;
#6359 = DIRECTION ( 'NONE',  ( 0.000000000000000000, 0.000000000000000000, -1.000000000000000000 ) ) ;
#6360 = AXIS2_PLACEMENT_3D ( 'NONE', #1683, #4724, #1725 ) ;
#6361 = ORIENTED_EDGE ( 'NONE', *, *, #6981, .T. ) ;
#6362 = EDGE_CURVE ( 'NONE', #1195, #4581, #2541, .T. ) ;
#6363 =( NAMED_UNIT ( * ) SI_UNIT ( $, .STERADIAN. ) SOLID_ANGLE_UNIT ( ) );
#6364 = VERTEX_POINT ( 'NONE', #6410 ) ;
#6365 = CARTESIAN_POINT ( 'NONE',  ( -4.129999999999998117, 2.500000000000000444, -0.3200000000000021716 ) ) ;
#6366 = ORIENTED_EDGE ( 'NONE', *, *, #80, .F. ) ;
#6367 = DIRECTION ( 'NONE',  ( 0.000000000000000000, -1.000000000000000000, -1.707404996040164265E-16 ) ) ;
#6368 =( NAMED_UNIT ( * ) SI_UNIT ( $, .STERADIAN. ) SOLID_ANGLE_UNIT ( ) );
#6369 = SURFACE_STYLE_USAGE ( .BOTH. , #8557 ) ;
#6370 = CARTESIAN_POINT ( 'NONE',  ( 8.679191070279861364, -3.000000000000000000, -0.2108089297201431456 ) ) ;
#6371 = FILL_AREA_STYLE_COLOUR ( '', #2936 ) ;
#6372 = CARTESIAN_POINT ( 'NONE',  ( -12.69999999999999929, 1.885956070686925433E-16, -0.7700000000000006839 ) ) ;
#6373 = DIRECTION ( 'NONE',  ( 0.000000000000000000, 0.000000000000000000, 1.000000000000000000 ) ) ;
#6374 = VECTOR ( 'NONE', #2104, 1000.000000000000000 ) ;
#6375 = LINE ( 'NONE', #7950, #2403 ) ;
#6376 = ORIENTED_EDGE ( 'NONE', *, *, #2116, .T. ) ;
#6377 = DIRECTION ( 'NONE',  ( 0.3236155771181768448, -0.8891264907159940334, 0.3236155771181768448 ) ) ;
#6378 = CARTESIAN_POINT ( 'NONE',  ( 2.640000000000000124, -0.03999999999999967470, -1.020000000000004237 ) ) ;
#6379 = VECTOR ( 'NONE', #1213, 1000.000000000000000 ) ;
#6380 =( LENGTH_UNIT ( ) NAMED_UNIT ( * ) SI_UNIT ( .MILLI., .METRE. ) );
#6381 = CARTESIAN_POINT ( 'NONE',  ( 6.670000000000006146, -0.03999999999999967470, -0.3200000000000026157 ) ) ;
#6382 = ORIENTED_EDGE ( 'NONE', *, *, #9334, .F. ) ;
#6383 = LINE ( 'NONE', #5790, #9190 ) ;
#6384 =( NAMED_UNIT ( * ) PLANE_ANGLE_UNIT ( ) SI_UNIT ( $, .RADIAN. ) );
#6385 = CARTESIAN_POINT ( 'NONE',  ( 4.130000000000005222, 0.7500000000000001110, 0.3199999999999991740 ) ) ;
#6386 = AXIS2_PLACEMENT_3D ( 'NONE', #3589, #3178, #8476 ) ;
#6387 = EDGE_CURVE ( 'NONE', #2679, #6204, #9396, .T. ) ;
#6388 = ORIENTED_EDGE ( 'NONE', *, *, #9138, .F. ) ;
#6389 = VECTOR ( 'NONE', #6083, 1000.000000000000000 ) ;
#6390 =( NAMED_UNIT ( * ) SI_UNIT ( $, .STERADIAN. ) SOLID_ANGLE_UNIT ( ) );
#6391 = ORIENTED_EDGE ( 'NONE', *, *, #9257, .F. ) ;
#6392 = LINE ( 'NONE', #6595, #240 ) ;
#6393 = ORIENTED_EDGE ( 'NONE', *, *, #2356, .T. ) ;
#6394 = PRESENTATION_LAYER_ASSIGNMENT (  '', '', ( #1496 ) ) ;
#6395 = VECTOR ( 'NONE', #2305, 1000.000000000000000 ) ;
#6396 = COLOUR_RGB ( '',1.000000000000000000, 0.8117647058823529438, 0.5019607843137254832 ) ;
#6397 = CARTESIAN_POINT ( 'NONE',  ( -0.09999999999999766020, -0.03999999999999967470, -1.020000000000004237 ) ) ;
#6398 = CARTESIAN_POINT ( 'NONE',  ( 1.059191070279861036, -3.000000000000000000, -0.2108089297201431456 ) ) ;
#6399 = ADVANCED_FACE ( 'NONE', ( #8508 ), #4151, .F. ) ;
#6400 = COLOUR_RGB ( '',1.000000000000000000, 0.8117647058823529438, 0.5019607843137254832 ) ;
#6401 = VERTEX_POINT ( 'NONE', #2498 ) ;
#6402 = ORIENTED_EDGE ( 'NONE', *, *, #1227, .T. ) ;
#6403 = ADVANCED_FACE ( 'NONE', ( #8605 ), #3301, .F. ) ;
#6404 = MECHANICAL_DESIGN_GEOMETRIC_PRESENTATION_REPRESENTATION (  '', ( #96 ), #4838 ) ;
#6405 = CARTESIAN_POINT ( 'NONE',  ( -11.10999999999999766, -2.699999999999993072, 0.3199999999999985634 ) ) ;
#6406 = ORIENTED_EDGE ( 'NONE', *, *, #7802, .T. ) ;
#6407 =( GEOMETRIC_REPRESENTATION_CONTEXT ( 3 ) GLOBAL_UNCERTAINTY_ASSIGNED_CONTEXT ( ( #2652 ) ) GLOBAL_UNIT_ASSIGNED_CONTEXT ( ( #2096, #599, #8798 ) ) REPRESENTATION_CONTEXT ( 'NONE', 'WORKASPACE' ) );
#6408 = ORIENTED_EDGE ( 'NONE', *, *, #3116, .T. ) ;
#6409 = CARTESIAN_POINT ( 'NONE',  ( -1.480808929720139444, -3.000000000000000000, 1.270000000000000018 ) ) ;
#6410 = CARTESIAN_POINT ( 'NONE',  ( -6.669999999999999041, 0.7500000000000001110, 0.3199999999999991740 ) ) ;
#6411 = DIRECTION ( 'NONE',  ( 1.000000000000000000, 0.000000000000000000, 0.000000000000000000 ) ) ;
#6412 = EDGE_CURVE ( 'NONE', #4120, #7407, #1847, .T. ) ;
#6413 = STYLED_ITEM ( 'NONE', ( #9780 ), #3045 ) ;
#6414 = STYLED_ITEM ( 'NONE', ( #7096 ), #7749 ) ;
#6415 = PRESENTATION_STYLE_ASSIGNMENT (( #3395 ) ) ;
#6416 = PRESENTATION_STYLE_ASSIGNMENT (( #4294 ) ) ;
#6417 = CARTESIAN_POINT ( 'NONE',  ( 5.080000000000000071, 8.599999999999999645, -0.2108089297201413692 ) ) ;
#6418 = ADVANCED_FACE ( 'NONE', ( #1757 ), #1892, .F. ) ;
#6419 = LINE ( 'NONE', #958, #9723 ) ;
#6420 = CARTESIAN_POINT ( 'NONE',  ( -2.639999999999998348, 2.500000000000000888, -1.270000000000003793 ) ) ;
#6421 = VECTOR ( 'NONE', #5628, 1000.000000000000000 ) ;
#6422 = VERTEX_POINT ( 'NONE', #7811 ) ;
#6423 = CARTESIAN_POINT ( 'NONE',  ( 22.86000000000000298, 8.599999999999999645, 0.2108089297201405921 ) ) ;
#6424 = SURFACE_SIDE_STYLE ('',( #1906 ) ) ;
#6425 = LINE ( 'NONE', #2697, #4192 ) ;
#6426 = FILL_AREA_STYLE_COLOUR ( '', #231 ) ;
#6427 = PRESENTATION_LAYER_ASSIGNMENT (  '', '', ( #9291 ) ) ;
#6428 = VERTEX_POINT ( 'NONE', #996 ) ;
#6429 = PRESENTATION_STYLE_ASSIGNMENT (( #5698 ) ) ;
#6430 =( NAMED_UNIT ( * ) SI_UNIT ( $, .STERADIAN. ) SOLID_ANGLE_UNIT ( ) );
#6431 = COLOUR_RGB ( '',1.000000000000000000, 0.8117647058823529438, 0.5019607843137254832 ) ;
#6432 = CARTESIAN_POINT ( 'NONE',  ( -3.489999999999996660, 2.500000000000000444, 0.3199999999999995071 ) ) ;
#6433 = LINE ( 'NONE', #298, #1100 ) ;
#6434 = VECTOR ( 'NONE', #5135, 1000.000000000000000 ) ;
#6435 = EDGE_LOOP ( 'NONE', ( #4233, #3818, #5589, #1637 ) ) ;
#6436 = FILL_AREA_STYLE ('',( #3426 ) ) ;
#6437 = DIRECTION ( 'NONE',  ( -0.9396926207859117586, -0.3420201433256594981, 0.000000000000000000 ) ) ;
#6438 = ORIENTED_EDGE ( 'NONE', *, *, #5262, .F. ) ;
#6439 = CARTESIAN_POINT ( 'NONE',  ( 12.60000000000000320, -0.03999999999999923755, -1.270000000000004237 ) ) ;
#6440 = EDGE_LOOP ( 'NONE', ( #2396, #6934, #4635, #7310 ) ) ;
#6441 = CARTESIAN_POINT ( 'NONE',  ( -1.589999999999997637, 2.500000000000000444, 0.3199999999999995071 ) ) ;
#6442 = ADVANCED_FACE ( 'NONE', ( #4845 ), #4890, .F. ) ;
#6443 = CARTESIAN_POINT ( 'NONE',  ( -3.599191070279858184, 8.599999999999999645, -0.2108089297201413692 ) ) ;
#6444 = EDGE_CURVE ( 'NONE', #7476, #8202, #8949, .T. ) ;
#6445 = ORIENTED_EDGE ( 'NONE', *, *, #5680, .F. ) ;
#6446 = ORIENTED_EDGE ( 'NONE', *, *, #9368, .T. ) ;
#6447 = PRESENTATION_LAYER_ASSIGNMENT (  '', '', ( #2501 ) ) ;
#6448 = CARTESIAN_POINT ( 'NONE',  ( -8.569999999999998508, -2.699999999999993072, -0.3200000000000031153 ) ) ;
#6449 = VERTEX_POINT ( 'NONE', #8148 ) ;
#6450 = CARTESIAN_POINT ( 'NONE',  ( 12.69999999999999929, 9.429780353434485416E-17, -1.020000000000004237 ) ) ;
#6451 = EDGE_CURVE ( 'NONE', #836, #1447, #3549, .T. ) ;
#6452 = ORIENTED_EDGE ( 'NONE', *, *, #359, .T. ) ;
#6453 = CLOSED_SHELL ( 'NONE', ( #1184, #5936, #2892, #4533, #9323, #5452, #1159, #8358, #2576, #2979, #9438, #9006, #4066, #9449, #7936, #1215, #5289, #8854, #8764, #4732, #9720, #7150, #7311, #2920, #7926, #4909, #1288, #1924, #5028, #1608, #5032, #3315, #6291, #4129, #3752, #3998, #2309, #5801, #4727, #2245, #5143, #9330, #6403, #8550, #9454, #2770, #1674, #1681, #4606, #7682, #5459, #5865, #5891, #6063, #6713, #810, #8793, #9204, #8840, #6272, #693, #2646, #5525, #2535, #4853, #5855, #1987, #6156, #5268, #2373, #5219, #3520, #2178, #2398, #8518, #4188, #4075, #9077, #6356, #7967, #5944, #8042, #165, #2162, #4138, #6155, #4487, #6167, #7323, #767, #9603, #1494, #2640, #3875, #6418, #4864, #9039, #6226, #6463, #2170, #3588, #8660, #6009, #6273, #2460, #8112, #581, #7560, #927, #4105, #7711, #1449, #8474, #944, #5912, #6118, #4921, #2777, #5928, #1308, #3934, #8024, #4439, #5159, #6125, #3446, #6399, #5172, #4847, #2818 ) ) ;
#6454 = CARTESIAN_POINT ( 'NONE',  ( 12.69999999999999929, 0.000000000000000000, 1.270000000000000018 ) ) ;
#6455 = EDGE_LOOP ( 'NONE', ( #9290, #3499, #223, #893 ) ) ;
#6456 = CARTESIAN_POINT ( 'NONE',  ( -11.21919107027985874, 8.599999999999999645, -0.2108089297201413692 ) ) ;
#6457 = EDGE_CURVE ( 'NONE', #5382, #4828, #1344, .T. ) ;
#6458 = DIRECTION ( 'NONE',  ( 0.000000000000000000, -3.771912141373855303E-16, -1.000000000000000000 ) ) ;
#6459 = VECTOR ( 'NONE', #7091, 1000.000000000000000 ) ;
#6460 = ORIENTED_EDGE ( 'NONE', *, *, #4594, .T. ) ;
#6461 = LINE ( 'NONE', #5887, #7920 ) ;
#6462 = VECTOR ( 'NONE', #9079, 1000.000000000000000 ) ;
#6463 = ADVANCED_FACE ( 'NONE', ( #5875 ), #4390, .F. ) ;
#6464 = DIRECTION ( 'NONE',  ( 0.000000000000000000, 1.408054769461692709E-16, -1.000000000000000000 ) ) ;
#6465 = CARTESIAN_POINT ( 'NONE',  ( 12.69999999999999929, 0.7500000000000002220, -0.7700000000000006839 ) ) ;
#6466 = CARTESIAN_POINT ( 'NONE',  ( 10.16000000000000014, 8.599999999999999645, -0.2108089297201413692 ) ) ;
#6467 = EDGE_LOOP ( 'NONE', ( #5768, #9492, #637, #5428 ) ) ;
#6468 = EDGE_CURVE ( 'NONE', #397, #9697, #5089, .T. ) ;
#6469 = FILL_AREA_STYLE ('',( #3467 ) ) ;
#6470 = DIRECTION ( 'NONE',  ( -1.000000000000000000, 0.000000000000000000, 0.000000000000000000 ) ) ;
#6471 = CARTESIAN_POINT ( 'NONE',  ( -7.719999999999997975, -0.03999999999999967470, 1.019999999999995799 ) ) ;
#6472 = LINE ( 'NONE', #5748, #5982 ) ;
#6473 = DIRECTION ( 'NONE',  ( 0.000000000000000000, 0.000000000000000000, -1.000000000000000000 ) ) ;
#6474 = VECTOR ( 'NONE', #2090, 1000.000000000000000 ) ;
#6475 =( LENGTH_UNIT ( ) NAMED_UNIT ( * ) SI_UNIT ( .MILLI., .METRE. ) );
#6476 = VECTOR ( 'NONE', #3641, 1000.000000000000000 ) ;
#6477 = FILL_AREA_STYLE ('',( #9658 ) ) ;
#6478 = FACE_OUTER_BOUND ( 'NONE', #6010, .T. ) ;
#6479 = ORIENTED_EDGE ( 'NONE', *, *, #9792, .T. ) ;
#6480 = MECHANICAL_DESIGN_GEOMETRIC_PRESENTATION_REPRESENTATION (  '', ( #4769 ), #475 ) ;
#6481 = DIRECTION ( 'NONE',  ( -1.000000000000000000, -0.000000000000000000, -0.000000000000000000 ) ) ;
#6482 = AXIS2_PLACEMENT_3D ( 'NONE', #5963, #8997, #2196 ) ;
#6483 = CARTESIAN_POINT ( 'NONE',  ( 12.69999999999999929, 2.500000000000000000, 1.270000000000000018 ) ) ;
#6484 = VERTEX_POINT ( 'NONE', #8900 ) ;
#6485 =( NAMED_UNIT ( * ) PLANE_ANGLE_UNIT ( ) SI_UNIT ( $, .RADIAN. ) );
#6486 = ORIENTED_EDGE ( 'NONE', *, *, #5441, .T. ) ;
#6487 = LINE ( 'NONE', #1224, #6041 ) ;
#6488 =( NAMED_UNIT ( * ) PLANE_ANGLE_UNIT ( ) SI_UNIT ( $, .RADIAN. ) );
#6489 = CARTESIAN_POINT ( 'NONE',  ( 0.9500000000000011768, -6.905096679918783842, -0.3200000000000038369 ) ) ;
#6490 = VECTOR ( 'NONE', #7264, 1000.000000000000114 ) ;
#6491 = ORIENTED_EDGE ( 'NONE', *, *, #8462, .F. ) ;
#6492 = LINE ( 'NONE', #3441, #2941 ) ;
#6493 = VERTEX_POINT ( 'NONE', #7411 ) ;
#6494 = VECTOR ( 'NONE', #2926, 1000.000000000000000 ) ;
#6495 = ADVANCED_FACE ( 'NONE', ( #7304 ), #1289, .F. ) ;
#6496 = UNCERTAINTY_MEASURE_WITH_UNIT (LENGTH_MEASURE( 1.000000000000000082E-05 ), #7533, 'distance_accuracy_value', 'NONE');
#6497 = VECTOR ( 'NONE', #411, 1000.000000000000114 ) ;
#6498 = ORIENTED_EDGE ( 'NONE', *, *, #1852, .F. ) ;
#6499 = LINE ( 'NONE', #1237, #2175 ) ;
#6500 = DIRECTION ( 'NONE',  ( 0.000000000000000000, -1.000000000000000000, -1.707404996040164265E-16 ) ) ;
#6501 = FILL_AREA_STYLE_COLOUR ( '', #9176 ) ;
#6502 = SURFACE_SIDE_STYLE ('',( #4394 ) ) ;
#6503 = CARTESIAN_POINT ( 'NONE',  ( 1.480808929720142997, 8.599999999999999645, -0.2108089297201413692 ) ) ;
#6504 = CARTESIAN_POINT ( 'NONE',  ( 12.69999999999999929, 1.885956070686925433E-16, -0.7700000000000006839 ) ) ;
#6505 = ORIENTED_EDGE ( 'NONE', *, *, #9387, .T. ) ;
#6506 =( NAMED_UNIT ( * ) SI_UNIT ( $, .STERADIAN. ) SOLID_ANGLE_UNIT ( ) );
#6507 = EDGE_CURVE ( 'NONE', #5724, #2097, #4335, .T. ) ;
#6508 = VECTOR ( 'NONE', #3886, 1000.000000000000000 ) ;
#6509 = LINE ( 'NONE', #9540, #1113 ) ;
#6510 = STYLED_ITEM ( 'NONE', ( #8744 ), #1019 ) ;
#6511 = ORIENTED_EDGE ( 'NONE', *, *, #821, .T. ) ;
#6512 = DIRECTION ( 'NONE',  ( 0.3236155771181768448, 0.8891264907159940334, -0.3236155771181768448 ) ) ;
#6513 = FACE_OUTER_BOUND ( 'NONE', #1755, .T. ) ;
#6514 = SURFACE_STYLE_USAGE ( .BOTH. , #6424 ) ;
#6515 = DIRECTION ( 'NONE',  ( 1.000000000000000000, 0.000000000000000000, 0.000000000000000000 ) ) ;
#6516 = ADVANCED_FACE ( 'NONE', ( #3493 ), #5770, .F. ) ;
#6517 = SURFACE_STYLE_FILL_AREA ( #7321 ) ;
#6518 = CARTESIAN_POINT ( 'NONE',  ( 7.520000000000002238, 2.500000000000000444, 1.269999999999996243 ) ) ;
#6519 = EDGE_LOOP ( 'NONE', ( #8973, #2108, #977, #1588 ) ) ;
#6520 = EDGE_CURVE ( 'NONE', #2757, #9697, #5384, .T. ) ;
#6521 =( LENGTH_UNIT ( ) NAMED_UNIT ( * ) SI_UNIT ( .MILLI., .METRE. ) );
#6522 = CARTESIAN_POINT ( 'NONE',  ( -2.439999999999999503, 2.500000000000000888, -1.270000000000003793 ) ) ;
#6523 = MECHANICAL_DESIGN_GEOMETRIC_PRESENTATION_REPRESENTATION (  '', ( #2559 ), #5120 ) ;
#6524 = CARTESIAN_POINT ( 'NONE',  ( -11.75000000000000000, -6.905096679918783842, -0.3200000000000038369 ) ) ;
#6525 = SURFACE_STYLE_USAGE ( .BOTH. , #3523 ) ;
#6526 = CARTESIAN_POINT ( 'NONE',  ( 12.69999999999999929, 2.500000000000000444, -1.270000000000000018 ) ) ;
#6527 = EDGE_CURVE ( 'NONE', #4980, #7476, #7464, .T. ) ;
#6528 = DIRECTION ( 'NONE',  ( -1.000000000000000000, -0.000000000000000000, -0.000000000000000000 ) ) ;
#6529 =( LENGTH_UNIT ( ) NAMED_UNIT ( * ) SI_UNIT ( .MILLI., .METRE. ) );
#6530 = VECTOR ( 'NONE', #1830, 1000.000000000000000 ) ;
#6531 = VERTEX_POINT ( 'NONE', #4544 ) ;
#6532 = ADVANCED_FACE ( 'NONE', ( #6765 ), #3705, .T. ) ;
#6533 = CARTESIAN_POINT ( 'NONE',  ( -2.639999999999998348, -0.03999999999999967470, 1.269999999999995799 ) ) ;
#6534 = CARTESIAN_POINT ( 'NONE',  ( -2.439999999999999503, 0.000000000000000000, 1.019999999999995799 ) ) ;
#6535 = ORIENTED_EDGE ( 'NONE', *, *, #8673, .F. ) ;
#6536 = PLANE ( 'NONE',  #9568 ) ;
#6537 = ORIENTED_EDGE ( 'NONE', *, *, #2587, .T. ) ;
#6538 = ORIENTED_EDGE ( 'NONE', *, *, #7195, .F. ) ;
#6539 = DIRECTION ( 'NONE',  ( -1.000000000000000000, 0.000000000000000000, 0.000000000000000000 ) ) ;
#6540 = DIRECTION ( 'NONE',  ( 0.000000000000000000, 0.000000000000000000, -1.000000000000000000 ) ) ;
#6541 = SURFACE_STYLE_FILL_AREA ( #7345 ) ;
#6542 = AXIS2_PLACEMENT_3D ( 'NONE', #7324, #664, #6732 ) ;
#6543 = ORIENTED_EDGE ( 'NONE', *, *, #5816, .F. ) ;
#6544 = PRESENTATION_LAYER_ASSIGNMENT (  '', '', ( #2588 ) ) ;
#6545 = FILL_AREA_STYLE ('',( #7404 ) ) ;
#6546 = ORIENTED_EDGE ( 'NONE', *, *, #347, .T. ) ;
#6547 = ORIENTED_EDGE ( 'NONE', *, *, #9319, .F. ) ;
#6548 = VECTOR ( 'NONE', #4648, 1000.000000000000000 ) ;
#6549 = COLOUR_RGB ( '',1.000000000000000000, 0.8117647058823529438, 0.5019607843137254832 ) ;
#6550 = CARTESIAN_POINT ( 'NONE',  ( 7.720000000000001528, 0.000000000000000000, -1.270000000000004237 ) ) ;
#6551 = ORIENTED_EDGE ( 'NONE', *, *, #5561, .T. ) ;
#6552 = CARTESIAN_POINT ( 'NONE',  ( -10.25999999999999801, 2.500000000000000444, -1.020000000000003793 ) ) ;
#6553 = CARTESIAN_POINT ( 'NONE',  ( -6.538731534135321155, 8.660657145849658178, 0.1887315341353224540 ) ) ;
#6554 =( NAMED_UNIT ( * ) PLANE_ANGLE_UNIT ( ) SI_UNIT ( $, .RADIAN. ) );
#6555 = AXIS2_PLACEMENT_3D ( 'NONE', #9548, #2756, #8920 ) ;
#6556 = DIRECTION ( 'NONE',  ( 1.000000000000000000, 0.000000000000000000, 0.000000000000000000 ) ) ;
#6557 = VECTOR ( 'NONE', #1101, 1000.000000000000000 ) ;
#6558 = VECTOR ( 'NONE', #6677, 1000.000000000000000 ) ;
#6559 = VECTOR ( 'NONE', #4531, 1000.000000000000000 ) ;
#6560 = DIRECTION ( 'NONE',  ( -1.000000000000000000, 0.000000000000000000, 0.000000000000000000 ) ) ;
#6561 = ORIENTED_EDGE ( 'NONE', *, *, #7821, .F. ) ;
#6562 = DIRECTION ( 'NONE',  ( -0.000000000000000000, -0.000000000000000000, 1.000000000000000000 ) ) ;
#6563 = PRESENTATION_LAYER_ASSIGNMENT (  '', '', ( #4686 ) ) ;
#6564 = DIRECTION ( 'NONE',  ( -1.000000000000000000, 0.000000000000000000, 0.000000000000000000 ) ) ;
#6565 = ORIENTED_EDGE ( 'NONE', *, *, #6044, .T. ) ;
#6566 = FACE_OUTER_BOUND ( 'NONE', #6217, .T. ) ;
#6567 = VECTOR ( 'NONE', #1807, 1000.000000000000114 ) ;
#6568 = VECTOR ( 'NONE', #8618, 1000.000000000000000 ) ;
#6569 = LINE ( 'NONE', #4302, #9621 ) ;
#6570 =( LENGTH_UNIT ( ) NAMED_UNIT ( * ) SI_UNIT ( .MILLI., .METRE. ) );
#6572 = ADVANCED_FACE ( 'NONE', ( #3812 ), #2251, .F. ) ;
#6571 = FACE_OUTER_BOUND ( 'NONE', #3916, .T. ) ;
#6573 = CARTESIAN_POINT ( 'NONE',  ( -10.05999999999999872, 2.500000000000000888, -1.270000000000003793 ) ) ;
#6574 = CARTESIAN_POINT ( 'NONE',  ( 6.139191070279860440, 8.599999999999999645, 0.2108089297201405921 ) ) ;
#6575 = COLOUR_RGB ( '',1.000000000000000000, 0.8117647058823529438, 0.5019607843137254832 ) ;
#6576 = CARTESIAN_POINT ( 'NONE',  ( -1.589999999999999414, -2.699999999999993072, -0.3200000000000031153 ) ) ;
#6577 =( GEOMETRIC_REPRESENTATION_CONTEXT ( 3 ) GLOBAL_UNCERTAINTY_ASSIGNED_CONTEXT ( ( #6108 ) ) GLOBAL_UNIT_ASSIGNED_CONTEXT ( ( #86, #7983, #9296 ) ) REPRESENTATION_CONTEXT ( 'NONE', 'WORKASPACE' ) );
#6578 = VERTEX_POINT ( 'NONE', #1698 ) ;
#6579 = CARTESIAN_POINT ( 'NONE',  ( -12.69999999999999929, 2.605293268626247945E-21, 1.019999999999995799 ) ) ;
#6580 = EDGE_CURVE ( 'NONE', #3618, #7521, #7105, .T. ) ;
#6581 = DIRECTION ( 'NONE',  ( 0.000000000000000000, 0.000000000000000000, -1.000000000000000000 ) ) ;
#6582 = PLANE ( 'NONE',  #2181 ) ;
#6583 = DIRECTION ( 'NONE',  ( -1.000000000000000000, -0.000000000000000000, -0.000000000000000000 ) ) ;
#6584 = COLOUR_RGB ( '',1.000000000000000000, 0.8117647058823529438, 0.5019607843137254832 ) ;
#6585 = LINE ( 'NONE', #7923, #3413 ) ;
#6586 = EDGE_CURVE ( 'NONE', #9476, #7828, #172, .T. ) ;
#6587 = CARTESIAN_POINT ( 'NONE',  ( 6.560808929720142402, -3.000000000000000000, 0.2108089297201388157 ) ) ;
#6588 = CARTESIAN_POINT ( 'NONE',  ( -10.05999999999999872, -0.03999999999999967470, 1.269999999999995799 ) ) ;
#6589 = ORIENTED_EDGE ( 'NONE', *, *, #4237, .T. ) ;
#6590 = DIRECTION ( 'NONE',  ( 0.000000000000000000, -1.408054769461692709E-16, 1.000000000000000000 ) ) ;
#6591 = EDGE_CURVE ( 'NONE', #1181, #8603, #1743, .T. ) ;
#6592 = CARTESIAN_POINT ( 'NONE',  ( 12.69999999999999929, 0.000000000000000000, 1.019999999999995799 ) ) ;
#6593 = ORIENTED_EDGE ( 'NONE', *, *, #574, .F. ) ;
#6594 = UNCERTAINTY_MEASURE_WITH_UNIT (LENGTH_MEASURE( 1.000000000000000082E-05 ), #6294, 'distance_accuracy_value', 'NONE');
#6595 = CARTESIAN_POINT ( 'NONE',  ( 1.590000000000004521, -0.03999999999999967470, 0.3199999999999990630 ) ) ;
#6596 = ORIENTED_EDGE ( 'NONE', *, *, #9753, .T. ) ;
#6597 = SURFACE_STYLE_USAGE ( .BOTH. , #5668 ) ;
#6598 = LINE ( 'NONE', #553, #776 ) ;
#6599 = CARTESIAN_POINT ( 'NONE',  ( 0.9500000000000011768, -3.000000000000000000, 0.2108089297201388157 ) ) ;
#6600 = EDGE_CURVE ( 'NONE', #6084, #8239, #3337, .T. ) ;
#6601 = VECTOR ( 'NONE', #4555, 1000.000000000000000 ) ;
#6602 = ORIENTED_EDGE ( 'NONE', *, *, #3158, .F. ) ;
#6603 = DIRECTION ( 'NONE',  ( 0.000000000000000000, 1.000000000000000000, 1.707404996040164265E-16 ) ) ;
#6604 = ORIENTED_EDGE ( 'NONE', *, *, #861, .F. ) ;
#6605 = ADVANCED_FACE ( 'NONE', ( #8591 ), #3994, .T. ) ;
#6606 = EDGE_LOOP ( 'NONE', ( #479, #6817, #1706, #6120 ) ) ;
#6607 = STYLED_ITEM ( 'NONE', ( #1870 ), #4547 ) ;
#6608 = ORIENTED_EDGE ( 'NONE', *, *, #7245, .T. ) ;
#6609 = ORIENTED_EDGE ( 'NONE', *, *, #8543, .F. ) ;
#6610 =( LENGTH_UNIT ( ) NAMED_UNIT ( * ) SI_UNIT ( .MILLI., .METRE. ) );
#6611 = ORIENTED_EDGE ( 'NONE', *, *, #8782, .F. ) ;
#6612 = SURFACE_STYLE_USAGE ( .BOTH. , #5244 ) ;
#6613 = VECTOR ( 'NONE', #8378, 1000.000000000000000 ) ;
#6614 = VERTEX_POINT ( 'NONE', #3243 ) ;
#6615 =( LENGTH_UNIT ( ) NAMED_UNIT ( * ) SI_UNIT ( .MILLI., .METRE. ) );
#6616 = EDGE_LOOP ( 'NONE', ( #9724, #7356, #3666, #7943 ) ) ;
#6617 = DIRECTION ( 'NONE',  ( 1.000000000000000000, 0.000000000000000000, 0.000000000000000000 ) ) ;
#6618 = FACE_BOUND ( 'NONE', #4926, .T. ) ;
#6619 = AXIS2_PLACEMENT_3D ( 'NONE', #8318, #1565, #6267 ) ;
#6620 =( NAMED_UNIT ( * ) PLANE_ANGLE_UNIT ( ) SI_UNIT ( $, .RADIAN. ) );
#6621 = LINE ( 'NONE', #4560, #5463 ) ;
#6622 = CARTESIAN_POINT ( 'NONE',  ( -11.64080892972014070, -3.000000000000000000, 0.2108089297201388157 ) ) ;
#6623 = PLANE ( 'NONE',  #3559 ) ;
#6624 = VECTOR ( 'NONE', #6853, 1000.000000000000000 ) ;
#6625 = ORIENTED_EDGE ( 'NONE', *, *, #4070, .T. ) ;
#6626 = CARTESIAN_POINT ( 'NONE',  ( 1.590000000000004521, 2.500000000000000444, 0.3199999999999995071 ) ) ;
#6627 = EDGE_CURVE ( 'NONE', #2637, #5667, #7799, .T. ) ;
#6628 = CARTESIAN_POINT ( 'NONE',  ( 7.520000000000002238, 0.000000000000000000, 1.269999999999995799 ) ) ;
#6629 = CARTESIAN_POINT ( 'NONE',  ( -1.480808929720139444, -3.000000000000000000, -0.3200000000000031708 ) ) ;
#6630 = CARTESIAN_POINT ( 'NONE',  ( 12.60000000000000320, 4.743384504624081899E-17, -1.020000000000004237 ) ) ;
#6631 = ORIENTED_EDGE ( 'NONE', *, *, #9162, .F. ) ;
#6632 = ORIENTED_EDGE ( 'NONE', *, *, #646, .T. ) ;
#6633 = AXIS2_PLACEMENT_3D ( 'NONE', #5608, #4865, #204 ) ;
#6634 = CARTESIAN_POINT ( 'NONE',  ( 6.030000000000003801, -0.03999999999999967470, -0.3200000000000026157 ) ) ;
#6635 = AXIS2_PLACEMENT_3D ( 'NONE', #4728, #876, #7746 ) ;
#6636 = LINE ( 'NONE', #6800, #9407 ) ;
#6637 = ORIENTED_EDGE ( 'NONE', *, *, #7255, .T. ) ;
#6638 = DIRECTION ( 'NONE',  ( -1.000000000000000000, 0.000000000000000000, 0.000000000000000000 ) ) ;
#6639 = VERTEX_POINT ( 'NONE', #7009 ) ;
#6640 = LINE ( 'NONE', #6109, #4615 ) ;
#6641 = EDGE_LOOP ( 'NONE', ( #131, #7798, #7884, #4239 ) ) ;
#6642 = FILL_AREA_STYLE ('',( #9146 ) ) ;
#6643 = CARTESIAN_POINT ( 'NONE',  ( 6.139191070279860440, 8.599999999999999645, -0.2108089297201413692 ) ) ;
#6644 = FACE_OUTER_BOUND ( 'NONE', #8663, .T. ) ;
#6645 = EDGE_CURVE ( 'NONE', #3192, #8400, #9338, .T. ) ;
#6646 = COLOUR_RGB ( '',1.000000000000000000, 0.8117647058823529438, 0.5019607843137254832 ) ;
#6647 = VECTOR ( 'NONE', #6869, 1000.000000000000114 ) ;
#6648 = VERTEX_POINT ( 'NONE', #5485 ) ;
#6649 = ORIENTED_EDGE ( 'NONE', *, *, #1630, .T. ) ;
#6650 = EDGE_LOOP ( 'NONE', ( #7110, #3062, #2182, #2817 ) ) ;
#6651 = EDGE_CURVE ( 'NONE', #1532, #990, #2531, .T. ) ;
#6652 = DIRECTION ( 'NONE',  ( -1.000000000000000000, -0.000000000000000000, 0.000000000000000000 ) ) ;
#6653 = ORIENTED_EDGE ( 'NONE', *, *, #3328, .T. ) ;
#6654 = EDGE_LOOP ( 'NONE', ( #270, #1988, #7203, #7581 ) ) ;
#6655 = DIRECTION ( 'NONE',  ( 0.000000000000000000, 1.000000000000000000, 1.707404996040164265E-16 ) ) ;
#6656 = DIRECTION ( 'NONE',  ( 0.000000000000000000, 0.000000000000000000, -1.000000000000000000 ) ) ;
#6657 = VECTOR ( 'NONE', #5419, 1000.000000000000000 ) ;
#6658 =( LENGTH_UNIT ( ) NAMED_UNIT ( * ) SI_UNIT ( .MILLI., .METRE. ) );
#6659 = CARTESIAN_POINT ( 'NONE',  ( -11.75000000000000000, 2.500000000000000444, 0.3199999999999995071 ) ) ;
#6660 = ADVANCED_FACE ( 'NONE', ( #8444 ), #4088, .T. ) ;
#6661 = DIRECTION ( 'NONE',  ( 0.9396926207859117586, -0.3420201433256594981, -0.000000000000000000 ) ) ;
#6662 = EDGE_LOOP ( 'NONE', ( #2677, #2808, #3330, #6132 ) ) ;
#6663 = VECTOR ( 'NONE', #4756, 1000.000000000000000 ) ;
#6664 = ORIENTED_EDGE ( 'NONE', *, *, #2700, .F. ) ;
#6665 = DIRECTION ( 'NONE',  ( 1.000000000000000000, 0.000000000000000000, 0.000000000000000000 ) ) ;
#6666 = VECTOR ( 'NONE', #2051, 1000.000000000000000 ) ;
#6667 = EDGE_CURVE ( 'NONE', #1662, #1877, #4279, .T. ) ;
#6668 = CARTESIAN_POINT ( 'NONE',  ( 4.130000000000005222, 2.500000000000000444, 0.3199999999999995071 ) ) ;
#6669 = ORIENTED_EDGE ( 'NONE', *, *, #2231, .T. ) ;
#6670 = LINE ( 'NONE', #5148, #2000 ) ;
#6671 = FILL_AREA_STYLE_COLOUR ( '', #2230 ) ;
#6672 = PRESENTATION_STYLE_ASSIGNMENT (( #7367 ) ) ;
#6673 = AXIS2_PLACEMENT_3D ( 'NONE', #9527, #4936, #1047 ) ;
#6674 = ORIENTED_EDGE ( 'NONE', *, *, #2906, .F. ) ;
#6675 = LINE ( 'NONE', #2117, #7492 ) ;
#6676 = CARTESIAN_POINT ( 'NONE',  ( -10.05999999999999872, 2.500000000000000444, -1.020000000000003793 ) ) ;
#6677 = DIRECTION ( 'NONE',  ( -0.000000000000000000, 1.000000000000000000, 1.707404996040164265E-16 ) ) ;
#6678 = DIRECTION ( 'NONE',  ( 0.3236155771181769003, -0.8891264907159941444, -0.3236155771181765672 ) ) ;
#6679 = PRESENTATION_LAYER_ASSIGNMENT (  '', '', ( #6510 ) ) ;
#6680 = EDGE_LOOP ( 'NONE', ( #6352, #3290, #1619, #2898, #3126, #7929, #1751, #3529, #74, #569, #2537, #4384, #126, #2656, #6511, #4984, #8968, #1198, #2404, #1799, #3142, #7456, #7446, #137, #9008, #7713, #799, #5462, #1540, #83, #6251, #8685, #6551, #9143, #3296, #8176, #8743, #1230, #1032, #7526, #8750, #5372, #7442, #9625 ) ) ;
#6681 = SURFACE_STYLE_USAGE ( .BOTH. , #1470 ) ;
#6682 = SURFACE_STYLE_USAGE ( .BOTH. , #8331 ) ;
#6683 = LINE ( 'NONE', #9708, #4571 ) ;
#6684 = LINE ( 'NONE', #3732, #9018 ) ;
#6685 = VECTOR ( 'NONE', #7370, 1000.000000000000000 ) ;
#6686 = PLANE ( 'NONE',  #7539 ) ;
#6687 = DIRECTION ( 'NONE',  ( 0.000000000000000000, 1.000000000000000000, 0.000000000000000000 ) ) ;
#6688 = PRODUCT_DEFINITION_SHAPE ( 'NONE', 'NONE',  #192 ) ;
#6689 = DIRECTION ( 'NONE',  ( -0.000000000000000000, 1.000000000000000000, 1.707404996040164265E-16 ) ) ;
#6690 = ORIENTED_EDGE ( 'NONE', *, *, #9211, .T. ) ;
#6691 = DIRECTION ( 'NONE',  ( -1.000000000000000000, 0.000000000000000000, -0.000000000000000000 ) ) ;
#6692 = VECTOR ( 'NONE', #3611, 1000.000000000000000 ) ;
#6693 = DIRECTION ( 'NONE',  ( 0.3236155771181767893, 0.8891264907159940334, -0.3236155771181771224 ) ) ;
#6694 = ORIENTED_EDGE ( 'NONE', *, *, #6721, .T. ) ;
#6695 = UNCERTAINTY_MEASURE_WITH_UNIT (LENGTH_MEASURE( 1.000000000000000082E-05 ), #9156, 'distance_accuracy_value', 'NONE');
#6696 =( NAMED_UNIT ( * ) SI_UNIT ( $, .STERADIAN. ) SOLID_ANGLE_UNIT ( ) );
#6697 = ORIENTED_EDGE ( 'NONE', *, *, #8089, .T. ) ;
#6698 = FACE_OUTER_BOUND ( 'NONE', #8584, .T. ) ;
#6699 = CARTESIAN_POINT ( 'NONE',  ( 1.059191070279861036, 8.599999999999999645, -0.2108089297201413692 ) ) ;
#6700 = EDGE_CURVE ( 'NONE', #4828, #3942, #1989, .T. ) ;
#6701 = EDGE_CURVE ( 'NONE', #5478, #6878, #4929, .T. ) ;
#6702 = ORIENTED_EDGE ( 'NONE', *, *, #6172, .T. ) ;
#6703 = ORIENTED_EDGE ( 'NONE', *, *, #1993, .T. ) ;
#6704 =( LENGTH_UNIT ( ) NAMED_UNIT ( * ) SI_UNIT ( .MILLI., .METRE. ) );
#6705 = ORIENTED_EDGE ( 'NONE', *, *, #6179, .F. ) ;
#6706 = ORIENTED_EDGE ( 'NONE', *, *, #1078, .T. ) ;
#6707 = EDGE_CURVE ( 'NONE', #8788, #5332, #6487, .T. ) ;
#6708 = PLANE ( 'NONE',  #5035 ) ;
#6709 = CARTESIAN_POINT ( 'NONE',  ( -6.560808929720139737, 8.599999999999999645, 1.041517047584500167E-15 ) ) ;
#6710 = STYLED_ITEM ( 'NONE', ( #111 ), #8945 ) ;
#6711 = CARTESIAN_POINT ( 'NONE',  ( -2.439999999999999503, -0.03999999999999967470, 1.269999999999995799 ) ) ;
#6712 = LINE ( 'NONE', #697, #7357 ) ;
#6713 = ADVANCED_FACE ( 'NONE', ( #1934 ), #2837, .F. ) ;
#6714 = LINE ( 'NONE', #1455, #8485 ) ;
#6715 = ORIENTED_EDGE ( 'NONE', *, *, #7517, .F. ) ;
#6716 = ORIENTED_EDGE ( 'NONE', *, *, #2651, .T. ) ;
#6717 = AXIS2_PLACEMENT_3D ( 'NONE', #7531, #572, #5434 ) ;
#6718 = CARTESIAN_POINT ( 'NONE',  ( 10.16000000000000014, 8.599999999999999645, 0.2108089297201405921 ) ) ;
#6719 = VECTOR ( 'NONE', #4204, 1000.000000000000000 ) ;
#6720 = ORIENTED_EDGE ( 'NONE', *, *, #4858, .T. ) ;
#6721 = EDGE_CURVE ( 'NONE', #4388, #7619, #7343, .T. ) ;
#6722 =( NAMED_UNIT ( * ) PLANE_ANGLE_UNIT ( ) SI_UNIT ( $, .RADIAN. ) );
#6723 = VECTOR ( 'NONE', #1143, 1000.000000000000000 ) ;
#6724 = DIRECTION ( 'NONE',  ( 0.000000000000000000, 1.000000000000000000, 0.000000000000000000 ) ) ;
#6725 = AXIS2_PLACEMENT_3D ( 'NONE', #925, #9286, #2520 ) ;
#6726 = SURFACE_STYLE_USAGE ( .BOTH. , #8916 ) ;
#6727 = CARTESIAN_POINT ( 'NONE',  ( 2.440000000000001279, 0.000000000000000000, 1.269999999999995799 ) ) ;
#6728 = ADVANCED_FACE ( 'NONE', ( #551 ), #2039, .F. ) ;
#6729 = ORIENTED_EDGE ( 'NONE', *, *, #6778, .F. ) ;
#6730 = DIRECTION ( 'NONE',  ( -0.000000000000000000, 1.000000000000000000, 1.707404996040164265E-16 ) ) ;
#6731 = VECTOR ( 'NONE', #556, 1000.000000000000000 ) ;
#6732 = DIRECTION ( 'NONE',  ( 0.000000000000000000, 0.000000000000000000, 1.000000000000000000 ) ) ;
#6733 = ORIENTED_EDGE ( 'NONE', *, *, #3158, .T. ) ;
#6734 = VECTOR ( 'NONE', #1466, 1000.000000000000000 ) ;
#6735 = AXIS2_PLACEMENT_3D ( 'NONE', #5458, #2511, #8471 ) ;
#6736 =( LENGTH_UNIT ( ) NAMED_UNIT ( * ) SI_UNIT ( .MILLI., .METRE. ) );
#6737 = EDGE_CURVE ( 'NONE', #4726, #6871, #1176, .T. ) ;
#6738 = SURFACE_STYLE_FILL_AREA ( #5845 ) ;
#6739 =( LENGTH_UNIT ( ) NAMED_UNIT ( * ) SI_UNIT ( .MILLI., .METRE. ) );
#6740 = CARTESIAN_POINT ( 'NONE',  ( -9.209999999999999076, -6.905096679918783842, -0.3200000000000038369 ) ) ;
#6741 = LINE ( 'NONE', #670, #6462 ) ;
#6742 = SURFACE_SIDE_STYLE ('',( #3734 ) ) ;
#6743 = VECTOR ( 'NONE', #7903, 1000.000000000000000 ) ;
#6744 = VECTOR ( 'NONE', #4573, 1000.000000000000114 ) ;
#6745 = PLANE ( 'NONE',  #7956 ) ;
#6746 = CARTESIAN_POINT ( 'NONE',  ( -9.211734877162305324, -2.695233464171030047, 0.3217348771623044223 ) ) ;
#6747 = ORIENTED_EDGE ( 'NONE', *, *, #4112, .T. ) ;
#6748 = DIRECTION ( 'NONE',  ( -1.000000000000000000, -0.000000000000000000, -0.000000000000000000 ) ) ;
#6749 = CARTESIAN_POINT ( 'NONE',  ( -10.05999999999999872, 1.885956070686925433E-16, -0.7700000000000006839 ) ) ;
#6750 = LINE ( 'NONE', #3139, #9071 ) ;
#6751 = ORIENTED_EDGE ( 'NONE', *, *, #9660, .F. ) ;
#6752 = DIRECTION ( 'NONE',  ( -0.000000000000000000, 1.000000000000000000, 1.707404996040164265E-16 ) ) ;
#6753 = PRESENTATION_LAYER_ASSIGNMENT (  '', '', ( #3156 ) ) ;
#6754 = VERTEX_POINT ( 'NONE', #401 ) ;
#6755 = SURFACE_STYLE_FILL_AREA ( #1541 ) ;
#6756 =( NAMED_UNIT ( * ) SI_UNIT ( $, .STERADIAN. ) SOLID_ANGLE_UNIT ( ) );
#6757 =( GEOMETRIC_REPRESENTATION_CONTEXT ( 3 ) GLOBAL_UNCERTAINTY_ASSIGNED_CONTEXT ( ( #5624 ) ) GLOBAL_UNIT_ASSIGNED_CONTEXT ( ( #5212, #7541, #8870 ) ) REPRESENTATION_CONTEXT ( 'NONE', 'WORKASPACE' ) );
#6758 = ORIENTED_EDGE ( 'NONE', *, *, #5294, .T. ) ;
#6759 = PRESENTATION_STYLE_ASSIGNMENT (( #7564 ) ) ;
#6760 = CARTESIAN_POINT ( 'NONE',  ( 7.520000000000002238, -0.03999999999999967470, 1.019999999999995799 ) ) ;
#6761 = VERTEX_POINT ( 'NONE', #3432 ) ;
#6762 = ORIENTED_EDGE ( 'NONE', *, *, #4483, .T. ) ;
#6763 = CARTESIAN_POINT ( 'NONE',  ( -3.599191070279858184, 8.599999999999999645, 0.2108089297201405921 ) ) ;
#6764 = EDGE_CURVE ( 'NONE', #9174, #3064, #9521, .T. ) ;
#6765 = FACE_OUTER_BOUND ( 'NONE', #9437, .T. ) ;
#6766 = DIRECTION ( 'NONE',  ( -0.000000000000000000, 0.000000000000000000, -1.000000000000000000 ) ) ;
#6767 =( GEOMETRIC_REPRESENTATION_CONTEXT ( 3 ) GLOBAL_UNCERTAINTY_ASSIGNED_CONTEXT ( ( #1645 ) ) GLOBAL_UNIT_ASSIGNED_CONTEXT ( ( #7952, #8758, #1106 ) ) REPRESENTATION_CONTEXT ( 'NONE', 'WORKASPACE' ) );
#6768 = LINE ( 'NONE', #6020, #8292 ) ;
#6769 = CARTESIAN_POINT ( 'NONE',  ( -0.09999999999999766020, 2.500000000000000444, 1.269999999999996243 ) ) ;
#6770 = CARTESIAN_POINT ( 'NONE',  ( -11.10999999999999766, 0.7500000000000001110, 0.3199999999999991740 ) ) ;
#6771 = VERTEX_POINT ( 'NONE', #5715 ) ;
#6772 = LINE ( 'NONE', #6875, #845 ) ;
#6773 = EDGE_LOOP ( 'NONE', ( #6565, #4135, #5488, #9466 ) ) ;
#6774 = VECTOR ( 'NONE', #224, 1000.000000000000000 ) ;
#6775 = SURFACE_STYLE_USAGE ( .BOTH. , #2911 ) ;
#6776 = EDGE_LOOP ( 'NONE', ( #6924, #9260, #8540, #6062 ) ) ;
#6777 = PLANE ( 'NONE',  #1048 ) ;
#6778 = EDGE_CURVE ( 'NONE', #5961, #5817, #8738, .T. ) ;
#6779 = FILL_AREA_STYLE ('',( #2313 ) ) ;
#6780 = DIRECTION ( 'NONE',  ( 0.000000000000000000, -1.000000000000000000, -1.707404996040164265E-16 ) ) ;
#6781 = SURFACE_STYLE_USAGE ( .BOTH. , #5892 ) ;
#6782 = FACE_OUTER_BOUND ( 'NONE', #208, .T. ) ;
#6783 = LINE ( 'NONE', #2918, #8107 ) ;
#6784 = AXIS2_PLACEMENT_3D ( 'NONE', #84, #1448, #4543 ) ;
#6785 = VERTEX_POINT ( 'NONE', #2725 ) ;
#6786 = DIRECTION ( 'NONE',  ( 0.000000000000000000, 1.000000000000000000, 1.707404996040164265E-16 ) ) ;
#6787 = ORIENTED_EDGE ( 'NONE', *, *, #3949, .F. ) ;
#6788 = ADVANCED_FACE ( 'NONE', ( #8789 ), #6862, .T. ) ;
#6789 =( LENGTH_UNIT ( ) NAMED_UNIT ( * ) SI_UNIT ( .MILLI., .METRE. ) );
#6790 = ORIENTED_EDGE ( 'NONE', *, *, #1690, .T. ) ;
#6791 =( LENGTH_UNIT ( ) NAMED_UNIT ( * ) SI_UNIT ( .MILLI., .METRE. ) );
#6792 = VECTOR ( 'NONE', #6377, 1000.000000000000114 ) ;
#6793 = EDGE_CURVE ( 'NONE', #2731, #6255, #5229, .T. ) ;
#6794 = LINE ( 'NONE', #2222, #6060 ) ;
#6795 = FACE_OUTER_BOUND ( 'NONE', #2054, .T. ) ;
#6796 = CARTESIAN_POINT ( 'NONE',  ( 0.9500000000000011768, -6.905096679918783842, -0.3200000000000038369 ) ) ;
#6797 = PLANE ( 'NONE',  #825 ) ;
#6798 = PRESENTATION_LAYER_ASSIGNMENT (  '', '', ( #1222 ) ) ;
#6799 = ADVANCED_FACE ( 'NONE', ( #7504 ), #8935, .F. ) ;
#6800 = CARTESIAN_POINT ( 'NONE',  ( 3.490000000000003322, 2.500000000000000444, -0.3200000000000021716 ) ) ;
#6801 = ORIENTED_EDGE ( 'NONE', *, *, #3492, .F. ) ;
#6802 = CARTESIAN_POINT ( 'NONE',  ( -6.669999999999999929, 8.299999999999993605, 0.3200000000000004508 ) ) ;
#6803 = DIRECTION ( 'NONE',  ( 0.000000000000000000, -1.707404996040164265E-16, 1.000000000000000000 ) ) ;
#6804 = DIRECTION ( 'NONE',  ( 0.000000000000000000, 3.771912141373855303E-16, 1.000000000000000000 ) ) ;
#6805 = ORIENTED_EDGE ( 'NONE', *, *, #9102, .F. ) ;
#6806 = UNCERTAINTY_MEASURE_WITH_UNIT (LENGTH_MEASURE( 1.000000000000000082E-05 ), #3120, 'distance_accuracy_value', 'NONE');
#6807 = DIRECTION ( 'NONE',  ( -0.000000000000000000, -0.3420201433256597756, -0.9396926207859116476 ) ) ;
#6808 =( GEOMETRIC_REPRESENTATION_CONTEXT ( 3 ) GLOBAL_UNCERTAINTY_ASSIGNED_CONTEXT ( ( #8299 ) ) GLOBAL_UNIT_ASSIGNED_CONTEXT ( ( #7751, #6249, #3948 ) ) REPRESENTATION_CONTEXT ( 'NONE', 'WORKASPACE' ) );
#6809 = ORIENTED_EDGE ( 'NONE', *, *, #6451, .T. ) ;
#6810 = SURFACE_STYLE_USAGE ( .BOTH. , #6112 ) ;
#6811 = DIRECTION ( 'NONE',  ( 0.000000000000000000, 0.000000000000000000, -1.000000000000000000 ) ) ;
#6812 = ORIENTED_EDGE ( 'NONE', *, *, #9268, .T. ) ;
#6813 = PRESENTATION_LAYER_ASSIGNMENT (  '', '', ( #6967 ) ) ;
#6814 = ORIENTED_EDGE ( 'NONE', *, *, #5732, .F. ) ;
#6815 = ORIENTED_EDGE ( 'NONE', *, *, #2214, .T. ) ;
#6816 = CARTESIAN_POINT ( 'NONE',  ( -7.719999999999997975, 0.000000000000000000, 1.269999999999995799 ) ) ;
#6817 = ORIENTED_EDGE ( 'NONE', *, *, #684, .T. ) ;
#6818 = ORIENTED_EDGE ( 'NONE', *, *, #195, .T. ) ;
#6819 = LINE ( 'NONE', #2250, #7572 ) ;
#6820 = SURFACE_SIDE_STYLE ('',( #8404 ) ) ;
#6821 = FACE_OUTER_BOUND ( 'NONE', #7016, .T. ) ;
#6822 =( GEOMETRIC_REPRESENTATION_CONTEXT ( 3 ) GLOBAL_UNCERTAINTY_ASSIGNED_CONTEXT ( ( #9765 ) ) GLOBAL_UNIT_ASSIGNED_CONTEXT ( ( #8836, #5863, #7937 ) ) REPRESENTATION_CONTEXT ( 'NONE', 'WORKASPACE' ) );
#6823 = AXIS2_PLACEMENT_3D ( 'NONE', #6760, #6652, #9047 ) ;
#6824 = CARTESIAN_POINT ( 'NONE',  ( 2.640000000000000124, 2.500000000000000444, 1.269999999999996243 ) ) ;
#6825 = LINE ( 'NONE', #5386, #7689 ) ;
#6826 = VERTEX_POINT ( 'NONE', #7557 ) ;
#6827 = ADVANCED_FACE ( 'NONE', ( #2137 ), #2948, .T. ) ;
#6828 = SURFACE_STYLE_USAGE ( .BOTH. , #3819 ) ;
#6829 = AXIS2_PLACEMENT_3D ( 'NONE', #3668, #4402, #9543 ) ;
#6830 = ORIENTED_EDGE ( 'NONE', *, *, #9308, .T. ) ;
#6831 = SURFACE_STYLE_FILL_AREA ( #3871 ) ;
#6832 = SURFACE_SIDE_STYLE ('',( #5300 ) ) ;
#6833 = CARTESIAN_POINT ( 'NONE',  ( 9.210000000000002629, 8.299999999999993605, 0.3200000000000004508 ) ) ;
#6834 = DIRECTION ( 'NONE',  ( 1.000000000000000000, 0.000000000000000000, 0.000000000000000000 ) ) ;
#6835 = LINE ( 'NONE', #7586, #3368 ) ;
#6836 = CARTESIAN_POINT ( 'NONE',  ( 3.599191070279859961, -3.000000000000000000, -0.3200000000000031708 ) ) ;
#6837 = PRESENTATION_LAYER_ASSIGNMENT (  '', '', ( #7474 ) ) ;
#6838 = EDGE_CURVE ( 'NONE', #7148, #6084, #2561, .T. ) ;
#6839 = LINE ( 'NONE', #3127, #8464 ) ;
#6840 = EDGE_LOOP ( 'NONE', ( #588, #2076, #4214, #2350 ) ) ;
#6841 = DIRECTION ( 'NONE',  ( 0.000000000000000000, 1.000000000000000000, 0.000000000000000000 ) ) ;
#6842 = DIRECTION ( 'NONE',  ( 0.000000000000000000, 0.000000000000000000, -1.000000000000000000 ) ) ;
#6843 = DIRECTION ( 'NONE',  ( -1.000000000000000000, -0.000000000000000000, -0.000000000000000000 ) ) ;
#6844 = STYLED_ITEM ( 'NONE', ( #9569 ), #6728 ) ;
#6845 = EDGE_CURVE ( 'NONE', #2688, #212, #2432, .T. ) ;
#6846 = DIRECTION ( 'NONE',  ( -1.000000000000000000, -0.000000000000000000, -0.000000000000000000 ) ) ;
#6847 = CARTESIAN_POINT ( 'NONE',  ( 6.030000000000000249, -3.000000000000000000, 0.2108089297201388157 ) ) ;
#6848 = FACE_OUTER_BOUND ( 'NONE', #1404, .T. ) ;
#6849 =( GEOMETRIC_REPRESENTATION_CONTEXT ( 3 ) GLOBAL_UNCERTAINTY_ASSIGNED_CONTEXT ( ( #4243 ) ) GLOBAL_UNIT_ASSIGNED_CONTEXT ( ( #826, #7605, #5417 ) ) REPRESENTATION_CONTEXT ( 'NONE', 'WORKASPACE' ) );
#6850 = EDGE_CURVE ( 'NONE', #8809, #5420, #5612, .T. ) ;
#6851 = CARTESIAN_POINT ( 'NONE',  ( 12.69999999999999929, 0.000000000000000000, -1.270000000000000018 ) ) ;
#6852 = ORIENTED_EDGE ( 'NONE', *, *, #4124, .T. ) ;
#6853 = DIRECTION ( 'NONE',  ( 1.000000000000000000, 0.000000000000000000, 0.000000000000000000 ) ) ;
#6854 = LINE ( 'NONE', #4673, #3427 ) ;
#6855 = CARTESIAN_POINT ( 'NONE',  ( -2.639999999999998348, 0.000000000000000000, 1.270000000000000018 ) ) ;
#6856 = EDGE_LOOP ( 'NONE', ( #3381, #8091, #8501, #3280 ) ) ;
#6857 = COLOUR_RGB ( '',1.000000000000000000, 0.8117647058823529438, 0.5019607843137254832 ) ;
#6858 = CARTESIAN_POINT ( 'NONE',  ( -2.639999999999998348, 0.000000000000000000, 1.019999999999995799 ) ) ;
#6859 = VECTOR ( 'NONE', #7329, 1000.000000000000000 ) ;
#6860 = ORIENTED_EDGE ( 'NONE', *, *, #9480, .F. ) ;
#6861 = EDGE_CURVE ( 'NONE', #4826, #8535, #255, .T. ) ;
#6862 = PLANE ( 'NONE',  #21 ) ;
#6863 = SURFACE_STYLE_USAGE ( .BOTH. , #121 ) ;
#6864 = LINE ( 'NONE', #6154, #3108 ) ;
#6865 = ORIENTED_EDGE ( 'NONE', *, *, #1733, .T. ) ;
#6866 = MECHANICAL_DESIGN_GEOMETRIC_PRESENTATION_REPRESENTATION (  '', ( #5600 ), #4020 ) ;
#6867 = ORIENTED_EDGE ( 'NONE', *, *, #4981, .T. ) ;
#6868 = ORIENTED_EDGE ( 'NONE', *, *, #7013, .F. ) ;
#6869 = DIRECTION ( 'NONE',  ( 0.3236155771181768448, -0.8891264907159940334, -0.3236155771181768448 ) ) ;
#6870 = ORIENTED_EDGE ( 'NONE', *, *, #1479, .T. ) ;
#6871 = VERTEX_POINT ( 'NONE', #5472 ) ;
#6872 = VECTOR ( 'NONE', #1875, 1000.000000000000114 ) ;
#6873 = DIRECTION ( 'NONE',  ( 0.000000000000000000, 0.000000000000000000, -1.000000000000000000 ) ) ;
#6874 = EDGE_LOOP ( 'NONE', ( #7171, #2295, #4181, #4521 ) ) ;
#6875 = CARTESIAN_POINT ( 'NONE',  ( -0.09999999999999766020, 2.500000000000000888, -1.270000000000003793 ) ) ;
#6876 = VECTOR ( 'NONE', #672, 1000.000000000000000 ) ;
#6877 = FILL_AREA_STYLE_COLOUR ( '', #5889 ) ;
#6878 = VERTEX_POINT ( 'NONE', #8628 ) ;
#6879 =( NAMED_UNIT ( * ) SI_UNIT ( $, .STERADIAN. ) SOLID_ANGLE_UNIT ( ) );
#6880 = SURFACE_STYLE_FILL_AREA ( #7582 ) ;
#6881 =( NAMED_UNIT ( * ) SI_UNIT ( $, .STERADIAN. ) SOLID_ANGLE_UNIT ( ) );
#6882 = CARTESIAN_POINT ( 'NONE',  ( -4.129999999999998117, 2.500000000000000444, -0.3200000000000021716 ) ) ;
#6883 = SURFACE_STYLE_FILL_AREA ( #954 ) ;
#6884 = VECTOR ( 'NONE', #1112, 1000.000000000000000 ) ;
#6885 = SURFACE_STYLE_FILL_AREA ( #808 ) ;
#6886 = CARTESIAN_POINT ( 'NONE',  ( 8.570000000000002061, 8.299999999999993605, -0.3200000000000012279 ) ) ;
#6887 = ORIENTED_EDGE ( 'NONE', *, *, #6050, .T. ) ;
#6888 = VECTOR ( 'NONE', #6562, 1000.000000000000000 ) ;
#6889 = VECTOR ( 'NONE', #443, 1000.000000000000114 ) ;
#6890 = FILL_AREA_STYLE_COLOUR ( '', #1907 ) ;
#6891 = COLOUR_RGB ( '',0.7921568627450980005, 0.8196078431372548767, 0.9333333333333333481 ) ;
#6892 = PRESENTATION_LAYER_ASSIGNMENT (  '', '', ( #2592 ) ) ;
#6893 = DIRECTION ( 'NONE',  ( 0.000000000000000000, 0.000000000000000000, 1.000000000000000000 ) ) ;
#6894 = EDGE_CURVE ( 'NONE', #8156, #678, #8484, .T. ) ;
#6895 = EDGE_CURVE ( 'NONE', #3960, #3809, #7050, .T. ) ;
#6896 = PRESENTATION_LAYER_ASSIGNMENT (  '', '', ( #8150 ) ) ;
#6897 = LINE ( 'NONE', #5315, #2772 ) ;
#6898 = FILL_AREA_STYLE ('',( #6989 ) ) ;
#6899 = COLOUR_RGB ( '',1.000000000000000000, 0.8117647058823529438, 0.5019607843137254832 ) ;
#6900 = VECTOR ( 'NONE', #6730, 1000.000000000000000 ) ;
#6901 = AXIS2_PLACEMENT_3D ( 'NONE', #682, #8344, #9769 ) ;
#6902 = PLANE ( 'NONE',  #6234 ) ;
#6903 = VERTEX_POINT ( 'NONE', #9326 ) ;
#6904 = EDGE_CURVE ( 'NONE', #4242, #1299, #7786, .T. ) ;
#6905 = CARTESIAN_POINT ( 'NONE',  ( -2.439999999999999503, 0.000000000000000000, -1.270000000000004237 ) ) ;
#6906 = ORIENTED_EDGE ( 'NONE', *, *, #8898, .T. ) ;
#6907 = UNCERTAINTY_MEASURE_WITH_UNIT (LENGTH_MEASURE( 1.000000000000000082E-05 ), #4099, 'distance_accuracy_value', 'NONE');
#6908 = CARTESIAN_POINT ( 'NONE',  ( -9.100808929720139773, 8.599999999999999645, -0.2108089297201413692 ) ) ;
#6909 = VERTEX_POINT ( 'NONE', #5421 ) ;
#6910 = EDGE_CURVE ( 'NONE', #6639, #8905, #7834, .T. ) ;
#6911 = DIRECTION ( 'NONE',  ( 0.000000000000000000, -1.734723475976807094E-15, 1.000000000000000000 ) ) ;
#6912 = VECTOR ( 'NONE', #3613, 1000.000000000000000 ) ;
#6913 = VECTOR ( 'NONE', #257, 1000.000000000000000 ) ;
#6914 = CARTESIAN_POINT ( 'NONE',  ( 4.130000000000001670, 8.299999999999993605, -0.3200000000000012279 ) ) ;
#6915 = DIRECTION ( 'NONE',  ( -0.000000000000000000, -0.3420201433256597756, -0.9396926207859116476 ) ) ;
#6916 = ORIENTED_EDGE ( 'NONE', *, *, #9567, .F. ) ;
#6917 = ORIENTED_EDGE ( 'NONE', *, *, #9374, .F. ) ;
#6918 = ADVANCED_FACE ( 'NONE', ( #2518 ), #8435, .F. ) ;
#6919 = LINE ( 'NONE', #3857, #5536 ) ;
#6920 = AXIS2_PLACEMENT_3D ( 'NONE', #5341, #8405, #173 ) ;
#6921 = CARTESIAN_POINT ( 'NONE',  ( 12.60000000000000320, 2.500000000000000888, -1.270000000000003793 ) ) ;
#6922 = ORIENTED_EDGE ( 'NONE', *, *, #7865, .F. ) ;
#6923 = UNCERTAINTY_MEASURE_WITH_UNIT (LENGTH_MEASURE( 1.000000000000000082E-05 ), #98, 'distance_accuracy_value', 'NONE');
#6924 = ORIENTED_EDGE ( 'NONE', *, *, #2418, .T. ) ;
#6925 = PLANE ( 'NONE',  #6784 ) ;
#6926 = EDGE_CURVE ( 'NONE', #5821, #6002, #5567, .T. ) ;
#6927 = STYLED_ITEM ( 'NONE', ( #2077 ), #3699 ) ;
#6928 = CARTESIAN_POINT ( 'NONE',  ( -5.179999999999998828, 2.500000000000000444, -1.020000000000003793 ) ) ;
#6929 = ORIENTED_EDGE ( 'NONE', *, *, #7905, .F. ) ;
#6930 = EDGE_CURVE ( 'NONE', #9342, #4242, #210, .T. ) ;
#6931 = PRESENTATION_STYLE_ASSIGNMENT (( #895 ) ) ;
#6932 = DIRECTION ( 'NONE',  ( 0.9396926207859117586, -0.3420201433256594981, 0.000000000000000000 ) ) ;
#6933 = AXIS2_PLACEMENT_3D ( 'NONE', #2805, #5832, #706 ) ;
#6934 = ORIENTED_EDGE ( 'NONE', *, *, #7821, .T. ) ;
#6935 = FACE_OUTER_BOUND ( 'NONE', #9430, .T. ) ;
#6936 = PLANE ( 'NONE',  #5557 ) ;
#6937 = LINE ( 'NONE', #6177, #515 ) ;
#6938 = LINE ( 'NONE', #6178, #9119 ) ;
#6939 =( NAMED_UNIT ( * ) SI_UNIT ( $, .STERADIAN. ) SOLID_ANGLE_UNIT ( ) );
#6940 = CARTESIAN_POINT ( 'NONE',  ( -0.9499999999999977351, -3.000000000000000000, -0.2108089297201431456 ) ) ;
#6941 = VECTOR ( 'NONE', #8926, 1000.000000000000000 ) ;
#6942 = UNCERTAINTY_MEASURE_WITH_UNIT (LENGTH_MEASURE( 1.000000000000000082E-05 ), #99, 'distance_accuracy_value', 'NONE');
#6943 =( NAMED_UNIT ( * ) SI_UNIT ( $, .STERADIAN. ) SOLID_ANGLE_UNIT ( ) );
#6944 = CARTESIAN_POINT ( 'NONE',  ( 12.69999999999999929, 0.000000000000000000, -1.270000000000000018 ) ) ;
#6945 = DIRECTION ( 'NONE',  ( 1.000000000000000000, -0.000000000000000000, -0.000000000000000000 ) ) ;
#6946 = PRESENTATION_LAYER_ASSIGNMENT (  '', '', ( #1386 ) ) ;
#6947 = ORIENTED_EDGE ( 'NONE', *, *, #7232, .F. ) ;
#6948 = EDGE_CURVE ( 'NONE', #2529, #1391, #9555, .T. ) ;
#6949 = FACE_OUTER_BOUND ( 'NONE', #5085, .T. ) ;
#6950 = CARTESIAN_POINT ( 'NONE',  ( -7.519999999999998685, 0.000000000000000000, 1.269999999999995799 ) ) ;
#6951 = EDGE_LOOP ( 'NONE', ( #832, #1721, #3185, #1638 ) ) ;
#6952 = VERTEX_POINT ( 'NONE', #3582 ) ;
#6953 =( NAMED_UNIT ( * ) SI_UNIT ( $, .STERADIAN. ) SOLID_ANGLE_UNIT ( ) );
#6954 = CARTESIAN_POINT ( 'NONE',  ( 7.620000000000000107, 8.599999999999999645, 1.041517047584500167E-15 ) ) ;
#6955 = ORIENTED_EDGE ( 'NONE', *, *, #6894, .T. ) ;
#6956 = EDGE_CURVE ( 'NONE', #3003, #3002, #1264, .T. ) ;
#6957 = CARTESIAN_POINT ( 'NONE',  ( 5.180000000000000604, 0.000000000000000000, 1.019999999999995799 ) ) ;
#6958 = VECTOR ( 'NONE', #6691, 1000.000000000000000 ) ;
#6959 = LINE ( 'NONE', #3991, #9289 ) ;
#6960 = ORIENTED_EDGE ( 'NONE', *, *, #4298, .F. ) ;
#6961 = ORIENTED_EDGE ( 'NONE', *, *, #6910, .T. ) ;
#6962 = CARTESIAN_POINT ( 'NONE',  ( 12.69999999999999929, 0.7500000000000001110, 0.3199999999999991740 ) ) ;
#6963 = VERTEX_POINT ( 'NONE', #3419 ) ;
#6964 = DIRECTION ( 'NONE',  ( 1.000000000000000000, 0.000000000000000000, 0.000000000000000000 ) ) ;
#6965 = ADVANCED_FACE ( 'NONE', ( #2613 ), #8067, .F. ) ;
#6966 = DIRECTION ( 'NONE',  ( 0.000000000000000000, 0.000000000000000000, -1.000000000000000000 ) ) ;
#6967 = STYLED_ITEM ( 'NONE', ( #1474 ), #7123 ) ;
#6968 = ORIENTED_EDGE ( 'NONE', *, *, #5869, .T. ) ;
#6969 = EDGE_CURVE ( 'NONE', #543, #5420, #1119, .T. ) ;
#6970 = DIRECTION ( 'NONE',  ( 0.000000000000000000, 0.000000000000000000, -1.000000000000000000 ) ) ;
#6971 = ORIENTED_EDGE ( 'NONE', *, *, #3890, .T. ) ;
#6972 = LINE ( 'NONE', #4605, #5814 ) ;
#6973 = CARTESIAN_POINT ( 'NONE',  ( -3.489999999999998437, 8.299999999999993605, -0.3200000000000038369 ) ) ;
#6974 = FACE_OUTER_BOUND ( 'NONE', #31, .T. ) ;
#6975 = AXIS2_PLACEMENT_3D ( 'NONE', #877, #3749, #5422 ) ;
#6976 = EDGE_CURVE ( 'NONE', #9690, #20, #8017, .T. ) ;
#6977 = FACE_OUTER_BOUND ( 'NONE', #5809, .T. ) ;
#6978 = FILL_AREA_STYLE ('',( #8167 ) ) ;
#6979 = SURFACE_SIDE_STYLE ('',( #6883 ) ) ;
#6980 = PLANE ( 'NONE',  #7358 ) ;
#6981 = EDGE_CURVE ( 'NONE', #7887, #5672, #1164, .T. ) ;
#6982 = MECHANICAL_DESIGN_GEOMETRIC_PRESENTATION_REPRESENTATION (  '', ( #1424 ), #5248 ) ;
#6983 = VECTOR ( 'NONE', #8629, 1000.000000000000000 ) ;
#6984 = CARTESIAN_POINT ( 'NONE',  ( 7.720000000000001528, 1.885956070686925433E-16, -0.7700000000000006839 ) ) ;
#6985 = SURFACE_STYLE_USAGE ( .BOTH. , #907 ) ;
#6986 = DIRECTION ( 'NONE',  ( -0.000000000000000000, 1.000000000000000000, 1.408054769461692709E-16 ) ) ;
#6987 = STYLED_ITEM ( 'NONE', ( #207 ), #6185 ) ;
#6988 = FILL_AREA_STYLE ('',( #1820 ) ) ;
#6989 = FILL_AREA_STYLE_COLOUR ( '', #2110 ) ;
#6990 = CARTESIAN_POINT ( 'NONE',  ( -6.139191070279857776, 8.599999999999999645, 0.2108089297201405921 ) ) ;
#6991 = VECTOR ( 'NONE', #9129, 1000.000000000000000 ) ;
#6992 = ORIENTED_EDGE ( 'NONE', *, *, #3636, .T. ) ;
#6993 = LINE ( 'NONE', #1020, #1873 ) ;
#6994 = MECHANICAL_DESIGN_GEOMETRIC_PRESENTATION_REPRESENTATION (  '', ( #4777 ), #7293 ) ;
#6995 = DIRECTION ( 'NONE',  ( 0.000000000000000000, -0.000000000000000000, 1.000000000000000000 ) ) ;
#6996 = UNCERTAINTY_MEASURE_WITH_UNIT (LENGTH_MEASURE( 1.000000000000000082E-05 ), #9132, 'distance_accuracy_value', 'NONE');
#6997 = SURFACE_STYLE_FILL_AREA ( #1023 ) ;
#6998 = VERTEX_POINT ( 'NONE', #385 ) ;
#6999 = DIRECTION ( 'NONE',  ( -0.000000000000000000, 1.000000000000000000, 1.707404996040164265E-16 ) ) ;
#7000 = DIRECTION ( 'NONE',  ( 0.000000000000000000, -0.3420201433256591650, 0.9396926207859118696 ) ) ;
#7001 = DIRECTION ( 'NONE',  ( 1.000000000000000000, 0.000000000000000000, 0.000000000000000000 ) ) ;
#7002 = ORIENTED_EDGE ( 'NONE', *, *, #7873, .F. ) ;
#7003 = DIRECTION ( 'NONE',  ( 1.000000000000000000, 0.000000000000000000, 0.000000000000000000 ) ) ;
#7004 = STYLED_ITEM ( 'NONE', ( #8040 ), #1046 ) ;
#7005 =( NAMED_UNIT ( * ) SI_UNIT ( $, .STERADIAN. ) SOLID_ANGLE_UNIT ( ) );
#7006 = VERTEX_POINT ( 'NONE', #8677 ) ;
#7007 = UNCERTAINTY_MEASURE_WITH_UNIT (LENGTH_MEASURE( 1.000000000000000082E-05 ), #3873, 'distance_accuracy_value', 'NONE');
#7008 = VERTEX_POINT ( 'NONE', #6432 ) ;
#7009 = CARTESIAN_POINT ( 'NONE',  ( 3.490000000000000213, 8.299999999999993605, 0.3200000000000004508 ) ) ;
#7010 = CARTESIAN_POINT ( 'NONE',  ( 17.78000000000000114, 8.599999999999999645, 0.2108089297201405921 ) ) ;
#7011 = EDGE_CURVE ( 'NONE', #8637, #5004, #8773, .T. ) ;
#7012 = DIRECTION ( 'NONE',  ( 0.000000000000000000, 1.408054769461692709E-16, -1.000000000000000000 ) ) ;
#7013 = EDGE_CURVE ( 'NONE', #6531, #9690, #7136, .T. ) ;
#7014 = STYLED_ITEM ( 'NONE', ( #8977 ), #1443 ) ;
#7015 = LINE ( 'NONE', #753, #5311 ) ;
#7016 = EDGE_LOOP ( 'NONE', ( #982, #6486, #1726, #7235 ) ) ;
#7017 = ADVANCED_FACE ( 'NONE', ( #9461 ), #7228, .T. ) ;
#7018 = CARTESIAN_POINT ( 'NONE',  ( 6.030000000000003801, 2.500000000000000444, 0.3199999999999995071 ) ) ;
#7019 = AXIS2_PLACEMENT_3D ( 'NONE', #1758, #7115, #1053 ) ;
#7020 = ORIENTED_EDGE ( 'NONE', *, *, #1899, .T. ) ;
#7021 = LINE ( 'NONE', #3391, #9452 ) ;
#7022 = DIRECTION ( 'NONE',  ( 1.000000000000000000, 0.000000000000000000, 0.000000000000000000 ) ) ;
#7023 = EDGE_CURVE ( 'NONE', #9038, #7100, #6042, .T. ) ;
#7024 = CARTESIAN_POINT ( 'NONE',  ( -3.489999999999996660, -0.03999999999999967470, 0.3199999999999990630 ) ) ;
#7025 = CARTESIAN_POINT ( 'NONE',  ( -4.129999999999999893, -6.905096679918783842, -0.3200000000000038369 ) ) ;
#7026 = DIRECTION ( 'NONE',  ( -0.000000000000000000, 1.000000000000000000, 1.707404996040164265E-16 ) ) ;
#7027 = VECTOR ( 'NONE', #5556, 1000.000000000000000 ) ;
#7028 = CARTESIAN_POINT ( 'NONE',  ( -4.980000000000000426, -0.03999999999999923755, -1.270000000000004237 ) ) ;
#7029 = ORIENTED_EDGE ( 'NONE', *, *, #7086, .F. ) ;
#7030 = EDGE_CURVE ( 'NONE', #4350, #8434, #9, .T. ) ;
#7031 = FILL_AREA_STYLE ('',( #5601 ) ) ;
#7032 = CARTESIAN_POINT ( 'NONE',  ( 6.560808929720142402, -3.000000000000000000, -0.2108089297201431456 ) ) ;
#7033 = CARTESIAN_POINT ( 'NONE',  ( -6.538731534135321155, 8.660657145849658178, -0.1887315341353228981 ) ) ;
#7034 = EDGE_CURVE ( 'NONE', #5943, #8802, #6741, .T. ) ;
#7035 = UNCERTAINTY_MEASURE_WITH_UNIT (LENGTH_MEASURE( 1.000000000000000082E-05 ), #2723, 'distance_accuracy_value', 'NONE');
#7036 = FACE_BOUND ( 'NONE', #5425, .T. ) ;
#7037 = VECTOR ( 'NONE', #7389, 1000.000000000000000 ) ;
#7038 = PLANE ( 'NONE',  #8458 ) ;
#7039 = CARTESIAN_POINT ( 'NONE',  ( 6.670000000000002593, -2.699999999999993072, 0.3199999999999985634 ) ) ;
#7040 = FACE_OUTER_BOUND ( 'NONE', #9764, .T. ) ;
#7041 = ORIENTED_EDGE ( 'NONE', *, *, #6044, .F. ) ;
#7042 = EDGE_CURVE ( 'NONE', #6325, #8786, #5216, .T. ) ;
#7043 = COLOUR_RGB ( '',0.7921568627450980005, 0.8196078431372548767, 0.9333333333333333481 ) ;
#7044 = STYLED_ITEM ( 'NONE', ( #4902 ), #7173 ) ;
#7045 = DIRECTION ( 'NONE',  ( 0.000000000000000000, 0.000000000000000000, -1.000000000000000000 ) ) ;
#7046 = DIRECTION ( 'NONE',  ( 1.000000000000000000, 0.000000000000000000, 0.000000000000000000 ) ) ;
#7047 =( NAMED_UNIT ( * ) SI_UNIT ( $, .STERADIAN. ) SOLID_ANGLE_UNIT ( ) );
#7048 = MECHANICAL_DESIGN_GEOMETRIC_PRESENTATION_REPRESENTATION (  '', ( #237 ), #1803 ) ;
#7049 = ORIENTED_EDGE ( 'NONE', *, *, #4258, .F. ) ;
#7050 = LINE ( 'NONE', #5519, #8716 ) ;
#7051 = VECTOR ( 'NONE', #6359, 1000.000000000000000 ) ;
#7052 = CARTESIAN_POINT ( 'NONE',  ( -11.75000000000000000, 2.500000000000000444, -0.3200000000000021716 ) ) ;
#7053 = AXIS2_PLACEMENT_3D ( 'NONE', #5538, #2450, #360 ) ;
#7054 = ORIENTED_EDGE ( 'NONE', *, *, #505, .F. ) ;
#7055 = DIRECTION ( 'NONE',  ( 1.000000000000000000, 0.000000000000000000, 0.000000000000000000 ) ) ;
#7056 = EDGE_LOOP ( 'NONE', ( #5896, #3870, #6313, #9137 ) ) ;
#7057 = ORIENTED_EDGE ( 'NONE', *, *, #5087, .T. ) ;
#7058 = COLOUR_RGB ( '',1.000000000000000000, 0.8117647058823529438, 0.5019607843137254832 ) ;
#7059 = ORIENTED_EDGE ( 'NONE', *, *, #9493, .T. ) ;
#7060 = DIRECTION ( 'NONE',  ( 0.000000000000000000, -1.408054769461692709E-16, 1.000000000000000000 ) ) ;
#7061 = PRESENTATION_LAYER_ASSIGNMENT (  '', '', ( #256 ) ) ;
#7062 = VECTOR ( 'NONE', #4696, 1000.000000000000000 ) ;
#7063 = ORIENTED_EDGE ( 'NONE', *, *, #7870, .F. ) ;
#7064 = DIRECTION ( 'NONE',  ( 0.000000000000000000, -1.000000000000000000, -1.707404996040164265E-16 ) ) ;
#7065 = EDGE_LOOP ( 'NONE', ( #827, #5374, #529, #655 ) ) ;
#7066 = EDGE_CURVE ( 'NONE', #4828, #2622, #3792, .T. ) ;
#7067 = SURFACE_SIDE_STYLE ('',( #2361 ) ) ;
#7068 = ORIENTED_EDGE ( 'NONE', *, *, #6328, .T. ) ;
#7069 = CARTESIAN_POINT ( 'NONE',  ( 12.69999999999999929, 0.7500000000000001110, 0.3199999999999991740 ) ) ;
#7070 = PLANE ( 'NONE',  #4937 ) ;
#7071 = FACE_OUTER_BOUND ( 'NONE', #5828, .T. ) ;
#7072 = FILL_AREA_STYLE_COLOUR ( '', #3219 ) ;
#7073 = LINE ( 'NONE', #3210, #5316 ) ;
#7074 = CARTESIAN_POINT ( 'NONE',  ( 10.16000000000000014, 8.599999999999999645, 0.2108089297201405921 ) ) ;
#7075 = CARTESIAN_POINT ( 'NONE',  ( 1.590000000000002967, -2.699999999999993072, 0.3199999999999985634 ) ) ;
#7076 = ORIENTED_EDGE ( 'NONE', *, *, #7457, .F. ) ;
#7077 = VECTOR ( 'NONE', #960, 1000.000000000000000 ) ;
#7078 = EDGE_CURVE ( 'NONE', #604, #2739, #6684, .T. ) ;
#7079 = FACE_OUTER_BOUND ( 'NONE', #9666, .T. ) ;
#7080 = EDGE_LOOP ( 'NONE', ( #8439, #7785, #1940, #7514 ) ) ;
#7081 = CARTESIAN_POINT ( 'NONE',  ( -9.209999999999999076, -6.905096679918783842, -0.3200000000000038369 ) ) ;
#7082 = DIRECTION ( 'NONE',  ( 0.3236155771181769003, -0.8891264907159941444, -0.3236155771181765672 ) ) ;
#7083 = SURFACE_STYLE_USAGE ( .BOTH. , #7779 ) ;
#7084 = VECTOR ( 'NONE', #1287, 1000.000000000000000 ) ;
#7085 = PRESENTATION_STYLE_ASSIGNMENT (( #200 ) ) ;
#7086 = EDGE_CURVE ( 'NONE', #5873, #1840, #9709, .T. ) ;
#7087 = SURFACE_STYLE_FILL_AREA ( #6898 ) ;
#7088 = LINE ( 'NONE', #7959, #3234 ) ;
#7089 = ORIENTED_EDGE ( 'NONE', *, *, #9334, .T. ) ;
#7090 = EDGE_CURVE ( 'NONE', #1532, #4928, #9757, .T. ) ;
#7091 = DIRECTION ( 'NONE',  ( -0.000000000000000000, 1.000000000000000000, 1.707404996040164265E-16 ) ) ;
#7092 = PRESENTATION_LAYER_ASSIGNMENT (  '', '', ( #6607 ) ) ;
#7093 = SURFACE_STYLE_USAGE ( .BOTH. , #4957 ) ;
#7094 = LINE ( 'NONE', #1869, #1121 ) ;
#7095 =( LENGTH_UNIT ( ) NAMED_UNIT ( * ) SI_UNIT ( .MILLI., .METRE. ) );
#7096 = PRESENTATION_STYLE_ASSIGNMENT (( #8533 ) ) ;
#7097 = EDGE_CURVE ( 'NONE', #8434, #8845, #8979, .T. ) ;
#7098 = DIRECTION ( 'NONE',  ( 0.000000000000000000, 1.408054769461692709E-16, -1.000000000000000000 ) ) ;
#7099 = AXIS2_PLACEMENT_3D ( 'NONE', #5979, #2115, #1303 ) ;
#7100 = VERTEX_POINT ( 'NONE', #1527 ) ;
#7101 = VERTEX_POINT ( 'NONE', #2933 ) ;
#7102 = ORIENTED_EDGE ( 'NONE', *, *, #3154, .F. ) ;
#7103 =( GEOMETRIC_REPRESENTATION_CONTEXT ( 3 ) GLOBAL_UNCERTAINTY_ASSIGNED_CONTEXT ( ( #737 ) ) GLOBAL_UNIT_ASSIGNED_CONTEXT ( ( #3302, #2683, #4197 ) ) REPRESENTATION_CONTEXT ( 'NONE', 'WORKASPACE' ) );
#7104 = ORIENTED_EDGE ( 'NONE', *, *, #698, .T. ) ;
#7105 = LINE ( 'NONE', #6962, #784 ) ;
#7106 = PLANE ( 'NONE',  #1583 ) ;
#7107 = CARTESIAN_POINT ( 'NONE',  ( 12.69999999999999929, 9.429780353434485416E-17, -1.020000000000004237 ) ) ;
#7108 = ORIENTED_EDGE ( 'NONE', *, *, #9691, .F. ) ;
#7109 = DIRECTION ( 'NONE',  ( 0.000000000000000000, 1.707404996040164265E-16, -1.000000000000000000 ) ) ;
#7110 = ORIENTED_EDGE ( 'NONE', *, *, #5794, .F. ) ;
#7111 = UNCERTAINTY_MEASURE_WITH_UNIT (LENGTH_MEASURE( 1.000000000000000082E-05 ), #7378, 'distance_accuracy_value', 'NONE');
#7112 = EDGE_LOOP ( 'NONE', ( #6694, #1276, #5577, #249 ) ) ;
#7113 = DIRECTION ( 'NONE',  ( 0.000000000000000000, -1.707404996040164265E-16, 1.000000000000000000 ) ) ;
#7114 = STYLED_ITEM ( 'NONE', ( #6429 ), #516 ) ;
#7115 = DIRECTION ( 'NONE',  ( 0.000000000000000000, 1.707404996040164265E-16, -1.000000000000000000 ) ) ;
#7116 = DIRECTION ( 'NONE',  ( 0.000000000000000000, 0.000000000000000000, 1.000000000000000000 ) ) ;
#7117 =( NAMED_UNIT ( * ) PLANE_ANGLE_UNIT ( ) SI_UNIT ( $, .RADIAN. ) );
#7118 = CARTESIAN_POINT ( 'NONE',  ( 3.490000000000003322, -0.03999999999999967470, 0.3199999999999990630 ) ) ;
#7119 = FACE_OUTER_BOUND ( 'NONE', #554, .T. ) ;
#7120 = EDGE_LOOP ( 'NONE', ( #2788, #2504, #9089, #4091 ) ) ;
#7121 = LINE ( 'NONE', #2602, #6792 ) ;
#7122 = DIRECTION ( 'NONE',  ( 0.000000000000000000, 0.000000000000000000, 1.000000000000000000 ) ) ;
#7123 = ADVANCED_FACE ( 'NONE', ( #4572 ), #60, .T. ) ;
#7124 = DIRECTION ( 'NONE',  ( 0.000000000000000000, -1.707404996040164265E-16, 1.000000000000000000 ) ) ;
#7125 = PRESENTATION_LAYER_ASSIGNMENT (  '', '', ( #6844 ) ) ;
#7126 = CARTESIAN_POINT ( 'NONE',  ( 0.000000000000000000, 8.599999999999999645, 0.2108089297201405921 ) ) ;
#7127 = VECTOR ( 'NONE', #32, 1000.000000000000000 ) ;
#7128 = LINE ( 'NONE', #6381, #7181 ) ;
#7129 = VERTEX_POINT ( 'NONE', #4417 ) ;
#7130 = FILL_AREA_STYLE_COLOUR ( '', #305 ) ;
#7131 = EDGE_CURVE ( 'NONE', #7661, #633, #7437, .T. ) ;
#7132 = LINE ( 'NONE', #433, #872 ) ;
#7133 = CARTESIAN_POINT ( 'NONE',  ( 12.60000000000000320, 1.885956070686925433E-16, -0.7700000000000006839 ) ) ;
#7134 = PRESENTATION_LAYER_ASSIGNMENT (  '', '', ( #8880 ) ) ;
#7135 = SURFACE_SIDE_STYLE ('',( #3580 ) ) ;
#7136 = LINE ( 'NONE', #4219, #9194 ) ;
#7137 = FILL_AREA_STYLE ('',( #9285 ) ) ;
#7138 = ADVANCED_FACE ( 'NONE', ( #2420 ), #908, .T. ) ;
#7139 = PLANE ( 'NONE',  #9546 ) ;
#7140 = AXIS2_PLACEMENT_3D ( 'NONE', #3456, #9402, #1247 ) ;
#7141 =( NAMED_UNIT ( * ) PLANE_ANGLE_UNIT ( ) SI_UNIT ( $, .RADIAN. ) );
#7142 = ORIENTED_EDGE ( 'NONE', *, *, #2971, .F. ) ;
#7143 = PLANE ( 'NONE',  #452 ) ;
#7144 = ADVANCED_FACE ( 'NONE', ( #199 ), #863, .F. ) ;
#7145 = SURFACE_STYLE_FILL_AREA ( #4178 ) ;
#7146 = ORIENTED_EDGE ( 'NONE', *, *, #285, .F. ) ;
#7147 = DIRECTION ( 'NONE',  ( -1.000000000000000000, -0.000000000000000000, 0.000000000000000000 ) ) ;
#7148 = VERTEX_POINT ( 'NONE', #9361 ) ;
#7149 = CARTESIAN_POINT ( 'NONE',  ( 11.75000000000000711, 0.7500000000000000000, 0.7700000000000006839 ) ) ;
#7150 = ADVANCED_FACE ( 'NONE', ( #151, #1673, #7646, #817, #7735, #3884, #7036, #3132, #6143, #2376, #5409 ), #4717, .F. ) ;
#7151 =( GEOMETRIC_REPRESENTATION_CONTEXT ( 3 ) GLOBAL_UNCERTAINTY_ASSIGNED_CONTEXT ( ( #7408 ) ) GLOBAL_UNIT_ASSIGNED_CONTEXT ( ( #5610, #3938, #6196 ) ) REPRESENTATION_CONTEXT ( 'NONE', 'WORKASPACE' ) );
#7152 = EDGE_LOOP ( 'NONE', ( #6870, #27, #3335, #2256 ) ) ;
#7153 = ORIENTED_EDGE ( 'NONE', *, *, #7986, .T. ) ;
#7154 = ORIENTED_EDGE ( 'NONE', *, *, #3492, .T. ) ;
#7155 =( LENGTH_UNIT ( ) NAMED_UNIT ( * ) SI_UNIT ( .MILLI., .METRE. ) );
#7156 = LINE ( 'NONE', #1945, #8687 ) ;
#7157 =( GEOMETRIC_REPRESENTATION_CONTEXT ( 3 ) GLOBAL_UNCERTAINTY_ASSIGNED_CONTEXT ( ( #4540 ) ) GLOBAL_UNIT_ASSIGNED_CONTEXT ( ( #8820, #8924, #6430 ) ) REPRESENTATION_CONTEXT ( 'NONE', 'WORKASPACE' ) );
#7158 = LINE ( 'NONE', #324, #2729 ) ;
#7159 = DIRECTION ( 'NONE',  ( -0.000000000000000000, -1.000000000000000000, -0.000000000000000000 ) ) ;
#7160 = CARTESIAN_POINT ( 'NONE',  ( -4.964238378621821823, 5.371844010742015563, 1.385761621378177599 ) ) ;
#7161 = FACE_OUTER_BOUND ( 'NONE', #9578, .T. ) ;
#7162 = VECTOR ( 'NONE', #6317, 1000.000000000000000 ) ;
#7163 = LINE ( 'NONE', #421, #9220 ) ;
#7164 = ORIENTED_EDGE ( 'NONE', *, *, #7653, .T. ) ;
#7165 = SURFACE_STYLE_FILL_AREA ( #3356 ) ;
#7166 = PLANE ( 'NONE',  #8524 ) ;
#7167 = LINE ( 'NONE', #5053, #5155 ) ;
#7168 = AXIS2_PLACEMENT_3D ( 'NONE', #1555, #9331, #9053 ) ;
#7169 =( NAMED_UNIT ( * ) PLANE_ANGLE_UNIT ( ) SI_UNIT ( $, .RADIAN. ) );
#7170 = CARTESIAN_POINT ( 'NONE',  ( 11.11000000000000121, 8.299999999999993605, -0.3200000000000012279 ) ) ;
#7171 = ORIENTED_EDGE ( 'NONE', *, *, #831, .T. ) ;
#7172 = LINE ( 'NONE', #1311, #8416 ) ;
#7173 = ADVANCED_FACE ( 'NONE', ( #8520 ), #3511, .T. ) ;
#7174 = PLANE ( 'NONE',  #1991 ) ;
#7175 = MECHANICAL_DESIGN_GEOMETRIC_PRESENTATION_REPRESENTATION (  '', ( #1480 ), #2921 ) ;
#7176 = PLANE ( 'NONE',  #3945 ) ;
#7177 = CARTESIAN_POINT ( 'NONE',  ( 7.720000000000001528, 2.500000000000000888, -1.270000000000003793 ) ) ;
#7178 = PLANE ( 'NONE',  #2304 ) ;
#7179 = DIRECTION ( 'NONE',  ( -0.000000000000000000, 1.000000000000000000, 1.707404996040164265E-16 ) ) ;
#7180 = AXIS2_PLACEMENT_3D ( 'NONE', #2919, #9012, #6033 ) ;
#7181 = VECTOR ( 'NONE', #8719, 1000.000000000000000 ) ;
#7182 = LINE ( 'NONE', #345, #7824 ) ;
#7183 = VERTEX_POINT ( 'NONE', #9545 ) ;
#7184 = CARTESIAN_POINT ( 'NONE',  ( -1.325728191108337395, -3.426080827528285244, -0.05572819110834042328 ) ) ;
#7185 = VECTOR ( 'NONE', #9750, 1000.000000000000114 ) ;
#7186 = EDGE_CURVE ( 'NONE', #7188, #20, #4160, .T. ) ;
#7187 = SURFACE_SIDE_STYLE ('',( #7145 ) ) ;
#7188 = VERTEX_POINT ( 'NONE', #2012 ) ;
#7189 = ORIENTED_EDGE ( 'NONE', *, *, #874, .F. ) ;
#7190 = DIRECTION ( 'NONE',  ( 0.000000000000000000, 0.000000000000000000, 1.000000000000000000 ) ) ;
#7191 = COLOUR_RGB ( '',1.000000000000000000, 0.8117647058823529438, 0.5019607843137254832 ) ;
#7192 = CARTESIAN_POINT ( 'NONE',  ( -10.25999999999999801, 2.500000000000000888, -1.270000000000003793 ) ) ;
#7193 = SURFACE_SIDE_STYLE ('',( #6541 ) ) ;
#7194 = VECTOR ( 'NONE', #3342, 1000.000000000000000 ) ;
#7195 = EDGE_CURVE ( 'NONE', #7521, #1794, #7167, .T. ) ;
#7196 = EDGE_LOOP ( 'NONE', ( #1036, #593, #6547, #947 ) ) ;
#7197 = MECHANICAL_DESIGN_GEOMETRIC_PRESENTATION_REPRESENTATION (  '', ( #1666 ), #2947 ) ;
#7198 = AXIS2_PLACEMENT_3D ( 'NONE', #6489, #5026, #8088 ) ;
#7199 = SURFACE_SIDE_STYLE ('',( #3604 ) ) ;
#7200 = ORIENTED_EDGE ( 'NONE', *, *, #6468, .T. ) ;
#7201 = EDGE_CURVE ( 'NONE', #1461, #7916, #4259, .T. ) ;
#7202 = FACE_OUTER_BOUND ( 'NONE', #2086, .T. ) ;
#7203 = ORIENTED_EDGE ( 'NONE', *, *, #468, .F. ) ;
#7204 = DIRECTION ( 'NONE',  ( -0.000000000000000000, -0.000000000000000000, 1.000000000000000000 ) ) ;
#7205 = CARTESIAN_POINT ( 'NONE',  ( -11.75000000000000000, -2.699999999999993072, -0.3200000000000031153 ) ) ;
#7206 = CARTESIAN_POINT ( 'NONE',  ( 11.11000000000000476, -0.03999999999999967470, 0.3199999999999990630 ) ) ;
#7207 = STYLED_ITEM ( 'NONE', ( #5994 ), #7966 ) ;
#7208 =( NAMED_UNIT ( * ) SI_UNIT ( $, .STERADIAN. ) SOLID_ANGLE_UNIT ( ) );
#7209 = CARTESIAN_POINT ( 'NONE',  ( 12.69999999999999929, 0.000000000000000000, 1.270000000000000018 ) ) ;
#7210 = EDGE_CURVE ( 'NONE', #2243, #9652, #1908, .T. ) ;
#7211 = CARTESIAN_POINT ( 'NONE',  ( 12.69999999999999929, 1.885956070686925433E-16, -0.7700000000000006839 ) ) ;
#7212 = EDGE_LOOP ( 'NONE', ( #2888, #6479, #7696, #6787 ) ) ;
#7213 = LINE ( 'NONE', #7906, #2444 ) ;
#7214 = CARTESIAN_POINT ( 'NONE',  ( 9.100808929720143325, -3.000000000000000000, 0.3199999999999985079 ) ) ;
#7215 = VECTOR ( 'NONE', #8690, 1000.000000000000000 ) ;
#7216 = ORIENTED_EDGE ( 'NONE', *, *, #1351, .F. ) ;
#7217 = CARTESIAN_POINT ( 'NONE',  ( 0.1000000000000011297, 2.500000000000000888, -1.270000000000003793 ) ) ;
#7218 = VECTOR ( 'NONE', #4690, 1000.000000000000000 ) ;
#7219 = LINE ( 'NONE', #2010, #3000 ) ;
#7220 =( NAMED_UNIT ( * ) SI_UNIT ( $, .STERADIAN. ) SOLID_ANGLE_UNIT ( ) );
#7221 = SURFACE_STYLE_FILL_AREA ( #3358 ) ;
#7222 = LINE ( 'NONE', #7170, #501 ) ;
#7223 = VERTEX_POINT ( 'NONE', #1201 ) ;
#7224 = DIRECTION ( 'NONE',  ( 0.000000000000000000, 0.000000000000000000, -1.000000000000000000 ) ) ;
#7225 = LINE ( 'NONE', #583, #6859 ) ;
#7226 = FILL_AREA_STYLE ('',( #8821 ) ) ;
#7227 = ORIENTED_EDGE ( 'NONE', *, *, #9278, .F. ) ;
#7228 = PLANE ( 'NONE',  #8702 ) ;
#7229 = SURFACE_STYLE_USAGE ( .BOTH. , #8824 ) ;
#7230 = DIRECTION ( 'NONE',  ( -1.000000000000000000, -0.000000000000000000, -0.000000000000000000 ) ) ;
#7231 = FILL_AREA_STYLE_COLOUR ( '', #4814 ) ;
#7232 = EDGE_CURVE ( 'NONE', #4588, #2097, #9497, .T. ) ;
#7233 = LINE ( 'NONE', #1167, #5945 ) ;
#7234 = AXIS2_PLACEMENT_3D ( 'NONE', #8555, #7113, #6367 ) ;
#7235 = ORIENTED_EDGE ( 'NONE', *, *, #7922, .F. ) ;
#7236 = FACE_OUTER_BOUND ( 'NONE', #8155, .T. ) ;
#7237 = DIRECTION ( 'NONE',  ( -0.000000000000000000, 1.000000000000000000, 1.707404996040164265E-16 ) ) ;
#7238 = VERTEX_POINT ( 'NONE', #1255 ) ;
#7239 = FACE_OUTER_BOUND ( 'NONE', #1960, .T. ) ;
#7240 = ORIENTED_EDGE ( 'NONE', *, *, #1852, .T. ) ;
#7241 = CARTESIAN_POINT ( 'NONE',  ( -4.129999999999998117, -0.03999999999999967470, 0.3199999999999990630 ) ) ;
#7242 = SURFACE_STYLE_USAGE ( .BOTH. , #5025 ) ;
#7243 = CARTESIAN_POINT ( 'NONE',  ( -10.05999999999999872, 0.000000000000000000, -1.270000000000004237 ) ) ;
#7244 = EDGE_CURVE ( 'NONE', #8868, #346, #4305, .T. ) ;
#7245 = EDGE_CURVE ( 'NONE', #8786, #7971, #6425, .T. ) ;
#7246 = ORIENTED_EDGE ( 'NONE', *, *, #8696, .F. ) ;
#7247 = DIRECTION ( 'NONE',  ( 0.000000000000000000, 0.000000000000000000, 1.000000000000000000 ) ) ;
#7248 = ORIENTED_EDGE ( 'NONE', *, *, #182, .T. ) ;
#7249 = AXIS2_PLACEMENT_3D ( 'NONE', #8665, #1200, #7871 ) ;
#7250 = CARTESIAN_POINT ( 'NONE',  ( 8.679191070279861364, 8.599999999999999645, 1.041517047584500167E-15 ) ) ;
#7251 = EDGE_LOOP ( 'NONE', ( #5971, #5438, #5957, #3547 ) ) ;
#7252 = EDGE_CURVE ( 'NONE', #5092, #370, #9451, .T. ) ;
#7253 =( NAMED_UNIT ( * ) PLANE_ANGLE_UNIT ( ) SI_UNIT ( $, .RADIAN. ) );
#7254 = CARTESIAN_POINT ( 'NONE',  ( -10.05999999999999872, 0.000000000000000000, 1.269999999999995799 ) ) ;
#7255 = EDGE_CURVE ( 'NONE', #928, #3843, #5603, .T. ) ;
#7256 = FACE_OUTER_BOUND ( 'NONE', #8200, .T. ) ;
#7257 = ORIENTED_EDGE ( 'NONE', *, *, #8036, .T. ) ;
#7258 = FACE_OUTER_BOUND ( 'NONE', #103, .T. ) ;
#7259 = CARTESIAN_POINT ( 'NONE',  ( -12.59999999999999964, 0.000000000000000000, 1.269999999999995799 ) ) ;
#7260 = VECTOR ( 'NONE', #8489, 1000.000000000000000 ) ;
#7261 = VERTEX_POINT ( 'NONE', #333 ) ;
#7262 = EDGE_CURVE ( 'NONE', #6304, #1646, #4949, .T. ) ;
#7263 = SURFACE_SIDE_STYLE ('',( #7165 ) ) ;
#7264 = DIRECTION ( 'NONE',  ( 0.3236155771181768448, 0.8891264907159940334, -0.3236155771181768448 ) ) ;
#7265 = CARTESIAN_POINT ( 'NONE',  ( -8.679191070279857811, -3.000000000000000000, -0.2108089297201431456 ) ) ;
#7266 = COLOUR_RGB ( '',1.000000000000000000, 0.8117647058823529438, 0.5019607843137254832 ) ;
#7267 = DIRECTION ( 'NONE',  ( 0.000000000000000000, 0.000000000000000000, -1.000000000000000000 ) ) ;
#7268 = EDGE_CURVE ( 'NONE', #3274, #88, #2653, .T. ) ;
#7269 = DIRECTION ( 'NONE',  ( 0.000000000000000000, -0.3420201433256594981, -0.9396926207859117586 ) ) ;
#7270 = DIRECTION ( 'NONE',  ( 1.000000000000000000, 0.000000000000000000, 0.000000000000000000 ) ) ;
#7271 = ORIENTED_EDGE ( 'NONE', *, *, #7463, .T. ) ;
#7272 = DIRECTION ( 'NONE',  ( 0.3236155771181769003, -0.8891264907159941444, -0.3236155771181765672 ) ) ;
#7273 = CARTESIAN_POINT ( 'NONE',  ( -1.589999999999997637, 0.7500000000000001110, 0.3199999999999991740 ) ) ;
#7274 = CARTESIAN_POINT ( 'NONE',  ( 3.490000000000003322, -0.03999999999999967470, 0.3199999999999990630 ) ) ;
#7275 = FACE_OUTER_BOUND ( 'NONE', #9561, .T. ) ;
#7276 = SURFACE_STYLE_FILL_AREA ( #534 ) ;
#7277 = MECHANICAL_DESIGN_GEOMETRIC_PRESENTATION_REPRESENTATION (  '', ( #41 ), #1269 ) ;
#7278 = PLANE ( 'NONE',  #6019 ) ;
#7279 = COLOUR_RGB ( '',1.000000000000000000, 0.8117647058823529438, 0.5019607843137254832 ) ;
#7280 = DIRECTION ( 'NONE',  ( 1.000000000000000000, -0.000000000000000000, -0.000000000000000000 ) ) ;
#7281 = LINE ( 'NONE', #4917, #6872 ) ;
#7282 = CARTESIAN_POINT ( 'NONE',  ( -6.669999999999999041, 2.500000000000000444, 0.3199999999999995071 ) ) ;
#7283 = ORIENTED_EDGE ( 'NONE', *, *, #426, .T. ) ;
#7284 = DIRECTION ( 'NONE',  ( 0.9396926207859117586, -0.3420201433256594981, -0.000000000000000000 ) ) ;
#7285 = CARTESIAN_POINT ( 'NONE',  ( -12.59999999999999964, 2.500000000000000888, -1.270000000000003793 ) ) ;
#7286 = ORIENTED_EDGE ( 'NONE', *, *, #5984, .T. ) ;
#7287 = UNCERTAINTY_MEASURE_WITH_UNIT (LENGTH_MEASURE( 1.000000000000000082E-05 ), #9405, 'distance_accuracy_value', 'NONE');
#7288 = LINE ( 'NONE', #8834, #5775 ) ;
#7289 = EDGE_LOOP ( 'NONE', ( #9248, #994, #282, #4397 ) ) ;
#7290 = DIRECTION ( 'NONE',  ( -1.000000000000000000, 0.000000000000000000, 0.000000000000000000 ) ) ;
#7291 = STYLED_ITEM ( 'NONE', ( #1419 ), #585 ) ;
#7292 = FILL_AREA_STYLE_COLOUR ( '', #8321 ) ;
#7293 =( GEOMETRIC_REPRESENTATION_CONTEXT ( 3 ) GLOBAL_UNCERTAINTY_ASSIGNED_CONTEXT ( ( #3140 ) ) GLOBAL_UNIT_ASSIGNED_CONTEXT ( ( #1238, #1501, #3762 ) ) REPRESENTATION_CONTEXT ( 'NONE', 'WORKASPACE' ) );
#7294 = ORIENTED_EDGE ( 'NONE', *, *, #8174, .F. ) ;
#7295 = PRODUCT_CONTEXT ( 'NONE', #5343, 'mechanical' ) ;
#7296 = ORIENTED_EDGE ( 'NONE', *, *, #418, .T. ) ;
#7297 = MECHANICAL_DESIGN_GEOMETRIC_PRESENTATION_REPRESENTATION (  '', ( #4790 ), #9678 ) ;
#7298 = ORIENTED_EDGE ( 'NONE', *, *, #1844, .T. ) ;
#7299 =( NAMED_UNIT ( * ) PLANE_ANGLE_UNIT ( ) SI_UNIT ( $, .RADIAN. ) );
#7300 = EDGE_CURVE ( 'NONE', #5471, #2395, #5693, .T. ) ;
#7301 = ORIENTED_EDGE ( 'NONE', *, *, #2753, .T. ) ;
#7302 = DIRECTION ( 'NONE',  ( -0.000000000000000000, 1.734723475976807094E-15, -1.000000000000000000 ) ) ;
#7303 = ADVANCED_FACE ( 'NONE', ( #8713 ), #9205, .F. ) ;
#7304 = FACE_OUTER_BOUND ( 'NONE', #146, .T. ) ;
#7305 = FILL_AREA_STYLE_COLOUR ( '', #8972 ) ;
#7306 = CARTESIAN_POINT ( 'NONE',  ( -11.75000000000000000, -3.000000000000000000, 0.2108089297201388157 ) ) ;
#7307 = AXIS2_PLACEMENT_3D ( 'NONE', #1483, #7700, #870 ) ;
#7308 = DIRECTION ( 'NONE',  ( -0.9396926207859117586, -0.3420201433256594981, 0.000000000000000000 ) ) ;
#7309 = SURFACE_STYLE_FILL_AREA ( #2964 ) ;
#7310 = ORIENTED_EDGE ( 'NONE', *, *, #4016, .T. ) ;
#7311 = ADVANCED_FACE ( 'NONE', ( #5938 ), #2401, .F. ) ;
#7312 = DIRECTION ( 'NONE',  ( -0.9396926207859117586, -0.3420201433256594981, 0.000000000000000000 ) ) ;
#7313 = CARTESIAN_POINT ( 'NONE',  ( -7.519999999999998685, 1.885956070686925433E-16, -0.7700000000000006839 ) ) ;
#7314 = ORIENTED_EDGE ( 'NONE', *, *, #6387, .F. ) ;
#7315 = CARTESIAN_POINT ( 'NONE',  ( -11.10999999999999766, 2.500000000000000444, 0.3199999999999995071 ) ) ;
#7316 = EDGE_CURVE ( 'NONE', #1284, #2908, #5105, .T. ) ;
#7317 = CARTESIAN_POINT ( 'NONE',  ( 12.69999999999999929, 9.429780353434485416E-17, -1.020000000000004237 ) ) ;
#7318 = EDGE_LOOP ( 'NONE', ( #4510, #3287, #1183, #4947 ) ) ;
#7319 = CARTESIAN_POINT ( 'NONE',  ( -11.75000000000000000, 8.299999999999993605, -0.3200000000000038369 ) ) ;
#7320 = CARTESIAN_POINT ( 'NONE',  ( 2.640000000000000124, 0.000000000000000000, 1.019999999999995799 ) ) ;
#7321 = FILL_AREA_STYLE ('',( #7872 ) ) ;
#7322 = PRESENTATION_LAYER_ASSIGNMENT (  '', '', ( #7014 ) ) ;
#7323 = ADVANCED_FACE ( 'NONE', ( #2809 ), #1411, .F. ) ;
#7324 = CARTESIAN_POINT ( 'NONE',  ( -10.25999999999999801, -0.03999999999999923755, -1.270000000000004237 ) ) ;
#7325 = ORIENTED_EDGE ( 'NONE', *, *, #6586, .F. ) ;
#7326 = CARTESIAN_POINT ( 'NONE',  ( 3.490000000000000213, 8.299999999999993605, 0.3200000000000004508 ) ) ;
#7327 = SURFACE_SIDE_STYLE ('',( #3729 ) ) ;
#7328 = EDGE_CURVE ( 'NONE', #7148, #543, #2867, .T. ) ;
#7329 = DIRECTION ( 'NONE',  ( -1.000000000000000000, -0.000000000000000000, -0.000000000000000000 ) ) ;
#7330 = PRESENTATION_LAYER_ASSIGNMENT (  '', '', ( #9086 ) ) ;
#7331 = CARTESIAN_POINT ( 'NONE',  ( 5.080000000000000071, 8.599999999999999645, 0.2108089297201405921 ) ) ;
#7332 =( NAMED_UNIT ( * ) PLANE_ANGLE_UNIT ( ) SI_UNIT ( $, .RADIAN. ) );
#7333 = CARTESIAN_POINT ( 'NONE',  ( 11.21919107027986229, -3.000000000000000000, -0.3200000000000031708 ) ) ;
#7334 = PRESENTATION_STYLE_ASSIGNMENT (( #1976 ) ) ;
#7335 = ADVANCED_FACE ( 'NONE', ( #4458 ), #9699, .T. ) ;
#7336 = CARTESIAN_POINT ( 'NONE',  ( 10.26000000000000156, 2.500000000000000888, -1.270000000000003793 ) ) ;
#7337 = PRESENTATION_LAYER_ASSIGNMENT (  '', '', ( #4026 ) ) ;
#7338 = ORIENTED_EDGE ( 'NONE', *, *, #63, .F. ) ;
#7339 = CARTESIAN_POINT ( 'NONE',  ( 11.64080892972014425, -3.000000000000000000, 0.3199999999999985079 ) ) ;
#7340 = VERTEX_POINT ( 'NONE', #8965 ) ;
#7341 = PLANE ( 'NONE',  #8319 ) ;
#7342 = ORIENTED_EDGE ( 'NONE', *, *, #3086, .F. ) ;
#7343 = LINE ( 'NONE', #2625, #6474 ) ;
#7344 = LINE ( 'NONE', #4530, #933 ) ;
#7345 = FILL_AREA_STYLE ('',( #4185 ) ) ;
#7346 = VECTOR ( 'NONE', #5209, 1000.000000000000114 ) ;
#7347 = ORIENTED_EDGE ( 'NONE', *, *, #3222, .T. ) ;
#7348 = ORIENTED_EDGE ( 'NONE', *, *, #6457, .F. ) ;
#7349 = STYLED_ITEM ( 'NONE', ( #1956 ), #8054 ) ;
#7350 = ORIENTED_EDGE ( 'NONE', *, *, #418, .F. ) ;
#7351 = ORIENTED_EDGE ( 'NONE', *, *, #8231, .T. ) ;
#7352 = LINE ( 'NONE', #2199, #9604 ) ;
#7353 =( NAMED_UNIT ( * ) SI_UNIT ( $, .STERADIAN. ) SOLID_ANGLE_UNIT ( ) );
#7354 = MECHANICAL_DESIGN_GEOMETRIC_PRESENTATION_REPRESENTATION (  '', ( #6247 ), #1969 ) ;
#7355 = PLANE ( 'NONE',  #5153 ) ;
#7356 = ORIENTED_EDGE ( 'NONE', *, *, #2913, .T. ) ;
#7357 = VECTOR ( 'NONE', #9736, 1000.000000000000000 ) ;
#7358 = AXIS2_PLACEMENT_3D ( 'NONE', #4711, #4612, #3967 ) ;
#7359 = DIRECTION ( 'NONE',  ( 0.000000000000000000, -1.734723475976807094E-15, 1.000000000000000000 ) ) ;
#7360 = ORIENTED_EDGE ( 'NONE', *, *, #9368, .F. ) ;
#7361 = ADVANCED_FACE ( 'NONE', ( #9746 ), #2974, .T. ) ;
#7362 = CARTESIAN_POINT ( 'NONE',  ( 9.065795051648020575, 3.882392806044252964, -2.715795051648021374 ) ) ;
#7363 = SURFACE_SIDE_STYLE ('',( #8314 ) ) ;
#7364 = ORIENTED_EDGE ( 'NONE', *, *, #7758, .T. ) ;
#7365 = SURFACE_STYLE_USAGE ( .BOTH. , #5978 ) ;
#7366 = AXIS2_PLACEMENT_3D ( 'NONE', #2738, #8808, #4155 ) ;
#7367 = SURFACE_STYLE_USAGE ( .BOTH. , #2211 ) ;
#7368 = ORIENTED_EDGE ( 'NONE', *, *, #4293, .T. ) ;
#7369 =( NAMED_UNIT ( * ) PLANE_ANGLE_UNIT ( ) SI_UNIT ( $, .RADIAN. ) );
#7370 = DIRECTION ( 'NONE',  ( -0.000000000000000000, 1.000000000000000000, 1.707404996040164265E-16 ) ) ;
#7371 = PRESENTATION_STYLE_ASSIGNMENT (( #4459 ) ) ;
#7372 = LINE ( 'NONE', #1307, #6252 ) ;
#7373 = EDGE_CURVE ( 'NONE', #2187, #7708, #4741, .T. ) ;
#7374 = MECHANICAL_DESIGN_GEOMETRIC_PRESENTATION_REPRESENTATION (  '', ( #1026 ), #8311 ) ;
#7375 = CARTESIAN_POINT ( 'NONE',  ( 1.591734877162308992, -2.695233464171030047, 0.3217348771623044223 ) ) ;
#7376 = MECHANICAL_DESIGN_GEOMETRIC_PRESENTATION_REPRESENTATION (  '', ( #3156 ), #3121 ) ;
#7377 = ORIENTED_EDGE ( 'NONE', *, *, #8370, .F. ) ;
#7378 =( LENGTH_UNIT ( ) NAMED_UNIT ( * ) SI_UNIT ( .MILLI., .METRE. ) );
#7379 = FACE_OUTER_BOUND ( 'NONE', #8477, .T. ) ;
#7380 = PLANE ( 'NONE',  #7801 ) ;
#7381 = CARTESIAN_POINT ( 'NONE',  ( 9.210000000000006182, -0.03999999999999967470, 0.3199999999999990630 ) ) ;
#7382 = EDGE_CURVE ( 'NONE', #4242, #9715, #1838, .T. ) ;
#7383 =( NAMED_UNIT ( * ) SI_UNIT ( $, .STERADIAN. ) SOLID_ANGLE_UNIT ( ) );
#7384 = LINE ( 'NONE', #8322, #7455 ) ;
#7385 = AXIS2_PLACEMENT_3D ( 'NONE', #666, #3027, #2819 ) ;
#7386 =( LENGTH_UNIT ( ) NAMED_UNIT ( * ) SI_UNIT ( .MILLI., .METRE. ) );
#7387 = CARTESIAN_POINT ( 'NONE',  ( -12.59999999999999964, 2.500000000000000444, 1.019999999999996243 ) ) ;
#7388 = EDGE_CURVE ( 'NONE', #3297, #8146, #8593, .T. ) ;
#7389 = DIRECTION ( 'NONE',  ( 0.000000000000000000, -1.734723475976807094E-15, 1.000000000000000000 ) ) ;
#7390 = ORIENTED_EDGE ( 'NONE', *, *, #4040, .F. ) ;
#7391 = CARTESIAN_POINT ( 'NONE',  ( 12.69999999999999929, 0.7500000000000001110, -0.3200000000000023381 ) ) ;
#7392 =( GEOMETRIC_REPRESENTATION_CONTEXT ( 3 ) GLOBAL_UNCERTAINTY_ASSIGNED_CONTEXT ( ( #8401 ) ) GLOBAL_UNIT_ASSIGNED_CONTEXT ( ( #3505, #4065, #8565 ) ) REPRESENTATION_CONTEXT ( 'NONE', 'WORKASPACE' ) );
#7393 = CARTESIAN_POINT ( 'NONE',  ( 5.180000000000000604, 2.500000000000000444, -1.020000000000003793 ) ) ;
#7394 = ORIENTED_EDGE ( 'NONE', *, *, #4744, .F. ) ;
#7395 = UNCERTAINTY_MEASURE_WITH_UNIT (LENGTH_MEASURE( 1.000000000000000082E-05 ), #7095, 'distance_accuracy_value', 'NONE');
#7396 = DIRECTION ( 'NONE',  ( 1.000000000000000000, 0.000000000000000000, -0.000000000000000000 ) ) ;
#7397 = ORIENTED_EDGE ( 'NONE', *, *, #9444, .T. ) ;
#7398 = EDGE_CURVE ( 'NONE', #4387, #466, #2443, .T. ) ;
#7399 = DIRECTION ( 'NONE',  ( -1.000000000000000000, 0.000000000000000000, -0.000000000000000000 ) ) ;
#7400 = CARTESIAN_POINT ( 'NONE',  ( 12.69999999999999929, 0.000000000000000000, 1.270000000000000018 ) ) ;
#7401 = FACE_OUTER_BOUND ( 'NONE', #7318, .T. ) ;
#7402 = AXIS2_PLACEMENT_3D ( 'NONE', #6027, #802, #3119 ) ;
#7403 = VERTEX_POINT ( 'NONE', #312 ) ;
#7404 = FILL_AREA_STYLE_COLOUR ( '', #101 ) ;
#7405 = ORIENTED_EDGE ( 'NONE', *, *, #7201, .F. ) ;
#7406 = LINE ( 'NONE', #6119, #7127 ) ;
#7407 = VERTEX_POINT ( 'NONE', #5487 ) ;
#7408 = UNCERTAINTY_MEASURE_WITH_UNIT (LENGTH_MEASURE( 1.000000000000000082E-05 ), #5610, 'distance_accuracy_value', 'NONE');
#7409 = ORIENTED_EDGE ( 'NONE', *, *, #3197, .T. ) ;
#7410 = PRESENTATION_STYLE_ASSIGNMENT (( #7462 ) ) ;
#7411 = CARTESIAN_POINT ( 'NONE',  ( 11.21919107027986229, -3.000000000000000000, 0.2108089297201388157 ) ) ;
#7412 = CARTESIAN_POINT ( 'NONE',  ( -12.69999999999999929, 1.741553095960974828E-16, -1.020000000000004237 ) ) ;
#7413 = PRESENTATION_STYLE_ASSIGNMENT (( #1452 ) ) ;
#7414 = ORIENTED_EDGE ( 'NONE', *, *, #6701, .T. ) ;
#7415 =( NAMED_UNIT ( * ) SI_UNIT ( $, .STERADIAN. ) SOLID_ANGLE_UNIT ( ) );
#7416 = ORIENTED_EDGE ( 'NONE', *, *, #8055, .T. ) ;
#7417 = VECTOR ( 'NONE', #4403, 1000.000000000000000 ) ;
#7418 = ORIENTED_EDGE ( 'NONE', *, *, #2155, .T. ) ;
#7419 = LINE ( 'NONE', #3662, #9572 ) ;
#7420 = CARTESIAN_POINT ( 'NONE',  ( -1.589999999999999414, -6.905096679918783842, -0.3200000000000038369 ) ) ;
#7421 = VERTEX_POINT ( 'NONE', #4833 ) ;
#7422 = CARTESIAN_POINT ( 'NONE',  ( -5.179999999999998828, -0.03999999999999923755, -1.270000000000004237 ) ) ;
#7423 = SURFACE_STYLE_USAGE ( .BOTH. , #4348 ) ;
#7424 = DIRECTION ( 'NONE',  ( 0.000000000000000000, -1.707404996040164265E-16, 1.000000000000000000 ) ) ;
#7425 = CARTESIAN_POINT ( 'NONE',  ( -8.679191070279857811, 8.599999999999999645, 1.041517047584500167E-15 ) ) ;
#7426 = DIRECTION ( 'NONE',  ( 0.000000000000000000, 0.000000000000000000, -1.000000000000000000 ) ) ;
#7427 = CARTESIAN_POINT ( 'NONE',  ( -2.439999999999999503, -0.03999999999999923755, -1.270000000000004237 ) ) ;
#7428 = LINE ( 'NONE', #622, #2600 ) ;
#7429 = LINE ( 'NONE', #8223, #2755 ) ;
#7430 = AXIS2_PLACEMENT_3D ( 'NONE', #544, #493, #8076 ) ;
#7431 = ORIENTED_EDGE ( 'NONE', *, *, #8769, .F. ) ;
#7432 = LINE ( 'NONE', #5359, #187 ) ;
#7433 = ORIENTED_EDGE ( 'NONE', *, *, #7066, .F. ) ;
#7434 = LINE ( 'NONE', #5260, #9164 ) ;
#7435 = EDGE_CURVE ( 'NONE', #2927, #6075, #5629, .T. ) ;
#7436 = EDGE_CURVE ( 'NONE', #2097, #4826, #5582, .T. ) ;
#7437 = LINE ( 'NONE', #4468, #4751 ) ;
#7438 = DIRECTION ( 'NONE',  ( 1.000000000000000000, 0.000000000000000000, -0.000000000000000000 ) ) ;
#7439 = CARTESIAN_POINT ( 'NONE',  ( 20.32000000000000028, 8.599999999999999645, 1.041517047584500167E-15 ) ) ;
#7440 = VECTOR ( 'NONE', #2821, 1000.000000000000000 ) ;
#7441 = LINE ( 'NONE', #6588, #2277 ) ;
#7442 = ORIENTED_EDGE ( 'NONE', *, *, #5882, .T. ) ;
#7443 = EDGE_CURVE ( 'NONE', #5388, #779, #8546, .T. ) ;
#7444 = LINE ( 'NONE', #675, #1400 ) ;
#7445 = DIRECTION ( 'NONE',  ( -1.000000000000000000, 0.000000000000000000, -0.000000000000000000 ) ) ;
#7446 = ORIENTED_EDGE ( 'NONE', *, *, #9500, .T. ) ;
#7447 = DIRECTION ( 'NONE',  ( 0.000000000000000000, -1.000000000000000000, -1.707404996040164265E-16 ) ) ;
#7448 = VECTOR ( 'NONE', #7060, 1000.000000000000000 ) ;
#7449 = EDGE_LOOP ( 'NONE', ( #7932, #3221, #2743, #6127 ) ) ;
#7450 = EDGE_CURVE ( 'NONE', #8000, #4120, #9340, .T. ) ;
#7451 = SURFACE_STYLE_USAGE ( .BOTH. , #4432 ) ;
#7452 = PLANE ( 'NONE',  #1240 ) ;
#7453 = PRESENTATION_STYLE_ASSIGNMENT (( #2192 ) ) ;
#7454 = VECTOR ( 'NONE', #6293, 1000.000000000000000 ) ;
#7455 = VECTOR ( 'NONE', #4268, 1000.000000000000000 ) ;
#7456 = ORIENTED_EDGE ( 'NONE', *, *, #6444, .T. ) ;
#7457 = EDGE_CURVE ( 'NONE', #8535, #8809, #987, .T. ) ;
#7458 = ORIENTED_EDGE ( 'NONE', *, *, #1129, .F. ) ;
#7459 = DIRECTION ( 'NONE',  ( -0.000000000000000000, 1.000000000000000000, 1.707404996040164265E-16 ) ) ;
#7460 = ORIENTED_EDGE ( 'NONE', *, *, #7023, .F. ) ;
#7461 = EDGE_LOOP ( 'NONE', ( #9152, #4604, #3379, #7351 ) ) ;
#7462 = SURFACE_STYLE_USAGE ( .BOTH. , #8947 ) ;
#7463 = EDGE_CURVE ( 'NONE', #7666, #1835, #9385, .T. ) ;
#7464 = LINE ( 'NONE', #3007, #1263 ) ;
#7465 = PLANE ( 'NONE',  #3597 ) ;
#7466 =( GEOMETRIC_REPRESENTATION_CONTEXT ( 3 ) GLOBAL_UNCERTAINTY_ASSIGNED_CONTEXT ( ( #5325 ) ) GLOBAL_UNIT_ASSIGNED_CONTEXT ( ( #5274, #2134, #6696 ) ) REPRESENTATION_CONTEXT ( 'NONE', 'WORKASPACE' ) );
#7467 = FILL_AREA_STYLE_COLOUR ( '', #3541 ) ;
#7468 = DIRECTION ( 'NONE',  ( 1.000000000000000000, 0.000000000000000000, 0.000000000000000000 ) ) ;
#7469 = LINE ( 'NONE', #4699, #5334 ) ;
#7470 = ORIENTED_EDGE ( 'NONE', *, *, #5149, .F. ) ;
#7471 = VECTOR ( 'NONE', #8722, 1000.000000000000000 ) ;
#7472 = ORIENTED_EDGE ( 'NONE', *, *, #6894, .F. ) ;
#7473 = CARTESIAN_POINT ( 'NONE',  ( -6.029999999999998472, 8.299999999999993605, -0.3200000000000012279 ) ) ;
#7474 = STYLED_ITEM ( 'NONE', ( #3911 ), #6532 ) ;
#7475 = PRESENTATION_STYLE_ASSIGNMENT (( #4453 ) ) ;
#7476 = VERTEX_POINT ( 'NONE', #938 ) ;
#7477 = CARTESIAN_POINT ( 'NONE',  ( -11.75000000000000000, -2.699999999999993072, 0.3199999999999985634 ) ) ;
#7478 = LINE ( 'NONE', #2915, #6490 ) ;
#7479 = PRESENTATION_LAYER_ASSIGNMENT (  '', '', ( #4153 ) ) ;
#7480 = SURFACE_STYLE_FILL_AREA ( #8113 ) ;
#7481 =( NAMED_UNIT ( * ) SI_UNIT ( $, .STERADIAN. ) SOLID_ANGLE_UNIT ( ) );
#7482 = ORIENTED_EDGE ( 'NONE', *, *, #8461, .T. ) ;
#7483 = CARTESIAN_POINT ( 'NONE',  ( 4.980000000000002203, -0.03999999999999967470, 1.269999999999995799 ) ) ;
#7484 = LINE ( 'NONE', #8118, #2290 ) ;
#7485 = VECTOR ( 'NONE', #9479, 1000.000000000000000 ) ;
#7486 = ORIENTED_EDGE ( 'NONE', *, *, #3364, .F. ) ;
#7487 = FILL_AREA_STYLE_COLOUR ( '', #1752 ) ;
#7488 = CARTESIAN_POINT ( 'NONE',  ( 0.1000000000000011297, 2.500000000000000444, 1.269999999999996243 ) ) ;
#7489 = FILL_AREA_STYLE ('',( #5361 ) ) ;
#7490 = PLANE ( 'NONE',  #9458 ) ;
#7491 = CARTESIAN_POINT ( 'NONE',  ( 22.86000000000000298, 8.599999999999999645, -0.2108089297201413692 ) ) ;
#7492 = VECTOR ( 'NONE', #4354, 1000.000000000000000 ) ;
#7493 = FACE_OUTER_BOUND ( 'NONE', #3835, .T. ) ;
#7494 = LINE ( 'NONE', #5952, #5609 ) ;
#7495 = LINE ( 'NONE', #5072, #840 ) ;
#7496 = ORIENTED_EDGE ( 'NONE', *, *, #6050, .F. ) ;
#7497 = EDGE_CURVE ( 'NONE', #3605, #2927, #1701, .T. ) ;
#7498 = VECTOR ( 'NONE', #9778, 1000.000000000000000 ) ;
#7499 =( NAMED_UNIT ( * ) PLANE_ANGLE_UNIT ( ) SI_UNIT ( $, .RADIAN. ) );
#7500 = LINE ( 'NONE', #6052, #7794 ) ;
#7501 = ORIENTED_EDGE ( 'NONE', *, *, #4738, .T. ) ;
#7502 = FACE_OUTER_BOUND ( 'NONE', #9573, .T. ) ;
#7503 = EDGE_LOOP ( 'NONE', ( #3235, #4979, #2425, #3727 ) ) ;
#7504 = FACE_OUTER_BOUND ( 'NONE', #9056, .T. ) ;
#7505 = FACE_OUTER_BOUND ( 'NONE', #1740, .T. ) ;
#7506 = FACE_OUTER_BOUND ( 'NONE', #8688, .T. ) ;
#7507 = ORIENTED_EDGE ( 'NONE', *, *, #8844, .T. ) ;
#7508 = VECTOR ( 'NONE', #3473, 1000.000000000000000 ) ;
#7509 = VERTEX_POINT ( 'NONE', #6398 ) ;
#7510 = EDGE_CURVE ( 'NONE', #436, #2679, #266, .T. ) ;
#7511 = CARTESIAN_POINT ( 'NONE',  ( 17.78000000000000114, 8.599999999999999645, -0.2108089297201413692 ) ) ;
#7512 = CARTESIAN_POINT ( 'NONE',  ( 8.570000000000003837, 0.7500000000000001110, -0.3200000000000023381 ) ) ;
#7513 = ORIENTED_EDGE ( 'NONE', *, *, #9111, .F. ) ;
#7514 = ORIENTED_EDGE ( 'NONE', *, *, #2988, .F. ) ;
#7515 = PRESENTATION_STYLE_ASSIGNMENT (( #3006 ) ) ;
#7516 = DIRECTION ( 'NONE',  ( 0.000000000000000000, 0.000000000000000000, -1.000000000000000000 ) ) ;
#7517 = EDGE_CURVE ( 'NONE', #8753, #2393, #8691, .T. ) ;
#7518 = LINE ( 'NONE', #5039, #4959 ) ;
#7519 = DIRECTION ( 'NONE',  ( 0.000000000000000000, 0.000000000000000000, -1.000000000000000000 ) ) ;
#7520 = CARTESIAN_POINT ( 'NONE',  ( 6.670000000000002593, -2.699999999999993072, 0.3199999999999985634 ) ) ;
#7521 = VERTEX_POINT ( 'NONE', #5078 ) ;
#7522 = EDGE_CURVE ( 'NONE', #9448, #943, #2041, .T. ) ;
#7523 = FACE_OUTER_BOUND ( 'NONE', #6856, .T. ) ;
#7524 = FACE_OUTER_BOUND ( 'NONE', #5206, .T. ) ;
#7525 = VECTOR ( 'NONE', #53, 1000.000000000000000 ) ;
#7526 = ORIENTED_EDGE ( 'NONE', *, *, #8918, .F. ) ;
#7527 = DIRECTION ( 'NONE',  ( 0.000000000000000000, 1.000000000000000000, 1.707404996040164265E-16 ) ) ;
#7528 = LINE ( 'NONE', #1613, #4621 ) ;
#7529 = EDGE_CURVE ( 'NONE', #5859, #3109, #4382, .T. ) ;
#7530 = VECTOR ( 'NONE', #9687, 1000.000000000000000 ) ;
#7531 = CARTESIAN_POINT ( 'NONE',  ( 12.69999999999999929, 1.885956070686925433E-16, -0.7700000000000006839 ) ) ;
#7532 = VECTOR ( 'NONE', #8137, 1000.000000000000000 ) ;
#7533 =( LENGTH_UNIT ( ) NAMED_UNIT ( * ) SI_UNIT ( .MILLI., .METRE. ) );
#7534 = LINE ( 'NONE', #7427, #540 ) ;
#7535 = CARTESIAN_POINT ( 'NONE',  ( 0.9500000000000029532, 0.7500000000000001110, -0.3200000000000023381 ) ) ;
#7536 = PRESENTATION_STYLE_ASSIGNMENT (( #6037 ) ) ;
#7537 = VERTEX_POINT ( 'NONE', #4328 ) ;
#7538 = VECTOR ( 'NONE', #7729, 1000.000000000000000 ) ;
#7539 = AXIS2_PLACEMENT_3D ( 'NONE', #1373, #4418, #7438 ) ;
#7540 = DIRECTION ( 'NONE',  ( 0.000000000000000000, -1.734723475976807094E-15, 1.000000000000000000 ) ) ;
#7541 =( NAMED_UNIT ( * ) PLANE_ANGLE_UNIT ( ) SI_UNIT ( $, .RADIAN. ) );
#7542 = CARTESIAN_POINT ( 'NONE',  ( 10.06000000000000227, -0.03999999999999967470, 1.019999999999995799 ) ) ;
#7543 = LINE ( 'NONE', #8275, #2494 ) ;
#7544 = CARTESIAN_POINT ( 'NONE',  ( 12.81576162137817931, 5.371844010742015563, 1.385761621378177599 ) ) ;
#7545 = VECTOR ( 'NONE', #5777, 1000.000000000000000 ) ;
#7546 = LINE ( 'NONE', #4470, #78 ) ;
#7547 = VECTOR ( 'NONE', #5681, 1000.000000000000000 ) ;
#7548 = CARTESIAN_POINT ( 'NONE',  ( -3.489999999999996660, 0.7500000000000001110, 0.3199999999999991740 ) ) ;
#7549 = ORIENTED_EDGE ( 'NONE', *, *, #5995, .F. ) ;
#7550 = LINE ( 'NONE', #3088, #8224 ) ;
#7551 = SURFACE_STYLE_USAGE ( .BOTH. , #6001 ) ;
#7552 = DIRECTION ( 'NONE',  ( -1.000000000000000000, 0.000000000000000000, 0.000000000000000000 ) ) ;
#7553 = ORIENTED_EDGE ( 'NONE', *, *, #991, .F. ) ;
#7554 = CARTESIAN_POINT ( 'NONE',  ( -2.439999999999999503, -0.03999999999999967470, 1.019999999999995799 ) ) ;
#7555 = COLOUR_RGB ( '',1.000000000000000000, 0.8117647058823529438, 0.5019607843137254832 ) ;
#7556 = EDGE_LOOP ( 'NONE', ( #8891, #4747, #3591, #5161 ) ) ;
#7557 = CARTESIAN_POINT ( 'NONE',  ( -1.059191070279857483, -3.000000000000000000, -0.2108089297201431456 ) ) ;
#7558 = PRESENTATION_STYLE_ASSIGNMENT (( #6863 ) ) ;
#7559 = LINE ( 'NONE', #2391, #4519 ) ;
#7560 = ADVANCED_FACE ( 'NONE', ( #7401 ), #596, .F. ) ;
#7561 = ORIENTED_EDGE ( 'NONE', *, *, #7877, .T. ) ;
#7562 = COLOUR_RGB ( '',1.000000000000000000, 0.8117647058823529438, 0.5019607843137254832 ) ;
#7563 = ORIENTED_EDGE ( 'NONE', *, *, #413, .T. ) ;
#7564 = SURFACE_STYLE_USAGE ( .BOTH. , #8996 ) ;
#7565 = DIRECTION ( 'NONE',  ( 0.000000000000000000, 0.000000000000000000, -1.000000000000000000 ) ) ;
#7566 = ORIENTED_EDGE ( 'NONE', *, *, #6591, .F. ) ;
#7567 = ORIENTED_EDGE ( 'NONE', *, *, #834, .T. ) ;
#7568 = CARTESIAN_POINT ( 'NONE',  ( 1.081268465864680062, 8.660657145849658178, 0.1887315341353224540 ) ) ;
#7569 = DIRECTION ( 'NONE',  ( -1.000000000000000000, 0.000000000000000000, 0.000000000000000000 ) ) ;
#7570 = CARTESIAN_POINT ( 'NONE',  ( -12.69999999999999929, -1.741553095960960283E-16, 1.019999999999995799 ) ) ;
#7571 = EDGE_CURVE ( 'NONE', #5517, #1662, #9622, .T. ) ;
#7572 = VECTOR ( 'NONE', #4644, 1000.000000000000000 ) ;
#7573 = PLANE ( 'NONE',  #8446 ) ;
#7574 = CARTESIAN_POINT ( 'NONE',  ( 10.26000000000000156, 0.000000000000000000, 1.269999999999995799 ) ) ;
#7575 = VERTEX_POINT ( 'NONE', #1936 ) ;
#7576 = ORIENTED_EDGE ( 'NONE', *, *, #8573, .F. ) ;
#7577 = DIRECTION ( 'NONE',  ( 0.9396926207859117586, -0.3420201433256594981, 0.000000000000000000 ) ) ;
#7578 = COLOUR_RGB ( '',1.000000000000000000, 0.8117647058823529438, 0.5019607843137254832 ) ;
#7579 = EDGE_CURVE ( 'NONE', #1835, #604, #2728, .T. ) ;
#7580 = FACE_OUTER_BOUND ( 'NONE', #4671, .T. ) ;
#7581 = ORIENTED_EDGE ( 'NONE', *, *, #7653, .F. ) ;
#7582 = FILL_AREA_STYLE ('',( #2409 ) ) ;
#7583 = LINE ( 'NONE', #4607, #4101 ) ;
#7584 = EDGE_CURVE ( 'NONE', #1607, #2855, #5717, .T. ) ;
#7585 = LINE ( 'NONE', #6526, #8718 ) ;
#7586 = CARTESIAN_POINT ( 'NONE',  ( 2.640000000000000124, 2.500000000000000444, 1.019999999999996243 ) ) ;
#7587 = PRESENTATION_LAYER_ASSIGNMENT (  '', '', ( #5820 ) ) ;
#7588 = DIRECTION ( 'NONE',  ( 0.000000000000000000, 0.000000000000000000, -1.000000000000000000 ) ) ;
#7589 = CARTESIAN_POINT ( 'NONE',  ( 6.560808929720142402, 8.599999999999999645, 0.2108089297201405921 ) ) ;
#7590 = DIRECTION ( 'NONE',  ( 0.000000000000000000, 0.000000000000000000, -1.000000000000000000 ) ) ;
#7591 = VERTEX_POINT ( 'NONE', #3484 ) ;
#7592 = ADVANCED_FACE ( 'NONE', ( #6644 ), #5813, .T. ) ;
#7593 = CARTESIAN_POINT ( 'NONE',  ( -2.439999999999999503, 0.000000000000000000, 1.269999999999995799 ) ) ;
#7594 = PRESENTATION_LAYER_ASSIGNMENT (  '', '', ( #4576 ) ) ;
#7595 = LINE ( 'NONE', #3215, #5017 ) ;
#7596 =( NAMED_UNIT ( * ) SI_UNIT ( $, .STERADIAN. ) SOLID_ANGLE_UNIT ( ) );
#7597 = CARTESIAN_POINT ( 'NONE',  ( -0.09999999999999766020, 2.500000000000000444, 1.019999999999996243 ) ) ;
#7598 = CARTESIAN_POINT ( 'NONE',  ( 12.69999999999999929, 0.000000000000000000, 1.019999999999995799 ) ) ;
#7599 = LINE ( 'NONE', #7544, #6744 ) ;
#7600 = CARTESIAN_POINT ( 'NONE',  ( -8.569999999999998508, 2.500000000000000444, 0.3199999999999995071 ) ) ;
#7601 = VECTOR ( 'NONE', #6638, 1000.000000000000000 ) ;
#7602 = ORIENTED_EDGE ( 'NONE', *, *, #9211, .F. ) ;
#7603 = CARTESIAN_POINT ( 'NONE',  ( 8.570000000000002061, -3.000000000000000000, 0.2108089297201388157 ) ) ;
#7604 = SURFACE_STYLE_FILL_AREA ( #5907 ) ;
#7605 =( NAMED_UNIT ( * ) PLANE_ANGLE_UNIT ( ) SI_UNIT ( $, .RADIAN. ) );
#7606 = ORIENTED_EDGE ( 'NONE', *, *, #2293, .T. ) ;
#7607 = UNCERTAINTY_MEASURE_WITH_UNIT (LENGTH_MEASURE( 1.000000000000000082E-05 ), #6475, 'distance_accuracy_value', 'NONE');
#7608 = SURFACE_STYLE_FILL_AREA ( #9036 ) ;
#7609 = COLOUR_RGB ( '',1.000000000000000000, 0.8117647058823529438, 0.5019607843137254832 ) ;
#7610 = VERTEX_POINT ( 'NONE', #5183 ) ;
#7611 = FILL_AREA_STYLE ('',( #5181 ) ) ;
#7612 = SURFACE_SIDE_STYLE ('',( #4584 ) ) ;
#7613 = MECHANICAL_DESIGN_GEOMETRIC_PRESENTATION_REPRESENTATION (  '', ( #6007 ), #9722 ) ;
#7614 = FILL_AREA_STYLE_COLOUR ( '', #2138 ) ;
#7615 = ORIENTED_EDGE ( 'NONE', *, *, #2465, .F. ) ;
#7616 = VERTEX_POINT ( 'NONE', #3435 ) ;
#7617 = VERTEX_POINT ( 'NONE', #7243 ) ;
#7618 = UNCERTAINTY_MEASURE_WITH_UNIT (LENGTH_MEASURE( 1.000000000000000082E-05 ), #9032, 'distance_accuracy_value', 'NONE');
#7619 = VERTEX_POINT ( 'NONE', #6443 ) ;
#7620 = SURFACE_SIDE_STYLE ('',( #2200 ) ) ;
#7621 = CARTESIAN_POINT ( 'NONE',  ( 4.130000000000001670, -3.000000000000000000, -0.2108089297201431456 ) ) ;
#7622 = VECTOR ( 'NONE', #6539, 1000.000000000000000 ) ;
#7623 = PRESENTATION_LAYER_ASSIGNMENT (  '', '', ( #5709 ) ) ;
#7624 = LINE ( 'NONE', #3986, #3546 ) ;
#7625 = DIRECTION ( 'NONE',  ( 0.3236155771181767893, 0.8891264907159940334, -0.3236155771181771224 ) ) ;
#7626 = ORIENTED_EDGE ( 'NONE', *, *, #8034, .T. ) ;
#7627 = EDGE_CURVE ( 'NONE', #2577, #5292, #4280, .T. ) ;
#7628 = ADVANCED_FACE ( 'NONE', ( #4236 ), #8033, .T. ) ;
#7629 = COLOUR_RGB ( '',1.000000000000000000, 0.8117647058823529438, 0.5019607843137254832 ) ;
#7630 = ORIENTED_EDGE ( 'NONE', *, *, #8983, .F. ) ;
#7631 = FACE_OUTER_BOUND ( 'NONE', #3161, .T. ) ;
#7632 = SURFACE_STYLE_FILL_AREA ( #707 ) ;
#7633 = DIRECTION ( 'NONE',  ( 1.000000000000000000, -0.000000000000000000, -0.000000000000000000 ) ) ;
#7634 = PLANE ( 'NONE',  #4762 ) ;
#7635 = PLANE ( 'NONE',  #5604 ) ;
#7636 = VECTOR ( 'NONE', #4617, 1000.000000000000000 ) ;
#7637 = PLANE ( 'NONE',  #4360 ) ;
#7638 = EDGE_CURVE ( 'NONE', #4527, #1662, #7559, .T. ) ;
#7639 = PLANE ( 'NONE',  #3263 ) ;
#7640 = STYLED_ITEM ( 'NONE', ( #3065 ), #6349 ) ;
#7641 = ORIENTED_EDGE ( 'NONE', *, *, #6387, .T. ) ;
#7642 = EDGE_CURVE ( 'NONE', #1523, #2577, #2342, .T. ) ;
#7643 = PRESENTATION_LAYER_ASSIGNMENT (  '', '', ( #194 ) ) ;
#7644 = CARTESIAN_POINT ( 'NONE',  ( 12.60000000000000320, -0.03999999999999923755, -1.270000000000004237 ) ) ;
#7645 = CARTESIAN_POINT ( 'NONE',  ( 12.69999999999999929, 0.000000000000000000, 1.270000000000000018 ) ) ;
#7646 = FACE_BOUND ( 'NONE', #3385, .T. ) ;
#7647 = LINE ( 'NONE', #6847, #8963 ) ;
#7648 = EDGE_CURVE ( 'NONE', #4245, #5919, #9195, .T. ) ;
#7649 = CARTESIAN_POINT ( 'NONE',  ( 12.69999999999999929, 2.500000000000000444, -1.270000000000000018 ) ) ;
#7650 = VECTOR ( 'NONE', #7046, 1000.000000000000000 ) ;
#7651 = CARTESIAN_POINT ( 'NONE',  ( 12.69999999999999929, 0.7500000000000000000, 0.7700000000000006839 ) ) ;
#7652 = ORIENTED_EDGE ( 'NONE', *, *, #2958, .T. ) ;
#7653 = EDGE_CURVE ( 'NONE', #1461, #8788, #6864, .T. ) ;
#7654 = CARTESIAN_POINT ( 'NONE',  ( 6.030000000000003801, 2.500000000000000444, -0.3200000000000021716 ) ) ;
#7655 = FILL_AREA_STYLE_COLOUR ( '', #4443 ) ;
#7656 = PRESENTATION_STYLE_ASSIGNMENT (( #782 ) ) ;
#7657 = VERTEX_POINT ( 'NONE', #5377 ) ;
#7658 = PLANE ( 'NONE',  #635 ) ;
#7659 = STYLED_ITEM ( 'NONE', ( #4709 ), #1554 ) ;
#7660 = ORIENTED_EDGE ( 'NONE', *, *, #7772, .F. ) ;
#7661 = VERTEX_POINT ( 'NONE', #6699 ) ;
#7662 = PRESENTATION_STYLE_ASSIGNMENT (( #6810 ) ) ;
#7663 =( NAMED_UNIT ( * ) PLANE_ANGLE_UNIT ( ) SI_UNIT ( $, .RADIAN. ) );
#7664 = ADVANCED_FACE ( 'NONE', ( #1387 ), #9095, .T. ) ;
#7665 = VECTOR ( 'NONE', #7098, 1000.000000000000000 ) ;
#7666 = VERTEX_POINT ( 'NONE', #122 ) ;
#7667 = ORIENTED_EDGE ( 'NONE', *, *, #2345, .T. ) ;
#7668 = PLANE ( 'NONE',  #7854 ) ;
#7669 = EDGE_LOOP ( 'NONE', ( #7960, #7049, #9337, #6960 ) ) ;
#7670 = ORIENTED_EDGE ( 'NONE', *, *, #7638, .T. ) ;
#7671 = PRESENTATION_STYLE_ASSIGNMENT (( #8443 ) ) ;
#7672 = DIRECTION ( 'NONE',  ( 0.000000000000000000, -0.000000000000000000, 1.000000000000000000 ) ) ;
#7673 = SURFACE_STYLE_FILL_AREA ( #1552 ) ;
#7674 = LINE ( 'NONE', #3914, #2286 ) ;
#7675 = ORIENTED_EDGE ( 'NONE', *, *, #6412, .T. ) ;
#7676 = SURFACE_SIDE_STYLE ('',( #9163 ) ) ;
#7677 =( NAMED_UNIT ( * ) PLANE_ANGLE_UNIT ( ) SI_UNIT ( $, .RADIAN. ) );
#7678 = ORIENTED_EDGE ( 'NONE', *, *, #7522, .F. ) ;
#7679 = DIRECTION ( 'NONE',  ( 1.000000000000000000, 0.000000000000000000, -0.000000000000000000 ) ) ;
#7680 = PRESENTATION_STYLE_ASSIGNMENT (( #4656 ) ) ;
#7681 = DIRECTION ( 'NONE',  ( -0.000000000000000000, 0.000000000000000000, -1.000000000000000000 ) ) ;
#7682 = ADVANCED_FACE ( 'NONE', ( #7506 ), #3001, .F. ) ;
#7683 = AXIS2_PLACEMENT_3D ( 'NONE', #1427, #1268, #3686 ) ;
#7684 = CARTESIAN_POINT ( 'NONE',  ( -9.209999999999999076, -0.03999999999999967470, 0.3199999999999990630 ) ) ;
#7685 = FACE_OUTER_BOUND ( 'NONE', #2142, .T. ) ;
#7686 = VECTOR ( 'NONE', #419, 1000.000000000000000 ) ;
#7687 = LINE ( 'NONE', #239, #8659 ) ;
#7688 = STYLED_ITEM ( 'NONE', ( #6416 ), #8346 ) ;
#7689 = VECTOR ( 'NONE', #38, 1000.000000000000000 ) ;
#7690 = STYLED_ITEM ( 'NONE', ( #8862 ), #7335 ) ;
#7691 = FILL_AREA_STYLE ('',( #1768 ) ) ;
#7692 = VECTOR ( 'NONE', #1092, 1000.000000000000000 ) ;
#7693 = PRESENTATION_LAYER_ASSIGNMENT (  '', '', ( #3407 ) ) ;
#7694 = VECTOR ( 'NONE', #5941, 1000.000000000000000 ) ;
#7695 = COLOUR_RGB ( '',1.000000000000000000, 0.8117647058823529438, 0.5019607843137254832 ) ;
#7696 = ORIENTED_EDGE ( 'NONE', *, *, #4624, .F. ) ;
#7697 = FILL_AREA_STYLE ('',( #7130 ) ) ;
#7698 = MECHANICAL_DESIGN_GEOMETRIC_PRESENTATION_REPRESENTATION (  '', ( #1819 ), #6407 ) ;
#7699 = EDGE_CURVE ( 'NONE', #4980, #2352, #9041, .T. ) ;
#7700 = DIRECTION ( 'NONE',  ( 0.000000000000000000, 0.000000000000000000, -1.000000000000000000 ) ) ;
#7701 = UNCERTAINTY_MEASURE_WITH_UNIT (LENGTH_MEASURE( 1.000000000000000082E-05 ), #4870, 'distance_accuracy_value', 'NONE');
#7702 = CARTESIAN_POINT ( 'NONE',  ( 22.85999999999999943, -3.000000000000000000, 1.270000000000000018 ) ) ;
#7703 = ORIENTED_EDGE ( 'NONE', *, *, #3720, .F. ) ;
#7704 = PRESENTATION_LAYER_ASSIGNMENT (  '', '', ( #6413 ) ) ;
#7705 =( GEOMETRIC_REPRESENTATION_CONTEXT ( 3 ) GLOBAL_UNCERTAINTY_ASSIGNED_CONTEXT ( ( #862 ) ) GLOBAL_UNIT_ASSIGNED_CONTEXT ( ( #7386, #1122, #8729 ) ) REPRESENTATION_CONTEXT ( 'NONE', 'WORKASPACE' ) );
#7706 = CARTESIAN_POINT ( 'NONE',  ( 4.980000000000002203, 1.885956070686925433E-16, -0.7700000000000006839 ) ) ;
#7707 = EDGE_CURVE ( 'NONE', #6614, #7804, #8291, .T. ) ;
#7708 = VERTEX_POINT ( 'NONE', #6058 ) ;
#7709 = CARTESIAN_POINT ( 'NONE',  ( 12.69999999999999929, 0.000000000000000000, 1.019999999999995799 ) ) ;
#7710 = VECTOR ( 'NONE', #4492, 1000.000000000000000 ) ;
#7711 = ADVANCED_FACE ( 'NONE', ( #5614 ), #1731, .F. ) ;
#7712 = CARTESIAN_POINT ( 'NONE',  ( 12.69999999999999929, -3.000000000000000000, -0.2108089297201431456 ) ) ;
#7713 = ORIENTED_EDGE ( 'NONE', *, *, #7443, .T. ) ;
#7714 = UNCERTAINTY_MEASURE_WITH_UNIT (LENGTH_MEASURE( 1.000000000000000082E-05 ), #9247, 'distance_accuracy_value', 'NONE');
#7715 = ORIENTED_EDGE ( 'NONE', *, *, #1258, .F. ) ;
#7716 =( NAMED_UNIT ( * ) PLANE_ANGLE_UNIT ( ) SI_UNIT ( $, .RADIAN. ) );
#7717 = DIRECTION ( 'NONE',  ( -0.9396926207859117586, -0.3420201433256594981, -0.000000000000000000 ) ) ;
#7718 = ADVANCED_FACE ( 'NONE', ( #3371 ), #4080, .T. ) ;
#7719 = ORIENTED_EDGE ( 'NONE', *, *, #11, .F. ) ;
#7720 = FILL_AREA_STYLE ('',( #4702 ) ) ;
#7721 =( LENGTH_UNIT ( ) NAMED_UNIT ( * ) SI_UNIT ( .MILLI., .METRE. ) );
#7722 = STYLED_ITEM ( 'NONE', ( #8466 ), #3839 ) ;
#7723 = ORIENTED_EDGE ( 'NONE', *, *, #1123, .F. ) ;
#7724 = DIRECTION ( 'NONE',  ( -1.000000000000000000, 0.000000000000000000, 0.000000000000000000 ) ) ;
#7725 = CARTESIAN_POINT ( 'NONE',  ( 11.75000000000000711, -0.03999999999999967470, 0.3199999999999990630 ) ) ;
#7726 = FACE_OUTER_BOUND ( 'NONE', #259, .T. ) ;
#7727 = CARTESIAN_POINT ( 'NONE',  ( 11.11000000000000476, -0.03999999999999967470, 0.3199999999999990630 ) ) ;
#7728 = CARTESIAN_POINT ( 'NONE',  ( -12.69999999999999929, 2.500000000000000000, 1.019999999999996243 ) ) ;
#7729 = DIRECTION ( 'NONE',  ( -0.000000000000000000, 1.000000000000000000, 1.707404996040164265E-16 ) ) ;
#7730 = STYLED_ITEM ( 'NONE', ( #2453 ), #4104 ) ;
#7731 =( NAMED_UNIT ( * ) PLANE_ANGLE_UNIT ( ) SI_UNIT ( $, .RADIAN. ) );
#7732 = DIRECTION ( 'NONE',  ( 0.3236155771181768448, -0.8891264907159940334, 0.3236155771181768448 ) ) ;
#7733 = CARTESIAN_POINT ( 'NONE',  ( 6.030000000000003801, -0.03999999999999967470, 0.3199999999999990630 ) ) ;
#7734 = UNCERTAINTY_MEASURE_WITH_UNIT (LENGTH_MEASURE( 1.000000000000000082E-05 ), #8058, 'distance_accuracy_value', 'NONE');
#7735 = FACE_BOUND ( 'NONE', #8930, .T. ) ;
#7736 = DIRECTION ( 'NONE',  ( 0.000000000000000000, 0.000000000000000000, -1.000000000000000000 ) ) ;
#7737 = CARTESIAN_POINT ( 'NONE',  ( 12.69999999999999929, 0.000000000000000000, 1.270000000000000018 ) ) ;
#7738 = CARTESIAN_POINT ( 'NONE',  ( 11.75000000000000711, 2.500000000000000444, 0.3199999999999995071 ) ) ;
#7739 = ORIENTED_EDGE ( 'NONE', *, *, #3170, .T. ) ;
#7740 = PLANE ( 'NONE',  #1571 ) ;
#7741 = EDGE_CURVE ( 'NONE', #1508, #9174, #7836, .T. ) ;
#7742 = EDGE_CURVE ( 'NONE', #8146, #4359, #3944, .T. ) ;
#7743 = SURFACE_SIDE_STYLE ('',( #1825 ) ) ;
#7744 = DIRECTION ( 'NONE',  ( 1.000000000000000000, 0.000000000000000000, 0.000000000000000000 ) ) ;
#7745 = EDGE_LOOP ( 'NONE', ( #9669, #5099, #5038, #9061 ) ) ;
#7746 = DIRECTION ( 'NONE',  ( 0.000000000000000000, -0.000000000000000000, 1.000000000000000000 ) ) ;
#7747 = DIRECTION ( 'NONE',  ( -0.000000000000000000, 1.000000000000000000, 1.707404996040164265E-16 ) ) ;
#7748 = DIRECTION ( 'NONE',  ( -0.000000000000000000, 1.000000000000000000, 1.707404996040164265E-16 ) ) ;
#7749 = ADVANCED_FACE ( 'NONE', ( #4681 ), #4774, .T. ) ;
#7750 = ORIENTED_EDGE ( 'NONE', *, *, #576, .T. ) ;
#7751 =( LENGTH_UNIT ( ) NAMED_UNIT ( * ) SI_UNIT ( .MILLI., .METRE. ) );
#7752 = VECTOR ( 'NONE', #7830, 1000.000000000000000 ) ;
#7753 = EDGE_CURVE ( 'NONE', #8095, #8396, #878, .T. ) ;
#7754 = VERTEX_POINT ( 'NONE', #9243 ) ;
#7755 = ORIENTED_EDGE ( 'NONE', *, *, #4343, .T. ) ;
#7756 = PRESENTATION_STYLE_ASSIGNMENT (( #8445 ) ) ;
#7757 = CARTESIAN_POINT ( 'NONE',  ( 11.75173487716230980, -2.695233464171030047, 0.3217348771623044223 ) ) ;
#7758 = EDGE_CURVE ( 'NONE', #8753, #3179, #2434, .T. ) ;
#7759 = CARTESIAN_POINT ( 'NONE',  ( 4.130000000000005222, 2.500000000000000444, 0.3199999999999995071 ) ) ;
#7760 = VECTOR ( 'NONE', #2562, 1000.000000000000000 ) ;
#7761 = VERTEX_POINT ( 'NONE', #5751 ) ;
#7762 = SURFACE_STYLE_USAGE ( .BOTH. , #7805 ) ;
#7763 = EDGE_CURVE ( 'NONE', #2571, #8258, #537, .T. ) ;
#7764 = SURFACE_SIDE_STYLE ('',( #1660 ) ) ;
#7765 = VERTEX_POINT ( 'NONE', #3584 ) ;
#7766 = LINE ( 'NONE', #2408, #1845 ) ;
#7767 = LINE ( 'NONE', #9118, #144 ) ;
#7768 = AXIS2_PLACEMENT_3D ( 'NONE', #7554, #7396, #9766 ) ;
#7769 = PLANE ( 'NONE',  #3331 ) ;
#7770 = FILL_AREA_STYLE ('',( #4658 ) ) ;
#7771 = LINE ( 'NONE', #9264, #2599 ) ;
#7772 = EDGE_CURVE ( 'NONE', #4877, #5471, #6585, .T. ) ;
#7773 = DIRECTION ( 'NONE',  ( -1.000000000000000000, -0.000000000000000000, 0.000000000000000000 ) ) ;
#7774 = CARTESIAN_POINT ( 'NONE',  ( -6.029999999999998472, -6.905096679918783842, 0.3199999999999978417 ) ) ;
#7775 = VECTOR ( 'NONE', #9494, 1000.000000000000000 ) ;
#7776 = DIRECTION ( 'NONE',  ( 0.000000000000000000, 0.000000000000000000, -1.000000000000000000 ) ) ;
#7777 = CARTESIAN_POINT ( 'NONE',  ( 11.75000000000000711, 2.500000000000000444, 0.3199999999999995071 ) ) ;
#7778 = LINE ( 'NONE', #6940, #4250 ) ;
#7779 = SURFACE_SIDE_STYLE ('',( #4068 ) ) ;
#7780 = CARTESIAN_POINT ( 'NONE',  ( -3.489999999999998437, -2.699999999999993072, -0.3200000000000031153 ) ) ;
#7781 = ORIENTED_EDGE ( 'NONE', *, *, #7763, .F. ) ;
#7782 = DIRECTION ( 'NONE',  ( -0.000000000000000000, 1.000000000000000000, 1.707404996040164265E-16 ) ) ;
#7783 = MECHANICAL_DESIGN_GEOMETRIC_PRESENTATION_REPRESENTATION (  '', ( #8569 ), #3512 ) ;
#7784 = PLANE ( 'NONE',  #6360 ) ;
#7785 = ORIENTED_EDGE ( 'NONE', *, *, #986, .T. ) ;
#7786 = LINE ( 'NONE', #3325, #4438 ) ;
#7787 = CARTESIAN_POINT ( 'NONE',  ( 0.9500000000000011768, 8.299999999999993605, 0.3200000000000004508 ) ) ;
#7788 =( NAMED_UNIT ( * ) PLANE_ANGLE_UNIT ( ) SI_UNIT ( $, .RADIAN. ) );
#7789 = CARTESIAN_POINT ( 'NONE',  ( 0.9500000000000011768, -6.905096679918783842, -0.3200000000000038369 ) ) ;
#7790 = ADVANCED_FACE ( 'NONE', ( #2713 ), #8774, .F. ) ;
#7791 = ORIENTED_EDGE ( 'NONE', *, *, #2067, .F. ) ;
#7792 = AXIS2_PLACEMENT_3D ( 'NONE', #865, #3930, #2422 ) ;
#7793 = CARTESIAN_POINT ( 'NONE',  ( 2.640000000000000124, 2.500000000000000444, -1.020000000000003793 ) ) ;
#7794 = VECTOR ( 'NONE', #2994, 1000.000000000000000 ) ;
#7795 = DIRECTION ( 'NONE',  ( -1.000000000000000000, 0.000000000000000000, 0.000000000000000000 ) ) ;
#7796 = ORIENTED_EDGE ( 'NONE', *, *, #128, .T. ) ;
#7797 = ORIENTED_EDGE ( 'NONE', *, *, #4801, .T. ) ;
#7798 = ORIENTED_EDGE ( 'NONE', *, *, #7210, .T. ) ;
#7799 = LINE ( 'NONE', #265, #1099 ) ;
#7800 = DIRECTION ( 'NONE',  ( -0.000000000000000000, -1.707404996040164265E-16, 1.000000000000000000 ) ) ;
#7801 = AXIS2_PLACEMENT_3D ( 'NONE', #5846, #4217, #8871 ) ;
#7802 = EDGE_CURVE ( 'NONE', #2496, #7403, #4318, .T. ) ;
#7803 = LINE ( 'NONE', #5178, #8875 ) ;
#7804 = VERTEX_POINT ( 'NONE', #1319 ) ;
#7805 = SURFACE_SIDE_STYLE ('',( #4883 ) ) ;
#7806 = ORIENTED_EDGE ( 'NONE', *, *, #3836, .T. ) ;
#7807 = DIRECTION ( 'NONE',  ( 0.000000000000000000, -3.771912141373855303E-16, -1.000000000000000000 ) ) ;
#7808 = EDGE_LOOP ( 'NONE', ( #1442, #6860, #7501, #5637 ) ) ;
#7809 = ADVANCED_FACE ( 'NONE', ( #438 ), #7178, .T. ) ;
#7810 = DIRECTION ( 'NONE',  ( -0.9396926207859117586, -0.3420201433256594981, 0.000000000000000000 ) ) ;
#7811 = CARTESIAN_POINT ( 'NONE',  ( 4.980000000000002203, 0.000000000000000000, 1.019999999999995799 ) ) ;
#7812 = LINE ( 'NONE', #999, #7162 ) ;
#7813 = PRESENTATION_STYLE_ASSIGNMENT (( #3922 ) ) ;
#7814 = EDGE_CURVE ( 'NONE', #8726, #5523, #4270, .T. ) ;
#7815 = DIRECTION ( 'NONE',  ( 0.000000000000000000, 1.707404996040164265E-16, -1.000000000000000000 ) ) ;
#7816 = VERTEX_POINT ( 'NONE', #8825 ) ;
#7817 = VECTOR ( 'NONE', #1732, 1000.000000000000000 ) ;
#7818 = FACE_OUTER_BOUND ( 'NONE', #169, .T. ) ;
#7819 = FILL_AREA_STYLE ('',( #6890 ) ) ;
#7820 = ORIENTED_EDGE ( 'NONE', *, *, #2477, .F. ) ;
#7821 = EDGE_CURVE ( 'NONE', #3041, #2666, #3472, .T. ) ;
#7822 = DIRECTION ( 'NONE',  ( 1.000000000000000000, 0.000000000000000000, 0.000000000000000000 ) ) ;
#7823 =( NAMED_UNIT ( * ) PLANE_ANGLE_UNIT ( ) SI_UNIT ( $, .RADIAN. ) );
#7824 = VECTOR ( 'NONE', #9423, 1000.000000000000114 ) ;
#7825 = LINE ( 'NONE', #3316, #7988 ) ;
#7826 = VECTOR ( 'NONE', #3573, 1000.000000000000000 ) ;
#7827 = DIRECTION ( 'NONE',  ( 0.000000000000000000, 1.000000000000000000, 1.707404996040164265E-16 ) ) ;
#7828 = VERTEX_POINT ( 'NONE', #819 ) ;
#7829 = AXIS2_PLACEMENT_3D ( 'NONE', #5740, #1306, #1257 ) ;
#7830 = DIRECTION ( 'NONE',  ( -0.000000000000000000, 1.000000000000000000, 1.707404996040164265E-16 ) ) ;
#7831 = CARTESIAN_POINT ( 'NONE',  ( 12.69999999999999929, 2.500000000000000444, -1.270000000000000018 ) ) ;
#7832 = DIRECTION ( 'NONE',  ( -1.000000000000000000, -0.000000000000000000, -0.000000000000000000 ) ) ;
#7833 = VECTOR ( 'NONE', #1416, 1000.000000000000000 ) ;
#7834 = LINE ( 'NONE', #3984, #4119 ) ;
#7835 = DIRECTION ( 'NONE',  ( 1.000000000000000000, 0.000000000000000000, -0.000000000000000000 ) ) ;
#7836 = LINE ( 'NONE', #343, #1822 ) ;
#7837 = PRESENTATION_LAYER_ASSIGNMENT (  '', '', ( #9270 ) ) ;
#7838 = VECTOR ( 'NONE', #3751, 1000.000000000000000 ) ;
#7839 = DIRECTION ( 'NONE',  ( 0.000000000000000000, 0.000000000000000000, -1.000000000000000000 ) ) ;
#7840 = VECTOR ( 'NONE', #4650, 1000.000000000000000 ) ;
#7841 = ORIENTED_EDGE ( 'NONE', *, *, #7954, .T. ) ;
#7842 = VERTEX_POINT ( 'NONE', #630 ) ;
#7843 = ORIENTED_EDGE ( 'NONE', *, *, #2961, .T. ) ;
#7844 = VECTOR ( 'NONE', #9487, 1000.000000000000000 ) ;
#7845 = PRESENTATION_LAYER_ASSIGNMENT (  '', '', ( #6414 ) ) ;
#7846 = EDGE_LOOP ( 'NONE', ( #9761, #2567, #2866, #2135 ) ) ;
#7847 =( LENGTH_UNIT ( ) NAMED_UNIT ( * ) SI_UNIT ( .MILLI., .METRE. ) );
#7848 = DIRECTION ( 'NONE',  ( 0.000000000000000000, -3.771912141373855303E-16, -1.000000000000000000 ) ) ;
#7849 = PRESENTATION_STYLE_ASSIGNMENT (( #218 ) ) ;
#7850 = PRESENTATION_LAYER_ASSIGNMENT (  '', '', ( #1026 ) ) ;
#7851 =( GEOMETRIC_REPRESENTATION_CONTEXT ( 3 ) GLOBAL_UNCERTAINTY_ASSIGNED_CONTEXT ( ( #3534 ) ) GLOBAL_UNIT_ASSIGNED_CONTEXT ( ( #9580, #6554, #7353 ) ) REPRESENTATION_CONTEXT ( 'NONE', 'WORKASPACE' ) );
#7852 = ORIENTED_EDGE ( 'NONE', *, *, #5167, .F. ) ;
#7853 = EDGE_LOOP ( 'NONE', ( #7068, #6402, #7841, #6292 ) ) ;
#7854 = AXIS2_PLACEMENT_3D ( 'NONE', #9153, #837, #7055 ) ;
#7855 =( LENGTH_UNIT ( ) NAMED_UNIT ( * ) SI_UNIT ( .MILLI., .METRE. ) );
#7856 = EDGE_CURVE ( 'NONE', #2855, #1914, #9758, .T. ) ;
#7857 = ORIENTED_EDGE ( 'NONE', *, *, #8970, .T. ) ;
#7858 = SURFACE_STYLE_USAGE ( .BOTH. , #4844 ) ;
#7859 = EDGE_CURVE ( 'NONE', #4928, #8326, #6897, .T. ) ;
#7860 = CARTESIAN_POINT ( 'NONE',  ( -7.719999999999997975, 2.500000000000000444, 1.019999999999996243 ) ) ;
#7861 = MECHANICAL_DESIGN_GEOMETRIC_PRESENTATION_REPRESENTATION (  '', ( #5345 ), #3926 ) ;
#7862 = DIRECTION ( 'NONE',  ( -1.000000000000000000, 0.000000000000000000, -0.000000000000000000 ) ) ;
#7863 = LINE ( 'NONE', #4895, #6723 ) ;
#7864 = DIRECTION ( 'NONE',  ( -1.000000000000000000, 0.000000000000000000, -0.000000000000000000 ) ) ;
#7865 = EDGE_CURVE ( 'NONE', #2100, #1484, #7647, .T. ) ;
#7866 = LINE ( 'NONE', #236, #87 ) ;
#7867 = CARTESIAN_POINT ( 'NONE',  ( 4.130000000000001670, 8.299999999999993605, -0.3200000000000038369 ) ) ;
#7868 = ORIENTED_EDGE ( 'NONE', *, *, #4916, .T. ) ;
#7869 = PRESENTATION_STYLE_ASSIGNMENT (( #1149 ) ) ;
#7870 = EDGE_CURVE ( 'NONE', #3625, #3600, #2126, .T. ) ;
#7871 = DIRECTION ( 'NONE',  ( 0.000000000000000000, 0.000000000000000000, 1.000000000000000000 ) ) ;
#7872 = FILL_AREA_STYLE_COLOUR ( '', #6857 ) ;
#7873 = EDGE_CURVE ( 'NONE', #2577, #3960, #1475, .T. ) ;
#7874 = LINE ( 'NONE', #4164, #2740 ) ;
#7875 = ORIENTED_EDGE ( 'NONE', *, *, #6580, .F. ) ;
#7876 = CARTESIAN_POINT ( 'NONE',  ( -10.25999999999999801, -0.03999999999999967470, 1.019999999999995799 ) ) ;
#7877 = EDGE_CURVE ( 'NONE', #1486, #1004, #3082, .T. ) ;
#7878 = FILL_AREA_STYLE_COLOUR ( '', #8903 ) ;
#7879 = LINE ( 'NONE', #7331, #1208 ) ;
#7880 = DIRECTION ( 'NONE',  ( 0.000000000000000000, 0.000000000000000000, -1.000000000000000000 ) ) ;
#7881 = CARTESIAN_POINT ( 'NONE',  ( -8.569999999999998508, -2.699999999999993072, 0.3199999999999985634 ) ) ;
#7882 = FILL_AREA_STYLE_COLOUR ( '', #9128 ) ;
#7883 = PLANE ( 'NONE',  #5297 ) ;
#7884 = ORIENTED_EDGE ( 'NONE', *, *, #3284, .F. ) ;
#7885 = FILL_AREA_STYLE ('',( #1082 ) ) ;
#7886 = LINE ( 'NONE', #546, #3223 ) ;
#7887 = VERTEX_POINT ( 'NONE', #8334 ) ;
#7888 = CARTESIAN_POINT ( 'NONE',  ( 6.670000000000002593, -6.905096679918783842, -0.3200000000000038369 ) ) ;
#7889 = PRESENTATION_LAYER_ASSIGNMENT (  '', '', ( #601 ) ) ;
#7890 = ORIENTED_EDGE ( 'NONE', *, *, #1978, .F. ) ;
#7891 = AXIS2_PLACEMENT_3D ( 'NONE', #8284, #5223, #1482 ) ;
#7892 = VECTOR ( 'NONE', #5222, 1000.000000000000000 ) ;
#7893 = EDGE_LOOP ( 'NONE', ( #1038, #7089, #8552, #8153 ) ) ;
#7894 = CARTESIAN_POINT ( 'NONE',  ( 10.06000000000000227, 0.000000000000000000, 1.270000000000000018 ) ) ;
#7895 = EDGE_LOOP ( 'NONE', ( #558, #9681, #7350, #8402 ) ) ;
#7896 = SURFACE_STYLE_FILL_AREA ( #5588 ) ;
#7897 = VERTEX_POINT ( 'NONE', #5901 ) ;
#7898 = FILL_AREA_STYLE ('',( #1801 ) ) ;
#7899 = LINE ( 'NONE', #4987, #3632 ) ;
#7900 =( GEOMETRIC_REPRESENTATION_CONTEXT ( 3 ) GLOBAL_UNCERTAINTY_ASSIGNED_CONTEXT ( ( #8896 ) ) GLOBAL_UNIT_ASSIGNED_CONTEXT ( ( #1631, #6335, #9366 ) ) REPRESENTATION_CONTEXT ( 'NONE', 'WORKASPACE' ) );
#7901 = STYLED_ITEM ( 'NONE', ( #2767 ), #7017 ) ;
#7902 = DIRECTION ( 'NONE',  ( 0.000000000000000000, 0.000000000000000000, -1.000000000000000000 ) ) ;
#7903 = DIRECTION ( 'NONE',  ( -1.000000000000000000, 0.000000000000000000, 0.000000000000000000 ) ) ;
#7904 = EDGE_CURVE ( 'NONE', #5047, #665, #8927, .T. ) ;
#7905 = EDGE_CURVE ( 'NONE', #2048, #604, #7599, .T. ) ;
#7906 = CARTESIAN_POINT ( 'NONE',  ( -11.21919107027985874, -3.000000000000000000, 0.3199999999999985079 ) ) ;
#7907 = FILL_AREA_STYLE_COLOUR ( '', #5104 ) ;
#7908 = VECTOR ( 'NONE', #4184, 1000.000000000000000 ) ;
#7909 = EDGE_LOOP ( 'NONE', ( #2033, #8027, #3321, #492 ) ) ;
#7910 = EDGE_CURVE ( 'NONE', #3341, #9661, #2327, .T. ) ;
#7911 = AXIS2_PLACEMENT_3D ( 'NONE', #5811, #4380, #8689 ) ;
#7912 = DIRECTION ( 'NONE',  ( 1.000000000000000000, 0.000000000000000000, 0.000000000000000000 ) ) ;
#7913 = MECHANICAL_DESIGN_GEOMETRIC_PRESENTATION_REPRESENTATION (  '', ( #5709 ), #3981 ) ;
#7914 = EDGE_CURVE ( 'NONE', #8525, #2257, #8181, .T. ) ;
#7915 =( LENGTH_UNIT ( ) NAMED_UNIT ( * ) SI_UNIT ( .MILLI., .METRE. ) );
#7916 = VERTEX_POINT ( 'NONE', #728 ) ;
#7917 = LINE ( 'NONE', #2018, #6192 ) ;
#7918 = DIRECTION ( 'NONE',  ( -0.000000000000000000, 1.734723475976807094E-15, -1.000000000000000000 ) ) ;
#7919 = CARTESIAN_POINT ( 'NONE',  ( 11.75000000000000355, -3.000000000000000000, -0.2108089297201431456 ) ) ;
#7920 = VECTOR ( 'NONE', #5102, 1000.000000000000000 ) ;
#7921 = DIRECTION ( 'NONE',  ( -1.000000000000000000, 0.000000000000000000, -0.000000000000000000 ) ) ;
#7922 = EDGE_CURVE ( 'NONE', #2359, #6026, #774, .T. ) ;
#7923 = CARTESIAN_POINT ( 'NONE',  ( 6.161268465864679023, 8.660657145849658178, -0.1887315341353228981 ) ) ;
#7924 = CARTESIAN_POINT ( 'NONE',  ( 12.69999999999999929, 0.000000000000000000, 1.270000000000000018 ) ) ;
#7925 = AXIS2_PLACEMENT_3D ( 'NONE', #7961, #1158, #7224 ) ;
#7926 = ADVANCED_FACE ( 'NONE', ( #4469 ), #6686, .F. ) ;
#7927 = CARTESIAN_POINT ( 'NONE',  ( 6.560808929720142402, 8.599999999999999645, 1.041517047584500167E-15 ) ) ;
#7928 = COLOUR_RGB ( '',1.000000000000000000, 0.8117647058823529438, 0.5019607843137254832 ) ;
#7929 = ORIENTED_EDGE ( 'NONE', *, *, #332, .T. ) ;
#7930 = LINE ( 'NONE', #7339, #8537 ) ;
#7931 = PLANE ( 'NONE',  #4511 ) ;
#7932 = ORIENTED_EDGE ( 'NONE', *, *, #4408, .T. ) ;
#7933 = FILL_AREA_STYLE ('',( #4927 ) ) ;
#7934 = COLOUR_RGB ( '',1.000000000000000000, 0.8117647058823529438, 0.5019607843137254832 ) ;
#7935 = ORIENTED_EDGE ( 'NONE', *, *, #6645, .F. ) ;
#7936 = ADVANCED_FACE ( 'NONE', ( #5364 ), #8380, .F. ) ;
#7937 =( NAMED_UNIT ( * ) SI_UNIT ( $, .STERADIAN. ) SOLID_ANGLE_UNIT ( ) );
#7938 = SURFACE_STYLE_FILL_AREA ( #3294 ) ;
#7939 = VECTOR ( 'NONE', #9188, 1000.000000000000000 ) ;
#7940 = ORIENTED_EDGE ( 'NONE', *, *, #3095, .T. ) ;
#7941 = FILL_AREA_STYLE ('',( #4839 ) ) ;
#7942 = ORIENTED_EDGE ( 'NONE', *, *, #5680, .T. ) ;
#7943 = ORIENTED_EDGE ( 'NONE', *, *, #6362, .F. ) ;
#7944 =( LENGTH_UNIT ( ) NAMED_UNIT ( * ) SI_UNIT ( .MILLI., .METRE. ) );
#7945 = DIRECTION ( 'NONE',  ( 0.000000000000000000, -0.3420201433256594981, 0.9396926207859117586 ) ) ;
#7946 = DIRECTION ( 'NONE',  ( -1.000000000000000000, 0.000000000000000000, -0.000000000000000000 ) ) ;
#7947 = DIRECTION ( 'NONE',  ( -0.000000000000000000, 1.000000000000000000, 1.707404996040164265E-16 ) ) ;
#7948 = SURFACE_STYLE_FILL_AREA ( #4943 ) ;
#7949 = LINE ( 'NONE', #9445, #1006 ) ;
#7950 = CARTESIAN_POINT ( 'NONE',  ( -10.25999999999999801, 2.500000000000000444, 1.019999999999996243 ) ) ;
#7951 = EDGE_LOOP ( 'NONE', ( #4490, #8528, #5199, #1784 ) ) ;
#7952 =( LENGTH_UNIT ( ) NAMED_UNIT ( * ) SI_UNIT ( .MILLI., .METRE. ) );
#7953 = CARTESIAN_POINT ( 'NONE',  ( 20.31999999999999673, -3.000000000000000000, 1.270000000000000018 ) ) ;
#7954 = EDGE_CURVE ( 'NONE', #2522, #6255, #9710, .T. ) ;
#7955 = SURFACE_STYLE_FILL_AREA ( #4999 ) ;
#7956 = AXIS2_PLACEMENT_3D ( 'NONE', #8126, #4420, #9025 ) ;
#7957 =( NAMED_UNIT ( * ) SI_UNIT ( $, .STERADIAN. ) SOLID_ANGLE_UNIT ( ) );
#7958 = LINE ( 'NONE', #1957, #3882 ) ;
#7959 = CARTESIAN_POINT ( 'NONE',  ( 11.11000000000000121, -6.905096679918783842, 0.3199999999999978417 ) ) ;
#7960 = ORIENTED_EDGE ( 'NONE', *, *, #7097, .F. ) ;
#7961 = CARTESIAN_POINT ( 'NONE',  ( 2.640000000000000124, -0.03999999999999923755, -1.270000000000004237 ) ) ;
#7962 = SURFACE_STYLE_FILL_AREA ( #2557 ) ;
#7963 =( NAMED_UNIT ( * ) SI_UNIT ( $, .STERADIAN. ) SOLID_ANGLE_UNIT ( ) );
#7964 = VECTOR ( 'NONE', #6689, 1000.000000000000000 ) ;
#7965 = CARTESIAN_POINT ( 'NONE',  ( 3.490000000000000213, 8.299999999999993605, -0.3200000000000012279 ) ) ;
#7966 = ADVANCED_FACE ( 'NONE', ( #7493 ), #9024, .T. ) ;
#7967 = ADVANCED_FACE ( 'NONE', ( #244 ), #4810, .F. ) ;
#7968 = PRESENTATION_STYLE_ASSIGNMENT (( #1973 ) ) ;
#7969 = DIRECTION ( 'NONE',  ( 0.3236155771181768448, -0.8891264907159940334, -0.3236155771181768448 ) ) ;
#7970 = VECTOR ( 'NONE', #2213, 1000.000000000000000 ) ;
#7971 = VERTEX_POINT ( 'NONE', #1675 ) ;
#7972 = EDGE_CURVE ( 'NONE', #5910, #2062, #4021, .T. ) ;
#7973 = SURFACE_STYLE_USAGE ( .BOTH. , #4969 ) ;
#7974 = VECTOR ( 'NONE', #2218, 1000.000000000000000 ) ;
#7975 = DIRECTION ( 'NONE',  ( -0.000000000000000000, 1.000000000000000000, 1.707404996040164265E-16 ) ) ;
#7976 = ORIENTED_EDGE ( 'NONE', *, *, #5949, .T. ) ;
#7977 = LINE ( 'NONE', #8028, #1165 ) ;
#7978 = ORIENTED_EDGE ( 'NONE', *, *, #4567, .T. ) ;
#7979 = MECHANICAL_DESIGN_GEOMETRIC_PRESENTATION_REPRESENTATION (  '', ( #3249 ), #688 ) ;
#7980 = EDGE_CURVE ( 'NONE', #2236, #1550, #7825, .T. ) ;
#7981 =( NAMED_UNIT ( * ) SI_UNIT ( $, .STERADIAN. ) SOLID_ANGLE_UNIT ( ) );
#7982 = PRESENTATION_LAYER_ASSIGNMENT (  '', '', ( #2449 ) ) ;
#7983 =( NAMED_UNIT ( * ) PLANE_ANGLE_UNIT ( ) SI_UNIT ( $, .RADIAN. ) );
#7984 = SURFACE_STYLE_USAGE ( .BOTH. , #7193 ) ;
#7985 = ORIENTED_EDGE ( 'NONE', *, *, #886, .T. ) ;
#7986 = EDGE_CURVE ( 'NONE', #3016, #1523, #4667, .T. ) ;
#7987 = AXIS2_PLACEMENT_3D ( 'NONE', #7927, #8731, #4223 ) ;
#7988 = VECTOR ( 'NONE', #6190, 1000.000000000000000 ) ;
#7989 = ORIENTED_EDGE ( 'NONE', *, *, #7131, .T. ) ;
#7990 = UNCERTAINTY_MEASURE_WITH_UNIT (LENGTH_MEASURE( 1.000000000000000082E-05 ), #7855, 'distance_accuracy_value', 'NONE');
#7991 = SURFACE_SIDE_STYLE ('',( #7896 ) ) ;
#7992 = ORIENTED_EDGE ( 'NONE', *, *, #3262, .T. ) ;
#7993 = CARTESIAN_POINT ( 'NONE',  ( 9.210000000000002629, -6.905096679918783842, 0.3199999999999978417 ) ) ;
#7994 = EDGE_CURVE ( 'NONE', #8038, #7616, #909, .T. ) ;
#7995 = FILL_AREA_STYLE_COLOUR ( '', #3996 ) ;
#7996 = DIRECTION ( 'NONE',  ( -0.000000000000000000, 0.000000000000000000, 1.000000000000000000 ) ) ;
#7997 = STYLED_ITEM ( 'NONE', ( #7085 ), #8021 ) ;
#7998 = PLANE ( 'NONE',  #8117 ) ;
#7999 = CARTESIAN_POINT ( 'NONE',  ( 1.590000000000002967, 8.299999999999993605, 0.3200000000000004508 ) ) ;
#8000 = VERTEX_POINT ( 'NONE', #7780 ) ;
#8001 = LINE ( 'NONE', #7214, #645 ) ;
#8002 = ORIENTED_EDGE ( 'NONE', *, *, #2627, .T. ) ;
#8003 = FILL_AREA_STYLE_COLOUR ( '', #8987 ) ;
#8004 = DIRECTION ( 'NONE',  ( -0.000000000000000000, -0.3420201433256597756, -0.9396926207859116476 ) ) ;
#8005 = CARTESIAN_POINT ( 'NONE',  ( -10.05999999999999872, -0.03999999999999967470, -1.020000000000004237 ) ) ;
#8006 = MANIFOLD_SOLID_BREP ( 'LPattern1[5]', #4393 ) ;
#8007 = ORIENTED_EDGE ( 'NONE', *, *, #235, .F. ) ;
#8008 = CARTESIAN_POINT ( 'NONE',  ( 35.56000000000000227, -3.000000000000000000, 0.2108089297201388157 ) ) ;
#8009 = SURFACE_STYLE_USAGE ( .BOTH. , #5787 ) ;
#8010 =( GEOMETRIC_REPRESENTATION_CONTEXT ( 3 ) GLOBAL_UNCERTAINTY_ASSIGNED_CONTEXT ( ( #3241 ) ) GLOBAL_UNIT_ASSIGNED_CONTEXT ( ( #8819, #1072, #339 ) ) REPRESENTATION_CONTEXT ( 'NONE', 'WORKASPACE' ) );
#8011 = DIRECTION ( 'NONE',  ( 0.000000000000000000, -0.3420201433256594981, 0.9396926207859117586 ) ) ;
#8012 = ORIENTED_EDGE ( 'NONE', *, *, #602, .T. ) ;
#8013 = FACE_OUTER_BOUND ( 'NONE', #2283, .T. ) ;
#8014 = DIRECTION ( 'NONE',  ( 0.3236155771181768448, 0.8891264907159940334, -0.3236155771181768448 ) ) ;
#8015 = FILL_AREA_STYLE ('',( #2764 ) ) ;
#8016 = FACE_OUTER_BOUND ( 'NONE', #7449, .T. ) ;
#8017 = LINE ( 'NONE', #7177, #2843 ) ;
#8018 = CARTESIAN_POINT ( 'NONE',  ( 1.590000000000002967, 8.299999999999993605, -0.3200000000000012279 ) ) ;
#8019 = FILL_AREA_STYLE_COLOUR ( '', #5784 ) ;
#8020 = DIRECTION ( 'NONE',  ( 1.000000000000000000, 0.000000000000000000, 0.000000000000000000 ) ) ;
#8021 = ADVANCED_FACE ( 'NONE', ( #2552 ), #7038, .T. ) ;
#8022 = MECHANICAL_DESIGN_GEOMETRIC_PRESENTATION_REPRESENTATION (  '', ( #6281 ), #8197 ) ;
#8023 = EDGE_LOOP ( 'NONE', ( #8799, #3094, #2852, #6702 ) ) ;
#8024 = ADVANCED_FACE ( 'NONE', ( #3513 ), #525, .F. ) ;
#8025 = CARTESIAN_POINT ( 'NONE',  ( 3.985795051648021392, 3.882392806044252964, -2.715795051648021374 ) ) ;
#8026 = LINE ( 'NONE', #8636, #5295 ) ;
#8027 = ORIENTED_EDGE ( 'NONE', *, *, #5041, .T. ) ;
#8028 = CARTESIAN_POINT ( 'NONE',  ( -7.719999999999997975, -0.03999999999999967470, 1.019999999999995799 ) ) ;
#8029 = EDGE_LOOP ( 'NONE', ( #4137, #1977, #1045, #6071 ) ) ;
#8030 = DIRECTION ( 'NONE',  ( 0.000000000000000000, 0.000000000000000000, -1.000000000000000000 ) ) ;
#8031 = PRESENTATION_STYLE_ASSIGNMENT (( #7242 ) ) ;
#8032 = ORIENTED_EDGE ( 'NONE', *, *, #3464, .T. ) ;
#8033 = PLANE ( 'NONE',  #3909 ) ;
#8034 = EDGE_CURVE ( 'NONE', #2257, #2672, #8765, .T. ) ;
#8035 = ORIENTED_EDGE ( 'NONE', *, *, #3787, .T. ) ;
#8036 = EDGE_CURVE ( 'NONE', #4451, #3439, #8115, .T. ) ;
#8037 =( NAMED_UNIT ( * ) PLANE_ANGLE_UNIT ( ) SI_UNIT ( $, .RADIAN. ) );
#8038 = VERTEX_POINT ( 'NONE', #5055 ) ;
#8039 = ORIENTED_EDGE ( 'NONE', *, *, #235, .T. ) ;
#8040 = PRESENTATION_STYLE_ASSIGNMENT (( #1185 ) ) ;
#8041 = ORIENTED_EDGE ( 'NONE', *, *, #8730, .F. ) ;
#8042 = ADVANCED_FACE ( 'NONE', ( #8714 ), #1909, .F. ) ;
#8043 =( GEOMETRIC_REPRESENTATION_CONTEXT ( 3 ) GLOBAL_UNCERTAINTY_ASSIGNED_CONTEXT ( ( #4332 ) ) GLOBAL_UNIT_ASSIGNED_CONTEXT ( ( #8249, #127, #2347 ) ) REPRESENTATION_CONTEXT ( 'NONE', 'WORKASPACE' ) );
#8044 = CARTESIAN_POINT ( 'NONE',  ( 11.11000000000000476, 2.500000000000000444, 0.3199999999999995071 ) ) ;
#8045 = DIRECTION ( 'NONE',  ( 0.000000000000000000, -3.771912141373855303E-16, -1.000000000000000000 ) ) ;
#8046 = VERTEX_POINT ( 'NONE', #5000 ) ;
#8047 = EDGE_CURVE ( 'NONE', #2666, #6065, #1203, .T. ) ;
#8048 = LINE ( 'NONE', #6420, #3852 ) ;
#8049 = VECTOR ( 'NONE', #8830, 1000.000000000000000 ) ;
#8050 = ORIENTED_EDGE ( 'NONE', *, *, #685, .F. ) ;
#8051 = DIRECTION ( 'NONE',  ( -0.000000000000000000, 1.000000000000000000, 1.707404996040164265E-16 ) ) ;
#8052 = DIRECTION ( 'NONE',  ( 0.000000000000000000, -1.707404996040164265E-16, 1.000000000000000000 ) ) ;
#8053 = VECTOR ( 'NONE', #3031, 1000.000000000000000 ) ;
#8054 = MANIFOLD_SOLID_BREP ( 'Chamfer1', #906 ) ;
#8055 = EDGE_CURVE ( 'NONE', #7765, #3958, #2752, .T. ) ;
#8056 = CARTESIAN_POINT ( 'NONE',  ( -10.05999999999999872, -0.03999999999999967470, 1.019999999999995799 ) ) ;
#8057 = PRESENTATION_STYLE_ASSIGNMENT (( #6726 ) ) ;
#8058 =( LENGTH_UNIT ( ) NAMED_UNIT ( * ) SI_UNIT ( .MILLI., .METRE. ) );
#8059 = LINE ( 'NONE', #8619, #1280 ) ;
#8060 = CARTESIAN_POINT ( 'NONE',  ( 8.570000000000002061, -6.905096679918783842, -0.3200000000000038369 ) ) ;
#8061 =( GEOMETRIC_REPRESENTATION_CONTEXT ( 3 ) GLOBAL_UNCERTAINTY_ASSIGNED_CONTEXT ( ( #8990 ) ) GLOBAL_UNIT_ASSIGNED_CONTEXT ( ( #3601, #6488, #2784 ) ) REPRESENTATION_CONTEXT ( 'NONE', 'WORKASPACE' ) );
#8062 = ORIENTED_EDGE ( 'NONE', *, *, #8707, .F. ) ;
#8063 = SURFACE_SIDE_STYLE ('',( #4215 ) ) ;
#8064 = FILL_AREA_STYLE_COLOUR ( '', #6584 ) ;
#8065 = FACE_OUTER_BOUND ( 'NONE', #9725, .T. ) ;
#8066 = DIRECTION ( 'NONE',  ( 1.000000000000000000, 0.000000000000000000, 0.000000000000000000 ) ) ;
#8067 = PLANE ( 'NONE',  #5071 ) ;
#8068 = VECTOR ( 'NONE', #7190, 1000.000000000000000 ) ;
#8069 = LINE ( 'NONE', #5302, #3183 ) ;
#8070 = VECTOR ( 'NONE', #7835, 1000.000000000000000 ) ;
#8071 = SURFACE_SIDE_STYLE ('',( #5704 ) ) ;
#8072 = SURFACE_STYLE_FILL_AREA ( #2081 ) ;
#8073 = MANIFOLD_SOLID_BREP ( 'LPattern1[8]', #9471 ) ;
#8074 = DIRECTION ( 'NONE',  ( 0.000000000000000000, 3.771912141373855303E-16, 1.000000000000000000 ) ) ;
#8075 = ORIENTED_EDGE ( 'NONE', *, *, #7571, .T. ) ;
#8076 = DIRECTION ( 'NONE',  ( -0.000000000000000000, 0.000000000000000000, -1.000000000000000000 ) ) ;
#8077 = VECTOR ( 'NONE', #7744, 1000.000000000000000 ) ;
#8078 = DIRECTION ( 'NONE',  ( -0.000000000000000000, -0.000000000000000000, 1.000000000000000000 ) ) ;
#8079 = EDGE_LOOP ( 'NONE', ( #4704, #4879, #5052, #649 ) ) ;
#8080 = UNCERTAINTY_MEASURE_WITH_UNIT (LENGTH_MEASURE( 1.000000000000000082E-05 ), #6006, 'distance_accuracy_value', 'NONE');
#8081 = DIRECTION ( 'NONE',  ( 0.000000000000000000, 1.707404996040164265E-16, -1.000000000000000000 ) ) ;
#8082 = ORIENTED_EDGE ( 'NONE', *, *, #9698, .T. ) ;
#8083 = DIRECTION ( 'NONE',  ( 0.000000000000000000, -0.000000000000000000, 1.000000000000000000 ) ) ;
#8084 = UNCERTAINTY_MEASURE_WITH_UNIT (LENGTH_MEASURE( 1.000000000000000082E-05 ), #6610, 'distance_accuracy_value', 'NONE');
#8085 = PLANE ( 'NONE',  #9198 ) ;
#8086 = ORIENTED_EDGE ( 'NONE', *, *, #4664, .F. ) ;
#8087 = PRESENTATION_LAYER_ASSIGNMENT (  '', '', ( #1262 ) ) ;
#8088 = DIRECTION ( 'NONE',  ( 0.000000000000000000, 0.000000000000000000, 1.000000000000000000 ) ) ;
#8089 = EDGE_CURVE ( 'NONE', #7708, #1532, #9596, .T. ) ;
#8090 = EDGE_LOOP ( 'NONE', ( #6887, #4856, #3603, #5237 ) ) ;
#8091 = ORIENTED_EDGE ( 'NONE', *, *, #1738, .F. ) ;
#8092 = VECTOR ( 'NONE', #6564, 1000.000000000000000 ) ;
#8093 = VERTEX_POINT ( 'NONE', #5303 ) ;
#8094 = AXIS2_PLACEMENT_3D ( 'NONE', #3863, #8302, #7569 ) ;
#8095 = VERTEX_POINT ( 'NONE', #3781 ) ;
#8096 = CARTESIAN_POINT ( 'NONE',  ( 10.16000000000000014, 8.599999999999999645, -0.2108089297201413692 ) ) ;
#8097 =( NAMED_UNIT ( * ) PLANE_ANGLE_UNIT ( ) SI_UNIT ( $, .RADIAN. ) );
#8098 = DIRECTION ( 'NONE',  ( 1.000000000000000000, 0.000000000000000000, -0.000000000000000000 ) ) ;
#8099 = ADVANCED_FACE ( 'NONE', ( #661 ), #3722, .F. ) ;
#8100 = FILL_AREA_STYLE ('',( #7467 ) ) ;
#8101 = VECTOR ( 'NONE', #6804, 1000.000000000000000 ) ;
#8102 =( LENGTH_UNIT ( ) NAMED_UNIT ( * ) SI_UNIT ( .MILLI., .METRE. ) );
#8103 = EDGE_LOOP ( 'NONE', ( #9380, #5518, #1294, #9293 ) ) ;
#8104 = CARTESIAN_POINT ( 'NONE',  ( 1.590000000000004521, -0.03999999999999967470, 0.3199999999999990630 ) ) ;
#8105 = EDGE_CURVE ( 'NONE', #454, #4920, #6621, .T. ) ;
#8106 =( NAMED_UNIT ( * ) SI_UNIT ( $, .STERADIAN. ) SOLID_ANGLE_UNIT ( ) );
#8107 = VECTOR ( 'NONE', #5939, 1000.000000000000114 ) ;
#8108 = ORIENTED_EDGE ( 'NONE', *, *, #8306, .T. ) ;
#8109 = PLANE ( 'NONE',  #2797 ) ;
#8110 =( LENGTH_UNIT ( ) NAMED_UNIT ( * ) SI_UNIT ( .MILLI., .METRE. ) );
#8111 = FILL_AREA_STYLE ('',( #3719 ) ) ;
#8112 = ADVANCED_FACE ( 'NONE', ( #50 ), #9791, .F. ) ;
#8113 = FILL_AREA_STYLE ('',( #5837 ) ) ;
#8114 = CARTESIAN_POINT ( 'NONE',  ( 6.139191070279860440, -3.000000000000000000, 0.2108089297201388157 ) ) ;
#8115 = LINE ( 'NONE', #4307, #5766 ) ;
#8116 = LINE ( 'NONE', #3832, #6558 ) ;
#8117 = AXIS2_PLACEMENT_3D ( 'NONE', #8559, #7862, #4057 ) ;
#8118 = CARTESIAN_POINT ( 'NONE',  ( 5.180000000000000604, -0.03999999999999923755, -1.270000000000004237 ) ) ;
#8119 = ORIENTED_EDGE ( 'NONE', *, *, #5692, .F. ) ;
#8120 = EDGE_CURVE ( 'NONE', #8221, #6048, #3069, .T. ) ;
#8121 = LINE ( 'NONE', #582, #3128 ) ;
#8122 = VECTOR ( 'NONE', #109, 1000.000000000000000 ) ;
#8123 = FILL_AREA_STYLE ('',( #772 ) ) ;
#8124 = PLANE ( 'NONE',  #2684 ) ;
#8125 = CARTESIAN_POINT ( 'NONE',  ( 12.69999999999999929, 0.7500000000000002220, -0.7700000000000006839 ) ) ;
#8126 = CARTESIAN_POINT ( 'NONE',  ( 12.60000000000000320, -0.03999999999999967470, 1.019999999999995799 ) ) ;
#8127 = DIRECTION ( 'NONE',  ( 0.3236155771181769003, -0.8891264907159941444, -0.3236155771181765672 ) ) ;
#8128 = AXIS2_PLACEMENT_3D ( 'NONE', #527, #1067, #3570 ) ;
#8129 = VERTEX_POINT ( 'NONE', #6727 ) ;
#8130 = DIRECTION ( 'NONE',  ( -0.000000000000000000, 1.000000000000000000, 1.707404996040164265E-16 ) ) ;
#8131 = LINE ( 'NONE', #2830, #2846 ) ;
#8132 = ORIENTED_EDGE ( 'NONE', *, *, #4532, .F. ) ;
#8133 = DIRECTION ( 'NONE',  ( 1.000000000000000000, 0.000000000000000000, 0.000000000000000000 ) ) ;
#8134 = VERTEX_POINT ( 'NONE', #9123 ) ;
#8135 = CARTESIAN_POINT ( 'NONE',  ( 4.020808929720141478, -3.000000000000000000, 1.270000000000000018 ) ) ;
#8136 = LINE ( 'NONE', #1385, #313 ) ;
#8137 = DIRECTION ( 'NONE',  ( -1.000000000000000000, -0.000000000000000000, -0.000000000000000000 ) ) ;
#8138 = COLOUR_RGB ( '',1.000000000000000000, 0.8117647058823529438, 0.5019607843137254832 ) ;
#8139 = COLOUR_RGB ( '',1.000000000000000000, 0.8117647058823529438, 0.5019607843137254832 ) ;
#8140 = VERTEX_POINT ( 'NONE', #5205 ) ;
#8141 = EDGE_LOOP ( 'NONE', ( #1206, #2341, #5885, #7240 ) ) ;
#8142 = STYLED_ITEM ( 'NONE', ( #2467 ), #8006 ) ;
#8143 = DIRECTION ( 'NONE',  ( 0.000000000000000000, 1.000000000000000000, 1.707404996040164265E-16 ) ) ;
#8144 = ORIENTED_EDGE ( 'NONE', *, *, #5984, .F. ) ;
#8145 =( GEOMETRIC_REPRESENTATION_CONTEXT ( 3 ) GLOBAL_UNCERTAINTY_ASSIGNED_CONTEXT ( ( #2034 ) ) GLOBAL_UNIT_ASSIGNED_CONTEXT ( ( #4666, #9181, #6943 ) ) REPRESENTATION_CONTEXT ( 'NONE', 'WORKASPACE' ) );
#8146 = VERTEX_POINT ( 'NONE', #2869 ) ;
#8147 = CARTESIAN_POINT ( 'NONE',  ( 0.9500000000000011768, 8.299999999999993605, -0.3200000000000012279 ) ) ;
#8148 = CARTESIAN_POINT ( 'NONE',  ( 2.440000000000001279, 2.500000000000000444, 1.269999999999996243 ) ) ;
#8149 = LINE ( 'NONE', #2148, #6260 ) ;
#8150 = STYLED_ITEM ( 'NONE', ( #5096 ), #9537 ) ;
#8151 = LINE ( 'NONE', #5824, #6692 ) ;
#8152 = CARTESIAN_POINT ( 'NONE',  ( 22.86000000000000298, 8.599999999999999645, 0.2108089297201405921 ) ) ;
#8153 = ORIENTED_EDGE ( 'NONE', *, *, #8158, .F. ) ;
#8154 =( GEOMETRIC_REPRESENTATION_CONTEXT ( 3 ) GLOBAL_UNCERTAINTY_ASSIGNED_CONTEXT ( ( #6942 ) ) GLOBAL_UNIT_ASSIGNED_CONTEXT ( ( #99, #230, #9172 ) ) REPRESENTATION_CONTEXT ( 'NONE', 'WORKASPACE' ) );
#8155 = EDGE_LOOP ( 'NONE', ( #5147, #3860, #8590, #4401 ) ) ;
#8156 = VERTEX_POINT ( 'NONE', #2319 ) ;
#8157 = CARTESIAN_POINT ( 'NONE',  ( -11.61873153413532123, 8.660657145849658178, -0.1887315341353228981 ) ) ;
#8158 = EDGE_CURVE ( 'NONE', #2927, #6484, #5157, .T. ) ;
#8159 = PLANE ( 'NONE',  #5578 ) ;
#8160 = ORIENTED_EDGE ( 'NONE', *, *, #8182, .T. ) ;
#8161 = CARTESIAN_POINT ( 'NONE',  ( 5.180000000000000604, 2.500000000000000888, -1.270000000000003793 ) ) ;
#8162 = DIRECTION ( 'NONE',  ( 1.000000000000000000, 0.000000000000000000, 0.000000000000000000 ) ) ;
#8163 = AXIS2_PLACEMENT_3D ( 'NONE', #7211, #8657, #2545 ) ;
#8164 = STYLED_ITEM ( 'NONE', ( #4368 ), #7809 ) ;
#8165 = CARTESIAN_POINT ( 'NONE',  ( -3.489999999999998437, -2.699999999999993072, 0.3199999999999985634 ) ) ;
#8166 = CARTESIAN_POINT ( 'NONE',  ( 12.69999999999999929, 0.000000000000000000, 1.019999999999995799 ) ) ;
#8167 = FILL_AREA_STYLE_COLOUR ( '', #9693 ) ;
#8168 = CARTESIAN_POINT ( 'NONE',  ( -0.09999999999999766020, -0.03999999999999923755, -1.270000000000004237 ) ) ;
#8169 = EDGE_CURVE ( 'NONE', #9045, #3843, #8917, .T. ) ;
#8170 = FACE_OUTER_BOUND ( 'NONE', #2856, .T. ) ;
#8171 = SURFACE_STYLE_FILL_AREA ( #5160 ) ;
#8172 = VECTOR ( 'NONE', #4975, 1000.000000000000000 ) ;
#8173 = ORIENTED_EDGE ( 'NONE', *, *, #3208, .F. ) ;
#8174 = EDGE_CURVE ( 'NONE', #2577, #4877, #4504, .T. ) ;
#8175 =( NAMED_UNIT ( * ) PLANE_ANGLE_UNIT ( ) SI_UNIT ( $, .RADIAN. ) );
#8176 = ORIENTED_EDGE ( 'NONE', *, *, #1250, .F. ) ;
#8177 = CARTESIAN_POINT ( 'NONE',  ( 6.030000000000003801, 2.500000000000000444, -0.3200000000000021716 ) ) ;
#8178 = CARTESIAN_POINT ( 'NONE',  ( 1.590000000000002967, 8.299999999999993605, -0.3200000000000038369 ) ) ;
#8179 = CARTESIAN_POINT ( 'NONE',  ( 20.31999999999999673, -3.000000000000000000, 0.2108089297201388157 ) ) ;
#8180 = COLOUR_RGB ( '',1.000000000000000000, 0.8117647058823529438, 0.5019607843137254832 ) ;
#8181 = LINE ( 'NONE', #5217, #1017 ) ;
#8182 = EDGE_CURVE ( 'NONE', #393, #1335, #7534, .T. ) ;
#8183 = DIRECTION ( 'NONE',  ( 0.000000000000000000, 0.000000000000000000, 1.000000000000000000 ) ) ;
#8184 = PLANE ( 'NONE',  #2931 ) ;
#8185 = EDGE_LOOP ( 'NONE', ( #337, #8596, #316, #9299 ) ) ;
#8186 = EDGE_CURVE ( 'NONE', #4359, #7765, #3671, .T. ) ;
#8187 = LINE ( 'NONE', #5175, #1076 ) ;
#8188 = VECTOR ( 'NONE', #2312, 1000.000000000000000 ) ;
#8189 = FACE_OUTER_BOUND ( 'NONE', #2831, .T. ) ;
#8190 = EDGE_LOOP ( 'NONE', ( #7296, #2233, #2800, #3073 ) ) ;
#8191 = UNCERTAINTY_MEASURE_WITH_UNIT (LENGTH_MEASURE( 1.000000000000000082E-05 ), #4352, 'distance_accuracy_value', 'NONE');
#8192 = LINE ( 'NONE', #8288, #6476 ) ;
#8193 = VECTOR ( 'NONE', #9564, 1000.000000000000000 ) ;
#8194 = ORIENTED_EDGE ( 'NONE', *, *, #3636, .F. ) ;
#8195 = DIRECTION ( 'NONE',  ( 0.3236155771181767893, -0.8891264907159940334, 0.3236155771181771224 ) ) ;
#8196 = CARTESIAN_POINT ( 'NONE',  ( 12.69999999999999929, 0.000000000000000000, 1.270000000000000018 ) ) ;
#8197 =( GEOMETRIC_REPRESENTATION_CONTEXT ( 3 ) GLOBAL_UNCERTAINTY_ASSIGNED_CONTEXT ( ( #170 ) ) GLOBAL_UNIT_ASSIGNED_CONTEXT ( ( #650, #2960, #3704 ) ) REPRESENTATION_CONTEXT ( 'NONE', 'WORKASPACE' ) );
#8198 = ORIENTED_EDGE ( 'NONE', *, *, #5294, .F. ) ;
#8199 = CARTESIAN_POINT ( 'NONE',  ( 12.69999999999999929, 0.7500000000000001110, -0.3200000000000023381 ) ) ;
#8200 = EDGE_LOOP ( 'NONE', ( #4477, #7796, #8940, #1342 ) ) ;
#8201 = MANIFOLD_SOLID_BREP ( 'LPattern1[1]', #6303 ) ;
#8202 = VERTEX_POINT ( 'NONE', #3874 ) ;
#8203 = UNCERTAINTY_MEASURE_WITH_UNIT (LENGTH_MEASURE( 1.000000000000000082E-05 ), #9060, 'distance_accuracy_value', 'NONE');
#8204 = ORIENTED_EDGE ( 'NONE', *, *, #2483, .F. ) ;
#8205 = CARTESIAN_POINT ( 'NONE',  ( 7.720000000000001528, 2.500000000000000000, 1.019999999999996243 ) ) ;
#8206 =( NAMED_UNIT ( * ) PLANE_ANGLE_UNIT ( ) SI_UNIT ( $, .RADIAN. ) );
#8207 = LINE ( 'NONE', #6711, #8335 ) ;
#8208 = PLANE ( 'NONE',  #3707 ) ;
#8209 = LINE ( 'NONE', #2204, #7530 ) ;
#8210 = DIRECTION ( 'NONE',  ( -1.000000000000000000, 0.000000000000000000, 0.000000000000000000 ) ) ;
#8211 = ORIENTED_EDGE ( 'NONE', *, *, #5988, .F. ) ;
#8212 = MECHANICAL_DESIGN_GEOMETRIC_PRESENTATION_REPRESENTATION (  '', ( #8680 ), #1858 ) ;
#8213 = ORIENTED_EDGE ( 'NONE', *, *, #1236, .F. ) ;
#8214 = LINE ( 'NONE', #467, #1958 ) ;
#8215 = SURFACE_STYLE_FILL_AREA ( #5198 ) ;
#8216 = ORIENTED_EDGE ( 'NONE', *, *, #1899, .F. ) ;
#8217 = CARTESIAN_POINT ( 'NONE',  ( 12.69999999999999929, 0.7500000000000001110, 0.3199999999999991740 ) ) ;
#8219 = EDGE_CURVE ( 'NONE', #3297, #8488, #5940, .T. ) ;
#8218 = CARTESIAN_POINT ( 'NONE',  ( -10.05999999999999872, -0.03999999999999967470, 1.019999999999995799 ) ) ;
#8220 = FILL_AREA_STYLE ('',( #2264 ) ) ;
#8221 = VERTEX_POINT ( 'NONE', #275 ) ;
#8222 = FACE_OUTER_BOUND ( 'NONE', #9650, .T. ) ;
#8223 = CARTESIAN_POINT ( 'NONE',  ( -11.10999999999999766, -0.03999999999999967470, 0.3199999999999990630 ) ) ;
#8224 = VECTOR ( 'NONE', #1481, 1000.000000000000000 ) ;
#8225 = EDGE_LOOP ( 'NONE', ( #3894, #3554, #1836, #9240 ) ) ;
#8226 = LINE ( 'NONE', #2268, #6991 ) ;
#8227 =( NAMED_UNIT ( * ) PLANE_ANGLE_UNIT ( ) SI_UNIT ( $, .RADIAN. ) );
#8228 = SURFACE_SIDE_STYLE ('',( #2223 ) ) ;
#8229 =( NAMED_UNIT ( * ) PLANE_ANGLE_UNIT ( ) SI_UNIT ( $, .RADIAN. ) );
#8230 = CARTESIAN_POINT ( 'NONE',  ( -7.719999999999997975, -0.03999999999999923755, -1.270000000000004237 ) ) ;
#8231 = EDGE_CURVE ( 'NONE', #7509, #5559, #7073, .T. ) ;
#8232 = DIRECTION ( 'NONE',  ( 0.000000000000000000, 1.707404996040164265E-16, -1.000000000000000000 ) ) ;
#8233 = VECTOR ( 'NONE', #5700, 1000.000000000000000 ) ;
#8234 = DIRECTION ( 'NONE',  ( 0.000000000000000000, -1.000000000000000000, -1.707404996040164265E-16 ) ) ;
#8235 = ORIENTED_EDGE ( 'NONE', *, *, #1438, .F. ) ;
#8236 = CARTESIAN_POINT ( 'NONE',  ( -12.59999999999999964, 0.000000000000000000, -1.270000000000004237 ) ) ;
#8237 = EDGE_CURVE ( 'NONE', #8494, #9690, #5548, .T. ) ;
#8238 = CARTESIAN_POINT ( 'NONE',  ( 3.490000000000003322, 2.500000000000000444, 0.3199999999999995071 ) ) ;
#8239 = VERTEX_POINT ( 'NONE', #7728 ) ;
#8240 = PLANE ( 'NONE',  #3988 ) ;
#8241 = COLOUR_RGB ( '',1.000000000000000000, 0.8117647058823529438, 0.5019607843137254832 ) ;
#8242 = ORIENTED_EDGE ( 'NONE', *, *, #1110, .F. ) ;
#8243 =( LENGTH_UNIT ( ) NAMED_UNIT ( * ) SI_UNIT ( .MILLI., .METRE. ) );
#8244 = DIRECTION ( 'NONE',  ( -1.000000000000000000, 0.000000000000000000, 0.000000000000000000 ) ) ;
#8245 = EDGE_CURVE ( 'NONE', #2672, #7340, #6938, .T. ) ;
#8246 = PRESENTATION_LAYER_ASSIGNMENT (  '', '', ( #1424 ) ) ;
#8247 = VECTOR ( 'NONE', #1615, 1000.000000000000000 ) ;
#8248 = ORIENTED_EDGE ( 'NONE', *, *, #2844, .F. ) ;
#8249 =( LENGTH_UNIT ( ) NAMED_UNIT ( * ) SI_UNIT ( .MILLI., .METRE. ) );
#8250 = EDGE_CURVE ( 'NONE', #436, #6614, #7771, .T. ) ;
#8251 = CARTESIAN_POINT ( 'NONE',  ( 5.180000000000000604, 2.500000000000000444, 1.019999999999996243 ) ) ;
#8252 = VERTEX_POINT ( 'NONE', #3966 ) ;
#8253 = ORIENTED_EDGE ( 'NONE', *, *, #8649, .T. ) ;
#8254 = CARTESIAN_POINT ( 'NONE',  ( -10.05999999999999872, 9.486769009248163798E-17, -1.020000000000004237 ) ) ;
#8255 =( NAMED_UNIT ( * ) SI_UNIT ( $, .STERADIAN. ) SOLID_ANGLE_UNIT ( ) );
#8256 = ORIENTED_EDGE ( 'NONE', *, *, #6591, .T. ) ;
#8257 =( GEOMETRIC_REPRESENTATION_CONTEXT ( 3 ) GLOBAL_UNCERTAINTY_ASSIGNED_CONTEXT ( ( #4442 ) ) GLOBAL_UNIT_ASSIGNED_CONTEXT ( ( #193, #8420, #6939 ) ) REPRESENTATION_CONTEXT ( 'NONE', 'WORKASPACE' ) );
#8258 = VERTEX_POINT ( 'NONE', #2544 ) ;
#8259 = VECTOR ( 'NONE', #6266, 1000.000000000000000 ) ;
#8260 =( LENGTH_UNIT ( ) NAMED_UNIT ( * ) SI_UNIT ( .MILLI., .METRE. ) );
#8261 = VERTEX_POINT ( 'NONE', #6318 ) ;
#8262 = DIRECTION ( 'NONE',  ( 0.000000000000000000, 0.000000000000000000, -1.000000000000000000 ) ) ;
#8263 = CARTESIAN_POINT ( 'NONE',  ( -6.669999999999999929, -6.905096679918783842, 0.3199999999999978417 ) ) ;
#8264 = FACE_OUTER_BOUND ( 'NONE', #7895, .T. ) ;
#8265 = AXIS2_PLACEMENT_3D ( 'NONE', #4603, #6263, #1705 ) ;
#8266 = PLANE ( 'NONE',  #4014 ) ;
#8267 =( NAMED_UNIT ( * ) PLANE_ANGLE_UNIT ( ) SI_UNIT ( $, .RADIAN. ) );
#8268 = DIRECTION ( 'NONE',  ( 0.000000000000000000, -0.000000000000000000, 1.000000000000000000 ) ) ;
#8269 = LINE ( 'NONE', #8060, #7974 ) ;
#8270 = PRESENTATION_LAYER_ASSIGNMENT (  '', '', ( #7004 ) ) ;
#8271 = ORIENTED_EDGE ( 'NONE', *, *, #6904, .T. ) ;
#8272 =( NAMED_UNIT ( * ) SI_UNIT ( $, .STERADIAN. ) SOLID_ANGLE_UNIT ( ) );
#8273 = EDGE_CURVE ( 'NONE', #3274, #7616, #807, .T. ) ;
#8274 = LINE ( 'NONE', #4466, #9238 ) ;
#8275 = CARTESIAN_POINT ( 'NONE',  ( -0.09999999999999766020, -0.03999999999999923755, -1.270000000000004237 ) ) ;
#8276 = DIRECTION ( 'NONE',  ( -1.000000000000000000, -0.000000000000000000, -0.000000000000000000 ) ) ;
#8277 = DIRECTION ( 'NONE',  ( -0.000000000000000000, 1.000000000000000000, 1.707404996040164265E-16 ) ) ;
#8278 = DIRECTION ( 'NONE',  ( 1.000000000000000000, 0.000000000000000000, 0.000000000000000000 ) ) ;
#8279 = CARTESIAN_POINT ( 'NONE',  ( 12.69999999999999929, 0.000000000000000000, 0.7700000000000004619 ) ) ;
#8280 = VERTEX_POINT ( 'NONE', #4010 ) ;
#8281 =( GEOMETRIC_REPRESENTATION_CONTEXT ( 3 ) GLOBAL_UNCERTAINTY_ASSIGNED_CONTEXT ( ( #4827 ) ) GLOBAL_UNIT_ASSIGNED_CONTEXT ( ( #6658, #2149, #8806 ) ) REPRESENTATION_CONTEXT ( 'NONE', 'WORKASPACE' ) );
#8282 = ADVANCED_FACE ( 'NONE', ( #5399 ), #7637, .F. ) ;
#8283 = EDGE_CURVE ( 'NONE', #6255, #3675, #7863, .T. ) ;
#8284 = CARTESIAN_POINT ( 'NONE',  ( -2.639999999999998348, -0.03999999999999967470, 1.019999999999995799 ) ) ;
#8285 = DIRECTION ( 'NONE',  ( 0.000000000000000000, -1.707404996040164265E-16, 1.000000000000000000 ) ) ;
#8286 = ORIENTED_EDGE ( 'NONE', *, *, #4247, .T. ) ;
#8287 = UNCERTAINTY_MEASURE_WITH_UNIT (LENGTH_MEASURE( 1.000000000000000082E-05 ), #6570, 'distance_accuracy_value', 'NONE');
#8288 = CARTESIAN_POINT ( 'NONE',  ( -9.209999999999999076, -3.000000000000000000, 0.2108089297201388157 ) ) ;
#8289 = ORIENTED_EDGE ( 'NONE', *, *, #3506, .T. ) ;
#8290 = CARTESIAN_POINT ( 'NONE',  ( 30.48000000000000043, -3.000000000000000000, 1.270000000000000018 ) ) ;
#8291 = LINE ( 'NONE', #1490, #6559 ) ;
#8292 = VECTOR ( 'NONE', #3285, 1000.000000000000000 ) ;
#8293 = EDGE_CURVE ( 'NONE', #5707, #2956, #3396, .T. ) ;
#8294 = ORIENTED_EDGE ( 'NONE', *, *, #6667, .F. ) ;
#8295 = ORIENTED_EDGE ( 'NONE', *, *, #4832, .T. ) ;
#8296 = EDGE_CURVE ( 'NONE', #3942, #2645, #415, .T. ) ;
#8297 = DIRECTION ( 'NONE',  ( 0.000000000000000000, -1.707404996040164265E-16, 1.000000000000000000 ) ) ;
#8298 = VERTEX_POINT ( 'NONE', #8044 ) ;
#8299 = UNCERTAINTY_MEASURE_WITH_UNIT (LENGTH_MEASURE( 1.000000000000000082E-05 ), #7751, 'distance_accuracy_value', 'NONE');
#8300 = ORIENTED_EDGE ( 'NONE', *, *, #8898, .F. ) ;
#8301 = LINE ( 'NONE', #6123, #3286 ) ;
#8302 = DIRECTION ( 'NONE',  ( 0.000000000000000000, -0.3420201433256594981, 0.9396926207859117586 ) ) ;
#8303 = AXIS2_PLACEMENT_3D ( 'NONE', #248, #3273, #290 ) ;
#8304 = DIRECTION ( 'NONE',  ( 1.000000000000000000, 0.000000000000000000, 0.000000000000000000 ) ) ;
#8305 = DIRECTION ( 'NONE',  ( -0.000000000000000000, 1.000000000000000000, 1.707404996040164265E-16 ) ) ;
#8306 = EDGE_CURVE ( 'NONE', #7754, #6428, #1192, .T. ) ;
#8307 = DIRECTION ( 'NONE',  ( -0.9396926207859117586, -0.3420201433256594981, -0.000000000000000000 ) ) ;
#8308 = ORIENTED_EDGE ( 'NONE', *, *, #3197, .F. ) ;
#8309 = ORIENTED_EDGE ( 'NONE', *, *, #28, .T. ) ;
#8310 = STYLED_ITEM ( 'NONE', ( #5106 ), #8073 ) ;
#8311 =( GEOMETRIC_REPRESENTATION_CONTEXT ( 3 ) GLOBAL_UNCERTAINTY_ASSIGNED_CONTEXT ( ( #8492 ) ) GLOBAL_UNIT_ASSIGNED_CONTEXT ( ( #9254, #2445, #797 ) ) REPRESENTATION_CONTEXT ( 'NONE', 'WORKASPACE' ) );
#8312 = LINE ( 'NONE', #3159, #4053 ) ;
#8313 = EDGE_CURVE ( 'NONE', #7403, #8400, #3497, .T. ) ;
#8314 = SURFACE_STYLE_FILL_AREA ( #1353 ) ;
#8315 = VECTOR ( 'NONE', #4410, 1000.000000000000114 ) ;
#8316 = VERTEX_POINT ( 'NONE', #6503 ) ;
#8317 = SURFACE_STYLE_USAGE ( .BOTH. , #1664 ) ;
#8318 = CARTESIAN_POINT ( 'NONE',  ( 30.48000000000000043, -3.000000000000000000, 0.2108089297201388157 ) ) ;
#8319 = AXIS2_PLACEMENT_3D ( 'NONE', #3535, #8081, #5021 ) ;
#8320 = VECTOR ( 'NONE', #8865, 1000.000000000000000 ) ;
#8321 = COLOUR_RGB ( '',1.000000000000000000, 0.8117647058823529438, 0.5019607843137254832 ) ;
#8322 = CARTESIAN_POINT ( 'NONE',  ( 0.1000000000000011297, 2.500000000000000444, 1.019999999999996243 ) ) ;
#8323 = DIRECTION ( 'NONE',  ( 0.000000000000000000, 0.000000000000000000, 1.000000000000000000 ) ) ;
#8324 = CARTESIAN_POINT ( 'NONE',  ( -2.439999999999999503, 0.000000000000000000, 1.270000000000000018 ) ) ;
#8325 = STYLED_ITEM ( 'NONE', ( #6931 ), #9612 ) ;
#8326 = VERTEX_POINT ( 'NONE', #3350 ) ;
#8327 = AXIS2_PLACEMENT_3D ( 'NONE', #4409, #2812, #2118 ) ;
#8328 = AXIS2_PLACEMENT_3D ( 'NONE', #1581, #3838, #3683 ) ;
#8329 =( NAMED_UNIT ( * ) SI_UNIT ( $, .STERADIAN. ) SOLID_ANGLE_UNIT ( ) );
#8330 = LINE ( 'NONE', #7777, #5507 ) ;
#8331 = SURFACE_SIDE_STYLE ('',( #725 ) ) ;
#8332 = LINE ( 'NONE', #1473, #5670 ) ;
#8333 = DIRECTION ( 'NONE',  ( 0.000000000000000000, 1.707404996040164265E-16, -1.000000000000000000 ) ) ;
#8334 = CARTESIAN_POINT ( 'NONE',  ( 9.210000000000002629, -2.699999999999993072, 0.3199999999999985634 ) ) ;
#8335 = VECTOR ( 'NONE', #4291, 1000.000000000000000 ) ;
#8336 = SURFACE_SIDE_STYLE ('',( #6047 ) ) ;
#8337 = ORIENTED_EDGE ( 'NONE', *, *, #8418, .F. ) ;
#8338 = DIRECTION ( 'NONE',  ( 0.000000000000000000, 1.000000000000000000, 1.707404996040164265E-16 ) ) ;
#8339 = PLANE ( 'NONE',  #3858 ) ;
#8340 = ORIENTED_EDGE ( 'NONE', *, *, #1375, .F. ) ;
#8341 = CARTESIAN_POINT ( 'NONE',  ( 11.75000000000000711, 2.500000000000000444, -0.3200000000000021161 ) ) ;
#8342 = VERTEX_POINT ( 'NONE', #4942 ) ;
#8343 = CARTESIAN_POINT ( 'NONE',  ( 12.70000000000000107, 8.599999999999999645, 1.041517047584500167E-15 ) ) ;
#8344 = DIRECTION ( 'NONE',  ( 0.000000000000000000, -1.707404996040164265E-16, 1.000000000000000000 ) ) ;
#8345 = EDGE_CURVE ( 'NONE', #123, #1327, #2737, .T. ) ;
#8346 = ADVANCED_FACE ( 'NONE', ( #9534 ), #2590, .T. ) ;
#8347 = PRESENTATION_LAYER_ASSIGNMENT (  '', '', ( #4552 ) ) ;
#8348 = VERTEX_POINT ( 'NONE', #4850 ) ;
#8349 = CARTESIAN_POINT ( 'NONE',  ( 4.130000000000005222, 0.7500000000000001110, -0.3200000000000025047 ) ) ;
#8350 = ORIENTED_EDGE ( 'NONE', *, *, #115, .T. ) ;
#8351 = ORIENTED_EDGE ( 'NONE', *, *, #1295, .F. ) ;
#8352 = ADVANCED_FACE ( 'NONE', ( #3552 ), #2641, .T. ) ;
#8353 = PLANE ( 'NONE',  #746 ) ;
#8354 =( NAMED_UNIT ( * ) SI_UNIT ( $, .STERADIAN. ) SOLID_ANGLE_UNIT ( ) );
#8355 = FACE_OUTER_BOUND ( 'NONE', #6606, .T. ) ;
#8356 = PRESENTATION_LAYER_ASSIGNMENT (  '', '', ( #6281 ) ) ;
#8357 = CARTESIAN_POINT ( 'NONE',  ( -6.029999999999997584, 2.500000000000000444, 0.3199999999999995071 ) ) ;
#8358 = ADVANCED_FACE ( 'NONE', ( #5644 ), #1849, .F. ) ;
#8359 = LINE ( 'NONE', #1556, #3399 ) ;
#8360 = ORIENTED_EDGE ( 'NONE', *, *, #1429, .F. ) ;
#8361 = DIRECTION ( 'NONE',  ( 0.000000000000000000, -1.734723475976807094E-15, 1.000000000000000000 ) ) ;
#8362 = VECTOR ( 'NONE', #3681, 1000.000000000000000 ) ;
#8363 = VERTEX_POINT ( 'NONE', #8704 ) ;
#8364 = EDGE_CURVE ( 'NONE', #550, #393, #4201, .T. ) ;
#8365 = DIRECTION ( 'NONE',  ( -0.000000000000000000, 1.000000000000000000, 1.707404996040164265E-16 ) ) ;
#8366 = DIRECTION ( 'NONE',  ( 1.000000000000000000, 0.000000000000000000, 0.000000000000000000 ) ) ;
#8367 = DIRECTION ( 'NONE',  ( 0.000000000000000000, -0.3420201433256594981, -0.9396926207859117586 ) ) ;
#8368 = STYLED_ITEM ( 'NONE', ( #4714 ), #4805 ) ;
#8369 = DIRECTION ( 'NONE',  ( 0.000000000000000000, 0.000000000000000000, 1.000000000000000000 ) ) ;
#8370 = EDGE_CURVE ( 'NONE', #8316, #5757, #2686, .T. ) ;
#8371 = CARTESIAN_POINT ( 'NONE',  ( 10.06000000000000227, -0.03999999999999923755, -1.270000000000004237 ) ) ;
#8372 = LINE ( 'NONE', #3072, #6389 ) ;
#8373 = VERTEX_POINT ( 'NONE', #7999 ) ;
#8374 = LINE ( 'NONE', #1574, #7636 ) ;
#8375 =( GEOMETRIC_REPRESENTATION_CONTEXT ( 3 ) GLOBAL_UNCERTAINTY_ASSIGNED_CONTEXT ( ( #4632 ) ) GLOBAL_UNIT_ASSIGNED_CONTEXT ( ( #9306, #3163, #3206 ) ) REPRESENTATION_CONTEXT ( 'NONE', 'WORKASPACE' ) );
#8376 = EDGE_CURVE ( 'NONE', #9424, #7421, #6712, .T. ) ;
#8377 = SURFACE_STYLE_FILL_AREA ( #9227 ) ;
#8378 = DIRECTION ( 'NONE',  ( 0.000000000000000000, 1.000000000000000000, 1.707404996040164265E-16 ) ) ;
#8379 = CARTESIAN_POINT ( 'NONE',  ( 8.570000000000002061, -6.905096679918783842, -0.3200000000000038369 ) ) ;
#8380 = PLANE ( 'NONE',  #8328 ) ;
#8381 = LINE ( 'NONE', #4623, #8763 ) ;
#8382 = CARTESIAN_POINT ( 'NONE',  ( 11.11000000000000476, 2.500000000000000444, -0.3200000000000021716 ) ) ;
#8383 = ORIENTED_EDGE ( 'NONE', *, *, #2278, .T. ) ;
#8384 = LINE ( 'NONE', #7603, #6958 ) ;
#8385 =( NAMED_UNIT ( * ) PLANE_ANGLE_UNIT ( ) SI_UNIT ( $, .RADIAN. ) );
#8386 = FILL_AREA_STYLE_COLOUR ( '', #6055 ) ;
#8387 = VERTEX_POINT ( 'NONE', #6659 ) ;
#8388 = FACE_OUTER_BOUND ( 'NONE', #1137, .T. ) ;
#8389 = PRESENTATION_LAYER_ASSIGNMENT (  '', '', ( #7114 ) ) ;
#8390 = ORIENTED_EDGE ( 'NONE', *, *, #3687, .T. ) ;
#8391 = ORIENTED_EDGE ( 'NONE', *, *, #7013, .T. ) ;
#8392 =( NAMED_UNIT ( * ) PLANE_ANGLE_UNIT ( ) SI_UNIT ( $, .RADIAN. ) );
#8393 = LINE ( 'NONE', #75, #5703 ) ;
#8394 = PRESENTATION_LAYER_ASSIGNMENT (  '', '', ( #9644 ) ) ;
#8395 = SURFACE_STYLE_FILL_AREA ( #740 ) ;
#8396 = VERTEX_POINT ( 'NONE', #4493 ) ;
#8397 = ORIENTED_EDGE ( 'NONE', *, *, #1553, .F. ) ;
#8398 = AXIS2_PLACEMENT_3D ( 'NONE', #9417, #974, #1075 ) ;
#8399 = CARTESIAN_POINT ( 'NONE',  ( 0.1000000000000011297, -0.03999999999999967470, 1.019999999999995799 ) ) ;
#8400 = VERTEX_POINT ( 'NONE', #1347 ) ;
#8401 = UNCERTAINTY_MEASURE_WITH_UNIT (LENGTH_MEASURE( 1.000000000000000082E-05 ), #3505, 'distance_accuracy_value', 'NONE');
#8402 = ORIENTED_EDGE ( 'NONE', *, *, #394, .F. ) ;
#8403 = ADVANCED_FACE ( 'NONE', ( #609 ), #9054, .T. ) ;
#8404 = SURFACE_STYLE_FILL_AREA ( #4491 ) ;
#8405 = DIRECTION ( 'NONE',  ( 0.000000000000000000, -0.3420201433256594981, 0.9396926207859117586 ) ) ;
#8406 = VECTOR ( 'NONE', #185, 1000.000000000000000 ) ;
#8407 = LINE ( 'NONE', #1605, #6548 ) ;
#8408 = ORIENTED_EDGE ( 'NONE', *, *, #3080, .T. ) ;
#8409 = CARTESIAN_POINT ( 'NONE',  ( -12.59999999999999964, 9.486769009248163798E-17, -1.020000000000004237 ) ) ;
#8410 = DIRECTION ( 'NONE',  ( 0.9396926207859117586, -0.3420201433256594981, -0.000000000000000000 ) ) ;
#8411 = MECHANICAL_DESIGN_GEOMETRIC_PRESENTATION_REPRESENTATION (  '', ( #8880 ), #4142 ) ;
#8412 = ORIENTED_EDGE ( 'NONE', *, *, #8487, .T. ) ;
#8413 = FACE_OUTER_BOUND ( 'NONE', #3336, .T. ) ;
#8414 = PRESENTATION_STYLE_ASSIGNMENT (( #8317 ) ) ;
#8415 = CARTESIAN_POINT ( 'NONE',  ( -12.69999999999999929, 0.000000000000000000, 0.7700000000000004619 ) ) ;
#8416 = VECTOR ( 'NONE', #5745, 1000.000000000000000 ) ;
#8417 = FILL_AREA_STYLE_COLOUR ( '', #3754 ) ;
#8418 = EDGE_CURVE ( 'NONE', #4884, #1061, #5880, .T. ) ;
#8419 =( NAMED_UNIT ( * ) PLANE_ANGLE_UNIT ( ) SI_UNIT ( $, .RADIAN. ) );
#8420 =( NAMED_UNIT ( * ) PLANE_ANGLE_UNIT ( ) SI_UNIT ( $, .RADIAN. ) );
#8421 = COLOUR_RGB ( '',1.000000000000000000, 0.8117647058823529438, 0.5019607843137254832 ) ;
#8422 = FILL_AREA_STYLE_COLOUR ( '', #6431 ) ;
#8423 = EDGE_CURVE ( 'NONE', #3118, #7340, #3658, .T. ) ;
#8424 = STYLED_ITEM ( 'NONE', ( #9187 ), #3515 ) ;
#8425 = PLANE ( 'NONE',  #901 ) ;
#8426 = FILL_AREA_STYLE_COLOUR ( '', #6549 ) ;
#8427 = CARTESIAN_POINT ( 'NONE',  ( 4.980000000000002203, -0.03999999999999967470, -1.020000000000004237 ) ) ;
#8428 = COLOUR_RGB ( '',1.000000000000000000, 0.8117647058823529438, 0.5019607843137254832 ) ;
#8429 = EDGE_CURVE ( 'NONE', #5961, #8845, #8209, .T. ) ;
#8430 = FILL_AREA_STYLE ('',( #778 ) ) ;
#8431 = ORIENTED_EDGE ( 'NONE', *, *, #7328, .F. ) ;
#8432 = FILL_AREA_STYLE ('',( #7655 ) ) ;
#8433 = FILL_AREA_STYLE_COLOUR ( '', #2392 ) ;
#8434 = VERTEX_POINT ( 'NONE', #5825 ) ;
#8435 = PLANE ( 'NONE',  #6635 ) ;
#8436 = DIRECTION ( 'NONE',  ( -1.000000000000000000, 0.000000000000000000, -0.000000000000000000 ) ) ;
#8437 =( LENGTH_UNIT ( ) NAMED_UNIT ( * ) SI_UNIT ( .MILLI., .METRE. ) );
#8438 = VECTOR ( 'NONE', #4152, 1000.000000000000000 ) ;
#8439 = ORIENTED_EDGE ( 'NONE', *, *, #3165, .T. ) ;
#8440 = DIRECTION ( 'NONE',  ( -0.000000000000000000, 1.000000000000000000, 1.707404996040164265E-16 ) ) ;
#8441 = ORIENTED_EDGE ( 'NONE', *, *, #9422, .T. ) ;
#8442 = ORIENTED_EDGE ( 'NONE', *, *, #9084, .F. ) ;
#8443 = SURFACE_STYLE_USAGE ( .BOTH. , #132 ) ;
#8444 = FACE_OUTER_BOUND ( 'NONE', #6435, .T. ) ;
#8445 = SURFACE_STYLE_USAGE ( .BOTH. , #36 ) ;
#8446 = AXIS2_PLACEMENT_3D ( 'NONE', #975, #6069, #3814 ) ;
#8447 = CARTESIAN_POINT ( 'NONE',  ( -7.519999999999998685, -0.03999999999999923755, -1.270000000000004237 ) ) ;
#8448 = DIRECTION ( 'NONE',  ( 0.000000000000000000, 1.000000000000000000, 1.707404996040164265E-16 ) ) ;
#8449 = CARTESIAN_POINT ( 'NONE',  ( -1.589999999999999414, 8.299999999999993605, -0.3200000000000012279 ) ) ;
#8450 = EDGE_LOOP ( 'NONE', ( #7271, #7189, #1380, #7342 ) ) ;
#8451 = SURFACE_STYLE_USAGE ( .BOTH. , #3867 ) ;
#8452 = VECTOR ( 'NONE', #9712, 1000.000000000000000 ) ;
#8453 = FILL_AREA_STYLE ('',( #221 ) ) ;
#8454 = ORIENTED_EDGE ( 'NONE', *, *, #1509, .F. ) ;
#8455 = DIRECTION ( 'NONE',  ( 0.000000000000000000, 0.000000000000000000, 1.000000000000000000 ) ) ;
#8456 = DIRECTION ( 'NONE',  ( 0.000000000000000000, 1.000000000000000000, 1.707404996040164265E-16 ) ) ;
#8457 = LINE ( 'NONE', #9219, #357 ) ;
#8458 = AXIS2_PLACEMENT_3D ( 'NONE', #2604, #7124, #2699 ) ;
#8459 = VECTOR ( 'NONE', #4113, 1000.000000000000000 ) ;
#8460 = VERTEX_POINT ( 'NONE', #6769 ) ;
#8461 = EDGE_CURVE ( 'NONE', #6422, #5298, #565, .T. ) ;
#8462 = EDGE_CURVE ( 'NONE', #633, #3055, #2105, .T. ) ;
#8463 = DIRECTION ( 'NONE',  ( -0.000000000000000000, 1.000000000000000000, 1.707404996040164265E-16 ) ) ;
#8464 = VECTOR ( 'NONE', #4712, 1000.000000000000114 ) ;
#8465 = CARTESIAN_POINT ( 'NONE',  ( -7.719999999999997975, 0.000000000000000000, 1.019999999999995799 ) ) ;
#8466 = PRESENTATION_STYLE_ASSIGNMENT (( #2417 ) ) ;
#8467 = MECHANICAL_DESIGN_GEOMETRIC_PRESENTATION_REPRESENTATION (  '', ( #1496 ), #2758 ) ;
#8468 = VECTOR ( 'NONE', #8762, 1000.000000000000000 ) ;
#8469 = SURFACE_STYLE_FILL_AREA ( #6187 ) ;
#8470 = EDGE_CURVE ( 'NONE', #7971, #2048, #8953, .T. ) ;
#8471 = DIRECTION ( 'NONE',  ( -0.000000000000000000, 0.000000000000000000, -1.000000000000000000 ) ) ;
#8472 = CARTESIAN_POINT ( 'NONE',  ( -4.980000000000000426, 9.486769009248163798E-17, -1.020000000000004237 ) ) ;
#8473 =( GEOMETRIC_REPRESENTATION_CONTEXT ( 3 ) GLOBAL_UNCERTAINTY_ASSIGNED_CONTEXT ( ( #3175 ) ) GLOBAL_UNIT_ASSIGNED_CONTEXT ( ( #3424, #440, #1031 ) ) REPRESENTATION_CONTEXT ( 'NONE', 'WORKASPACE' ) );
#8474 = ADVANCED_FACE ( 'NONE', ( #9779 ), #7355, .F. ) ;
#8475 = VECTOR ( 'NONE', #5864, 1000.000000000000000 ) ;
#8476 = DIRECTION ( 'NONE',  ( -0.000000000000000000, 0.000000000000000000, 1.000000000000000000 ) ) ;
#8477 = EDGE_LOOP ( 'NONE', ( #7857, #4255, #7660, #3518 ) ) ;
#8478 = LINE ( 'NONE', #3363, #7752 ) ;
#8479 = DIRECTION ( 'NONE',  ( -0.000000000000000000, 1.000000000000000000, 0.000000000000000000 ) ) ;
#8480 = FACE_OUTER_BOUND ( 'NONE', #4030, .T. ) ;
#8481 = CARTESIAN_POINT ( 'NONE',  ( -11.75000000000000000, -0.03999999999999967470, -0.3200000000000026157 ) ) ;
#8482 = EDGE_LOOP ( 'NONE', ( #3801, #3254, #4003, #5623 ) ) ;
#8483 = EDGE_CURVE ( 'NONE', #8699, #665, #6392, .T. ) ;
#8484 = LINE ( 'NONE', #6341, #3181 ) ;
#8485 = VECTOR ( 'NONE', #9004, 1000.000000000000000 ) ;
#8486 = CARTESIAN_POINT ( 'NONE',  ( 6.560808929720142402, 8.599999999999999645, -0.2108089297201413692 ) ) ;
#8487 = EDGE_CURVE ( 'NONE', #5383, #8494, #7288, .T. ) ;
#8488 = VERTEX_POINT ( 'NONE', #9519 ) ;
#8489 = DIRECTION ( 'NONE',  ( 0.000000000000000000, 1.408054769461692709E-16, -1.000000000000000000 ) ) ;
#8490 =( NAMED_UNIT ( * ) PLANE_ANGLE_UNIT ( ) SI_UNIT ( $, .RADIAN. ) );
#8491 = ORIENTED_EDGE ( 'NONE', *, *, #7648, .F. ) ;
#8492 = UNCERTAINTY_MEASURE_WITH_UNIT (LENGTH_MEASURE( 1.000000000000000082E-05 ), #9254, 'distance_accuracy_value', 'NONE');
#8493 = VECTOR ( 'NONE', #6300, 1000.000000000000000 ) ;
#8494 = VERTEX_POINT ( 'NONE', #2035 ) ;
#8495 = ADVANCED_FACE ( 'NONE', ( #4276 ), #7341, .T. ) ;
#8496 = DIRECTION ( 'NONE',  ( -0.000000000000000000, 1.000000000000000000, 1.707404996040164265E-16 ) ) ;
#8497 = CARTESIAN_POINT ( 'NONE',  ( 6.030000000000000249, -2.699999999999993072, 0.3199999999999985634 ) ) ;
#8498 = DIRECTION ( 'NONE',  ( 0.000000000000000000, 1.000000000000000000, 1.707404996040164265E-16 ) ) ;
#8499 = AXIS2_PLACEMENT_3D ( 'NONE', #9459, #4074, #1965 ) ;
#8500 = CARTESIAN_POINT ( 'NONE',  ( -2.639999999999998348, -0.03999999999999967470, 1.019999999999995799 ) ) ;
#8501 = ORIENTED_EDGE ( 'NONE', *, *, #2690, .F. ) ;
#8502 = CARTESIAN_POINT ( 'NONE',  ( 7.720000000000001528, 2.500000000000000444, -1.020000000000003793 ) ) ;
#8503 = LINE ( 'NONE', #3203, #1267 ) ;
#8504 = COLOUR_RGB ( '',1.000000000000000000, 0.8117647058823529438, 0.5019607843137254832 ) ;
#8505 = CLOSED_SHELL ( 'NONE', ( #7628, #998, #3946, #4669, #3270, #3844, #3854, #3102, #6918, #3689, #7664, #6605, #8346, #7173 ) ) ;
#8506 = ORIENTED_EDGE ( 'NONE', *, *, #8769, .T. ) ;
#8507 = SURFACE_STYLE_USAGE ( .BOTH. , #898 ) ;
#8508 = FACE_OUTER_BOUND ( 'NONE', #3405, .T. ) ;
#8509 = FACE_OUTER_BOUND ( 'NONE', #3823, .T. ) ;
#8510 = CARTESIAN_POINT ( 'NONE',  ( 12.69999999999999929, 0.7500000000000001110, 0.3199999999999991740 ) ) ;
#8511 =( NAMED_UNIT ( * ) PLANE_ANGLE_UNIT ( ) SI_UNIT ( $, .RADIAN. ) );
#8512 = CARTESIAN_POINT ( 'NONE',  ( 11.11000000000000121, 8.299999999999993605, 0.3200000000000004508 ) ) ;
#8513 = VECTOR ( 'NONE', #4055, 1000.000000000000000 ) ;
#8514 = DIRECTION ( 'NONE',  ( 0.000000000000000000, -1.707404996040164265E-16, 1.000000000000000000 ) ) ;
#8515 = CARTESIAN_POINT ( 'NONE',  ( 6.030000000000000249, -6.905096679918783842, 0.3199999999999978417 ) ) ;
#8516 = CARTESIAN_POINT ( 'NONE',  ( 4.130000000000001670, -2.699999999999993072, 0.3199999999999985634 ) ) ;
#8517 = VECTOR ( 'NONE', #242, 1000.000000000000000 ) ;
#8518 = ADVANCED_FACE ( 'NONE', ( #5807 ), #6536, .F. ) ;
#8519 = UNCERTAINTY_MEASURE_WITH_UNIT (LENGTH_MEASURE( 1.000000000000000082E-05 ), #3015, 'distance_accuracy_value', 'NONE');
#8520 = FACE_OUTER_BOUND ( 'NONE', #8450, .T. ) ;
#8521 =( NAMED_UNIT ( * ) PLANE_ANGLE_UNIT ( ) SI_UNIT ( $, .RADIAN. ) );
#8522 = CARTESIAN_POINT ( 'NONE',  ( -7.719999999999997975, 0.000000000000000000, -1.270000000000004237 ) ) ;
#8523 =( NAMED_UNIT ( * ) SI_UNIT ( $, .STERADIAN. ) SOLID_ANGLE_UNIT ( ) );
#8524 = AXIS2_PLACEMENT_3D ( 'NONE', #8005, #8052, #4256 ) ;
#8525 = VERTEX_POINT ( 'NONE', #4973 ) ;
#8526 = SURFACE_STYLE_USAGE ( .BOTH. , #9141 ) ;
#8527 = LINE ( 'NONE', #9236, #5735 ) ;
#8528 = ORIENTED_EDGE ( 'NONE', *, *, #1553, .T. ) ;
#8529 = EDGE_CURVE ( 'NONE', #739, #5086, #7977, .T. ) ;
#8530 = SURFACE_STYLE_USAGE ( .BOTH. , #1827 ) ;
#8531 =( NAMED_UNIT ( * ) PLANE_ANGLE_UNIT ( ) SI_UNIT ( $, .RADIAN. ) );
#8532 = CLOSED_SHELL ( 'NONE', ( #5397, #1046, #4956, #3778, #6799, #77, #5228, #8594, #3699, #16, #8906, #957, #6298, #4970 ) ) ;
#8533 = SURFACE_STYLE_USAGE ( .BOTH. , #1780 ) ;
#8534 = CARTESIAN_POINT ( 'NONE',  ( -11.10999999999999766, 2.500000000000000444, 0.3199999999999995071 ) ) ;
#8535 = VERTEX_POINT ( 'NONE', #5860 ) ;
#8536 = EDGE_CURVE ( 'NONE', #9776, #8000, #1221, .T. ) ;
#8537 = VECTOR ( 'NONE', #5119, 1000.000000000000000 ) ;
#8538 = DIRECTION ( 'NONE',  ( -0.000000000000000000, 1.000000000000000000, 0.000000000000000000 ) ) ;
#8539 = EDGE_LOOP ( 'NONE', ( #7104, #6751, #8300, #5324 ) ) ;
#8540 = ORIENTED_EDGE ( 'NONE', *, *, #1609, .T. ) ;
#8541 = VECTOR ( 'NONE', #6473, 1000.000000000000000 ) ;
#8542 = ORIENTED_EDGE ( 'NONE', *, *, #9391, .T. ) ;
#8543 = EDGE_CURVE ( 'NONE', #5092, #2476, #4878, .T. ) ;
#8544 = SURFACE_STYLE_USAGE ( .BOTH. , #6306 ) ;
#8545 = LINE ( 'NONE', #4043, #7448 ) ;
#8546 = LINE ( 'NONE', #7107, #2601 ) ;
#8547 = DIRECTION ( 'NONE',  ( -1.000000000000000000, 0.000000000000000000, 0.000000000000000000 ) ) ;
#8548 = STYLED_ITEM ( 'NONE', ( #4729 ), #5638 ) ;
#8549 = ORIENTED_EDGE ( 'NONE', *, *, #4716, .T. ) ;
#8550 = ADVANCED_FACE ( 'NONE', ( #7239 ), #9616, .F. ) ;
#8551 = DIRECTION ( 'NONE',  ( 0.000000000000000000, 0.000000000000000000, 1.000000000000000000 ) ) ;
#8552 = ORIENTED_EDGE ( 'NONE', *, *, #3687, .F. ) ;
#8553 = LINE ( 'NONE', #3868, #336 ) ;
#8554 = ORIENTED_EDGE ( 'NONE', *, *, #7382, .T. ) ;
#8555 = CARTESIAN_POINT ( 'NONE',  ( 8.570000000000003837, -0.03999999999999967470, 0.3199999999999990630 ) ) ;
#8556 = COLOUR_RGB ( '',1.000000000000000000, 0.8117647058823529438, 0.5019607843137254832 ) ;
#8557 = SURFACE_SIDE_STYLE ('',( #5544 ) ) ;
#8558 = AXIS2_PLACEMENT_3D ( 'NONE', #5398, #4657, #7681 ) ;
#8559 = CARTESIAN_POINT ( 'NONE',  ( 0.9500000000000029532, -0.03999999999999967470, 0.3199999999999990630 ) ) ;
#8560 = DIRECTION ( 'NONE',  ( -1.000000000000000000, -0.000000000000000000, -0.000000000000000000 ) ) ;
#8561 = DIRECTION ( 'NONE',  ( 0.000000000000000000, 1.000000000000000000, 1.707404996040164265E-16 ) ) ;
#8562 = LINE ( 'NONE', #9401, #536 ) ;
#8563 =( GEOMETRIC_REPRESENTATION_CONTEXT ( 3 ) GLOBAL_UNCERTAINTY_ASSIGNED_CONTEXT ( ( #6806 ) ) GLOBAL_UNIT_ASSIGNED_CONTEXT ( ( #3120, #9168, #803 ) ) REPRESENTATION_CONTEXT ( 'NONE', 'WORKASPACE' ) );
#8564 = ORIENTED_EDGE ( 'NONE', *, *, #4004, .F. ) ;
#8565 =( NAMED_UNIT ( * ) SI_UNIT ( $, .STERADIAN. ) SOLID_ANGLE_UNIT ( ) );
#8566 = VECTOR ( 'NONE', #7732, 1000.000000000000114 ) ;
#8567 = ORIENTED_EDGE ( 'NONE', *, *, #2111, .T. ) ;
#8568 = DIRECTION ( 'NONE',  ( 0.000000000000000000, 0.000000000000000000, 1.000000000000000000 ) ) ;
#8569 = STYLED_ITEM ( 'NONE', ( #9631 ), #6495 ) ;
#8570 = DIRECTION ( 'NONE',  ( -1.000000000000000000, -0.000000000000000000, -0.000000000000000000 ) ) ;
#8571 = PRESENTATION_LAYER_ASSIGNMENT (  '', '', ( #497 ) ) ;
#8572 = ORIENTED_EDGE ( 'NONE', *, *, #9367, .F. ) ;
#8573 = EDGE_CURVE ( 'NONE', #1523, #8648, #8686, .T. ) ;
#8574 = LINE ( 'NONE', #9235, #3964 ) ;
#8575 = AXIS2_PLACEMENT_3D ( 'NONE', #6357, #5432, #9250 ) ;
#8576 = FACE_OUTER_BOUND ( 'NONE', #8090, .T. ) ;
#8577 = CARTESIAN_POINT ( 'NONE',  ( -7.519999999999998685, 2.500000000000000444, -1.020000000000003793 ) ) ;
#8578 = PLANE ( 'NONE',  #4292 ) ;
#8579 = FACE_OUTER_BOUND ( 'NONE', #9525, .T. ) ;
#8580 =( GEOMETRIC_REPRESENTATION_CONTEXT ( 3 ) GLOBAL_UNCERTAINTY_ASSIGNED_CONTEXT ( ( #7990 ) ) GLOBAL_UNIT_ASSIGNED_CONTEXT ( ( #7855, #7299, #1843 ) ) REPRESENTATION_CONTEXT ( 'NONE', 'WORKASPACE' ) );
#8581 =( NAMED_UNIT ( * ) SI_UNIT ( $, .STERADIAN. ) SOLID_ANGLE_UNIT ( ) );
#8582 = CARTESIAN_POINT ( 'NONE',  ( 12.69999999999999929, 0.000000000000000000, 1.270000000000000018 ) ) ;
#8583 = EDGE_CURVE ( 'NONE', #4826, #2257, #1086, .T. ) ;
#8584 = EDGE_LOOP ( 'NONE', ( #8589, #3574, #8216, #884 ) ) ;
#8585 = EDGE_LOOP ( 'NONE', ( #6505, #3101, #600, #9100 ) ) ;
#8586 = AXIS2_PLACEMENT_3D ( 'NONE', #335, #8766, #5606 ) ;
#8587 = DIRECTION ( 'NONE',  ( 0.000000000000000000, 0.000000000000000000, 1.000000000000000000 ) ) ;
#8588 = ORIENTED_EDGE ( 'NONE', *, *, #8529, .F. ) ;
#8589 = ORIENTED_EDGE ( 'NONE', *, *, #7741, .T. ) ;
#8590 = ORIENTED_EDGE ( 'NONE', *, *, #9493, .F. ) ;
#8591 = FACE_OUTER_BOUND ( 'NONE', #2207, .T. ) ;
#8592 = CARTESIAN_POINT ( 'NONE',  ( -12.69999999999999929, 0.000000000000000000, 0.7700000000000004619 ) ) ;
#8593 = LINE ( 'NONE', #1134, #5164 ) ;
#8594 = ADVANCED_FACE ( 'NONE', ( #5666 ), #4966, .F. ) ;
#8595 = VECTOR ( 'NONE', #484, 1000.000000000000000 ) ;
#8596 = ORIENTED_EDGE ( 'NONE', *, *, #1129, .T. ) ;
#8597 = EDGE_CURVE ( 'NONE', #88, #6909, #7233, .T. ) ;
#8598 = DIRECTION ( 'NONE',  ( 0.000000000000000000, 0.000000000000000000, 1.000000000000000000 ) ) ;
#8599 = ORIENTED_EDGE ( 'NONE', *, *, #9206, .F. ) ;
#8600 = UNCERTAINTY_MEASURE_WITH_UNIT (LENGTH_MEASURE( 1.000000000000000082E-05 ), #3788, 'distance_accuracy_value', 'NONE');
#8601 = CARTESIAN_POINT ( 'NONE',  ( -6.139191070279857776, 8.599999999999999645, -0.2108089297201413692 ) ) ;
#8602 = MECHANICAL_DESIGN_GEOMETRIC_PRESENTATION_REPRESENTATION (  '', ( #9086 ), #818 ) ;
#8603 = VERTEX_POINT ( 'NONE', #9465 ) ;
#8604 = DIRECTION ( 'NONE',  ( 0.000000000000000000, 1.707404996040164265E-16, -1.000000000000000000 ) ) ;
#8605 = FACE_OUTER_BOUND ( 'NONE', #6261, .T. ) ;
#8606 = ADVANCED_FACE ( 'NONE', ( #1080 ), #6346, .T. ) ;
#8607 =( NAMED_UNIT ( * ) PLANE_ANGLE_UNIT ( ) SI_UNIT ( $, .RADIAN. ) );
#8608 = LINE ( 'NONE', #7160, #6567 ) ;
#8609 = ORIENTED_EDGE ( 'NONE', *, *, #3033, .T. ) ;
#8610 = MECHANICAL_DESIGN_GEOMETRIC_PRESENTATION_REPRESENTATION (  '', ( #3077 ), #3715 ) ;
#8611 = PLANE ( 'NONE',  #3394 ) ;
#8612 =( NAMED_UNIT ( * ) SI_UNIT ( $, .STERADIAN. ) SOLID_ANGLE_UNIT ( ) );
#8613 = ORIENTED_EDGE ( 'NONE', *, *, #5100, .F. ) ;
#8614 = FACE_OUTER_BOUND ( 'NONE', #1355, .T. ) ;
#8615 = UNCERTAINTY_MEASURE_WITH_UNIT (LENGTH_MEASURE( 1.000000000000000082E-05 ), #1266, 'distance_accuracy_value', 'NONE');
#8616 = CARTESIAN_POINT ( 'NONE',  ( -1.589999999999999414, 8.299999999999993605, -0.3200000000000038369 ) ) ;
#8617 = VECTOR ( 'NONE', #8929, 1000.000000000000000 ) ;
#8618 = DIRECTION ( 'NONE',  ( -1.000000000000000000, -0.000000000000000000, -0.000000000000000000 ) ) ;
#8619 = CARTESIAN_POINT ( 'NONE',  ( 4.980000000000002203, 0.000000000000000000, 1.270000000000000018 ) ) ;
#8620 = STYLED_ITEM ( 'NONE', ( #7536 ), #9287 ) ;
#8621 = VERTEX_POINT ( 'NONE', #5437 ) ;
#8622 = VECTOR ( 'NONE', #1359, 1000.000000000000000 ) ;
#8623 = PRESENTATION_LAYER_ASSIGNMENT (  '', '', ( #7690 ) ) ;
#8624 = CARTESIAN_POINT ( 'NONE',  ( 12.69999999999999929, 0.7500000000000000000, 0.7700000000000006839 ) ) ;
#8625 = LINE ( 'NONE', #295, #9232 ) ;
#8626 = CARTESIAN_POINT ( 'NONE',  ( 0.9500000000000029532, 0.7500000000000001110, 0.3199999999999991740 ) ) ;
#8627 = MECHANICAL_DESIGN_GEOMETRIC_PRESENTATION_REPRESENTATION (  '', ( #4686 ), #4357 ) ;
#8628 = CARTESIAN_POINT ( 'NONE',  ( 6.030000000000003801, 0.7500000000000001110, -0.3200000000000023381 ) ) ;
#8629 = DIRECTION ( 'NONE',  ( 0.000000000000000000, -1.408054769461692709E-16, 1.000000000000000000 ) ) ;
#8630 = FILL_AREA_STYLE_COLOUR ( '', #7695 ) ;
#8631 = VECTOR ( 'NONE', #5596, 1000.000000000000000 ) ;
#8632 = PRESENTATION_LAYER_ASSIGNMENT (  '', '', ( #3250 ) ) ;
#8633 = LINE ( 'NONE', #4872, #7498 ) ;
#8634 = ORIENTED_EDGE ( 'NONE', *, *, #6845, .F. ) ;
#8635 =( NAMED_UNIT ( * ) PLANE_ANGLE_UNIT ( ) SI_UNIT ( $, .RADIAN. ) );
#8636 = CARTESIAN_POINT ( 'NONE',  ( 2.440000000000001279, 0.000000000000000000, 1.270000000000000018 ) ) ;
#8637 = VERTEX_POINT ( 'NONE', #7282 ) ;
#8638 = VECTOR ( 'NONE', #7359, 1000.000000000000000 ) ;
#8639 = ORIENTED_EDGE ( 'NONE', *, *, #538, .T. ) ;
#8640 = SURFACE_STYLE_USAGE ( .BOTH. , #5580 ) ;
#8641 = SURFACE_STYLE_FILL_AREA ( #4140 ) ;
#8642 = EDGE_CURVE ( 'NONE', #3843, #3750, #9375, .T. ) ;
#8643 = DIRECTION ( 'NONE',  ( 0.3236155771181769003, 0.8891264907159941444, 0.3236155771181765672 ) ) ;
#8644 = EDGE_CURVE ( 'NONE', #928, #4920, #7182, .T. ) ;
#8645 = VECTOR ( 'NONE', #937, 1000.000000000000000 ) ;
#8646 = ORIENTED_EDGE ( 'NONE', *, *, #7023, .T. ) ;
#8647 = CARTESIAN_POINT ( 'NONE',  ( -1.591734877162305439, -2.695233464171030047, 0.3217348771623044223 ) ) ;
#8648 = VERTEX_POINT ( 'NONE', #490 ) ;
#8649 = EDGE_CURVE ( 'NONE', #3750, #9715, #1656, .T. ) ;
#8650 = LINE ( 'NONE', #6365, #3685 ) ;
#8651 = EDGE_LOOP ( 'NONE', ( #3848, #5029, #7989, #4602 ) ) ;
#8652 = DIRECTION ( 'NONE',  ( -0.000000000000000000, 1.000000000000000000, 1.707404996040164265E-16 ) ) ;
#8653 = DIRECTION ( 'NONE',  ( 1.000000000000000000, 0.000000000000000000, 0.000000000000000000 ) ) ;
#8654 = EDGE_CURVE ( 'NONE', #3064, #5937, #4873, .T. ) ;
#8655 = SURFACE_STYLE_FILL_AREA ( #2589 ) ;
#8656 = CARTESIAN_POINT ( 'NONE',  ( -12.69999999999999929, 1.885956070686925433E-16, -0.7700000000000006839 ) ) ;
#8657 = DIRECTION ( 'NONE',  ( 0.000000000000000000, 1.000000000000000000, -3.771912141373855303E-16 ) ) ;
#8658 = PLANE ( 'NONE',  #3733 ) ;
#8659 = VECTOR ( 'NONE', #3174, 1000.000000000000000 ) ;
#8660 = ADVANCED_FACE ( 'NONE', ( #1876 ), #4919, .F. ) ;
#8661 = PLANE ( 'NONE',  #4303 ) ;
#8662 = AXIS2_PLACEMENT_3D ( 'NONE', #3238, #8538, #1739 ) ;
#8663 = EDGE_LOOP ( 'NONE', ( #3382, #2037, #5998, #1340 ) ) ;
#8664 = CARTESIAN_POINT ( 'NONE',  ( 0.9500000000000011768, -2.699999999999993072, 0.3199999999999985634 ) ) ;
#8665 = CARTESIAN_POINT ( 'NONE',  ( -0.09999999999999766020, -0.03999999999999967470, 1.019999999999995799 ) ) ;
#8666 = EDGE_CURVE ( 'NONE', #370, #8878, #4520, .T. ) ;
#8667 = SURFACE_SIDE_STYLE ('',( #7955 ) ) ;
#8668 = VECTOR ( 'NONE', #4334, 1000.000000000000000 ) ;
#8669 = CARTESIAN_POINT ( 'NONE',  ( 12.60000000000000320, 2.500000000000000444, 1.019999999999996243 ) ) ;
#8670 = PLANE ( 'NONE',  #8586 ) ;
#8671 = SURFACE_SIDE_STYLE ('',( #2608 ) ) ;
#8672 = VERTEX_POINT ( 'NONE', #5853 ) ;
#8673 = EDGE_CURVE ( 'NONE', #7708, #1840, #4372, .T. ) ;
#8674 = COLOUR_RGB ( '',1.000000000000000000, 0.8117647058823529438, 0.5019607843137254832 ) ;
#8675 = PLANE ( 'NONE',  #8499 ) ;
#8676 = LINE ( 'NONE', #7919, #804 ) ;
#8677 = CARTESIAN_POINT ( 'NONE',  ( -8.679191070279857811, 8.599999999999999645, 0.2108089297201405921 ) ) ;
#8678 =( NAMED_UNIT ( * ) SI_UNIT ( $, .STERADIAN. ) SOLID_ANGLE_UNIT ( ) );
#8679 = DIRECTION ( 'NONE',  ( 0.000000000000000000, -0.3420201433256591650, 0.9396926207859118696 ) ) ;
#8680 = STYLED_ITEM ( 'NONE', ( #9696 ), #4956 ) ;
#8681 = DIRECTION ( 'NONE',  ( 1.000000000000000000, 0.000000000000000000, 0.000000000000000000 ) ) ;
#8682 = ORIENTED_EDGE ( 'NONE', *, *, #7905, .T. ) ;
#8683 = SURFACE_SIDE_STYLE ('',( #2620 ) ) ;
#8684 =( NAMED_UNIT ( * ) PLANE_ANGLE_UNIT ( ) SI_UNIT ( $, .RADIAN. ) );
#8685 = ORIENTED_EDGE ( 'NONE', *, *, #7994, .F. ) ;
#8686 = LINE ( 'NONE', #7888, #5162 ) ;
#8687 = VECTOR ( 'NONE', #1894, 1000.000000000000000 ) ;
#8688 = EDGE_LOOP ( 'NONE', ( #7020, #2912, #55, #7875 ) ) ;
#8689 = DIRECTION ( 'NONE',  ( 0.000000000000000000, 0.000000000000000000, -1.000000000000000000 ) ) ;
#8690 = DIRECTION ( 'NONE',  ( 1.000000000000000000, 0.000000000000000000, 0.000000000000000000 ) ) ;
#8691 = LINE ( 'NONE', #1884, #8475 ) ;
#8692 = VECTOR ( 'NONE', #3039, 1000.000000000000000 ) ;
#8693 = ORIENTED_EDGE ( 'NONE', *, *, #4355, .F. ) ;
#8694 = FACE_OUTER_BOUND ( 'NONE', #656, .T. ) ;
#8695 = ORIENTED_EDGE ( 'NONE', *, *, #861, .T. ) ;
#8696 = EDGE_CURVE ( 'NONE', #943, #5964, #5266, .T. ) ;
#8697 = UNCERTAINTY_MEASURE_WITH_UNIT (LENGTH_MEASURE( 1.000000000000000082E-05 ), #1298, 'distance_accuracy_value', 'NONE');
#8698 = SURFACE_STYLE_USAGE ( .BOTH. , #5676 ) ;
#8699 = VERTEX_POINT ( 'NONE', #9609 ) ;
#8700 = LINE ( 'NONE', #319, #427 ) ;
#8701 = SURFACE_STYLE_FILL_AREA ( #4940 ) ;
#8702 = AXIS2_PLACEMENT_3D ( 'NONE', #6796, #8333, #5263 ) ;
#8703 = LINE ( 'NONE', #1896, #68 ) ;
#8704 = CARTESIAN_POINT ( 'NONE',  ( -3.489999999999998437, -2.699999999999993072, 0.3199999999999985634 ) ) ;
#8705 = CARTESIAN_POINT ( 'NONE',  ( 11.75000000000000711, 0.7500000000000001110, -0.3200000000000025047 ) ) ;
#8706 = LINE ( 'NONE', #6274, #1653 ) ;
#8707 = EDGE_CURVE ( 'NONE', #1686, #8603, #7441, .T. ) ;
#8708 = DIRECTION ( 'NONE',  ( 0.000000000000000000, 0.000000000000000000, -1.000000000000000000 ) ) ;
#8709 = COLOUR_RGB ( '',1.000000000000000000, 0.8117647058823529438, 0.5019607843137254832 ) ;
#8710 = VERTEX_POINT ( 'NONE', #3795 ) ;
#8711 =( NAMED_UNIT ( * ) PLANE_ANGLE_UNIT ( ) SI_UNIT ( $, .RADIAN. ) );
#8712 = CARTESIAN_POINT ( 'NONE',  ( -7.519999999999998685, -0.03999999999999967470, 1.019999999999995799 ) ) ;
#8713 = FACE_OUTER_BOUND ( 'NONE', #1348, .T. ) ;
#8714 = FACE_OUTER_BOUND ( 'NONE', #5987, .T. ) ;
#8715 = EDGE_CURVE ( 'NONE', #6878, #3743, #9760, .T. ) ;
#8716 = VECTOR ( 'NONE', #120, 1000.000000000000000 ) ;
#8717 = CARTESIAN_POINT ( 'NONE',  ( 0.1000000000000011297, -0.03999999999999967470, -1.020000000000004237 ) ) ;
#8718 = VECTOR ( 'NONE', #9556, 1000.000000000000000 ) ;
#8719 = DIRECTION ( 'NONE',  ( -0.000000000000000000, 1.000000000000000000, 1.707404996040164265E-16 ) ) ;
#8720 = EDGE_LOOP ( 'NONE', ( #1148, #5346, #9344, #3810 ) ) ;
#8721 = EDGE_CURVE ( 'NONE', #7188, #9448, #5799, .T. ) ;
#8722 = DIRECTION ( 'NONE',  ( -0.000000000000000000, -0.000000000000000000, 1.000000000000000000 ) ) ;
#8723 = DIRECTION ( 'NONE',  ( -0.000000000000000000, -0.000000000000000000, 1.000000000000000000 ) ) ;
#8724 = MECHANICAL_DESIGN_GEOMETRIC_PRESENTATION_REPRESENTATION (  '', ( #1901 ), #7466 ) ;
#8725 = DIRECTION ( 'NONE',  ( 0.000000000000000000, -0.000000000000000000, 1.000000000000000000 ) ) ;
#8726 = VERTEX_POINT ( 'NONE', #587 ) ;
#8727 = CARTESIAN_POINT ( 'NONE',  ( -9.209999999999999076, 8.299999999999993605, 0.3200000000000004508 ) ) ;
#8728 = DIRECTION ( 'NONE',  ( 0.000000000000000000, 1.000000000000000000, 1.707404996040164265E-16 ) ) ;
#8729 =( NAMED_UNIT ( * ) SI_UNIT ( $, .STERADIAN. ) SOLID_ANGLE_UNIT ( ) );
#8730 = EDGE_CURVE ( 'NONE', #3861, #3109, #3634, .T. ) ;
#8731 = DIRECTION ( 'NONE',  ( -0.9396926207859117586, -0.3420201433256594981, -0.000000000000000000 ) ) ;
#8732 = PRESENTATION_LAYER_ASSIGNMENT (  '', '', ( #7640 ) ) ;
#8733 = EDGE_LOOP ( 'NONE', ( #1361, #8075, #2438, #3343 ) ) ;
#8734 = PLANE ( 'NONE',  #5380 ) ;
#8735 = PLANE ( 'NONE',  #5022 ) ;
#8736 = EDGE_LOOP ( 'NONE', ( #6747, #6867, #5250, #4785 ) ) ;
#8737 = ORIENTED_EDGE ( 'NONE', *, *, #9097, .T. ) ;
#8738 = LINE ( 'NONE', #4234, #2547 ) ;
#8739 = CARTESIAN_POINT ( 'NONE',  ( 6.030000000000000249, -6.905096679918783842, -0.3200000000000038369 ) ) ;
#8740 = DIRECTION ( 'NONE',  ( -1.000000000000000000, 0.000000000000000000, -0.000000000000000000 ) ) ;
#8741 = COLOUR_RGB ( '',1.000000000000000000, 0.8117647058823529438, 0.5019607843137254832 ) ;
#8742 = ORIENTED_EDGE ( 'NONE', *, *, #7753, .F. ) ;
#8743 = ORIENTED_EDGE ( 'NONE', *, *, #4224, .T. ) ;
#8744 = PRESENTATION_STYLE_ASSIGNMENT (( #8698 ) ) ;
#8745 = VERTEX_POINT ( 'NONE', #7548 ) ;
#8746 = PLANE ( 'NONE',  #2986 ) ;
#8747 = DIRECTION ( 'NONE',  ( 0.9396926207859117586, -0.3420201433256594981, -0.000000000000000000 ) ) ;
#8748 = DIRECTION ( 'NONE',  ( 0.3236155771181768448, -0.8891264907159940334, 0.3236155771181768448 ) ) ;
#8749 = COLOUR_RGB ( '',0.7921568627450980005, 0.8196078431372548767, 0.9333333333333333481 ) ;
#8750 = ORIENTED_EDGE ( 'NONE', *, *, #8800, .T. ) ;
#8751 = FILL_AREA_STYLE ('',( #6371 ) ) ;
#8752 = LINE ( 'NONE', #4851, #8805 ) ;
#8753 = VERTEX_POINT ( 'NONE', #632 ) ;
#8754 = DIRECTION ( 'NONE',  ( 0.000000000000000000, 0.000000000000000000, 1.000000000000000000 ) ) ;
#8755 = MECHANICAL_DESIGN_GEOMETRIC_PRESENTATION_REPRESENTATION (  '', ( #9703 ), #8281 ) ;
#8756 = DIRECTION ( 'NONE',  ( 0.000000000000000000, -1.707404996040164265E-16, 1.000000000000000000 ) ) ;
#8757 = ORIENTED_EDGE ( 'NONE', *, *, #2241, .F. ) ;
#8758 =( NAMED_UNIT ( * ) PLANE_ANGLE_UNIT ( ) SI_UNIT ( $, .RADIAN. ) );
#8759 = CARTESIAN_POINT ( 'NONE',  ( -7.519999999999998685, 9.486769009248163798E-17, -1.020000000000004237 ) ) ;
#8760 =( NAMED_UNIT ( * ) PLANE_ANGLE_UNIT ( ) SI_UNIT ( $, .RADIAN. ) );
#8761 = VECTOR ( 'NONE', #4274, 1000.000000000000000 ) ;
#8762 = DIRECTION ( 'NONE',  ( -0.000000000000000000, 1.000000000000000000, 1.707404996040164265E-16 ) ) ;
#8763 = VECTOR ( 'NONE', #6945, 1000.000000000000000 ) ;
#8764 = ADVANCED_FACE ( 'NONE', ( #1322 ), #8184, .F. ) ;
#8765 = LINE ( 'NONE', #8669, #1804 ) ;
#8766 = DIRECTION ( 'NONE',  ( 0.000000000000000000, 1.707404996040164265E-16, -1.000000000000000000 ) ) ;
#8767 = ORIENTED_EDGE ( 'NONE', *, *, #4594, .F. ) ;
#8768 = CARTESIAN_POINT ( 'NONE',  ( 8.570000000000002061, 8.299999999999993605, -0.3200000000000012279 ) ) ;
#8769 = EDGE_CURVE ( 'NONE', #1186, #8726, #2774, .T. ) ;
#8770 = FILL_AREA_STYLE ('',( #9506 ) ) ;
#8771 = VECTOR ( 'NONE', #2655, 1000.000000000000114 ) ;
#8772 = DIRECTION ( 'NONE',  ( 0.000000000000000000, 1.408054769461692709E-16, -1.000000000000000000 ) ) ;
#8773 = LINE ( 'NONE', #1971, #913 ) ;
#8774 = PLANE ( 'NONE',  #1166 ) ;
#8775 = EDGE_CURVE ( 'NONE', #8802, #744, #6636, .T. ) ;
#8776 = LINE ( 'NONE', #2664, #6073 ) ;
#8777 =( GEOMETRIC_REPRESENTATION_CONTEXT ( 3 ) GLOBAL_UNCERTAINTY_ASSIGNED_CONTEXT ( ( #1580 ) ) GLOBAL_UNIT_ASSIGNED_CONTEXT ( ( #3929, #3176, #9453 ) ) REPRESENTATION_CONTEXT ( 'NONE', 'WORKASPACE' ) );
#8778 = VECTOR ( 'NONE', #7267, 1000.000000000000000 ) ;
#8779 = VERTEX_POINT ( 'NONE', #8877 ) ;
#8780 = LINE ( 'NONE', #1979, #5545 ) ;
#8781 = VECTOR ( 'NONE', #2016, 1000.000000000000000 ) ;
#8782 = EDGE_CURVE ( 'NONE', #3118, #5821, #2082, .T. ) ;
#8783 = DIRECTION ( 'NONE',  ( 0.3236155771181769003, 0.8891264907159941444, 0.3236155771181765672 ) ) ;
#8784 = ORIENTED_EDGE ( 'NONE', *, *, #354, .T. ) ;
#8785 = UNCERTAINTY_MEASURE_WITH_UNIT (LENGTH_MEASURE( 1.000000000000000082E-05 ), #350, 'distance_accuracy_value', 'NONE');
#8786 = VERTEX_POINT ( 'NONE', #5220 ) ;
#8787 = VECTOR ( 'NONE', #2905, 1000.000000000000000 ) ;
#8788 = VERTEX_POINT ( 'NONE', #1376 ) ;
#8789 = FACE_OUTER_BOUND ( 'NONE', #5530, .T. ) ;
#8790 = VECTOR ( 'NONE', #5533, 1000.000000000000000 ) ;
#8791 = SURFACE_SIDE_STYLE ('',( #8936 ) ) ;
#8792 = FILL_AREA_STYLE ('',( #7292 ) ) ;
#8793 = ADVANCED_FACE ( 'NONE', ( #4319 ), #2884, .F. ) ;
#8794 = VECTOR ( 'NONE', #4933, 1000.000000000000000 ) ;
#8795 = EDGE_LOOP ( 'NONE', ( #6818, #6162, #2841, #407 ) ) ;
#8796 = AXIS2_PLACEMENT_3D ( 'NONE', #8371, #7773, #2414 ) ;
#8797 =( GEOMETRIC_REPRESENTATION_CONTEXT ( 3 ) GLOBAL_UNCERTAINTY_ASSIGNED_CONTEXT ( ( #286 ) ) GLOBAL_UNIT_ASSIGNED_CONTEXT ( ( #10, #8521, #1769 ) ) REPRESENTATION_CONTEXT ( 'NONE', 'WORKASPACE' ) );
#8798 =( NAMED_UNIT ( * ) SI_UNIT ( $, .STERADIAN. ) SOLID_ANGLE_UNIT ( ) );
#8799 = ORIENTED_EDGE ( 'NONE', *, *, #9374, .T. ) ;
#8800 = EDGE_CURVE ( 'NONE', #856, #6761, #9028, .T. ) ;
#8801 = UNCERTAINTY_MEASURE_WITH_UNIT (LENGTH_MEASURE( 1.000000000000000082E-05 ), #5320, 'distance_accuracy_value', 'NONE');
#8802 = VERTEX_POINT ( 'NONE', #2227 ) ;
#8803 = DIRECTION ( 'NONE',  ( -1.000000000000000000, 0.000000000000000000, 0.000000000000000000 ) ) ;
#8804 = CARTESIAN_POINT ( 'NONE',  ( -5.179999999999998828, 2.500000000000000444, 1.269999999999996243 ) ) ;
#8805 = VECTOR ( 'NONE', #4103, 1000.000000000000000 ) ;
#8806 =( NAMED_UNIT ( * ) SI_UNIT ( $, .STERADIAN. ) SOLID_ANGLE_UNIT ( ) );
#8807 = VECTOR ( 'NONE', #3955, 1000.000000000000000 ) ;
#8808 = DIRECTION ( 'NONE',  ( 0.000000000000000000, 0.000000000000000000, 1.000000000000000000 ) ) ;
#8809 = VERTEX_POINT ( 'NONE', #8279 ) ;
#8810 = FACE_OUTER_BOUND ( 'NONE', #936, .T. ) ;
#8811 = CARTESIAN_POINT ( 'NONE',  ( -1.059191070279857483, 8.599999999999999645, 0.2108089297201405921 ) ) ;
#8812 = VECTOR ( 'NONE', #2515, 1000.000000000000114 ) ;
#8813 = ORIENTED_EDGE ( 'NONE', *, *, #6793, .T. ) ;
#8814 = DIRECTION ( 'NONE',  ( -0.000000000000000000, -0.000000000000000000, -1.000000000000000000 ) ) ;
#8815 =( LENGTH_UNIT ( ) NAMED_UNIT ( * ) SI_UNIT ( .MILLI., .METRE. ) );
#8816 = DIRECTION ( 'NONE',  ( -1.000000000000000000, 0.000000000000000000, -0.000000000000000000 ) ) ;
#8817 = ORIENTED_EDGE ( 'NONE', *, *, #309, .T. ) ;
#8818 = EDGE_CURVE ( 'NONE', #7897, #5910, #2130, .T. ) ;
#8819 =( LENGTH_UNIT ( ) NAMED_UNIT ( * ) SI_UNIT ( .MILLI., .METRE. ) );
#8820 =( LENGTH_UNIT ( ) NAMED_UNIT ( * ) SI_UNIT ( .MILLI., .METRE. ) );
#8821 = FILL_AREA_STYLE_COLOUR ( '', #5204 ) ;
#8822 = VECTOR ( 'NONE', #5239, 1000.000000000000000 ) ;
#8823 = SURFACE_STYLE_USAGE ( .BOTH. , #5750 ) ;
#8824 = SURFACE_SIDE_STYLE ('',( #487 ) ) ;
#8825 = CARTESIAN_POINT ( 'NONE',  ( -9.209999999999999076, 2.500000000000000444, -0.3200000000000021716 ) ) ;
#8826 = DIRECTION ( 'NONE',  ( -0.000000000000000000, -0.000000000000000000, 1.000000000000000000 ) ) ;
#8827 = CARTESIAN_POINT ( 'NONE',  ( -2.439999999999999503, 2.500000000000000444, 1.019999999999996243 ) ) ;
#8828 = VECTOR ( 'NONE', #2820, 1000.000000000000000 ) ;
#8829 = ORIENTED_EDGE ( 'NONE', *, *, #6580, .T. ) ;
#8830 = DIRECTION ( 'NONE',  ( -1.000000000000000000, 0.000000000000000000, 0.000000000000000000 ) ) ;
#8831 = EDGE_CURVE ( 'NONE', #397, #7261, #7495, .T. ) ;
#8832 = FACE_OUTER_BOUND ( 'NONE', #453, .T. ) ;
#8833 = ORIENTED_EDGE ( 'NONE', *, *, #6861, .F. ) ;
#8834 = CARTESIAN_POINT ( 'NONE',  ( 7.520000000000002238, -0.03999999999999967470, -1.020000000000004237 ) ) ;
#8835 = ORIENTED_EDGE ( 'NONE', *, *, #4554, .F. ) ;
#8836 =( LENGTH_UNIT ( ) NAMED_UNIT ( * ) SI_UNIT ( .MILLI., .METRE. ) );
#8837 = CARTESIAN_POINT ( 'NONE',  ( 33.02000000000000313, -3.000000000000000000, -0.2108089297201431456 ) ) ;
#8838 = MECHANICAL_DESIGN_GEOMETRIC_PRESENTATION_REPRESENTATION (  '', ( #8368 ), #3953 ) ;
#8839 = SURFACE_SIDE_STYLE ('',( #500 ) ) ;
#8840 = ADVANCED_FACE ( 'NONE', ( #1477 ), #542, .F. ) ;
#8841 = ORIENTED_EDGE ( 'NONE', *, *, #8055, .F. ) ;
#8842 = ORIENTED_EDGE ( 'NONE', *, *, #8105, .T. ) ;
#8843 = VECTOR ( 'NONE', #8440, 1000.000000000000000 ) ;
#8844 = EDGE_CURVE ( 'NONE', #3429, #4029, #2330, .T. ) ;
#8845 = VERTEX_POINT ( 'NONE', #5509 ) ;
#8846 = ORIENTED_EDGE ( 'NONE', *, *, #9618, .F. ) ;
#8847 = CARTESIAN_POINT ( 'NONE',  ( 11.11000000000000121, -2.699999999999993072, -0.3200000000000031153 ) ) ;
#8848 = CARTESIAN_POINT ( 'NONE',  ( 12.80000000000000249, 2.500000000000000444, -1.020000000000003793 ) ) ;
#8849 = DIRECTION ( 'NONE',  ( 0.000000000000000000, 1.000000000000000000, 1.707404996040164265E-16 ) ) ;
#8850 = EDGE_LOOP ( 'NONE', ( #9005, #9048, #3692, #9127 ) ) ;
#8851 = LINE ( 'NONE', #9003, #1135 ) ;
#8852 = VECTOR ( 'NONE', #395, 1000.000000000000000 ) ;
#8853 = FILL_AREA_STYLE ('',( #1454 ) ) ;
#8854 = ADVANCED_FACE ( 'NONE', ( #1719 ), #6902, .F. ) ;
#8855 = ORIENTED_EDGE ( 'NONE', *, *, #164, .T. ) ;
#8856 = DIRECTION ( 'NONE',  ( 0.3236155771181768448, 0.8891264907159940334, 0.3236155771181768448 ) ) ;
#8857 = LINE ( 'NONE', #7313, #9226 ) ;
#8858 = MECHANICAL_DESIGN_GEOMETRIC_PRESENTATION_REPRESENTATION (  '', ( #7114 ), #2875 ) ;
#8859 = ORIENTED_EDGE ( 'NONE', *, *, #7090, .T. ) ;
#8860 = FACE_OUTER_BOUND ( 'NONE', #6654, .T. ) ;
#8861 = FACE_OUTER_BOUND ( 'NONE', #9575, .T. ) ;
#8862 = PRESENTATION_STYLE_ASSIGNMENT (( #6781 ) ) ;
#8863 = VECTOR ( 'NONE', #5322, 1000.000000000000000 ) ;
#8864 = DIRECTION ( 'NONE',  ( 0.000000000000000000, -1.734723475976807094E-15, 1.000000000000000000 ) ) ;
#8865 = DIRECTION ( 'NONE',  ( 0.000000000000000000, 0.000000000000000000, -1.000000000000000000 ) ) ;
#8866 = DIRECTION ( 'NONE',  ( -0.000000000000000000, 1.000000000000000000, 1.707404996040164265E-16 ) ) ;
#8867 = AXIS2_PLACEMENT_3D ( 'NONE', #8343, #1542, #6201 ) ;
#8868 = VERTEX_POINT ( 'NONE', #65 ) ;
#8869 = CARTESIAN_POINT ( 'NONE',  ( -1.589999999999999414, -2.699999999999993072, -0.3200000000000031153 ) ) ;
#8870 =( NAMED_UNIT ( * ) SI_UNIT ( $, .STERADIAN. ) SOLID_ANGLE_UNIT ( ) );
#8871 = DIRECTION ( 'NONE',  ( 0.000000000000000000, -1.000000000000000000, -1.707404996040164265E-16 ) ) ;
#8872 = CARTESIAN_POINT ( 'NONE',  ( 1.590000000000002967, -6.905096679918783842, 0.3199999999999978417 ) ) ;
#8873 = VECTOR ( 'NONE', #7290, 1000.000000000000000 ) ;
#8874 = LINE ( 'NONE', #3828, #6183 ) ;
#8875 = VECTOR ( 'NONE', #6752, 1000.000000000000000 ) ;
#8876 = CARTESIAN_POINT ( 'NONE',  ( 0.9500000000000029532, -0.03999999999999967470, 0.3199999999999990630 ) ) ;
#8877 = CARTESIAN_POINT ( 'NONE',  ( 3.490000000000000213, 8.299999999999993605, -0.3200000000000012279 ) ) ;
#8878 = VERTEX_POINT ( 'NONE', #5366 ) ;
#8879 = PLANE ( 'NONE',  #9633 ) ;
#8880 = STYLED_ITEM ( 'NONE', ( #9695 ), #6240 ) ;
#8881 = EDGE_LOOP ( 'NONE', ( #5095, #559, #3005, #5831 ) ) ;
#8882 = UNCERTAINTY_MEASURE_WITH_UNIT (LENGTH_MEASURE( 1.000000000000000082E-05 ), #2397, 'distance_accuracy_value', 'NONE');
#8883 = DIRECTION ( 'NONE',  ( 0.000000000000000000, 1.000000000000000000, 1.707404996040164265E-16 ) ) ;
#8884 = VERTEX_POINT ( 'NONE', #7738 ) ;
#8885 = SURFACE_STYLE_FILL_AREA ( #5024 ) ;
#8886 = DIRECTION ( 'NONE',  ( -0.000000000000000000, -0.3420201433256597756, -0.9396926207859116476 ) ) ;
#8887 = PRESENTATION_LAYER_ASSIGNMENT (  '', '', ( #7291 ) ) ;
#8888 = DIRECTION ( 'NONE',  ( 1.000000000000000000, -0.000000000000000000, -0.000000000000000000 ) ) ;
#8889 = VECTOR ( 'NONE', #4748, 1000.000000000000000 ) ;
#8890 = EDGE_CURVE ( 'NONE', #3653, #2496, #202, .T. ) ;
#8891 = ORIENTED_EDGE ( 'NONE', *, *, #189, .T. ) ;
#8892 = PRESENTATION_STYLE_ASSIGNMENT (( #1994 ) ) ;
#8893 = ORIENTED_EDGE ( 'NONE', *, *, #9159, .F. ) ;
#8894 = AXIS2_PLACEMENT_3D ( 'NONE', #6214, #6932, #6970 ) ;
#8895 = VERTEX_POINT ( 'NONE', #8382 ) ;
#8896 = UNCERTAINTY_MEASURE_WITH_UNIT (LENGTH_MEASURE( 1.000000000000000082E-05 ), #1631, 'distance_accuracy_value', 'NONE');
#8897 = ORIENTED_EDGE ( 'NONE', *, *, #8976, .F. ) ;
#8898 = EDGE_CURVE ( 'NONE', #9434, #3850, #9082, .T. ) ;
#8899 = DIRECTION ( 'NONE',  ( 0.000000000000000000, 0.000000000000000000, -1.000000000000000000 ) ) ;
#8900 = CARTESIAN_POINT ( 'NONE',  ( 11.11000000000000476, 0.7500000000000001110, -0.3200000000000023381 ) ) ;
#8901 = DIRECTION ( 'NONE',  ( 0.000000000000000000, -0.3420201433256594981, -0.9396926207859117586 ) ) ;
#8902 = LINE ( 'NONE', #4448, #5747 ) ;
#8903 = COLOUR_RGB ( '',1.000000000000000000, 0.8117647058823529438, 0.5019607843137254832 ) ;
#8904 = CARTESIAN_POINT ( 'NONE',  ( 4.980000000000002203, -0.03999999999999967470, 1.019999999999995799 ) ) ;
#8905 = VERTEX_POINT ( 'NONE', #2380 ) ;
#8906 = ADVANCED_FACE ( 'NONE', ( #3084 ), #6146, .T. ) ;
#8907 = FACE_OUTER_BOUND ( 'NONE', #1601, .T. ) ;
#8908 = ORIENTED_EDGE ( 'NONE', *, *, #2988, .T. ) ;
#8909 = VERTEX_POINT ( 'NONE', #6990 ) ;
#8910 = LINE ( 'NONE', #9587, #1318 ) ;
#8911 = ORIENTED_EDGE ( 'NONE', *, *, #8313, .F. ) ;
#8912 = EDGE_CURVE ( 'NONE', #8342, #8046, #3931, .T. ) ;
#8913 = CARTESIAN_POINT ( 'NONE',  ( -0.09999999999999766020, 0.000000000000000000, 1.270000000000000018 ) ) ;
#8914 = CARTESIAN_POINT ( 'NONE',  ( 9.210000000000006182, -0.03999999999999967470, 0.3199999999999990630 ) ) ;
#8915 =( NAMED_UNIT ( * ) SI_UNIT ( $, .STERADIAN. ) SOLID_ANGLE_UNIT ( ) );
#8916 = SURFACE_SIDE_STYLE ('',( #3022 ) ) ;
#8917 = LINE ( 'NONE', #5354, #8622 ) ;
#8918 = EDGE_CURVE ( 'NONE', #856, #1175, #4023, .T. ) ;
#8919 = DIRECTION ( 'NONE',  ( 0.000000000000000000, -1.707404996040164265E-16, 1.000000000000000000 ) ) ;
#8920 = DIRECTION ( 'NONE',  ( 0.000000000000000000, -1.000000000000000000, -1.707404996040164265E-16 ) ) ;
#8921 = ORIENTED_EDGE ( 'NONE', *, *, #6527, .F. ) ;
#8922 = LINE ( 'NONE', #1764, #6032 ) ;
#8923 = PLANE ( 'NONE',  #260 ) ;
#8924 =( NAMED_UNIT ( * ) PLANE_ANGLE_UNIT ( ) SI_UNIT ( $, .RADIAN. ) );
#8925 = VECTOR ( 'NONE', #8826, 1000.000000000000000 ) ;
#8926 = DIRECTION ( 'NONE',  ( -0.000000000000000000, 1.000000000000000000, 1.707404996040164265E-16 ) ) ;
#8927 = LINE ( 'NONE', #1528, #3586 ) ;
#8928 = FILL_AREA_STYLE_COLOUR ( '', #1791 ) ;
#8929 = DIRECTION ( 'NONE',  ( -0.000000000000000000, 1.000000000000000000, 1.707404996040164265E-16 ) ) ;
#8930 = EDGE_LOOP ( 'NONE', ( #8829, #9518, #792, #6243 ) ) ;
#8931 = LINE ( 'NONE', #1218, #2036 ) ;
#8932 = PRESENTATION_STYLE_ASSIGNMENT (( #7551 ) ) ;
#8933 = VERTEX_POINT ( 'NONE', #14 ) ;
#8934 = ORIENTED_EDGE ( 'NONE', *, *, #7814, .T. ) ;
#8935 = PLANE ( 'NONE',  #2682 ) ;
#8936 = SURFACE_STYLE_FILL_AREA ( #5669 ) ;
#8937 = VECTOR ( 'NONE', #1678, 1000.000000000000000 ) ;
#8938 = COLOUR_RGB ( '',1.000000000000000000, 0.8117647058823529438, 0.5019607843137254832 ) ;
#8939 = ORIENTED_EDGE ( 'NONE', *, *, #2678, .T. ) ;
#8940 = ORIENTED_EDGE ( 'NONE', *, *, #1429, .T. ) ;
#8941 = CARTESIAN_POINT ( 'NONE',  ( -6.161268465864677246, 8.660657145849658178, -0.1887315341353228981 ) ) ;
#8942 = ORIENTED_EDGE ( 'NONE', *, *, #3275, .T. ) ;
#8943 = STYLED_ITEM ( 'NONE', ( #4045 ), #3202 ) ;
#8944 = COLOUR_RGB ( '',1.000000000000000000, 0.8117647058823529438, 0.5019607843137254832 ) ;
#8945 = ADVANCED_FACE ( 'NONE', ( #3034 ), #1584, .F. ) ;
#8946 = ORIENTED_EDGE ( 'NONE', *, *, #5699, .T. ) ;
#8947 = SURFACE_SIDE_STYLE ('',( #5037 ) ) ;
#8948 = EDGE_CURVE ( 'NONE', #6026, #3958, #4861, .T. ) ;
#8949 = LINE ( 'NONE', #6450, #9674 ) ;
#8950 = CARTESIAN_POINT ( 'NONE',  ( -4.980000000000000426, -0.03999999999999967470, 1.019999999999995799 ) ) ;
#8951 = COLOUR_RGB ( '',1.000000000000000000, 0.8117647058823529438, 0.5019607843137254832 ) ;
#8952 = FACE_OUTER_BOUND ( 'NONE', #2331, .T. ) ;
#8953 = LINE ( 'NONE', #8152, #4518 ) ;
#8954 = VECTOR ( 'NONE', #7026, 1000.000000000000000 ) ;
#8955 = VECTOR ( 'NONE', #7800, 1000.000000000000000 ) ;
#8956 = CARTESIAN_POINT ( 'NONE',  ( -11.75000000000000000, 2.500000000000000444, -0.3200000000000021716 ) ) ;
#8957 = ORIENTED_EDGE ( 'NONE', *, *, #8158, .T. ) ;
#8958 = ORIENTED_EDGE ( 'NONE', *, *, #5464, .F. ) ;
#8959 = CARTESIAN_POINT ( 'NONE',  ( 3.490000000000003322, 2.500000000000000444, 0.3199999999999995071 ) ) ;
#8960 = DIRECTION ( 'NONE',  ( 0.000000000000000000, 0.000000000000000000, -1.000000000000000000 ) ) ;
#8961 = VERTEX_POINT ( 'NONE', #3361 ) ;
#8962 = EDGE_CURVE ( 'NONE', #7828, #397, #7874, .T. ) ;
#8963 = VECTOR ( 'NONE', #9081, 1000.000000000000000 ) ;
#8964 = DIRECTION ( 'NONE',  ( 0.3236155771181768448, 0.8891264907159940334, 0.3236155771181768448 ) ) ;
#8965 = CARTESIAN_POINT ( 'NONE',  ( 10.26000000000000156, 2.500000000000000444, 1.269999999999996243 ) ) ;
#8966 = DIRECTION ( 'NONE',  ( 1.000000000000000000, 0.000000000000000000, -0.000000000000000000 ) ) ;
#8967 = FILL_AREA_STYLE_COLOUR ( '', #1321 ) ;
#8968 = ORIENTED_EDGE ( 'NONE', *, *, #654, .T. ) ;
#8969 = CARTESIAN_POINT ( 'NONE',  ( -11.10999999999999766, 0.7500000000000001110, -0.3200000000000025047 ) ) ;
#8970 = EDGE_CURVE ( 'NONE', #897, #2395, #4811, .T. ) ;
#8971 = CARTESIAN_POINT ( 'NONE',  ( -3.998731534135321120, 8.660657145849658178, -0.1887315341353228981 ) ) ;
#8972 = COLOUR_RGB ( '',1.000000000000000000, 0.8117647058823529438, 0.5019607843137254832 ) ;
#8973 = ORIENTED_EDGE ( 'NONE', *, *, #302, .T. ) ;
#8974 = SURFACE_STYLE_USAGE ( .BOTH. , #4263 ) ;
#8975 = CARTESIAN_POINT ( 'NONE',  ( 12.69999999999999929, 9.429780353434485416E-17, -1.020000000000004237 ) ) ;
#8976 = EDGE_CURVE ( 'NONE', #5478, #6213, #7128, .T. ) ;
#8977 = PRESENTATION_STYLE_ASSIGNMENT (( #2930 ) ) ;
#8978 =( LENGTH_UNIT ( ) NAMED_UNIT ( * ) SI_UNIT ( .MILLI., .METRE. ) );
#8979 = LINE ( 'NONE', #2124, #5387 ) ;
#8980 = MECHANICAL_DESIGN_GEOMETRIC_PRESENTATION_REPRESENTATION (  '', ( #2787 ), #4713 ) ;
#8981 = CARTESIAN_POINT ( 'NONE',  ( 7.520000000000002238, -0.03999999999999923755, -1.270000000000004237 ) ) ;
#8982 = LINE ( 'NONE', #3840, #9252 ) ;
#8983 = EDGE_CURVE ( 'NONE', #1786, #3753, #1912, .T. ) ;
#8984 = DIRECTION ( 'NONE',  ( 0.3236155771181769003, -0.8891264907159941444, -0.3236155771181765672 ) ) ;
#8985 = ORIENTED_EDGE ( 'NONE', *, *, #9308, .F. ) ;
#8986 = DIRECTION ( 'NONE',  ( -0.000000000000000000, 1.000000000000000000, 1.707404996040164265E-16 ) ) ;
#8987 = COLOUR_RGB ( '',1.000000000000000000, 0.8117647058823529438, 0.5019607843137254832 ) ;
#8988 = DIRECTION ( 'NONE',  ( -1.000000000000000000, -0.000000000000000000, -0.000000000000000000 ) ) ;
#8989 = ORIENTED_EDGE ( 'NONE', *, *, #7865, .T. ) ;
#8990 = UNCERTAINTY_MEASURE_WITH_UNIT (LENGTH_MEASURE( 1.000000000000000082E-05 ), #3601, 'distance_accuracy_value', 'NONE');
#8991 = ORIENTED_EDGE ( 'NONE', *, *, #5878, .T. ) ;
#8992 = FILL_AREA_STYLE_COLOUR ( '', #4127 ) ;
#8993 = CARTESIAN_POINT ( 'NONE',  ( 6.030000000000000249, -2.699999999999993072, -0.3200000000000031153 ) ) ;
#8994 = AXIS2_PLACEMENT_3D ( 'NONE', #4985, #8604, #5725 ) ;
#8995 = ORIENTED_EDGE ( 'NONE', *, *, #6707, .F. ) ;
#8996 = SURFACE_SIDE_STYLE ('',( #5335 ) ) ;
#8997 = DIRECTION ( 'NONE',  ( -1.000000000000000000, -0.000000000000000000, 0.000000000000000000 ) ) ;
#8998 = ORIENTED_EDGE ( 'NONE', *, *, #9698, .F. ) ;
#8999 = ORIENTED_EDGE ( 'NONE', *, *, #950, .T. ) ;
#9000 = CARTESIAN_POINT ( 'NONE',  ( -0.9499999999999977351, -2.699999999999993072, 0.3199999999999985634 ) ) ;
#9001 = DIRECTION ( 'NONE',  ( 0.000000000000000000, 0.000000000000000000, 1.000000000000000000 ) ) ;
#9002 = DIRECTION ( 'NONE',  ( 0.3236155771181769003, 0.8891264907159941444, 0.3236155771181765672 ) ) ;
#9003 = CARTESIAN_POINT ( 'NONE',  ( -7.519999999999998685, 2.500000000000000444, 1.019999999999996243 ) ) ;
#9004 = DIRECTION ( 'NONE',  ( 1.000000000000000000, 0.000000000000000000, 0.000000000000000000 ) ) ;
#9005 = ORIENTED_EDGE ( 'NONE', *, *, #3030, .T. ) ;
#9006 = ADVANCED_FACE ( 'NONE', ( #7040 ), #5657, .F. ) ;
#9007 = DIRECTION ( 'NONE',  ( 0.3236155771181769003, -0.8891264907159941444, -0.3236155771181765672 ) ) ;
#9008 = ORIENTED_EDGE ( 'NONE', *, *, #1179, .T. ) ;
#9009 = FACE_BOUND ( 'NONE', #7669, .T. ) ;
#9010 = SURFACE_STYLE_USAGE ( .BOTH. , #134 ) ;
#9011 = LINE ( 'NONE', #1464, #5741 ) ;
#9012 = DIRECTION ( 'NONE',  ( -0.9396926207859117586, -0.3420201433256594981, -0.000000000000000000 ) ) ;
#9013 = LINE ( 'NONE', #2870, #1974 ) ;
#9014 = EDGE_CURVE ( 'NONE', #2106, #2739, #7088, .T. ) ;
#9015 = CARTESIAN_POINT ( 'NONE',  ( 9.100808929720143325, -3.000000000000000000, -0.2108089297201431456 ) ) ;
#9016 = STYLED_ITEM ( 'NONE', ( #2485 ), #77 ) ;
#9017 = ORIENTED_EDGE ( 'NONE', *, *, #3208, .T. ) ;
#9018 = VECTOR ( 'NONE', #9655, 1000.000000000000000 ) ;
#9019 =( NAMED_UNIT ( * ) PLANE_ANGLE_UNIT ( ) SI_UNIT ( $, .RADIAN. ) );
#9020 = DIRECTION ( 'NONE',  ( -0.000000000000000000, 1.000000000000000000, 1.707404996040164265E-16 ) ) ;
#9021 = ADVANCED_FACE ( 'NONE', ( #4953 ), #4071, .T. ) ;
#9022 = ORIENTED_EDGE ( 'NONE', *, *, #3906, .F. ) ;
#9023 = DIRECTION ( 'NONE',  ( -1.000000000000000000, 0.000000000000000000, 0.000000000000000000 ) ) ;
#9024 = PLANE ( 'NONE',  #1173 ) ;
#9025 = DIRECTION ( 'NONE',  ( 0.000000000000000000, 0.000000000000000000, 1.000000000000000000 ) ) ;
#9026 = AXIS2_PLACEMENT_3D ( 'NONE', #9094, #681, #6811 ) ;
#9027 = EDGE_CURVE ( 'NONE', #1447, #8348, #5695, .T. ) ;
#9028 = LINE ( 'NONE', #5903, #6081 ) ;
#9029 = VECTOR ( 'NONE', #9087, 1000.000000000000000 ) ;
#9030 = VERTEX_POINT ( 'NONE', #5743 ) ;
#9031 = PRESENTATION_STYLE_ASSIGNMENT (( #7973 ) ) ;
#9032 =( LENGTH_UNIT ( ) NAMED_UNIT ( * ) SI_UNIT ( .MILLI., .METRE. ) );
#9033 = CARTESIAN_POINT ( 'NONE',  ( 0.9500000000000011768, -6.905096679918783842, 0.3199999999999978417 ) ) ;
#9034 = ORIENTED_EDGE ( 'NONE', *, *, #8962, .T. ) ;
#9035 = VECTOR ( 'NONE', #9383, 1000.000000000000000 ) ;
#9036 = FILL_AREA_STYLE ('',( #4429 ) ) ;
#9037 = VECTOR ( 'NONE', #9716, 1000.000000000000000 ) ;
#9038 = VERTEX_POINT ( 'NONE', #5558 ) ;
#9039 = ADVANCED_FACE ( 'NONE', ( #4463 ), #5256, .F. ) ;
#9040 = CARTESIAN_POINT ( 'NONE',  ( 0.9500000000000011768, 8.299999999999993605, -0.3200000000000038369 ) ) ;
#9041 = LINE ( 'NONE', #2240, #1157 ) ;
#9042 = EDGE_LOOP ( 'NONE', ( #9300, #8337, #66, #1349 ) ) ;
#9043 = COLOUR_RGB ( '',1.000000000000000000, 0.8117647058823529438, 0.5019607843137254832 ) ;
#9044 = PRESENTATION_LAYER_ASSIGNMENT (  '', '', ( #3495 ) ) ;
#9045 = VERTEX_POINT ( 'NONE', #6576 ) ;
#9046 = FILL_AREA_STYLE_COLOUR ( '', #1864 ) ;
#9047 = DIRECTION ( 'NONE',  ( 0.000000000000000000, 0.000000000000000000, 1.000000000000000000 ) ) ;
#9048 = ORIENTED_EDGE ( 'NONE', *, *, #3791, .T. ) ;
#9049 = ORIENTED_EDGE ( 'NONE', *, *, #698, .F. ) ;
#9050 = SURFACE_SIDE_STYLE ('',( #1602 ) ) ;
#9051 = DIRECTION ( 'NONE',  ( 0.000000000000000000, 0.000000000000000000, 1.000000000000000000 ) ) ;
#9052 = AXIS2_PLACEMENT_3D ( 'NONE', #2848, #4290, #6500 ) ;
#9053 = DIRECTION ( 'NONE',  ( -0.000000000000000000, 0.000000000000000000, 1.000000000000000000 ) ) ;
#9054 = PLANE ( 'NONE',  #1961 ) ;
#9055 = LINE ( 'NONE', #2152, #2606 ) ;
#9056 = EDGE_LOOP ( 'NONE', ( #4339, #8989, #5805, #328 ) ) ;
#9057 = ORIENTED_EDGE ( 'NONE', *, *, #2368, .T. ) ;
#9058 = DIRECTION ( 'NONE',  ( 0.000000000000000000, -0.000000000000000000, 1.000000000000000000 ) ) ;
#9059 = AXIS2_PLACEMENT_3D ( 'NONE', #9682, #8747, #5137 ) ;
#9060 =( LENGTH_UNIT ( ) NAMED_UNIT ( * ) SI_UNIT ( .MILLI., .METRE. ) );
#9061 = ORIENTED_EDGE ( 'NONE', *, *, #1814, .F. ) ;
#9062 = DIRECTION ( 'NONE',  ( -1.000000000000000000, -0.000000000000000000, -0.000000000000000000 ) ) ;
#9063 = CARTESIAN_POINT ( 'NONE',  ( -1.059191070279857483, -3.000000000000000000, 0.3199999999999985079 ) ) ;
#9064 = FACE_BOUND ( 'NONE', #7289, .T. ) ;
#9065 = VECTOR ( 'NONE', #9259, 1000.000000000000000 ) ;
#9066 = CARTESIAN_POINT ( 'NONE',  ( 9.210000000000006182, 0.7500000000000001110, 0.3199999999999991740 ) ) ;
#9067 = FACE_OUTER_BOUND ( 'NONE', #112, .T. ) ;
#9068 =( NAMED_UNIT ( * ) SI_UNIT ( $, .STERADIAN. ) SOLID_ANGLE_UNIT ( ) );
#9069 = CARTESIAN_POINT ( 'NONE',  ( -6.669999999999999041, -0.03999999999999967470, -0.3200000000000026157 ) ) ;
#9070 = AXIS2_PLACEMENT_3D ( 'NONE', #4210, #7269, #4905 ) ;
#9071 = VECTOR ( 'NONE', #7552, 1000.000000000000000 ) ;
#9072 = EDGE_LOOP ( 'NONE', ( #4479, #4653, #5128, #8921 ) ) ;
#9073 = PLANE ( 'NONE',  #3509 ) ;
#9074 = FACE_OUTER_BOUND ( 'NONE', #5470, .T. ) ;
#9075 = PRESENTATION_STYLE_ASSIGNMENT (( #6682 ) ) ;
#9076 = LINE ( 'NONE', #9654, #138 ) ;
#9077 = ADVANCED_FACE ( 'NONE', ( #9598 ), #3726, .F. ) ;
#9078 = EDGE_CURVE ( 'NONE', #3653, #6754, #5108, .T. ) ;
#9079 = DIRECTION ( 'NONE',  ( -0.000000000000000000, 1.000000000000000000, 1.707404996040164265E-16 ) ) ;
#9080 = COLOUR_RGB ( '',0.7921568627450980005, 0.8196078431372548767, 0.9333333333333333481 ) ;
#9081 = DIRECTION ( 'NONE',  ( -1.000000000000000000, 0.000000000000000000, -0.000000000000000000 ) ) ;
#9082 = LINE ( 'NONE', #4670, #2435 ) ;
#9083 = EDGE_LOOP ( 'NONE', ( #8934, #8835, #2648, #3821 ) ) ;
#9084 = EDGE_CURVE ( 'NONE', #4072, #3896, #7484, .T. ) ;
#9085 = LINE ( 'NONE', #9139, #2366 ) ;
#9086 = STYLED_ITEM ( 'NONE', ( #7413 ), #1805 ) ;
#9087 = DIRECTION ( 'NONE',  ( 0.000000000000000000, 1.000000000000000000, 1.707404996040164265E-16 ) ) ;
#9088 = LINE ( 'NONE', #3040, #2890 ) ;
#9089 = ORIENTED_EDGE ( 'NONE', *, *, #5616, .F. ) ;
#9090 = UNCERTAINTY_MEASURE_WITH_UNIT (LENGTH_MEASURE( 1.000000000000000082E-05 ), #4044, 'distance_accuracy_value', 'NONE');
#9091 = DIRECTION ( 'NONE',  ( -0.000000000000000000, 1.000000000000000000, 1.707404996040164265E-16 ) ) ;
#9092 = ORIENTED_EDGE ( 'NONE', *, *, #9278, .T. ) ;
#9093 = EDGE_CURVE ( 'NONE', #7006, #3003, #5986, .T. ) ;
#9094 = CARTESIAN_POINT ( 'NONE',  ( -11.21919107027985874, -3.000000000000000000, 1.270000000000000018 ) ) ;
#9095 = PLANE ( 'NONE',  #1011 ) ;
#9096 = EDGE_LOOP ( 'NONE', ( #3085, #4489, #6608, #5224 ) ) ;
#9097 = EDGE_CURVE ( 'NONE', #4934, #498, #8269, .T. ) ;
#9098 = ORIENTED_EDGE ( 'NONE', *, *, #3831, .F. ) ;
#9099 = FILL_AREA_STYLE ('',( #4538 ) ) ;
#9100 = ORIENTED_EDGE ( 'NONE', *, *, #4561, .F. ) ;
#9101 = ORIENTED_EDGE ( 'NONE', *, *, #4964, .T. ) ;
#9102 = EDGE_CURVE ( 'NONE', #5031, #1403, #2924, .T. ) ;
#9103 = FILL_AREA_STYLE_COLOUR ( '', #9656 ) ;
#9104 = VECTOR ( 'NONE', #5618, 1000.000000000000000 ) ;
#9105 = CARTESIAN_POINT ( 'NONE',  ( -10.25999999999999801, 0.000000000000000000, 1.269999999999995799 ) ) ;
#9106 = FACE_OUTER_BOUND ( 'NONE', #5110, .T. ) ;
#9107 = PRESENTATION_LAYER_ASSIGNMENT (  '', '', ( #8620 ) ) ;
#9108 = CARTESIAN_POINT ( 'NONE',  ( -3.489999999999996660, -0.03999999999999967470, -0.3200000000000026157 ) ) ;
#9109 = ORIENTED_EDGE ( 'NONE', *, *, #7436, .T. ) ;
#9110 = EDGE_LOOP ( 'NONE', ( #6852, #3993, #6438, #6014 ) ) ;
#9111 = EDGE_CURVE ( 'NONE', #8046, #1495, #2168, .T. ) ;
#9112 = VECTOR ( 'NONE', #9408, 1000.000000000000000 ) ;
#9113 =( NAMED_UNIT ( * ) PLANE_ANGLE_UNIT ( ) SI_UNIT ( $, .RADIAN. ) );
#9114 = AXIS2_PLACEMENT_3D ( 'NONE', #1750, #4049, #7064 ) ;
#9115 = ORIENTED_EDGE ( 'NONE', *, *, #6926, .F. ) ;
#9116 = CARTESIAN_POINT ( 'NONE',  ( -10.05999999999999872, -0.03999999999999967470, -1.020000000000004237 ) ) ;
#9117 = PRESENTATION_STYLE_ASSIGNMENT (( #9788 ) ) ;
#9118 = CARTESIAN_POINT ( 'NONE',  ( 3.754271808891661788, -3.426080827528285244, -0.05572819110834042328 ) ) ;
#9119 = VECTOR ( 'NONE', #8560, 1000.000000000000000 ) ;
#9120 = VECTOR ( 'NONE', #9474, 1000.000000000000000 ) ;
#9121 = CARTESIAN_POINT ( 'NONE',  ( -1.589999999999997637, -0.03999999999999967470, -0.3200000000000026157 ) ) ;
#9122 = CARTESIAN_POINT ( 'NONE',  ( -8.569999999999998508, -3.000000000000000000, -0.2108089297201431456 ) ) ;
#9123 = CARTESIAN_POINT ( 'NONE',  ( -1.480808929720139444, -3.000000000000000000, -0.2108089297201431456 ) ) ;
#9124 = LINE ( 'NONE', #3125, #5163 ) ;
#9125 = COLOUR_RGB ( '',1.000000000000000000, 0.8117647058823529438, 0.5019607843137254832 ) ;
#9126 = SURFACE_STYLE_FILL_AREA ( #3171 ) ;
#9127 = ORIENTED_EDGE ( 'NONE', *, *, #7497, .F. ) ;
#9128 = COLOUR_RGB ( '',1.000000000000000000, 0.8117647058823529438, 0.5019607843137254832 ) ;
#9129 = DIRECTION ( 'NONE',  ( -0.000000000000000000, 1.000000000000000000, 1.707404996040164265E-16 ) ) ;
#9130 = FILL_AREA_STYLE_COLOUR ( '', #9149 ) ;
#9131 = DIRECTION ( 'NONE',  ( -0.000000000000000000, 1.734723475976807094E-15, -1.000000000000000000 ) ) ;
#9132 =( LENGTH_UNIT ( ) NAMED_UNIT ( * ) SI_UNIT ( .MILLI., .METRE. ) );
#9133 = CARTESIAN_POINT ( 'NONE',  ( -8.569999999999998508, -2.699999999999993072, -0.3200000000000038369 ) ) ;
#9134 = VECTOR ( 'NONE', #8210, 1000.000000000000000 ) ;
#9135 = CARTESIAN_POINT ( 'NONE',  ( -8.569999999999998508, 0.7500000000000001110, 0.3199999999999991740 ) ) ;
#9136 = CARTESIAN_POINT ( 'NONE',  ( 12.69999999999999929, 0.000000000000000000, -1.270000000000000018 ) ) ;
#9137 = ORIENTED_EDGE ( 'NONE', *, *, #7252, .F. ) ;
#9138 = EDGE_CURVE ( 'NONE', #3334, #7897, #3674, .T. ) ;
#9139 = CARTESIAN_POINT ( 'NONE',  ( 7.720000000000001528, -0.03999999999999967470, 1.019999999999995799 ) ) ;
#9140 = EDGE_LOOP ( 'NONE', ( #747, #4836, #4396, #9180 ) ) ;
#9141 = SURFACE_SIDE_STYLE ('',( #70 ) ) ;
#9142 = DIRECTION ( 'NONE',  ( 0.000000000000000000, 0.000000000000000000, 1.000000000000000000 ) ) ;
#9143 = ORIENTED_EDGE ( 'NONE', *, *, #1295, .T. ) ;
#9144 = DIRECTION ( 'NONE',  ( 0.000000000000000000, 0.000000000000000000, -1.000000000000000000 ) ) ;
#9145 = VERTEX_POINT ( 'NONE', #1260 ) ;
#9146 = FILL_AREA_STYLE_COLOUR ( '', #940 ) ;
#9147 =( NAMED_UNIT ( * ) PLANE_ANGLE_UNIT ( ) SI_UNIT ( $, .RADIAN. ) );
#9148 =( NAMED_UNIT ( * ) SI_UNIT ( $, .STERADIAN. ) SOLID_ANGLE_UNIT ( ) );
#9149 = COLOUR_RGB ( '',1.000000000000000000, 0.8117647058823529438, 0.5019607843137254832 ) ;
#9150 = EDGE_LOOP ( 'NONE', ( #8383, #2056, #2258, #8351 ) ) ;
#9151 = EDGE_CURVE ( 'NONE', #4323, #8786, #9648, .T. ) ;
#9152 = ORIENTED_EDGE ( 'NONE', *, *, #4117, .T. ) ;
#9153 = CARTESIAN_POINT ( 'NONE',  ( 25.39999999999999858, -3.000000000000000000, 0.2108089297201388157 ) ) ;
#9154 = ORIENTED_EDGE ( 'NONE', *, *, #1733, .F. ) ;
#9155 = EDGE_LOOP ( 'NONE', ( #7409, #7978, #5319, #6361 ) ) ;
#9156 =( LENGTH_UNIT ( ) NAMED_UNIT ( * ) SI_UNIT ( .MILLI., .METRE. ) );
#9157 = DIRECTION ( 'NONE',  ( -1.000000000000000000, 0.000000000000000000, 0.000000000000000000 ) ) ;
#9158 = LINE ( 'NONE', #3995, #7062 ) ;
#9159 = EDGE_CURVE ( 'NONE', #3041, #3910, #7429, .T. ) ;
#9160 = DIRECTION ( 'NONE',  ( 0.000000000000000000, 0.000000000000000000, -1.000000000000000000 ) ) ;
#9161 = VERTEX_POINT ( 'NONE', #9015 ) ;
#9162 = EDGE_CURVE ( 'NONE', #3560, #7008, #5895, .T. ) ;
#9163 = SURFACE_STYLE_FILL_AREA ( #3063 ) ;
#9164 = VECTOR ( 'NONE', #5168, 1000.000000000000000 ) ;
#9165 = SURFACE_STYLE_USAGE ( .BOTH. , #7067 ) ;
#9166 = EDGE_LOOP ( 'NONE', ( #1703, #2276, #3627, #2249 ) ) ;
#9167 = CARTESIAN_POINT ( 'NONE',  ( 10.26000000000000156, -0.03999999999999967470, 1.019999999999995799 ) ) ;
#9168 =( NAMED_UNIT ( * ) PLANE_ANGLE_UNIT ( ) SI_UNIT ( $, .RADIAN. ) );
#9169 = EDGE_CURVE ( 'NONE', #5859, #9403, #478, .T. ) ;
#9170 = FACE_OUTER_BOUND ( 'NONE', #3533, .T. ) ;
#9171 = COLOUR_RGB ( '',1.000000000000000000, 0.8117647058823529438, 0.5019607843137254832 ) ;
#9172 =( NAMED_UNIT ( * ) SI_UNIT ( $, .STERADIAN. ) SOLID_ANGLE_UNIT ( ) );
#9173 = LINE ( 'NONE', #5355, #2296 ) ;
#9174 = VERTEX_POINT ( 'NONE', #579 ) ;
#9175 = DIRECTION ( 'NONE',  ( 1.000000000000000000, 0.000000000000000000, 0.000000000000000000 ) ) ;
#9176 = COLOUR_RGB ( '',1.000000000000000000, 0.8117647058823529438, 0.5019607843137254832 ) ;
#9177 = VECTOR ( 'NONE', #9246, 1000.000000000000000 ) ;
#9178 = DIRECTION ( 'NONE',  ( 1.000000000000000000, 0.000000000000000000, 0.000000000000000000 ) ) ;
#9179 = LINE ( 'NONE', #5362, #6613 ) ;
#9180 = ORIENTED_EDGE ( 'NONE', *, *, #1753, .F. ) ;
#9181 =( NAMED_UNIT ( * ) PLANE_ANGLE_UNIT ( ) SI_UNIT ( $, .RADIAN. ) );
#9182 = FACE_OUTER_BOUND ( 'NONE', #166, .T. ) ;
#9183 = VECTOR ( 'NONE', #6000, 1000.000000000000000 ) ;
#9184 =( LENGTH_UNIT ( ) NAMED_UNIT ( * ) SI_UNIT ( .MILLI., .METRE. ) );
#9185 = ORIENTED_EDGE ( 'NONE', *, *, #3599, .F. ) ;
#9186 = LINE ( 'NONE', #968, #6459 ) ;
#9187 = PRESENTATION_STYLE_ASSIGNMENT (( #2473 ) ) ;
#9188 = DIRECTION ( 'NONE',  ( 0.000000000000000000, -1.734723475976807094E-15, 1.000000000000000000 ) ) ;
#9189 = CARTESIAN_POINT ( 'NONE',  ( 6.670000000000006146, 2.500000000000000444, -0.3200000000000021161 ) ) ;
#9190 = VECTOR ( 'NONE', #3519, 1000.000000000000000 ) ;
#9191 = ORIENTED_EDGE ( 'NONE', *, *, #8429, .T. ) ;
#9192 = CARTESIAN_POINT ( 'NONE',  ( 4.980000000000002203, 2.500000000000000888, -1.270000000000003793 ) ) ;
#9193 = DIRECTION ( 'NONE',  ( 0.000000000000000000, 0.000000000000000000, -1.000000000000000000 ) ) ;
#9194 = VECTOR ( 'NONE', #4267, 1000.000000000000000 ) ;
#9195 = LINE ( 'NONE', #6008, #5476 ) ;
#9196 = ORIENTED_EDGE ( 'NONE', *, *, #4226, .T. ) ;
#9197 = ORIENTED_EDGE ( 'NONE', *, *, #7763, .T. ) ;
#9198 = AXIS2_PLACEMENT_3D ( 'NONE', #3539, #1278, #4327 ) ;
#9199 = SURFACE_STYLE_USAGE ( .BOTH. , #2349 ) ;
#9200 = ORIENTED_EDGE ( 'NONE', *, *, #4369, .T. ) ;
#9201 = VERTEX_POINT ( 'NONE', #6518 ) ;
#9202 = LINE ( 'NONE', #7568, #2802 ) ;
#9203 = DIRECTION ( 'NONE',  ( 1.000000000000000000, 0.000000000000000000, -0.000000000000000000 ) ) ;
#9204 = ADVANCED_FACE ( 'NONE', ( #4358 ), #5942, .F. ) ;
#9205 = PLANE ( 'NONE',  #2129 ) ;
#9206 = EDGE_CURVE ( 'NONE', #1428, #1495, #5788, .T. ) ;
#9207 = AXIS2_PLACEMENT_3D ( 'NONE', #8135, #1332, #8030 ) ;
#9208 = CARTESIAN_POINT ( 'NONE',  ( 12.69999999999999929, 1.885956070686925433E-16, -0.7700000000000006839 ) ) ;
#9209 = ORIENTED_EDGE ( 'NONE', *, *, #4765, .F. ) ;
#9210 = FILL_AREA_STYLE_COLOUR ( '', #6400 ) ;
#9211 = EDGE_CURVE ( 'NONE', #9434, #4726, #5057, .T. ) ;
#9212 = AXIS2_PLACEMENT_3D ( 'NONE', #9642, #8004, #5151 ) ;
#9213 = EDGE_LOOP ( 'NONE', ( #1172, #330, #4822, #5077 ) ) ;
#9214 = DIRECTION ( 'NONE',  ( 0.000000000000000000, 0.000000000000000000, -1.000000000000000000 ) ) ;
#9215 = FACE_OUTER_BOUND ( 'NONE', #5736, .T. ) ;
#9216 = CARTESIAN_POINT ( 'NONE',  ( -2.639999999999998348, 0.000000000000000000, -1.270000000000004237 ) ) ;
#9217 = ADVANCED_FACE ( 'NONE', ( #3624 ), #6623, .T. ) ;
#9218 = CARTESIAN_POINT ( 'NONE',  ( 8.570000000000003837, 0.7500000000000001110, 0.3199999999999991740 ) ) ;
#9219 = CARTESIAN_POINT ( 'NONE',  ( 6.525795051648019651, 3.882392806044252964, -2.715795051648021374 ) ) ;
#9220 = VECTOR ( 'NONE', #4108, 1000.000000000000000 ) ;
#9221 = DIRECTION ( 'NONE',  ( 1.000000000000000000, 0.000000000000000000, -0.000000000000000000 ) ) ;
#9222 = VERTEX_POINT ( 'NONE', #2266 ) ;
#9223 =( GEOMETRIC_REPRESENTATION_CONTEXT ( 3 ) GLOBAL_UNCERTAINTY_ASSIGNED_CONTEXT ( ( #828 ) ) GLOBAL_UNIT_ASSIGNED_CONTEXT ( ( #4006, #226, #320 ) ) REPRESENTATION_CONTEXT ( 'NONE', 'WORKASPACE' ) );
#9224 = EDGE_CURVE ( 'NONE', #498, #7761, #3212, .T. ) ;
#9225 = CARTESIAN_POINT ( 'NONE',  ( 4.130000000000001670, -2.699999999999993072, -0.3200000000000031153 ) ) ;
#9226 = VECTOR ( 'NONE', #6458, 1000.000000000000000 ) ;
#9227 = FILL_AREA_STYLE ('',( #9130 ) ) ;
#9228 = SURFACE_SIDE_STYLE ('',( #8469 ) ) ;
#9229 = EDGE_CURVE ( 'NONE', #5687, #2390, #6839, .T. ) ;
#9230 = UNCERTAINTY_MEASURE_WITH_UNIT (LENGTH_MEASURE( 1.000000000000000082E-05 ), #6529, 'distance_accuracy_value', 'NONE');
#9231 = LINE ( 'NONE', #7039, #3524 ) ;
#9232 = VECTOR ( 'NONE', #5467, 1000.000000000000000 ) ;
#9233 = CARTESIAN_POINT ( 'NONE',  ( 30.48000000000000043, -3.000000000000000000, -0.2108089297201431456 ) ) ;
#9234 = ORIENTED_EDGE ( 'NONE', *, *, #8283, .F. ) ;
#9235 = CARTESIAN_POINT ( 'NONE',  ( 12.69999999999999929, 0.000000000000000000, 1.019999999999995799 ) ) ;
#9236 = CARTESIAN_POINT ( 'NONE',  ( 12.69999999999999929, 0.000000000000000000, -1.270000000000000018 ) ) ;
#9237 = CARTESIAN_POINT ( 'NONE',  ( 10.26000000000000156, 2.500000000000000444, 1.019999999999996243 ) ) ;
#9238 = VECTOR ( 'NONE', #6843, 1000.000000000000000 ) ;
#9239 = ORIENTED_EDGE ( 'NONE', *, *, #2517, .T. ) ;
#9240 = ORIENTED_EDGE ( 'NONE', *, *, #4159, .F. ) ;
#9241 = DIRECTION ( 'NONE',  ( 0.9396926207859117586, -0.3420201433256594981, 0.000000000000000000 ) ) ;
#9242 = CARTESIAN_POINT ( 'NONE',  ( -11.10999999999999766, -2.699999999999993072, -0.3200000000000038369 ) ) ;
#9243 = CARTESIAN_POINT ( 'NONE',  ( 12.60000000000000320, 0.000000000000000000, -1.270000000000004237 ) ) ;
#9244 = VECTOR ( 'NONE', #6556, 1000.000000000000000 ) ;
#9245 = VERTEX_POINT ( 'NONE', #1468 ) ;
#9246 = DIRECTION ( 'NONE',  ( 1.000000000000000000, -0.000000000000000000, -0.000000000000000000 ) ) ;
#9247 =( LENGTH_UNIT ( ) NAMED_UNIT ( * ) SI_UNIT ( .MILLI., .METRE. ) );
#9248 = ORIENTED_EDGE ( 'NONE', *, *, #9756, .F. ) ;
#9249 = ORIENTED_EDGE ( 'NONE', *, *, #1694, .F. ) ;
#9250 = DIRECTION ( 'NONE',  ( 0.000000000000000000, 0.000000000000000000, -1.000000000000000000 ) ) ;
#9251 = SURFACE_SIDE_STYLE ('',( #5486 ) ) ;
#9252 = VECTOR ( 'NONE', #8278, 1000.000000000000000 ) ;
#9253 = CARTESIAN_POINT ( 'NONE',  ( -6.029999999999998472, -2.699999999999993072, -0.3200000000000038369 ) ) ;
#9254 =( LENGTH_UNIT ( ) NAMED_UNIT ( * ) SI_UNIT ( .MILLI., .METRE. ) );
#9255 = ORIENTED_EDGE ( 'NONE', *, *, #4405, .T. ) ;
#9256 =( NAMED_UNIT ( * ) SI_UNIT ( $, .STERADIAN. ) SOLID_ANGLE_UNIT ( ) );
#9257 = EDGE_CURVE ( 'NONE', #1403, #6061, #4509, .T. ) ;
#9258 = VECTOR ( 'NONE', #8681, 1000.000000000000000 ) ;
#9259 = DIRECTION ( 'NONE',  ( 1.000000000000000000, 0.000000000000000000, 0.000000000000000000 ) ) ;
#9260 = ORIENTED_EDGE ( 'NONE', *, *, #9224, .F. ) ;
#9261 = LINE ( 'NONE', #5445, #4421 ) ;
#9262 = CARTESIAN_POINT ( 'NONE',  ( 10.26000000000000156, 1.885956070686925433E-16, -0.7700000000000006839 ) ) ;
#9263 = DIRECTION ( 'NONE',  ( -1.000000000000000000, 0.000000000000000000, 0.000000000000000000 ) ) ;
#9264 = CARTESIAN_POINT ( 'NONE',  ( 2.440000000000001279, 1.885956070686925433E-16, -0.7700000000000006839 ) ) ;
#9265 = PRESENTATION_LAYER_ASSIGNMENT (  '', '', ( #2937 ) ) ;
#9266 = FACE_OUTER_BOUND ( 'NONE', #9365, .T. ) ;
#9267 = VECTOR ( 'NONE', #7270, 1000.000000000000000 ) ;
#9268 = EDGE_CURVE ( 'NONE', #3002, #9222, #147, .T. ) ;
#9269 = LINE ( 'NONE', #3172, #2696 ) ;
#9270 = STYLED_ITEM ( 'NONE', ( #4753 ), #8282 ) ;
#9271 = DIRECTION ( 'NONE',  ( -1.000000000000000000, 0.000000000000000000, -0.000000000000000000 ) ) ;
#9272 = PRESENTATION_STYLE_ASSIGNMENT (( #964 ) ) ;
#9273 = EDGE_CURVE ( 'NONE', #6903, #4932, #4614, .T. ) ;
#9274 = CARTESIAN_POINT ( 'NONE',  ( 3.490000000000000213, -6.905096679918783842, -0.3200000000000038369 ) ) ;
#9275 = VECTOR ( 'NONE', #3596, 1000.000000000000000 ) ;
#9276 = SURFACE_STYLE_USAGE ( .BOTH. , #1531 ) ;
#9277 = ORIENTED_EDGE ( 'NONE', *, *, #9078, .T. ) ;
#9278 = EDGE_CURVE ( 'NONE', #1175, #20, #904, .T. ) ;
#9279 = SURFACE_SIDE_STYLE ('',( #869 ) ) ;
#9280 = CARTESIAN_POINT ( 'NONE',  ( 17.78000000000000114, -3.000000000000000000, 1.270000000000000018 ) ) ;
#9281 = FILL_AREA_STYLE ('',( #7878 ) ) ;
#9282 = ORIENTED_EDGE ( 'NONE', *, *, #7584, .T. ) ;
#9283 = FILL_AREA_STYLE ('',( #161 ) ) ;
#9284 = PRESENTATION_LAYER_ASSIGNMENT (  '', '', ( #2929 ) ) ;
#9285 = FILL_AREA_STYLE_COLOUR ( '', #5396 ) ;
#9286 = DIRECTION ( 'NONE',  ( 0.000000000000000000, -1.707404996040164265E-16, 1.000000000000000000 ) ) ;
#9287 = ADVANCED_FACE ( 'NONE', ( #7685 ), #5451, .T. ) ;
#9288 = DIRECTION ( 'NONE',  ( 0.000000000000000000, 1.000000000000000000, 1.707404996040164265E-16 ) ) ;
#9289 = VECTOR ( 'NONE', #6206, 1000.000000000000000 ) ;
#9290 = ORIENTED_EDGE ( 'NONE', *, *, #3340, .F. ) ;
#9291 = STYLED_ITEM ( 'NONE', ( #4264 ), #3655 ) ;
#9292 =( NAMED_UNIT ( * ) SI_UNIT ( $, .STERADIAN. ) SOLID_ANGLE_UNIT ( ) );
#9293 = ORIENTED_EDGE ( 'NONE', *, *, #7443, .F. ) ;
#9294 = ORIENTED_EDGE ( 'NONE', *, *, #28, .F. ) ;
#9295 = CARTESIAN_POINT ( 'NONE',  ( 2.640000000000000124, -0.03999999999999967470, 1.019999999999995799 ) ) ;
#9296 =( NAMED_UNIT ( * ) SI_UNIT ( $, .STERADIAN. ) SOLID_ANGLE_UNIT ( ) );
#9297 = VECTOR ( 'NONE', #6086, 1000.000000000000114 ) ;
#9298 = LINE ( 'NONE', #3247, #562 ) ;
#9299 = ORIENTED_EDGE ( 'NONE', *, *, #1560, .F. ) ;
#9300 = ORIENTED_EDGE ( 'NONE', *, *, #3364, .T. ) ;
#9301 = ORIENTED_EDGE ( 'NONE', *, *, #5685, .F. ) ;
#9302 = PLANE ( 'NONE',  #8894 ) ;
#9303 =( GEOMETRIC_REPRESENTATION_CONTEXT ( 3 ) GLOBAL_UNCERTAINTY_ASSIGNED_CONTEXT ( ( #82 ) ) GLOBAL_UNIT_ASSIGNED_CONTEXT ( ( #6229, #4618, #149 ) ) REPRESENTATION_CONTEXT ( 'NONE', 'WORKASPACE' ) );
#9304 = EDGE_LOOP ( 'NONE', ( #8309, #2779, #4638, #2528 ) ) ;
#9305 = CARTESIAN_POINT ( 'NONE',  ( -12.69999999999999929, 2.500000000000000000, 1.270000000000000018 ) ) ;
#9306 =( LENGTH_UNIT ( ) NAMED_UNIT ( * ) SI_UNIT ( .MILLI., .METRE. ) );
#9307 =( NAMED_UNIT ( * ) PLANE_ANGLE_UNIT ( ) SI_UNIT ( $, .RADIAN. ) );
#9308 = EDGE_CURVE ( 'NONE', #2100, #3016, #8372, .T. ) ;
#9309 = FACE_OUTER_BOUND ( 'NONE', #2017, .T. ) ;
#9310 = PRESENTATION_LAYER_ASSIGNMENT (  '', '', ( #7730 ) ) ;
#9311 = CARTESIAN_POINT ( 'NONE',  ( 12.69999999999999929, 0.000000000000000000, -1.270000000000000018 ) ) ;
#9312 = ORIENTED_EDGE ( 'NONE', *, *, #3275, .F. ) ;
#9313 = ORIENTED_EDGE ( 'NONE', *, *, #2530, .F. ) ;
#9314 = DIRECTION ( 'NONE',  ( 0.000000000000000000, -0.000000000000000000, 1.000000000000000000 ) ) ;
#9315 = COLOUR_RGB ( '',1.000000000000000000, 0.8117647058823529438, 0.5019607843137254832 ) ;
#9316 = PRESENTATION_STYLE_ASSIGNMENT (( #7083 ) ) ;
#9317 = EDGE_CURVE ( 'NONE', #2731, #7261, #7949, .T. ) ;
#9318 = SURFACE_STYLE_FILL_AREA ( #6988 ) ;
#9319 = EDGE_CURVE ( 'NONE', #7616, #6909, #1809, .T. ) ;
#9320 = DIRECTION ( 'NONE',  ( 0.000000000000000000, 0.000000000000000000, -1.000000000000000000 ) ) ;
#9321 = DIRECTION ( 'NONE',  ( -0.000000000000000000, 1.000000000000000000, 1.707404996040164265E-16 ) ) ;
#9322 = ORIENTED_EDGE ( 'NONE', *, *, #3489, .F. ) ;
#9323 = ADVANCED_FACE ( 'NONE', ( #7161 ), #5647, .F. ) ;
#9324 = PLANE ( 'NONE',  #2322 ) ;
#9325 = FILL_AREA_STYLE_COLOUR ( '', #2071 ) ;
#9326 = CARTESIAN_POINT ( 'NONE',  ( 6.670000000000006146, 0.7500000000000001110, 0.3199999999999991740 ) ) ;
#9327 = CARTESIAN_POINT ( 'NONE',  ( 12.69999999999999929, 0.000000000000000000, 1.019999999999995799 ) ) ;
#9328 = VECTOR ( 'NONE', #442, 1000.000000000000000 ) ;
#9329 = SURFACE_STYLE_FILL_AREA ( #1689 ) ;
#9330 = ADVANCED_FACE ( 'NONE', ( #4156 ), #3308, .F. ) ;
#9331 = DIRECTION ( 'NONE',  ( -1.000000000000000000, 0.000000000000000000, -0.000000000000000000 ) ) ;
#9332 = ORIENTED_EDGE ( 'NONE', *, *, #1621, .T. ) ;
#9333 = CARTESIAN_POINT ( 'NONE',  ( 10.06000000000000227, -0.03999999999999923755, -1.270000000000004237 ) ) ;
#9334 = EDGE_CURVE ( 'NONE', #6075, #8895, #1853, .T. ) ;
#9335 = EDGE_LOOP ( 'NONE', ( #5977, #9629, #9469, #8213 ) ) ;
#9336 = ORIENTED_EDGE ( 'NONE', *, *, #7328, .T. ) ;
#9337 = ORIENTED_EDGE ( 'NONE', *, *, #9792, .F. ) ;
#9338 = LINE ( 'NONE', #1789, #9035 ) ;
#9339 =( NAMED_UNIT ( * ) PLANE_ANGLE_UNIT ( ) SI_UNIT ( $, .RADIAN. ) );
#9340 = LINE ( 'NONE', #1745, #1333 ) ;
#9341 = LINE ( 'NONE', #268, #6089 ) ;
#9342 = VERTEX_POINT ( 'NONE', #4755 ) ;
#9343 = CARTESIAN_POINT ( 'NONE',  ( -11.75000000000000000, -6.905096679918783842, -0.3200000000000038369 ) ) ;
#9344 = ORIENTED_EDGE ( 'NONE', *, *, #1320, .T. ) ;
#9345 = PLANE ( 'NONE',  #5275 ) ;
#9346 = ORIENTED_EDGE ( 'NONE', *, *, #5677, .F. ) ;
#9347 = LINE ( 'NONE', #2901, #6434 ) ;
#9348 = FILL_AREA_STYLE_COLOUR ( '', #7928 ) ;
#9349 = MECHANICAL_DESIGN_GEOMETRIC_PRESENTATION_REPRESENTATION (  '', ( #2217 ), #5402 ) ;
#9350 = PRESENTATION_STYLE_ASSIGNMENT (( #6369 ) ) ;
#9351 = VECTOR ( 'NONE', #7459, 1000.000000000000000 ) ;
#9352 = LINE ( 'NONE', #4100, #8438 ) ;
#9353 = CARTESIAN_POINT ( 'NONE',  ( 2.640000000000000124, 1.885956070686925433E-16, -0.7700000000000006839 ) ) ;
#9354 = DIRECTION ( 'NONE',  ( 0.000000000000000000, 0.000000000000000000, 1.000000000000000000 ) ) ;
#9355 = ORIENTED_EDGE ( 'NONE', *, *, #3936, .T. ) ;
#9356 = DIRECTION ( 'NONE',  ( 0.000000000000000000, 0.000000000000000000, 1.000000000000000000 ) ) ;
#9357 = AXIS2_PLACEMENT_3D ( 'NONE', #3562, #2064, #472 ) ;
#9358 = ORIENTED_EDGE ( 'NONE', *, *, #3987, .F. ) ;
#9359 = PRESENTATION_STYLE_ASSIGNMENT (( #6514 ) ) ;
#9360 = COLOUR_RGB ( '',1.000000000000000000, 0.8117647058823529438, 0.5019607843137254832 ) ;
#9361 = CARTESIAN_POINT ( 'NONE',  ( -12.59999999999999964, 0.000000000000000000, 1.019999999999995799 ) ) ;
#9362 = DIRECTION ( 'NONE',  ( 1.000000000000000000, 0.000000000000000000, 0.000000000000000000 ) ) ;
#9363 =( LENGTH_UNIT ( ) NAMED_UNIT ( * ) SI_UNIT ( .MILLI., .METRE. ) );
#9364 = VECTOR ( 'NONE', #5734, 1000.000000000000000 ) ;
#9365 = EDGE_LOOP ( 'NONE', ( #1537, #9154, #79, #892 ) ) ;
#9366 =( NAMED_UNIT ( * ) SI_UNIT ( $, .STERADIAN. ) SOLID_ANGLE_UNIT ( ) );
#9367 = EDGE_CURVE ( 'NONE', #5430, #7804, #2594, .T. ) ;
#9368 = EDGE_CURVE ( 'NONE', #4387, #7828, #368, .T. ) ;
#9369 = CARTESIAN_POINT ( 'NONE',  ( 11.24126846586467998, 8.660657145849658178, 0.1887315341353224540 ) ) ;
#9370 = FACE_OUTER_BOUND ( 'NONE', #7251, .T. ) ;
#9371 =( NAMED_UNIT ( * ) PLANE_ANGLE_UNIT ( ) SI_UNIT ( $, .RADIAN. ) );
#9372 = DIRECTION ( 'NONE',  ( 1.000000000000000000, 0.000000000000000000, 0.000000000000000000 ) ) ;
#9373 = DIRECTION ( 'NONE',  ( -0.000000000000000000, 1.000000000000000000, 1.707404996040164265E-16 ) ) ;
#9374 = EDGE_CURVE ( 'NONE', #6151, #8280, #7213, .T. ) ;
#9375 = LINE ( 'NONE', #8449, #1145 ) ;
#9376 = ORIENTED_EDGE ( 'NONE', *, *, #5631, .T. ) ;
#9377 = EDGE_CURVE ( 'NONE', #3307, #5004, #6419, .T. ) ;
#9378 = LINE ( 'NONE', #2569, #8761 ) ;
#9379 = ORIENTED_EDGE ( 'NONE', *, *, #6627, .F. ) ;
#9380 = ORIENTED_EDGE ( 'NONE', *, *, #5347, .T. ) ;
#9381 = UNCERTAINTY_MEASURE_WITH_UNIT (LENGTH_MEASURE( 1.000000000000000082E-05 ), #9511, 'distance_accuracy_value', 'NONE');
#9382 = ORIENTED_EDGE ( 'NONE', *, *, #2483, .T. ) ;
#9383 = DIRECTION ( 'NONE',  ( -1.000000000000000000, -0.000000000000000000, -0.000000000000000000 ) ) ;
#9384 = SURFACE_SIDE_STYLE ('',( #8641 ) ) ;
#9385 = LINE ( 'NONE', #7757, #4693 ) ;
#9386 = COLOUR_RGB ( '',0.7921568627450980005, 0.8196078431372548767, 0.9333333333333333481 ) ;
#9387 = EDGE_CURVE ( 'NONE', #2140, #3135, #1103, .T. ) ;
#9388 = ORIENTED_EDGE ( 'NONE', *, *, #6059, .T. ) ;
#9389 = LINE ( 'NONE', #6405, #7194 ) ;
#9390 = ORIENTED_EDGE ( 'NONE', *, *, #7086, .T. ) ;
#9391 = EDGE_CURVE ( 'NONE', #9776, #4245, #8706, .T. ) ;
#9392 = PLANE ( 'NONE',  #47 ) ;
#9393 = PRESENTATION_LAYER_ASSIGNMENT (  '', '', ( #3877 ) ) ;
#9394 = ORIENTED_EDGE ( 'NONE', *, *, #3936, .F. ) ;
#9395 = CARTESIAN_POINT ( 'NONE',  ( -3.489999999999998437, 8.299999999999993605, -0.3200000000000012279 ) ) ;
#9396 = LINE ( 'NONE', #1098, #3680 ) ;
#9397 = FILL_AREA_STYLE_COLOUR ( '', #9386 ) ;
#9398 = EDGE_CURVE ( 'NONE', #1292, #7100, #4944, .T. ) ;
#9399 = PLANE ( 'NONE',  #9581 ) ;
#9400 = VECTOR ( 'NONE', #1111, 1000.000000000000114 ) ;
#9401 = CARTESIAN_POINT ( 'NONE',  ( -9.100808929720139773, -3.000000000000000000, -0.3200000000000031708 ) ) ;
#9402 = DIRECTION ( 'NONE',  ( 0.000000000000000000, -0.3420201433256594981, -0.9396926207859117586 ) ) ;
#9403 = VERTEX_POINT ( 'NONE', #7075 ) ;
#9404 = DIRECTION ( 'NONE',  ( 0.000000000000000000, 1.000000000000000000, 0.000000000000000000 ) ) ;
#9405 =( LENGTH_UNIT ( ) NAMED_UNIT ( * ) SI_UNIT ( .MILLI., .METRE. ) );
#9406 = DIRECTION ( 'NONE',  ( -0.000000000000000000, 1.000000000000000000, 1.707404996040164265E-16 ) ) ;
#9407 = VECTOR ( 'NONE', #9659, 1000.000000000000000 ) ;
#9408 = DIRECTION ( 'NONE',  ( -0.000000000000000000, 1.000000000000000000, 1.707404996040164265E-16 ) ) ;
#9409 =( NAMED_UNIT ( * ) SI_UNIT ( $, .STERADIAN. ) SOLID_ANGLE_UNIT ( ) );
#9410 = FILL_AREA_STYLE_COLOUR ( '', #5457 ) ;
#9411 = ORIENTED_EDGE ( 'NONE', *, *, #3079, .F. ) ;
#9412 = VECTOR ( 'NONE', #5923, 1000.000000000000000 ) ;
#9413 = MECHANICAL_DESIGN_GEOMETRIC_PRESENTATION_REPRESENTATION (  '', ( #2592 ), #8145 ) ;
#9414 = FACE_OUTER_BOUND ( 'NONE', #5177, .T. ) ;
#9415 = PLANE ( 'NONE',  #4157 ) ;
#9416 = CARTESIAN_POINT ( 'NONE',  ( -4.980000000000000426, 0.000000000000000000, 1.019999999999995799 ) ) ;
#9417 = CARTESIAN_POINT ( 'NONE',  ( 15.24000000000000021, 8.599999999999999645, 1.041517047584500167E-15 ) ) ;
#9418 = MECHANICAL_DESIGN_GEOMETRIC_PRESENTATION_REPRESENTATION (  '', ( #7688 ), #6096 ) ;
#9419 = VECTOR ( 'NONE', #1711, 1000.000000000000000 ) ;
#9420 = MECHANICAL_DESIGN_GEOMETRIC_PRESENTATION_REPRESENTATION (  '', ( #3250 ), #5317 ) ;
#9421 = LINE ( 'NONE', #5116, #5127 ) ;
#9422 = EDGE_CURVE ( 'NONE', #457, #9434, #7866, .T. ) ;
#9423 = DIRECTION ( 'NONE',  ( 0.3236155771181768448, 0.8891264907159940334, -0.3236155771181768448 ) ) ;
#9424 = VERTEX_POINT ( 'NONE', #280 ) ;
#9425 = DIRECTION ( 'NONE',  ( -0.000000000000000000, 1.000000000000000000, 0.000000000000000000 ) ) ;
#9426 = CARTESIAN_POINT ( 'NONE',  ( -6.029999999999997584, 0.7500000000000001110, 0.3199999999999991740 ) ) ;
#9427 = VERTEX_POINT ( 'NONE', #1057 ) ;
#9428 = VECTOR ( 'NONE', #7748, 1000.000000000000000 ) ;
#9429 = DIRECTION ( 'NONE',  ( -0.000000000000000000, 1.000000000000000000, 1.707404996040164265E-16 ) ) ;
#9430 = EDGE_LOOP ( 'NONE', ( #2153, #3431, #6056, #314 ) ) ;
#9431 = CARTESIAN_POINT ( 'NONE',  ( 2.440000000000001279, 2.500000000000000444, -1.270000000000000018 ) ) ;
#9432 = DIRECTION ( 'NONE',  ( 1.000000000000000000, 0.000000000000000000, 0.000000000000000000 ) ) ;
#9433 = MECHANICAL_DESIGN_GEOMETRIC_PRESENTATION_REPRESENTATION (  '', ( #866 ), #7851 ) ;
#9434 = VERTEX_POINT ( 'NONE', #6456 ) ;
#9435 = FACE_OUTER_BOUND ( 'NONE', #643, .T. ) ;
#9436 = ORIENTED_EDGE ( 'NONE', *, *, #2678, .F. ) ;
#9437 = EDGE_LOOP ( 'NONE', ( #2407, #3614, #3461, #6299 ) ) ;
#9438 = ADVANCED_FACE ( 'NONE', ( #9490 ), #4106, .F. ) ;
#9439 = FACE_OUTER_BOUND ( 'NONE', #7212, .T. ) ;
#9440 = LINE ( 'NONE', #2639, #7547 ) ;
#9441 = VECTOR ( 'NONE', #8723, 1000.000000000000000 ) ;
#9442 = FACE_OUTER_BOUND ( 'NONE', #4972, .T. ) ;
#9443 =( NAMED_UNIT ( * ) SI_UNIT ( $, .STERADIAN. ) SOLID_ANGLE_UNIT ( ) );
#9444 = EDGE_CURVE ( 'NONE', #8878, #2476, #8562, .T. ) ;
#9445 = CARTESIAN_POINT ( 'NONE',  ( -6.669999999999999929, -6.905096679918783842, -0.3200000000000038369 ) ) ;
#9446 = PRESENTATION_LAYER_ASSIGNMENT (  '', '', ( #9763 ) ) ;
#9447 = CARTESIAN_POINT ( 'NONE',  ( -0.9499999999999977351, -2.699999999999993072, 0.3199999999999985634 ) ) ;
#9448 = VERTEX_POINT ( 'NONE', #4806 ) ;
#9449 = ADVANCED_FACE ( 'NONE', ( #7818 ), #8658, .F. ) ;
#9450 =( NAMED_UNIT ( * ) SI_UNIT ( $, .STERADIAN. ) SOLID_ANGLE_UNIT ( ) );
#9451 = LINE ( 'NONE', #5739, #232 ) ;
#9452 = VECTOR ( 'NONE', #1891, 1000.000000000000000 ) ;
#9453 =( NAMED_UNIT ( * ) SI_UNIT ( $, .STERADIAN. ) SOLID_ANGLE_UNIT ( ) );
#9454 = ADVANCED_FACE ( 'NONE', ( #5599 ), #8611, .F. ) ;
#9455 = PLANE ( 'NONE',  #9070 ) ;
#9456 = DIRECTION ( 'NONE',  ( -1.000000000000000000, 0.000000000000000000, 0.000000000000000000 ) ) ;
#9457 = ORIENTED_EDGE ( 'NONE', *, *, #4159, .T. ) ;
#9458 = AXIS2_PLACEMENT_3D ( 'NONE', #669, #2985, #5992 ) ;
#9459 = CARTESIAN_POINT ( 'NONE',  ( -6.669999999999999929, -6.905096679918783842, -0.3200000000000038369 ) ) ;
#9460 = CARTESIAN_POINT ( 'NONE',  ( 12.69999999999999929, 0.000000000000000000, -1.270000000000000018 ) ) ;
#9461 = FACE_OUTER_BOUND ( 'NONE', #5607, .T. ) ;
#9462 = LINE ( 'NONE', #923, #6983 ) ;
#9463 = CARTESIAN_POINT ( 'NONE',  ( 15.24000000000000021, -3.000000000000000000, 0.2108089297201388157 ) ) ;
#9464 = MECHANICAL_DESIGN_GEOMETRIC_PRESENTATION_REPRESENTATION (  '', ( #2501 ), #5990 ) ;
#9465 = CARTESIAN_POINT ( 'NONE',  ( -10.05999999999999872, 2.500000000000000444, 1.269999999999996243 ) ) ;
#9466 = ORIENTED_EDGE ( 'NONE', *, *, #4293, .F. ) ;
#9467 = SURFACE_STYLE_FILL_AREA ( #6436 ) ;
#9468 = DIRECTION ( 'NONE',  ( 0.000000000000000000, 0.000000000000000000, 1.000000000000000000 ) ) ;
#9469 = ORIENTED_EDGE ( 'NONE', *, *, #1690, .F. ) ;
#9470 = UNCERTAINTY_MEASURE_WITH_UNIT (LENGTH_MEASURE( 1.000000000000000082E-05 ), #5682, 'distance_accuracy_value', 'NONE');
#9471 = CLOSED_SHELL ( 'NONE', ( #9217, #7138, #894, #8021, #6516, #2183, #2289, #716, #6495, #5283, #5440, #461, #5499, #7718 ) ) ;
#9472 = ORIENTED_EDGE ( 'NONE', *, *, #6948, .F. ) ;
#9473 = DIRECTION ( 'NONE',  ( -0.000000000000000000, -0.000000000000000000, 1.000000000000000000 ) ) ;
#9474 = DIRECTION ( 'NONE',  ( 0.000000000000000000, -0.000000000000000000, 1.000000000000000000 ) ) ;
#9475 = VECTOR ( 'NONE', #5511, 1000.000000000000000 ) ;
#9476 = VERTEX_POINT ( 'NONE', #7473 ) ;
#9477 = DIRECTION ( 'NONE',  ( 1.000000000000000000, 0.000000000000000000, 0.000000000000000000 ) ) ;
#9478 = ORIENTED_EDGE ( 'NONE', *, *, #526, .T. ) ;
#9479 = DIRECTION ( 'NONE',  ( 0.000000000000000000, 0.000000000000000000, 1.000000000000000000 ) ) ;
#9480 = EDGE_CURVE ( 'NONE', #7261, #9476, #8214, .T. ) ;
#9481 = ORIENTED_EDGE ( 'NONE', *, *, #5079, .F. ) ;
#9482 = SURFACE_SIDE_STYLE ('',( #3447 ) ) ;
#9483 = CARTESIAN_POINT ( 'NONE',  ( 7.735761621378179242, 5.371844010742015563, 1.385761621378177599 ) ) ;
#9484 = MECHANICAL_DESIGN_GEOMETRIC_PRESENTATION_REPRESENTATION (  '', ( #7901 ), #1575 ) ;
#9485 = PLANE ( 'NONE',  #7019 ) ;
#9486 = DIRECTION ( 'NONE',  ( -1.000000000000000000, -0.000000000000000000, -0.000000000000000000 ) ) ;
#9487 = DIRECTION ( 'NONE',  ( -0.000000000000000000, -0.000000000000000000, 1.000000000000000000 ) ) ;
#9488 = ORIENTED_EDGE ( 'NONE', *, *, #8169, .T. ) ;
#9489 = EDGE_CURVE ( 'NONE', #1646, #4527, #4992, .T. ) ;
#9490 = FACE_OUTER_BOUND ( 'NONE', #3651, .T. ) ;
#9491 = DIRECTION ( 'NONE',  ( 0.000000000000000000, 0.000000000000000000, 1.000000000000000000 ) ) ;
#9492 = ORIENTED_EDGE ( 'NONE', *, *, #7097, .T. ) ;
#9493 = EDGE_CURVE ( 'NONE', #346, #4726, #3714, .T. ) ;
#9494 = DIRECTION ( 'NONE',  ( 0.000000000000000000, 0.000000000000000000, -1.000000000000000000 ) ) ;
#9495 = DIRECTION ( 'NONE',  ( 0.000000000000000000, 0.000000000000000000, -1.000000000000000000 ) ) ;
#9496 = MECHANICAL_DESIGN_GEOMETRIC_PRESENTATION_REPRESENTATION (  '', ( #5150 ), #1094 ) ;
#9497 = LINE ( 'NONE', #1859, #4513 ) ;
#9498 = CARTESIAN_POINT ( 'NONE',  ( -0.09999999999999766020, 0.000000000000000000, 1.019999999999995799 ) ) ;
#9499 = AXIS2_PLACEMENT_3D ( 'NONE', #3166, #8367, #1708 ) ;
#9500 = EDGE_CURVE ( 'NONE', #8202, #393, #8910, .T. ) ;
#9501 = DIRECTION ( 'NONE',  ( 0.000000000000000000, 1.000000000000000000, 1.707404996040164265E-16 ) ) ;
#9502 = ORIENTED_EDGE ( 'NONE', *, *, #8673, .T. ) ;
#9503 =( NAMED_UNIT ( * ) SI_UNIT ( $, .STERADIAN. ) SOLID_ANGLE_UNIT ( ) );
#9504 = CARTESIAN_POINT ( 'NONE',  ( 7.520000000000002238, 0.000000000000000000, -1.270000000000004237 ) ) ;
#9505 = EDGE_CURVE ( 'NONE', #3809, #1523, #5927, .T. ) ;
#9506 = FILL_AREA_STYLE_COLOUR ( '', #4946 ) ;
#9507 = CARTESIAN_POINT ( 'NONE',  ( 2.440000000000001279, -0.03999999999999967470, 1.019999999999995799 ) ) ;
#9508 =( NAMED_UNIT ( * ) SI_UNIT ( $, .STERADIAN. ) SOLID_ANGLE_UNIT ( ) );
#9509 = LINE ( 'NONE', #437, #470 ) ;
#9510 = CARTESIAN_POINT ( 'NONE',  ( -11.10999999999999766, 0.7500000000000000000, 0.7700000000000006839 ) ) ;
#9511 =( LENGTH_UNIT ( ) NAMED_UNIT ( * ) SI_UNIT ( .MILLI., .METRE. ) );
#9512 = AXIS2_PLACEMENT_3D ( 'NONE', #9550, #2815, #2706 ) ;
#9513 = EDGE_CURVE ( 'NONE', #744, #7657, #4342, .T. ) ;
#9514 = FILL_AREA_STYLE ('',( #1216 ) ) ;
#9515 = AXIS2_PLACEMENT_3D ( 'NONE', #3962, #1802, #2585 ) ;
#9516 = ORIENTED_EDGE ( 'NONE', *, *, #1066, .F. ) ;
#9517 = CARTESIAN_POINT ( 'NONE',  ( -6.669999999999999041, 0.7500000000000000000, 0.7700000000000006839 ) ) ;
#9518 = ORIENTED_EDGE ( 'NONE', *, *, #7195, .T. ) ;
#9519 = CARTESIAN_POINT ( 'NONE',  ( -10.25999999999999446, 2.500000000000000444, -1.270000000000000018 ) ) ;
#9520 = ORIENTED_EDGE ( 'NONE', *, *, #7186, .F. ) ;
#9521 = LINE ( 'NONE', #6441, #4306 ) ;
#9522 = LINE ( 'NONE', #2950, #3657 ) ;
#9523 = DIRECTION ( 'NONE',  ( 0.000000000000000000, -1.707404996040164265E-16, 1.000000000000000000 ) ) ;
#9524 = PRESENTATION_LAYER_ASSIGNMENT (  '', '', ( #2712 ) ) ;
#9525 = EDGE_LOOP ( 'NONE', ( #6193, #1629, #5118, #2922 ) ) ;
#9526 = ORIENTED_EDGE ( 'NONE', *, *, #7986, .F. ) ;
#9527 = CARTESIAN_POINT ( 'NONE',  ( 11.11000000000000121, -6.905096679918783842, -0.3200000000000038369 ) ) ;
#9528 = ORIENTED_EDGE ( 'NONE', *, *, #7627, .T. ) ;
#9529 = LINE ( 'NONE', #9730, #8668 ) ;
#9530 = SURFACE_STYLE_FILL_AREA ( #2796 ) ;
#9531 = LINE ( 'NONE', #322, #4893 ) ;
#9532 = COLOUR_RGB ( '',1.000000000000000000, 0.8117647058823529438, 0.5019607843137254832 ) ;
#9533 = LINE ( 'NONE', #9632, #3869 ) ;
#9534 = FACE_OUTER_BOUND ( 'NONE', #4616, .T. ) ;
#9535 = PLANE ( 'NONE',  #8163 ) ;
#9536 = ORIENTED_EDGE ( 'NONE', *, *, #505, .T. ) ;
#9537 = ADVANCED_FACE ( 'NONE', ( #8810 ), #2109, .T. ) ;
#9538 = DIRECTION ( 'NONE',  ( 1.000000000000000000, 0.000000000000000000, -0.000000000000000000 ) ) ;
#9539 = VECTOR ( 'NONE', #1569, 1000.000000000000000 ) ;
#9540 = CARTESIAN_POINT ( 'NONE',  ( -0.9499999999999959588, -0.03999999999999967470, 0.3199999999999990630 ) ) ;
#9541 = ORIENTED_EDGE ( 'NONE', *, *, #7450, .T. ) ;
#9542 = CARTESIAN_POINT ( 'NONE',  ( 12.69999999999999929, 0.7500000000000001110, -0.3200000000000023381 ) ) ;
#9543 = DIRECTION ( 'NONE',  ( 1.000000000000000000, 0.000000000000000000, -0.000000000000000000 ) ) ;
#9544 =( NAMED_UNIT ( * ) SI_UNIT ( $, .STERADIAN. ) SOLID_ANGLE_UNIT ( ) );
#9545 = CARTESIAN_POINT ( 'NONE',  ( -4.129999999999998117, 0.7500000000000001110, 0.3199999999999991740 ) ) ;
#9546 = AXIS2_PLACEMENT_3D ( 'NONE', #9463, #8679, #8020 ) ;
#9547 = EDGE_CURVE ( 'NONE', #6364, #3307, #5145, .T. ) ;
#9548 = CARTESIAN_POINT ( 'NONE',  ( -9.209999999999999076, -0.03999999999999967470, 0.3199999999999990630 ) ) ;
#9549 = VERTEX_POINT ( 'NONE', #1352 ) ;
#9550 = CARTESIAN_POINT ( 'NONE',  ( 5.080000000000000071, 8.599999999999999645, 0.2108089297201405921 ) ) ;
#9551 = DIRECTION ( 'NONE',  ( -1.000000000000000000, -0.000000000000000000, 0.000000000000000000 ) ) ;
#9552 = AXIS2_PLACEMENT_3D ( 'NONE', #6333, #1154, #9501 ) ;
#9553 = PLANE ( 'NONE',  #5363 ) ;
#9554 = EDGE_CURVE ( 'NONE', #4920, #823, #4398, .T. ) ;
#9555 = LINE ( 'NONE', #4913, #3173 ) ;
#9556 = DIRECTION ( 'NONE',  ( -1.000000000000000000, -0.000000000000000000, -0.000000000000000000 ) ) ;
#9557 = SURFACE_SIDE_STYLE ('',( #3421 ) ) ;
#9558 = LINE ( 'NONE', #8876, #2565 ) ;
#9559 = MECHANICAL_DESIGN_GEOMETRIC_PRESENTATION_REPRESENTATION (  '', ( #8310 ), #5925 ) ;
#9560 = EDGE_CURVE ( 'NONE', #6903, #5478, #7419, .T. ) ;
#9561 = EDGE_LOOP ( 'NONE', ( #787, #9376, #353, #254 ) ) ;
#9562 = FACE_OUTER_BOUND ( 'NONE', #4583, .T. ) ;
#9563 = VECTOR ( 'NONE', #1712, 1000.000000000000000 ) ;
#9564 = DIRECTION ( 'NONE',  ( 0.000000000000000000, -0.000000000000000000, 1.000000000000000000 ) ) ;
#9565 = ORIENTED_EDGE ( 'NONE', *, *, #7373, .T. ) ;
#9566 = ORIENTED_EDGE ( 'NONE', *, *, #8250, .F. ) ;
#9567 = EDGE_CURVE ( 'NONE', #3809, #2100, #2741, .T. ) ;
#9568 = AXIS2_PLACEMENT_3D ( 'NONE', #6439, #7147, #1274 ) ;
#9569 = PRESENTATION_STYLE_ASSIGNMENT (( #6597 ) ) ;
#9570 = VECTOR ( 'NONE', #8268, 1000.000000000000000 ) ;
#9571 =( GEOMETRIC_REPRESENTATION_CONTEXT ( 3 ) GLOBAL_UNCERTAINTY_ASSIGNED_CONTEXT ( ( #2612 ) ) GLOBAL_UNIT_ASSIGNED_CONTEXT ( ( #1595, #76, #9148 ) ) REPRESENTATION_CONTEXT ( 'NONE', 'WORKASPACE' ) );
#9572 = VECTOR ( 'NONE', #2909, 1000.000000000000000 ) ;
#9573 = EDGE_LOOP ( 'NONE', ( #7976, #3932, #1855, #2004 ) ) ;
#9574 = VECTOR ( 'NONE', #1922, 1000.000000000000114 ) ;
#9575 = EDGE_LOOP ( 'NONE', ( #8007, #2891, #6602, #4688 ) ) ;
#9576 = ORIENTED_EDGE ( 'NONE', *, *, #63, .T. ) ;
#9577 = PLANE ( 'NONE',  #5584 ) ;
#9578 = EDGE_LOOP ( 'NONE', ( #741, #9239, #8256, #8062 ) ) ;
#9579 = FILL_AREA_STYLE ('',( #3548 ) ) ;
#9580 =( LENGTH_UNIT ( ) NAMED_UNIT ( * ) SI_UNIT ( .MILLI., .METRE. ) );
#9581 = AXIS2_PLACEMENT_3D ( 'NONE', #6454, #2593, #7864 ) ;
#9582 = CARTESIAN_POINT ( 'NONE',  ( 11.75000000000000355, -2.699999999999993072, 0.3199999999999985634 ) ) ;
#9583 = STYLED_ITEM ( 'NONE', ( #7756 ), #5333 ) ;
#9584 =( LENGTH_UNIT ( ) NAMED_UNIT ( * ) SI_UNIT ( .MILLI., .METRE. ) );
#9585 = AXIS2_PLACEMENT_3D ( 'NONE', #7712, #883, #7795 ) ;
#9586 = ORIENTED_EDGE ( 'NONE', *, *, #7255, .F. ) ;
#9587 = CARTESIAN_POINT ( 'NONE',  ( -2.439999999999999503, 1.885956070686925433E-16, -0.7700000000000006839 ) ) ;
#9588 = DIRECTION ( 'NONE',  ( 0.000000000000000000, 0.000000000000000000, 1.000000000000000000 ) ) ;
#9589 = VECTOR ( 'NONE', #2334, 1000.000000000000000 ) ;
#9590 = ORIENTED_EDGE ( 'NONE', *, *, #8912, .F. ) ;
#9591 = CARTESIAN_POINT ( 'NONE',  ( 3.490000000000000213, -6.905096679918783842, 0.3199999999999978417 ) ) ;
#9592 = PLANE ( 'NONE',  #3502 ) ;
#9593 = LINE ( 'NONE', #8165, #2191 ) ;
#9594 =( NAMED_UNIT ( * ) PLANE_ANGLE_UNIT ( ) SI_UNIT ( $, .RADIAN. ) );
#9595 = DIRECTION ( 'NONE',  ( -0.000000000000000000, 0.000000000000000000, -1.000000000000000000 ) ) ;
#9596 = LINE ( 'NONE', #5983, #1491 ) ;
#9597 = FACE_OUTER_BOUND ( 'NONE', #8141, .T. ) ;
#9598 = FACE_OUTER_BOUND ( 'NONE', #3758, .T. ) ;
#9599 = ORIENTED_EDGE ( 'NONE', *, *, #9784, .F. ) ;
#9600 = DIRECTION ( 'NONE',  ( 0.000000000000000000, 0.000000000000000000, -1.000000000000000000 ) ) ;
#9601 = PRESENTATION_STYLE_ASSIGNMENT (( #2708 ) ) ;
#9602 = FACE_OUTER_BOUND ( 'NONE', #1389, .T. ) ;
#9603 = ADVANCED_FACE ( 'NONE', ( #3557 ), #1405, .F. ) ;
#9604 = VECTOR ( 'NONE', #8899, 1000.000000000000000 ) ;
#9605 =( LENGTH_UNIT ( ) NAMED_UNIT ( * ) SI_UNIT ( .MILLI., .METRE. ) );
#9606 = CARTESIAN_POINT ( 'NONE',  ( 12.69999999999999929, 0.000000000000000000, -1.270000000000000018 ) ) ;
#9607 = FILL_AREA_STYLE ('',( #8019 ) ) ;
#9608 = CARTESIAN_POINT ( 'NONE',  ( 11.11000000000000121, -2.699999999999993072, 0.3199999999999985634 ) ) ;
#9609 = CARTESIAN_POINT ( 'NONE',  ( 1.590000000000004521, 0.7500000000000001110, 0.3199999999999991740 ) ) ;
#9610 = PRESENTATION_LAYER_ASSIGNMENT (  '', '', ( #4083 ) ) ;
#9611 = ORIENTED_EDGE ( 'NONE', *, *, #6305, .F. ) ;
#9612 = ADVANCED_FACE ( 'NONE', ( #7258 ), #2405, .F. ) ;
#9613 = CARTESIAN_POINT ( 'NONE',  ( 4.020808929720141478, -3.000000000000000000, 0.3199999999999985079 ) ) ;
#9614 = DIRECTION ( 'NONE',  ( 0.000000000000000000, -1.408054769461692709E-16, 1.000000000000000000 ) ) ;
#9615 = VERTEX_POINT ( 'NONE', #8409 ) ;
#9616 = PLANE ( 'NONE',  #3747 ) ;
#9617 = ORIENTED_EDGE ( 'NONE', *, *, #8573, .T. ) ;
#9618 = EDGE_CURVE ( 'NONE', #8933, #5919, #8312, .T. ) ;
#9619 = ORIENTED_EDGE ( 'NONE', *, *, #9691, .T. ) ;
#9620 = CARTESIAN_POINT ( 'NONE',  ( 12.69999999999999929, 0.7500000000000001110, -0.3200000000000023381 ) ) ;
#9621 = VECTOR ( 'NONE', #8964, 1000.000000000000114 ) ;
#9622 = LINE ( 'NONE', #3647, #4362 ) ;
#9623 = ORIENTED_EDGE ( 'NONE', *, *, #3644, .F. ) ;
#9624 = EDGE_CURVE ( 'NONE', #9245, #7575, #6772, .T. ) ;
#9625 = ORIENTED_EDGE ( 'NONE', *, *, #8306, .F. ) ;
#9626 = VECTOR ( 'NONE', #7633, 1000.000000000000000 ) ;
#9627 = CLOSED_SHELL ( 'NONE', ( #3630, #8495, #7361, #6340, #3515, #7335, #516, #7144, #4311, #6442, #2469, #6827, #9537, #3384 ) ) ;
#9628 = EDGE_LOOP ( 'NONE', ( #5348, #7940, #1696, #4899 ) ) ;
#9629 = ORIENTED_EDGE ( 'NONE', *, *, #4361, .F. ) ;
#9630 = CARTESIAN_POINT ( 'NONE',  ( -9.209999999999999076, 0.7500000000000000000, 0.7700000000000006839 ) ) ;
#9631 = PRESENTATION_STYLE_ASSIGNMENT (( #5726 ) ) ;
#9632 = CARTESIAN_POINT ( 'NONE',  ( 12.69999999999999929, 9.429780353434485416E-17, -1.020000000000004237 ) ) ;
#9633 = AXIS2_PLACEMENT_3D ( 'NONE', #1926, #1169, #2084 ) ;
#9634 = CARTESIAN_POINT ( 'NONE',  ( -1.589999999999999414, -6.905096679918783842, 0.3199999999999978417 ) ) ;
#9635 = ORIENTED_EDGE ( 'NONE', *, *, #4226, .F. ) ;
#9636 = CARTESIAN_POINT ( 'NONE',  ( -4.129999999999999893, -2.699999999999993072, -0.3200000000000031153 ) ) ;
#9637 = ORIENTED_EDGE ( 'NONE', *, *, #5570, .T. ) ;
#9638 = ORIENTED_EDGE ( 'NONE', *, *, #3033, .F. ) ;
#9639 = STYLED_ITEM ( 'NONE', ( #6194 ), #461 ) ;
#9640 = ORIENTED_EDGE ( 'NONE', *, *, #4567, .F. ) ;
#9641 = FACE_OUTER_BOUND ( 'NONE', #6467, .T. ) ;
#9642 = CARTESIAN_POINT ( 'NONE',  ( 22.85999999999999943, -3.000000000000000000, -0.2108089297201431456 ) ) ;
#9643 = SURFACE_STYLE_FILL_AREA ( #3621 ) ;
#9644 = STYLED_ITEM ( 'NONE', ( #5661 ), #6965 ) ;
#9645 = CARTESIAN_POINT ( 'NONE',  ( 10.06000000000000227, 2.500000000000000444, 1.269999999999996243 ) ) ;
#9646 = DIRECTION ( 'NONE',  ( -1.000000000000000000, -0.000000000000000000, 0.000000000000000000 ) ) ;
#9647 = CARTESIAN_POINT ( 'NONE',  ( -6.669999999999999041, -0.03999999999999967470, 0.3199999999999990630 ) ) ;
#9648 = LINE ( 'NONE', #9704, #7346 ) ;
#9649 = VECTOR ( 'NONE', #1120, 1000.000000000000000 ) ;
#9650 = EDGE_LOOP ( 'NONE', ( #5122, #4087, #318, #8995 ) ) ;
#9651 = CARTESIAN_POINT ( 'NONE',  ( -5.179999999999998828, 2.500000000000000888, -1.270000000000003793 ) ) ;
#9652 = VERTEX_POINT ( 'NONE', #5439 ) ;
#9653 = LINE ( 'NONE', #9706, #4383 ) ;
#9654 = CARTESIAN_POINT ( 'NONE',  ( 2.440000000000001279, -0.03999999999999967470, 1.269999999999995799 ) ) ;
#9655 = DIRECTION ( 'NONE',  ( -1.000000000000000000, 0.000000000000000000, 0.000000000000000000 ) ) ;
#9656 = COLOUR_RGB ( '',1.000000000000000000, 0.8117647058823529438, 0.5019607843137254832 ) ;
#9657 =( GEOMETRIC_REPRESENTATION_CONTEXT ( 3 ) GLOBAL_UNCERTAINTY_ASSIGNED_CONTEXT ( ( #7607 ) ) GLOBAL_UNIT_ASSIGNED_CONTEXT ( ( #6475, #5011, #6881 ) ) REPRESENTATION_CONTEXT ( 'NONE', 'WORKASPACE' ) );
#9658 = FILL_AREA_STYLE_COLOUR ( '', #7058 ) ;
#9659 = DIRECTION ( 'NONE',  ( -1.000000000000000000, -0.000000000000000000, -0.000000000000000000 ) ) ;
#9660 = EDGE_CURVE ( 'NONE', #3850, #1327, #1510, .T. ) ;
#9661 = VERTEX_POINT ( 'NONE', #800 ) ;
#9662 = ADVANCED_FACE ( 'NONE', ( #7523 ), #6170, .T. ) ;
#9663 = LINE ( 'NONE', #7184, #3311 ) ;
#9664 = STYLED_ITEM ( 'NONE', ( #8414 ), #6340 ) ;
#9665 = CARTESIAN_POINT ( 'NONE',  ( -4.129999999999999893, -6.905096679918783842, 0.3199999999999978417 ) ) ;
#9666 = EDGE_LOOP ( 'NONE', ( #3193, #4457, #3425, #6491 ) ) ;
#9667 = UNCERTAINTY_MEASURE_WITH_UNIT (LENGTH_MEASURE( 1.000000000000000082E-05 ), #3268, 'distance_accuracy_value', 'NONE');
#9668 = DIRECTION ( 'NONE',  ( -1.000000000000000000, -0.000000000000000000, -0.000000000000000000 ) ) ;
#9669 = ORIENTED_EDGE ( 'NONE', *, *, #8376, .F. ) ;
#9670 =( NAMED_UNIT ( * ) SI_UNIT ( $, .STERADIAN. ) SOLID_ANGLE_UNIT ( ) );
#9671 = FACE_OUTER_BOUND ( 'NONE', #4414, .T. ) ;
#9672 = PRESENTATION_LAYER_ASSIGNMENT (  '', '', ( #2075 ) ) ;
#9673 = ADVANCED_FACE ( 'NONE', ( #2360 ), #4550, .T. ) ;
#9674 = VECTOR ( 'NONE', #4246, 1000.000000000000000 ) ;
#9675 = ORIENTED_EDGE ( 'NONE', *, *, #9547, .F. ) ;
#9676 = EDGE_CURVE ( 'NONE', #5086, #1181, #4189, .T. ) ;
#9677 = ORIENTED_EDGE ( 'NONE', *, *, #1722, .F. ) ;
#9678 =( GEOMETRIC_REPRESENTATION_CONTEXT ( 3 ) GLOBAL_UNCERTAINTY_ASSIGNED_CONTEXT ( ( #745 ) ) GLOBAL_UNIT_ASSIGNED_CONTEXT ( ( #2406, #5490, #4244 ) ) REPRESENTATION_CONTEXT ( 'NONE', 'WORKASPACE' ) );
#9679 = CARTESIAN_POINT ( 'NONE',  ( -5.179999999999998828, -0.03999999999999967470, 1.019999999999995799 ) ) ;
#9680 = ORIENTED_EDGE ( 'NONE', *, *, #3322, .F. ) ;
#9681 = ORIENTED_EDGE ( 'NONE', *, *, #7522, .T. ) ;
#9682 = CARTESIAN_POINT ( 'NONE',  ( 8.679191070279861364, 8.599999999999999645, 1.041517047584500167E-15 ) ) ;
#9683 = PLANE ( 'NONE',  #1516 ) ;
#9684 = EDGE_CURVE ( 'NONE', #4144, #1607, #5489, .T. ) ;
#9685 = DIRECTION ( 'NONE',  ( -1.000000000000000000, 0.000000000000000000, 0.000000000000000000 ) ) ;
#9686 = VECTOR ( 'NONE', #5564, 1000.000000000000000 ) ;
#9687 = DIRECTION ( 'NONE',  ( -0.000000000000000000, 1.000000000000000000, 1.707404996040164265E-16 ) ) ;
#9688 = PRESENTATION_STYLE_ASSIGNMENT (( #4203 ) ) ;
#9689 = ORIENTED_EDGE ( 'NONE', *, *, #9745, .F. ) ;
#9690 = VERTEX_POINT ( 'NONE', #8502 ) ;
#9691 = EDGE_CURVE ( 'NONE', #3942, #123, #9389, .T. ) ;
#9692 = DIRECTION ( 'NONE',  ( 0.000000000000000000, 0.000000000000000000, -1.000000000000000000 ) ) ;
#9693 = COLOUR_RGB ( '',1.000000000000000000, 0.8117647058823529438, 0.5019607843137254832 ) ;
#9694 = ORIENTED_EDGE ( 'NONE', *, *, #3822, .F. ) ;
#9695 = PRESENTATION_STYLE_ASSIGNMENT (( #7423 ) ) ;
#9696 = PRESENTATION_STYLE_ASSIGNMENT (( #617 ) ) ;
#9697 = VERTEX_POINT ( 'NONE', #5634 ) ;
#9698 = EDGE_CURVE ( 'NONE', #4735, #7842, #1795, .T. ) ;
#9699 = PLANE ( 'NONE',  #1659 ) ;
#9700 = DIRECTION ( 'NONE',  ( -1.000000000000000000, -0.000000000000000000, 0.000000000000000000 ) ) ;
#9701 = DIRECTION ( 'NONE',  ( 1.000000000000000000, -0.000000000000000000, -0.000000000000000000 ) ) ;
#9702 = CARTESIAN_POINT ( 'NONE',  ( -8.569999999999998508, 8.299999999999993605, -0.3200000000000038369 ) ) ;
#9703 = STYLED_ITEM ( 'NONE', ( #6415 ), #1730 ) ;
#9704 = CARTESIAN_POINT ( 'NONE',  ( 11.24126846586467998, 8.660657145849658178, -0.1887315341353228981 ) ) ;
#9705 = ORIENTED_EDGE ( 'NONE', *, *, #723, .F. ) ;
#9706 = CARTESIAN_POINT ( 'NONE',  ( 3.490000000000000213, -2.699999999999993072, -0.3200000000000031153 ) ) ;
#9707 = SURFACE_SIDE_STYLE ('',( #3679 ) ) ;
#9708 = CARTESIAN_POINT ( 'NONE',  ( 0.1157616213781787612, 5.371844010742015563, 1.385761621378177599 ) ) ;
#9709 = LINE ( 'NONE', #3837, #1231 ) ;
#9710 = LINE ( 'NONE', #2935, #5642 ) ;
#9711 = CARTESIAN_POINT ( 'NONE',  ( 4.980000000000002203, 4.743384504624081899E-17, -1.020000000000004237 ) ) ;
#9712 = DIRECTION ( 'NONE',  ( -1.000000000000000000, 0.000000000000000000, 0.000000000000000000 ) ) ;
#9713 = ORIENTED_EDGE ( 'NONE', *, *, #241, .F. ) ;
#9714 = LINE ( 'NONE', #3845, #608 ) ;
#9715 = VERTEX_POINT ( 'NONE', #4745 ) ;
#9716 = DIRECTION ( 'NONE',  ( 0.000000000000000000, 0.000000000000000000, 1.000000000000000000 ) ) ;
#9717 = ORIENTED_EDGE ( 'NONE', *, *, #1243, .F. ) ;
#9718 = PRESENTATION_STYLE_ASSIGNMENT (( #2998 ) ) ;
#9719 = DIRECTION ( 'NONE',  ( -1.000000000000000000, 0.000000000000000000, -0.000000000000000000 ) ) ;
#9720 = ADVANCED_FACE ( 'NONE', ( #9435 ), #1841, .F. ) ;
#9721 = MECHANICAL_DESIGN_GEOMETRIC_PRESENTATION_REPRESENTATION (  '', ( #7997 ), #8777 ) ;
#9722 =( GEOMETRIC_REPRESENTATION_CONTEXT ( 3 ) GLOBAL_UNCERTAINTY_ASSIGNED_CONTEXT ( ( #3640 ) ) GLOBAL_UNIT_ASSIGNED_CONTEXT ( ( #6329, #7823, #1716 ) ) REPRESENTATION_CONTEXT ( 'NONE', 'WORKASPACE' ) );
#9723 = VECTOR ( 'NONE', #4013, 1000.000000000000000 ) ;
#9724 = ORIENTED_EDGE ( 'NONE', *, *, #2121, .F. ) ;
#9725 = EDGE_LOOP ( 'NONE', ( #686, #9478, #9358, #4764 ) ) ;
#9726 =( GEOMETRIC_REPRESENTATION_CONTEXT ( 3 ) GLOBAL_UNCERTAINTY_ASSIGNED_CONTEXT ( ( #4665 ) ) GLOBAL_UNIT_ASSIGNED_CONTEXT ( ( #1000, #8511, #854 ) ) REPRESENTATION_CONTEXT ( 'NONE', 'WORKASPACE' ) );
#9727 = PLANE ( 'NONE',  #5867 ) ;
#9728 = ORIENTED_EDGE ( 'NONE', *, *, #4738, .F. ) ;
#9729 = EDGE_LOOP ( 'NONE', ( #7390, #6815, #6955, #5284 ) ) ;
#9730 = CARTESIAN_POINT ( 'NONE',  ( -11.75000000000000000, -0.03999999999999967470, -0.3200000000000026157 ) ) ;
#9731 = CARTESIAN_POINT ( 'NONE',  ( 33.02000000000000313, -3.000000000000000000, 1.270000000000000018 ) ) ;
#9732 = CARTESIAN_POINT ( 'NONE',  ( 0.1000000000000011297, -0.03999999999999967470, 1.019999999999995799 ) ) ;
#9733 = ADVANCED_FACE ( 'NONE', ( #8694 ), #1044, .T. ) ;
#9734 = ADVANCED_FACE ( 'NONE', ( #6310 ), #4092, .T. ) ;
#9735 = CARTESIAN_POINT ( 'NONE',  ( -1.589999999999999414, 8.299999999999993605, 0.3200000000000004508 ) ) ;
#9736 = DIRECTION ( 'NONE',  ( 0.3236155771181767893, -0.8891264907159940334, 0.3236155771181771224 ) ) ;
#9737 = AXIS2_PLACEMENT_3D ( 'NONE', #5840, #2070, #5894 ) ;
#9738 = LINE ( 'NONE', #5094, #3913 ) ;
#9739 = EDGE_LOOP ( 'NONE', ( #743, #1796, #2943, #1388 ) ) ;
#9740 = DIRECTION ( 'NONE',  ( -1.000000000000000000, -0.000000000000000000, 0.000000000000000000 ) ) ;
#9741 = EDGE_CURVE ( 'NONE', #1794, #1508, #5185, .T. ) ;
#9742 = ORIENTED_EDGE ( 'NONE', *, *, #277, .F. ) ;
#9743 = LINE ( 'NONE', #8913, #5192 ) ;
#9744 = FACE_BOUND ( 'NONE', #6455, .T. ) ;
#9745 = EDGE_CURVE ( 'NONE', #2908, #3753, #6492, .T. ) ;
#9746 = FACE_OUTER_BOUND ( 'NONE', #4225, .T. ) ;
#9747 = CARTESIAN_POINT ( 'NONE',  ( 8.570000000000003837, 2.500000000000000444, 0.3199999999999995071 ) ) ;
#9748 = CARTESIAN_POINT ( 'NONE',  ( -7.719999999999997975, -0.03999999999999967470, -1.020000000000004237 ) ) ;
#9749 = CARTESIAN_POINT ( 'NONE',  ( 8.570000000000002061, -2.699999999999993072, -0.3200000000000031153 ) ) ;
#9750 = DIRECTION ( 'NONE',  ( 0.3236155771181768448, -0.8891264907159940334, 0.3236155771181768448 ) ) ;
#9751 = STYLED_ITEM ( 'NONE', ( #2252 ), #5283 ) ;
#9752 = ORIENTED_EDGE ( 'NONE', *, *, #3086, .T. ) ;
#9753 = EDGE_CURVE ( 'NONE', #3942, #8868, #1282, .T. ) ;
#9754 = PRESENTATION_STYLE_ASSIGNMENT (( #722 ) ) ;
#9755 = LINE ( 'NONE', #6740, #3796 ) ;
#9756 = EDGE_CURVE ( 'NONE', #5579, #1391, #5915, .T. ) ;
#9757 = LINE ( 'NONE', #7598, #1410 ) ;
#9758 = LINE ( 'NONE', #2881, #699 ) ;
#9759 = DIRECTION ( 'NONE',  ( -1.000000000000000000, -0.000000000000000000, 0.000000000000000000 ) ) ;
#9760 = LINE ( 'NONE', #2989, #8617 ) ;
#9761 = ORIENTED_EDGE ( 'NONE', *, *, #2566, .T. ) ;
#9762 = CARTESIAN_POINT ( 'NONE',  ( 6.028265122837694889, -2.695233464171030047, 0.3217348771623044223 ) ) ;
#9763 = STYLED_ITEM ( 'NONE', ( #5405 ), #3778 ) ;
#9764 = EDGE_LOOP ( 'NONE', ( #6161, #7063, #1140, #4553 ) ) ;
#9765 = UNCERTAINTY_MEASURE_WITH_UNIT (LENGTH_MEASURE( 1.000000000000000082E-05 ), #8836, 'distance_accuracy_value', 'NONE');
#9766 = DIRECTION ( 'NONE',  ( -0.000000000000000000, 0.000000000000000000, -1.000000000000000000 ) ) ;
#9767 = ORIENTED_EDGE ( 'NONE', *, *, #3024, .F. ) ;
#9768 = SURFACE_STYLE_FILL_AREA ( #5473 ) ;
#9769 = DIRECTION ( 'NONE',  ( 0.000000000000000000, -1.000000000000000000, -1.707404996040164265E-16 ) ) ;
#9770 = EDGE_LOOP ( 'NONE', ( #7719, #7890, #557, #3891 ) ) ;
#9771 = CARTESIAN_POINT ( 'NONE',  ( 8.570000000000002061, 8.299999999999993605, 0.3200000000000004508 ) ) ;
#9772 = CARTESIAN_POINT ( 'NONE',  ( 10.26000000000000156, 2.500000000000000888, -1.270000000000003793 ) ) ;
#9773 = ORIENTED_EDGE ( 'NONE', *, *, #404, .T. ) ;
#9774 = UNCERTAINTY_MEASURE_WITH_UNIT (LENGTH_MEASURE( 1.000000000000000082E-05 ), #408, 'distance_accuracy_value', 'NONE');
#9775 = MECHANICAL_DESIGN_GEOMETRIC_PRESENTATION_REPRESENTATION (  '', ( #6607 ), #1544 ) ;
#9776 = VERTEX_POINT ( 'NONE', #2789 ) ;
#9777 = PLANE ( 'NONE',  #710 ) ;
#9778 = DIRECTION ( 'NONE',  ( -0.000000000000000000, 1.000000000000000000, 1.707404996040164265E-16 ) ) ;
#9779 = FACE_OUTER_BOUND ( 'NONE', #2099, .T. ) ;
#9780 = PRESENTATION_STYLE_ASSIGNMENT (( #6612 ) ) ;
#9781 = VECTOR ( 'NONE', #1817, 1000.000000000000000 ) ;
#9782 = ORIENTED_EDGE ( 'NONE', *, *, #6444, .F. ) ;
#9783 = PRESENTATION_STYLE_ASSIGNMENT (( #8451 ) ) ;
#9784 = EDGE_CURVE ( 'NONE', #346, #3850, #5870, .T. ) ;
#9785 = EDGE_CURVE ( 'NONE', #8038, #2688, #503, .T. ) ;
#9786 = EDGE_LOOP ( 'NONE', ( #2730, #758, #4275, #2165 ) ) ;
#9787 = FILL_AREA_STYLE_COLOUR ( '', #2333 ) ;
#9788 = SURFACE_STYLE_USAGE ( .BOTH. , #4655 ) ;
#9789 = CARTESIAN_POINT ( 'NONE',  ( 6.670000000000006146, 2.500000000000000444, 0.3199999999999995071 ) ) ;
#9790 = CARTESIAN_POINT ( 'NONE',  ( 0.000000000000000000, 8.599999999999999645, -0.2108089297201413692 ) ) ;
#9791 = PLANE ( 'NONE',  #2440 ) ;
#9792 = EDGE_CURVE ( 'NONE', #1500, #3184, #1390, .T. ) ;
#9793 = CARTESIAN_POINT ( 'NONE',  ( 6.030000000000000249, -2.699999999999993072, -0.3200000000000031153 ) ) ;
#9794 = ORIENTED_EDGE ( 'NONE', *, *, #3949, .T. ) ;
ENDSEC;
END-ISO-10303-21;
