ISO-10303-21;
HEADER;
FILE_DESCRIPTION((''),'2;1');
FILE_NAME('6806-2RS','2025-03-06T',('SYSTEM'),(''),
'PRO/ENGINEER BY PARAMETRIC TECHNOLOGY CORPORATION, 2016360',
'PRO/ENGINEER BY PARAMETRIC TECHNOLOGY CORPORATION, 2016360','');
FILE_SCHEMA(('AUTOMOTIVE_DESIGN { 1 0 10303 214 1 1 1 1 }'));
ENDSEC;
DATA;
#119=DIRECTION('',(0.E0,9.396926207859E-1,-3.420201433257E-1));
#120=VECTOR('',#119,9.740896517440E-3);
#121=CARTESIAN_POINT('',(-2.312234044522E-2,-7.839621369372E-1,
2.633104020901E-1));
#122=LINE('',#121,#120);
#123=CARTESIAN_POINT('',(3.105E-2,0.E0,0.E0));
#124=DIRECTION('',(1.E0,0.E0,0.E0));
#125=DIRECTION('',(0.E0,9.996866947007E-1,2.503023049203E-2));
#126=AXIS2_PLACEMENT_3D('',#123,#124,#125);
#128=CARTESIAN_POINT('',(-3.105E-2,8.27E-1,0.E0));
#129=CARTESIAN_POINT('',(-1.034967563245E-2,8.27E-1,6.900108328155E-3));
#130=CARTESIAN_POINT('',(1.035032445903E-2,8.269136565325E-1,
1.380010856429E-2));
#131=CARTESIAN_POINT('',(3.105E-2,8.267408965174E-1,2.070000061691E-2));
#133=CARTESIAN_POINT('',(1.242E-1,0.E0,0.E0));
#134=DIRECTION('',(1.E0,0.E0,0.E0));
#135=DIRECTION('',(0.E0,1.E0,0.E0));
#136=AXIS2_PLACEMENT_3D('',#133,#134,#135);
#138=CARTESIAN_POINT('',(-3.105E-2,0.E0,0.E0));
#139=DIRECTION('',(1.E0,0.E0,0.E0));
#140=DIRECTION('',(0.E0,1.E0,0.E0));
#141=AXIS2_PLACEMENT_3D('',#138,#139,#140);
#143=CARTESIAN_POINT('',(-3.105E-2,8.269635684803E-1,7.7625E-3));
#144=CARTESIAN_POINT('',(-2.576487370079E-2,8.269473762771E-1,
9.487506401901E-3));
#145=CARTESIAN_POINT('',(-2.047976732953E-2,8.269257862911E-1,
1.121250629954E-2));
#146=CARTESIAN_POINT('',(-1.519468089044E-2,8.268987973759E-1,
1.293749969155E-2));
#148=CARTESIAN_POINT('',(-1.519468089044E-2,0.E0,0.E0));
#149=DIRECTION('',(1.E0,0.E0,0.E0));
#150=DIRECTION('',(0.E0,9.998776268149E-1,1.564389321831E-2));
#151=AXIS2_PLACEMENT_3D('',#148,#149,#150);
#153=CARTESIAN_POINT('',(-1.519468089044E-2,8.260887300065E-1,3.88125E-2));
#154=CARTESIAN_POINT('',(-2.047986732696E-2,8.260076823437E-1,
4.053752572159E-2));
#155=CARTESIAN_POINT('',(-2.576497371953E-2,8.259212207766E-1,
4.226252531774E-2));
#156=CARTESIAN_POINT('',(-3.105E-2,8.258293406947E-1,4.398749876618E-2));
#158=CARTESIAN_POINT('',(-3.105E-2,0.E0,0.E0));
#159=DIRECTION('',(1.E0,0.E0,0.E0));
#160=DIRECTION('',(0.E0,9.985844506587E-1,5.318923671848E-2));
#161=AXIS2_PLACEMENT_3D('',#158,#159,#160);
#163=CARTESIAN_POINT('',(3.105E-2,8.264169029612E-1,3.105E-2));
#164=CARTESIAN_POINT('',(1.034869726846E-2,8.261576409958E-1,
3.795043383255E-2));
#165=CARTESIAN_POINT('',(-1.035130420502E-2,8.258118609640E-1,
4.485043391244E-2));
#166=CARTESIAN_POINT('',(-3.105E-2,8.253792689592E-1,5.174999876618E-2));
#168=CARTESIAN_POINT('',(2.708617068529E-2,7.920483165762E-1,
2.378832995583E-1));
#169=CARTESIAN_POINT('',(2.796705585164E-2,7.915520690017E-1,
2.395355889654E-1));
#170=CARTESIAN_POINT('',(2.884790681116E-2,7.910506510598E-1,
2.411863261056E-1));
#171=CARTESIAN_POINT('',(2.972872356176E-2,7.905440624364E-1,
2.428355108844E-1));
#173=CARTESIAN_POINT('',(2.180106493235E-2,7.935214348275E-1,
2.329221596785E-1));
#174=CARTESIAN_POINT('',(2.356279217745E-2,7.930355770516E-1,
2.345773845827E-1));
#175=CARTESIAN_POINT('',(2.532449409586E-2,7.925445377899E-1,
2.362310979213E-1));
#176=CARTESIAN_POINT('',(2.708617068529E-2,7.920483165762E-1,
2.378832995583E-1));
#178=CARTESIAN_POINT('',(1.651595917940E-2,7.938848501423E-1,
2.316804797876E-1));
#179=CARTESIAN_POINT('',(1.827766152363E-2,7.937640359423E-1,
2.320944661670E-1));
#180=CARTESIAN_POINT('',(2.003936344128E-2,7.936428975067E-1,
2.325083594648E-1));
#181=CARTESIAN_POINT('',(2.180106493235E-2,7.935214348275E-1,
2.329221596785E-1));
#183=DIRECTION('',(1.E0,0.E0,0.E0));
#184=VECTOR('',#183,5.285109454395E-3);
#185=CARTESIAN_POINT('',(1.123084972501E-2,7.938848501423E-1,
2.316804797876E-1));
#186=LINE('',#185,#184);
#187=CARTESIAN_POINT('',(1.123084972501E-2,7.938848501423E-1,
2.316804797876E-1));
#188=CARTESIAN_POINT('',(9.469147380777E-3,7.937640359423E-1,
2.320944661670E-1));
#189=CARTESIAN_POINT('',(7.707445463125E-3,7.936428975067E-1,
2.325083594648E-1));
#190=CARTESIAN_POINT('',(5.945743972063E-3,7.935214348275E-1,
2.329221596785E-1));
#192=CARTESIAN_POINT('',(5.945743972063E-3,7.935214348275E-1,
2.329221596785E-1));
#193=CARTESIAN_POINT('',(4.184016726959E-3,7.930355770516E-1,
2.345773845827E-1));
#194=CARTESIAN_POINT('',(2.422314808551E-3,7.925445377899E-1,
2.362310979213E-1));
#195=CARTESIAN_POINT('',(6.606382191182E-4,7.920483165762E-1,
2.378832995583E-1));
#197=CARTESIAN_POINT('',(6.606382191181E-4,7.920483165762E-1,
2.378832995583E-1));
#198=CARTESIAN_POINT('',(-2.202469472315E-4,7.915520690017E-1,
2.395355889654E-1));
#199=CARTESIAN_POINT('',(-1.101097906748E-3,7.910506510598E-1,
2.411863261056E-1));
#200=CARTESIAN_POINT('',(-1.981914657354E-3,7.905440624364E-1,
2.428355108844E-1));
#202=CARTESIAN_POINT('',(-1.981914657354E-3,7.905440624364E-1,
2.428355108844E-1));
#203=CARTESIAN_POINT('',(-2.422368484468E-3,7.900374214406E-1,
2.444848661603E-1));
#204=CARTESIAN_POINT('',(-2.862793964118E-3,7.895256216225E-1,
2.461326266658E-1));
#205=CARTESIAN_POINT('',(-3.303191095591E-3,7.890086628525E-1,
2.477787923608E-1));
#207=CARTESIAN_POINT('',(-3.303191095591E-3,0.E0,0.E0));
#208=DIRECTION('',(1.E0,0.E0,0.E0));
#209=DIRECTION('',(0.E0,9.540612610066E-1,2.996115989852E-1));
#210=AXIS2_PLACEMENT_3D('',#207,#208,#209);
#212=CARTESIAN_POINT('',(-3.303191095591E-3,7.866471375169E-1,
2.551769602383E-1));
#213=CARTESIAN_POINT('',(-3.743665218944E-3,7.861145016243E-1,
2.568189442947E-1));
#214=CARTESIAN_POINT('',(-4.184090699055E-3,7.855767261556E-1,
2.584592564041E-1));
#215=CARTESIAN_POINT('',(-4.624467533827E-3,7.850338108892E-1,
2.600978964945E-1));
#217=CARTESIAN_POINT('',(-4.624467533827E-3,7.850338108892E-1,
2.600978964945E-1));
#218=CARTESIAN_POINT('',(-5.505379397883E-3,7.846265513520E-1,
2.613270971561E-1));
#219=CARTESIAN_POINT('',(-6.386230360605E-3,7.842163940374E-1,
2.625553738398E-1));
#220=CARTESIAN_POINT('',(-7.267020410299E-3,7.838033383890E-1,
2.637827263682E-1));
#222=CARTESIAN_POINT('',(-7.267020410299E-3,7.838033383890E-1,
2.637827263682E-1));
#223=CARTESIAN_POINT('',(-8.588326558341E-3,7.835279431130E-1,
2.646010352078E-1));
#224=CARTESIAN_POINT('',(-9.909603616486E-3,7.832512528171E-1,
2.654189529519E-1));
#225=CARTESIAN_POINT('',(-1.123085157573E-2,7.829732671007E-1,
2.662364794796E-1));
#227=DIRECTION('',(1.E0,0.E0,-1.400442522216E-14));
#228=VECTOR('',#227,3.963829314709E-3);
#229=CARTESIAN_POINT('',(-1.519468089044E-2,7.829732671007E-1,
2.662364794796E-1));
#230=LINE('',#229,#228);
#231=CARTESIAN_POINT('',(-1.915851020515E-2,7.838033383890E-1,
2.637827263682E-1));
#232=CARTESIAN_POINT('',(-1.783720467401E-2,7.835279431130E-1,
2.646010352078E-1));
#233=CARTESIAN_POINT('',(-1.651592823277E-2,7.832512528171E-1,
2.654189529519E-1));
#234=CARTESIAN_POINT('',(-1.519468089044E-2,7.829732671007E-1,
2.662364794796E-1));
#236=CARTESIAN_POINT('',(-2.180106400698E-2,7.850338108892E-1,
2.600978964945E-1));
#237=CARTESIAN_POINT('',(-2.092015183447E-2,7.846265513520E-1,
2.613270971560E-1));
#238=CARTESIAN_POINT('',(-2.003930056329E-2,7.842163940374E-1,
2.625553738397E-1));
#239=CARTESIAN_POINT('',(-1.915851020515E-2,7.838033383890E-1,
2.637827263682E-1));
#241=CARTESIAN_POINT('',(-2.312234044522E-2,7.866471375169E-1,
2.551769602383E-1));
#242=CARTESIAN_POINT('',(-2.268186632187E-2,7.861145016243E-1,
2.568189442947E-1));
#243=CARTESIAN_POINT('',(-2.224144084176E-2,7.855767261556E-1,
2.584592564041E-1));
#244=CARTESIAN_POINT('',(-2.180106400698E-2,7.850338108892E-1,
2.600978964945E-1));
#246=CARTESIAN_POINT('',(-2.312234044522E-2,0.E0,0.E0));
#247=DIRECTION('',(1.E0,0.E0,0.E0));
#248=DIRECTION('',(0.E0,9.549942645479E-1,2.966242651580E-1));
#249=AXIS2_PLACEMENT_3D('',#246,#247,#248);
#251=CARTESIAN_POINT('',(-2.180106400698E-2,7.913000821291E-1,
2.403605209317E-1));
#252=CARTESIAN_POINT('',(-2.224151378115E-2,7.907986365512E-1,
2.420113491350E-1));
#253=CARTESIAN_POINT('',(-2.268193926074E-2,7.902920281390E-1,
2.436605979311E-1));
#254=CARTESIAN_POINT('',(-2.312234044522E-2,7.897802567812E-1,
2.453082672857E-1));
#256=CARTESIAN_POINT('',(-1.783723376691E-2,7.924195150300E-1,
2.366438509652E-1));
#257=CARTESIAN_POINT('',(-1.915853069897E-2,7.920492840526E-1,
2.378835968973E-1));
#258=CARTESIAN_POINT('',(-2.047980744631E-2,7.916761398451E-1,
2.391224869134E-1));
#259=CARTESIAN_POINT('',(-2.180106400698E-2,7.913000821291E-1,
2.403605209317E-1));
#261=CARTESIAN_POINT('',(-1.387340445220E-2,7.927887673421E-1,
2.354038452876E-1));
#262=CARTESIAN_POINT('',(-1.519468190239E-2,7.926660074459E-1,
2.358172738222E-1));
#263=CARTESIAN_POINT('',(-1.651595834064E-2,7.925429233465E-1,
2.362306090494E-1));
#264=CARTESIAN_POINT('',(-1.783723376691E-2,7.924195150300E-1,
2.366438509652E-1));
#266=CARTESIAN_POINT('',(-1.387340445220E-2,0.E0,0.E0));
#267=DIRECTION('',(1.E0,0.E0,0.E0));
#268=DIRECTION('',(0.E0,9.612616959383E-1,2.756373558170E-1));
#269=AXIS2_PLACEMENT_3D('',#266,#267,#268);
#271=CARTESIAN_POINT('',(-1.387340445221E-2,7.949634225410E-1,
2.279520932607E-1));
#272=CARTESIAN_POINT('',(-1.563510643079E-2,7.948445539236E-1,
2.283666373937E-1));
#273=CARTESIAN_POINT('',(-1.739680834844E-2,7.947253610564E-1,
2.287810885341E-1));
#274=CARTESIAN_POINT('',(-1.915851020515E-2,7.946058439380E-1,
2.291954466815E-1));
#276=CARTESIAN_POINT('',(-1.915851020515E-2,7.946058439380E-1,
2.291954466815E-1));
#277=CARTESIAN_POINT('',(-2.136064325073E-2,7.942472917263E-1,
2.304385240939E-1));
#278=CARTESIAN_POINT('',(-2.356277111055E-2,7.938858220626E-1,
2.316807617711E-1));
#279=CARTESIAN_POINT('',(-2.576489378437E-2,7.935214348275E-1,
2.329221596785E-1));
#281=CARTESIAN_POINT('',(-2.576489378437E-2,7.935214348275E-1,
2.329221596785E-1));
#282=CARTESIAN_POINT('',(-2.708620854526E-2,7.929141038099E-1,
2.349912207811E-1));
#283=CARTESIAN_POINT('',(-2.84074851E-2,7.922986831779E-1,2.370578973611E-1));
#284=CARTESIAN_POINT('',(-2.972872344609E-2,7.916751724047E-1,
2.391221892632E-1));
#286=CARTESIAN_POINT('',(-2.972872344609E-2,7.916751724047E-1,
2.391221892632E-1));
#287=CARTESIAN_POINT('',(-3.016917872186E-2,7.910516015159E-1,
2.411866801932E-1));
#288=CARTESIAN_POINT('',(-3.060960424E-2,7.904199630202E-1,2.432487062146E-1));
#289=CARTESIAN_POINT('',(-3.105E-2,7.897802567812E-1,2.453082672857E-1));
#291=CARTESIAN_POINT('',(-3.105E-2,0.E0,0.E0));
#292=DIRECTION('',(1.E0,0.E0,0.E0));
#293=DIRECTION('',(0.E0,9.549942645479E-1,2.966242651580E-1));
#294=AXIS2_PLACEMENT_3D('',#291,#292,#293);
#296=CARTESIAN_POINT('',(-3.105E-2,7.866471375169E-1,2.551769602383E-1));
#297=CARTESIAN_POINT('',(-3.060951100955E-2,7.859813203801E-1,
2.572295089650E-1));
#298=CARTESIAN_POINT('',(-3.016908549082E-2,7.853074761893E-1,
2.592794327011E-1));
#299=CARTESIAN_POINT('',(-2.972872344609E-2,7.846256046554E-1,
2.613267313521E-1));
#301=CARTESIAN_POINT('',(-2.972872344609E-2,7.846256046554E-1,
2.613267313521E-1));
#302=CARTESIAN_POINT('',(-2.884777295415E-2,7.840799673025E-1,
2.629649909963E-1));
#303=CARTESIAN_POINT('',(-2.796692187381E-2,7.835291884196E-1,
2.646015738040E-1));
#304=CARTESIAN_POINT('',(-2.708617022261E-2,7.829732671007E-1,
2.662364794796E-1));
#306=CARTESIAN_POINT('',(-2.708617022261E-2,7.829732671007E-1,
2.662364794796E-1));
#307=CARTESIAN_POINT('',(-2.532432831511E-2,7.824172384977E-1,
2.678717006662E-1));
#308=CARTESIAN_POINT('',(-2.356262622014E-2,7.818560468150E-1,
2.695052989468E-1));
#309=CARTESIAN_POINT('',(-2.180106400698E-2,7.812896894941E-1,
2.711372735170E-1));
#311=CARTESIAN_POINT('',(-2.180106400698E-2,7.812896894941E-1,
2.711372735170E-1));
#312=CARTESIAN_POINT('',(-2.003933160039E-2,7.810064839042E-1,
2.719533383999E-1));
#313=CARTESIAN_POINT('',(-1.827762936999E-2,7.807219802551E-1,
2.727690157012E-1));
#314=CARTESIAN_POINT('',(-1.651595732868E-2,7.804361779915E-1,
2.735843052552E-1));
#316=DIRECTION('',(1.E0,0.E0,0.E0));
#317=VECTOR('',#316,6.606382191181E-3);
#318=CARTESIAN_POINT('',(-1.651595732868E-2,7.804361779915E-1,
2.735843052552E-1));
#319=LINE('',#318,#317);
#320=CARTESIAN_POINT('',(-4.624467533827E-3,7.812896894941E-1,
2.711372735170E-1));
#321=CARTESIAN_POINT('',(-6.386200248870E-3,7.810064839042E-1,
2.719533383999E-1));
#322=CARTESIAN_POINT('',(-8.147902787728E-3,7.807219802551E-1,
2.727690157012E-1));
#323=CARTESIAN_POINT('',(-9.909575137496E-3,7.804361779915E-1,
2.735843052552E-1));
#325=CARTESIAN_POINT('',(6.606382191181E-4,7.829732671007E-1,
2.662364794796E-1));
#326=CARTESIAN_POINT('',(-1.101203534153E-3,7.824172384977E-1,
2.678717006663E-1));
#327=CARTESIAN_POINT('',(-2.862905474897E-3,7.818560468150E-1,
2.695052989468E-1));
#328=CARTESIAN_POINT('',(-4.624467533827E-3,7.812896894941E-1,
2.711372735170E-1));
#330=CARTESIAN_POINT('',(3.303191095591E-3,7.846256046554E-1,
2.613267313521E-1));
#331=CARTESIAN_POINT('',(2.422240719320E-3,7.840799673025E-1,
2.629649909963E-1));
#332=CARTESIAN_POINT('',(1.541389754656E-3,7.835291884196E-1,
2.646015738040E-1));
#333=CARTESIAN_POINT('',(6.606382191181E-4,7.829732671007E-1,
2.662364794796E-1));
#335=CARTESIAN_POINT('',(4.624467533827E-3,7.866471375169E-1,
2.551769602383E-1));
#336=CARTESIAN_POINT('',(4.183978581942E-3,7.859813203801E-1,
2.572295089650E-1));
#337=CARTESIAN_POINT('',(3.743553101768E-3,7.853074761893E-1,
2.592794327011E-1));
#338=CARTESIAN_POINT('',(3.303191095591E-3,7.846256046554E-1,
2.613267313521E-1));
#340=CARTESIAN_POINT('',(4.624467533827E-3,0.E0,0.E0));
#341=DIRECTION('',(1.E0,0.E0,0.E0));
#342=DIRECTION('',(0.E0,9.540612610066E-1,2.996115989852E-1));
#343=AXIS2_PLACEMENT_3D('',#340,#341,#342);
#345=CARTESIAN_POINT('',(5.945743972063E-3,7.901631327022E-1,
2.440721690777E-1));
#346=CARTESIAN_POINT('',(5.505297471950E-3,7.897812115855E-1,
2.453086065917E-1));
#347=CARTESIAN_POINT('',(5.064871992306E-3,7.893963883344E-1,
2.465441476960E-1));
#348=CARTESIAN_POINT('',(4.624467533827E-3,7.890086628525E-1,
2.477787923608E-1));
#350=CARTESIAN_POINT('',(8.588296848536E-3,7.913000821291E-1,
2.403605209317E-1));
#351=CARTESIAN_POINT('',(7.707420470978E-3,7.909240077259E-1,
2.415986098862E-1));
#352=CARTESIAN_POINT('',(6.826569511474E-3,7.905450246614E-1,
2.428358259582E-1));
#353=CARTESIAN_POINT('',(5.945743972063E-3,7.901631327022E-1,
2.440721690777E-1));
#355=CARTESIAN_POINT('',(1.255212616324E-2,7.916751724047E-1,
2.391221892632E-1));
#356=CARTESIAN_POINT('',(1.123084824568E-2,7.915504665310E-1,
2.395350599564E-1));
#357=CARTESIAN_POINT('',(9.909571807417E-3,7.914254364460E-1,
2.399478371812E-1));
#358=CARTESIAN_POINT('',(8.588296848536E-3,7.913000821291E-1,
2.403605209317E-1));
#360=DIRECTION('',(1.E0,0.E0,-1.050331891662E-14));
#361=VECTOR('',#360,2.642552876473E-3);
#362=CARTESIAN_POINT('',(1.255212616324E-2,7.916751724047E-1,
2.391221892632E-1));
#363=LINE('',#362,#361);
#364=CARTESIAN_POINT('',(1.519467903972E-2,7.916751724047E-1,
2.391221892632E-1));
#365=CARTESIAN_POINT('',(1.651595819109E-2,7.915504665310E-1,
2.395350599564E-1));
#366=CARTESIAN_POINT('',(1.783723586317E-2,7.914254364460E-1,
2.399478371812E-1));
#367=CARTESIAN_POINT('',(1.915851205587E-2,7.913000821291E-1,
2.403605209317E-1));
#369=CARTESIAN_POINT('',(1.915851205587E-2,7.913000821291E-1,
2.403605209317E-1));
#370=CARTESIAN_POINT('',(2.003938843343E-2,7.909240077259E-1,
2.415986098862E-1));
#371=CARTESIAN_POINT('',(2.092023939294E-2,7.905450246614E-1,
2.428358259582E-1));
#372=CARTESIAN_POINT('',(2.180106493235E-2,7.901631327022E-1,
2.440721690777E-1));
#374=CARTESIAN_POINT('',(2.180106493235E-2,7.901631327022E-1,
2.440721690777E-1));
#375=CARTESIAN_POINT('',(2.224151143246E-2,7.897812115855E-1,
2.453086065917E-1));
#376=CARTESIAN_POINT('',(2.268193691210E-2,7.893963883344E-1,
2.465441476960E-1));
#377=CARTESIAN_POINT('',(2.312234137058E-2,7.890086628525E-1,
2.477787923608E-1));
#379=CARTESIAN_POINT('',(2.312234137058E-2,0.E0,0.E0));
#380=DIRECTION('',(1.E0,0.E0,0.E0));
#381=DIRECTION('',(0.E0,9.540612610066E-1,2.996115989852E-1));
#382=AXIS2_PLACEMENT_3D('',#379,#380,#381);
#384=CARTESIAN_POINT('',(2.312234137058E-2,7.866471375169E-1,
2.551769602383E-1));
#385=CARTESIAN_POINT('',(2.268188179176E-2,7.862476740263E-1,
2.564084068827E-1));
#386=CARTESIAN_POINT('',(2.224145631174E-2,7.858453175465E-1,
2.576389197739E-1));
#387=CARTESIAN_POINT('',(2.180106493235E-2,7.854400679218E-1,
2.588684988618E-1));
#389=CARTESIAN_POINT('',(2.180106493235E-2,7.854400679218E-1,
2.588684988618E-1));
#390=CARTESIAN_POINT('',(2.092018647117E-2,7.851698718925E-1,
2.596883081030E-1));
#391=CARTESIAN_POINT('',(2.003933551056E-2,7.848983842210E-1,
2.605077189590E-1));
#392=CARTESIAN_POINT('',(1.915851205587E-2,7.846256046554E-1,
2.613267313521E-1));
#394=CARTESIAN_POINT('',(1.915851205587E-2,7.846256046554E-1,
2.613267313521E-1));
#395=CARTESIAN_POINT('',(1.827765534695E-2,7.844892099185E-1,
2.617362524231E-1));
#396=CARTESIAN_POINT('',(1.739680438781E-2,7.843524909446E-1,
2.621456775922E-1));
#397=CARTESIAN_POINT('',(1.651595917940E-2,7.842154476808E-1,
2.625550068438E-1));
#399=CARTESIAN_POINT('',(1.651595917940E-2,0.E0,0.E0));
#400=DIRECTION('',(-1.E0,0.E0,0.E0));
#401=DIRECTION('',(0.E0,9.452400420108E-1,3.263759534332E-1));
#402=AXIS2_PLACEMENT_3D('',#399,#400,#401);
#404=CARTESIAN_POINT('',(1.651595917940E-2,7.817135147429E-1,
2.699129134893E-1));
#405=CARTESIAN_POINT('',(1.783723037566E-2,7.818544631997E-1,
2.695047028849E-1));
#406=CARTESIAN_POINT('',(1.915850681429E-2,7.819950865840E-1,
2.690963972875E-1));
#407=CARTESIAN_POINT('',(2.047978849411E-2,7.821353849683E-1,
2.686879967182E-1));
#409=CARTESIAN_POINT('',(2.047978849411E-2,7.821353849683E-1,
2.686879967182E-1));
#410=CARTESIAN_POINT('',(2.224141874581E-2,7.825562617310E-1,
2.674628485433E-1));
#411=CARTESIAN_POINT('',(2.400312067424E-2,7.829742258797E-1,
2.662368104310E-1));
#412=CARTESIAN_POINT('',(2.576489424706E-2,7.833892787289E-1,
2.650098827828E-1));
#414=CARTESIAN_POINT('',(2.576489424706E-2,7.833892787289E-1,
2.650098827828E-1));
#415=CARTESIAN_POINT('',(2.708605625285E-2,7.839426119609E-1,
2.633741878534E-1));
#416=CARTESIAN_POINT('',(2.840733270269E-2,7.844907888248E-1,
2.617368589249E-1));
#417=CARTESIAN_POINT('',(2.972872356176E-2,7.850338108892E-1,
2.600978964945E-1));
#419=CARTESIAN_POINT('',(2.972872356176E-2,7.850338108892E-1,
2.600978964945E-1));
#420=CARTESIAN_POINT('',(3.016908816613E-2,7.857124361731E-1,
2.580496531216E-1));
#421=CARTESIAN_POINT('',(3.060951364624E-2,7.863830311243E-1,
2.559987970396E-1));
#422=CARTESIAN_POINT('',(3.105E-2,7.870455960203E-1,2.539453283387E-1));
#424=CARTESIAN_POINT('',(3.105E-2,0.E0,0.E0));
#425=DIRECTION('',(-1.E0,0.E0,0.E0));
#426=DIRECTION('',(0.E0,9.516875405324E-1,3.070681116550E-1));
#427=AXIS2_PLACEMENT_3D('',#424,#425,#426);
#429=CARTESIAN_POINT('',(2.972872356176E-2,7.905440624364E-1,
2.428355108844E-1));
#430=CARTESIAN_POINT('',(3.016917738888E-2,7.900374214406E-1,
2.444848661603E-1));
#431=CARTESIAN_POINT('',(3.060960286853E-2,7.895256216225E-1,
2.461326266658E-1));
#432=CARTESIAN_POINT('',(3.105E-2,7.890086628525E-1,2.477787923608E-1));
#434=CARTESIAN_POINT('',(3.105E-2,0.E0,0.E0));
#435=DIRECTION('',(1.E0,0.E0,0.E0));
#436=DIRECTION('',(0.E0,8.480480961564E-1,5.299192642332E-1));
#437=AXIS2_PLACEMENT_3D('',#434,#435,#436);
#439=DIRECTION('',(1.E0,0.E0,0.E0));
#440=VECTOR('',#439,6.606382191181E-3);
#441=CARTESIAN_POINT('',(2.444361780882E-2,7.013357755214E-1,
4.382432315209E-1));
#442=LINE('',#441,#440);
#443=CARTESIAN_POINT('',(2.444361780882E-2,0.E0,0.E0));
#444=DIRECTION('',(1.E0,0.E0,0.E0));
#445=DIRECTION('',(0.E0,8.480480961564E-1,5.299192642332E-1));
#446=AXIS2_PLACEMENT_3D('',#443,#444,#445);
#448=DIRECTION('',(-1.E0,0.E0,0.E0));
#449=VECTOR('',#448,5.549361780882E-2);
#450=CARTESIAN_POINT('',(2.444361780882E-2,6.901467142097E-1,
4.556605237076E-1));
#451=LINE('',#450,#449);
#452=CARTESIAN_POINT('',(-3.105E-2,0.E0,0.E0));
#453=DIRECTION('',(1.E0,0.E0,0.E0));
#454=DIRECTION('',(0.E0,8.345183968679E-1,5.509800770346E-1));
#455=AXIS2_PLACEMENT_3D('',#452,#453,#454);
#457=DIRECTION('',(1.E0,0.E0,0.E0));
#458=VECTOR('',#457,5.549361780882E-2);
#459=CARTESIAN_POINT('',(-3.105E-2,6.858374589290E-1,4.621211745092E-1));
#460=LINE('',#459,#458);
#461=CARTESIAN_POINT('',(2.444361780882E-2,0.E0,0.E0));
#462=DIRECTION('',(1.E0,0.E0,0.E0));
#463=DIRECTION('',(0.E0,8.293076891524E-1,5.587922303618E-1));
#464=AXIS2_PLACEMENT_3D('',#461,#462,#463);
#466=DIRECTION('',(-1.E0,0.E0,0.E0));
#467=VECTOR('',#466,6.606382191181E-3);
#468=CARTESIAN_POINT('',(3.105E-2,6.740432894083E-1,4.791603531216E-1));
#469=LINE('',#468,#467);
#470=CARTESIAN_POINT('',(-2.972872344609E-2,3.284380349315E-1,
7.589844907574E-1));
#471=CARTESIAN_POINT('',(-3.016908029142E-2,3.304186781732E-1,
7.581274000235E-1));
#472=CARTESIAN_POINT('',(-3.060950581028E-2,3.323959232650E-1,
7.572625750874E-1));
#473=CARTESIAN_POINT('',(-3.105E-2,3.343697703394E-1,7.563900162503E-1));
#475=CARTESIAN_POINT('',(-2.576489378437E-2,3.236766299696E-1,
7.610272263274E-1));
#476=CARTESIAN_POINT('',(-2.708604356920E-2,3.252659871472E-1,
7.603512481793E-1));
#477=CARTESIAN_POINT('',(-2.840732013734E-2,3.268531218850E-1,
7.596703357686E-1));
#478=CARTESIAN_POINT('',(-2.972872344609E-2,3.284380349315E-1,
7.589844907574E-1));
#480=CARTESIAN_POINT('',(-2.576489378437E-2,3.236766299696E-1,
7.610272263274E-1));
#481=CARTESIAN_POINT('',(-2.400311317070E-2,3.224844442750E-1,
7.615342813112E-1));
#482=CARTESIAN_POINT('',(-2.224141108587E-2,3.212909754226E-1,
7.620385738773E-1));
#483=CARTESIAN_POINT('',(-2.047978756875E-2,3.200962227776E-1,
7.625401026592E-1));
#485=CARTESIAN_POINT('',(-2.047978756875E-2,3.200962227776E-1,
7.625401026592E-1));
#486=CARTESIAN_POINT('',(-1.915850510549E-2,3.196979527937E-1,
7.627072869385E-1));
#487=CARTESIAN_POINT('',(-1.783722835833E-2,3.192995359537E-1,
7.628741658619E-1));
#488=CARTESIAN_POINT('',(-1.651595732868E-2,3.189009722217E-1,
7.630407393554E-1));
#490=DIRECTION('',(1.E0,0.E0,0.E0));
#491=VECTOR('',#490,6.606382191181E-3);
#492=CARTESIAN_POINT('',(-1.651595732868E-2,3.189009722217E-1,
7.630407393554E-1));
#493=LINE('',#492,#491);
#494=CARTESIAN_POINT('',(-9.909575137496E-3,3.189009722217E-1,
7.630407393554E-1));
#495=CARTESIAN_POINT('',(-8.588303799384E-3,3.192995359537E-1,
7.628741658619E-1));
#496=CARTESIAN_POINT('',(-7.267026743777E-3,3.196979527938E-1,
7.627072869385E-1));
#497=CARTESIAN_POINT('',(-5.945743972063E-3,3.200962227776E-1,
7.625401026592E-1));
#499=CARTESIAN_POINT('',(-5.945743972063E-3,3.200962227776E-1,
7.625401026592E-1));
#500=CARTESIAN_POINT('',(-4.184120609170E-3,3.212909754226E-1,
7.620385738773E-1));
#501=CARTESIAN_POINT('',(-2.422418678571E-3,3.224844442750E-1,
7.615342813112E-1));
#502=CARTESIAN_POINT('',(-6.606382191181E-4,3.236766299696E-1,
7.610272263274E-1));
#504=CARTESIAN_POINT('',(6.606382191181E-4,3.260591148993E-1,
7.600095088820E-1));
#505=CARTESIAN_POINT('',(2.201852992022E-4,3.252654974863E-1,
7.603499864527E-1));
#506=CARTESIAN_POINT('',(-2.202401810992E-4,3.244713358607E-1,
7.606892256413E-1));
#507=CARTESIAN_POINT('',(-6.606382191181E-4,3.236766299696E-1,
7.610272263274E-1));
#509=CARTESIAN_POINT('',(6.606382191181E-4,3.260591148993E-1,
7.600095088820E-1));
#510=CARTESIAN_POINT('',(1.101091139034E-3,3.252654974863E-1,
7.603499864527E-1));
#511=CARTESIAN_POINT('',(1.541516619335E-3,3.244713358607E-1,
7.606892256413E-1));
#512=CARTESIAN_POINT('',(1.981914657354E-3,3.236766299696E-1,
7.610272263274E-1));
#514=CARTESIAN_POINT('',(1.981914657354E-3,3.236766299696E-1,
7.610272263274E-1));
#515=CARTESIAN_POINT('',(3.743695116808E-3,3.224844442750E-1,
7.615342813112E-1));
#516=CARTESIAN_POINT('',(5.505397047406E-3,3.212909754226E-1,
7.620385738773E-1));
#517=CARTESIAN_POINT('',(7.267020410299E-3,3.200962227776E-1,
7.625401026592E-1));
#519=CARTESIAN_POINT('',(7.267020410299E-3,3.200962227776E-1,
7.625401026592E-1));
#520=CARTESIAN_POINT('',(8.588302565107E-3,3.196979527937E-1,
7.627072869385E-1));
#521=CARTESIAN_POINT('',(9.909579003806E-3,3.192995359537E-1,
7.628741658619E-1));
#522=CARTESIAN_POINT('',(1.123084972501E-2,3.189009722217E-1,
7.630407393554E-1));
#524=DIRECTION('',(1.E0,0.E0,0.E0));
#525=VECTOR('',#524,5.285109454393E-3);
#526=CARTESIAN_POINT('',(1.123084972501E-2,3.189009722217E-1,
7.630407393554E-1));
#527=LINE('',#526,#525);
#528=CARTESIAN_POINT('',(2.047978849411E-2,3.200962227776E-1,
7.625401026592E-1));
#529=CARTESIAN_POINT('',(1.915850633930E-2,3.196979527937E-1,
7.627072869385E-1));
#530=CARTESIAN_POINT('',(1.783722990060E-2,3.192995359537E-1,
7.628741658619E-1));
#531=CARTESIAN_POINT('',(1.651595917940E-2,3.189009722217E-1,
7.630407393554E-1));
#533=CARTESIAN_POINT('',(2.576489424705E-2,3.236766299696E-1,
7.610272263274E-1));
#534=CARTESIAN_POINT('',(2.400311378760E-2,3.224844442750E-1,
7.615342813112E-1));
#535=CARTESIAN_POINT('',(2.224141185700E-2,3.212909754226E-1,
7.620385738773E-1));
#536=CARTESIAN_POINT('',(2.047978849411E-2,3.200962227776E-1,
7.625401026592E-1));
#538=CARTESIAN_POINT('',(2.972872356176E-2,3.284380349315E-1,
7.589844907574E-1));
#539=CARTESIAN_POINT('',(2.840732036869E-2,3.268531218850E-1,
7.596703357686E-1));
#540=CARTESIAN_POINT('',(2.708604391622E-2,3.252659871472E-1,
7.603512481793E-1));
#541=CARTESIAN_POINT('',(2.576489424705E-2,3.236766299696E-1,
7.610272263274E-1));
#543=CARTESIAN_POINT('',(3.105E-2,3.343697703394E-1,7.563900162503E-1));
#544=CARTESIAN_POINT('',(3.060950584885E-2,3.323959232650E-1,
7.572625750874E-1));
#545=CARTESIAN_POINT('',(3.016908036854E-2,3.304186781732E-1,
7.581274000235E-1));
#546=CARTESIAN_POINT('',(2.972872356176E-2,3.284380349315E-1,
7.589844907574E-1));
#548=CARTESIAN_POINT('',(3.105E-2,0.E0,0.E0));
#549=DIRECTION('',(1.E0,0.E0,0.E0));
#550=DIRECTION('',(0.E0,4.383711467891E-1,8.987940462992E-1));
#551=AXIS2_PLACEMENT_3D('',#548,#549,#550);
#553=DIRECTION('',(1.E0,0.E0,0.E0));
#554=VECTOR('',#553,6.21E-2);
#555=CARTESIAN_POINT('',(-3.105E-2,3.625329383946E-1,7.433026762894E-1));
#556=LINE('',#555,#554);
#557=CARTESIAN_POINT('',(-3.105E-2,0.E0,0.E0));
#558=DIRECTION('',(1.E0,0.E0,0.E0));
#559=DIRECTION('',(0.E0,4.383711467891E-1,8.987940462992E-1));
#560=AXIS2_PLACEMENT_3D('',#557,#558,#559);
#562=CARTESIAN_POINT('',(5.945743972063E-3,0.E0,0.E0));
#563=DIRECTION('',(1.E0,0.E0,0.E0));
#564=DIRECTION('',(0.E0,1.643967913915E-1,9.863942898153E-1));
#565=AXIS2_PLACEMENT_3D('',#562,#563,#564);
#567=DIRECTION('',(-1.E0,0.E0,0.E0));
#568=VECTOR('',#567,1.717659739852E-2);
#569=CARTESIAN_POINT('',(2.312234137058E-2,1.359561464808E-1,
8.157480776772E-1));
#570=LINE('',#569,#568);
#571=CARTESIAN_POINT('',(2.312234137058E-2,0.E0,0.E0));
#572=DIRECTION('',(1.E0,0.E0,0.E0));
#573=DIRECTION('',(0.E0,1.643967913915E-1,9.863942898153E-1));
#574=AXIS2_PLACEMENT_3D('',#571,#572,#573);
#576=DIRECTION('',(1.E0,0.E0,0.E0));
#577=VECTOR('',#576,7.927658629417E-3);
#578=CARTESIAN_POINT('',(2.312234137058E-2,9.751170036926E-2,
8.212310687566E-1));
#579=LINE('',#578,#577);
#580=CARTESIAN_POINT('',(3.105E-2,0.E0,0.E0));
#581=DIRECTION('',(-1.E0,0.E0,0.E0));
#582=DIRECTION('',(0.E0,1.179101576412E-1,9.930242669366E-1));
#583=AXIS2_PLACEMENT_3D('',#580,#581,#582);
#585=DIRECTION('',(-1.E0,0.E0,0.E0));
#586=VECTOR('',#585,6.21E-2);
#587=CARTESIAN_POINT('',(3.105E-2,1.436070429306E-1,8.144360117411E-1));
#588=LINE('',#587,#586);
#589=CARTESIAN_POINT('',(-3.105E-2,0.E0,0.E0));
#590=DIRECTION('',(1.E0,0.E0,0.E0));
#591=DIRECTION('',(0.E0,1.736481776669E-1,9.848077530122E-1));
#592=AXIS2_PLACEMENT_3D('',#589,#590,#591);
#594=DIRECTION('',(-1.E0,0.E0,1.400442358749E-14));
#595=VECTOR('',#594,7.927659554780E-3);
#596=CARTESIAN_POINT('',(-2.312234044522E-2,9.751170036926E-2,
8.212310687566E-1));
#597=LINE('',#596,#595);
#598=CARTESIAN_POINT('',(-2.312234044522E-2,0.E0,0.E0));
#599=DIRECTION('',(1.E0,0.E0,0.E0));
#600=DIRECTION('',(0.E0,1.643967913915E-1,9.863942898153E-1));
#601=AXIS2_PLACEMENT_3D('',#598,#599,#600);
#603=DIRECTION('',(1.E0,0.E0,0.E0));
#604=VECTOR('',#603,2.114042578787E-2);
#605=CARTESIAN_POINT('',(-2.312234044522E-2,1.359561464808E-1,
8.157480776772E-1));
#606=LINE('',#605,#604);
#607=CARTESIAN_POINT('',(-1.981914657354E-3,0.E0,0.E0));
#608=DIRECTION('',(1.E0,0.E0,0.E0));
#609=DIRECTION('',(0.E0,1.643967913915E-1,9.863942898153E-1));
#610=AXIS2_PLACEMENT_3D('',#607,#608,#609);
#612=DIRECTION('',(1.E0,0.E0,0.E0));
#613=VECTOR('',#612,7.927658629417E-3);
#614=CARTESIAN_POINT('',(-1.981914657354E-3,1.026559446653E-1,
8.206038977636E-1));
#615=LINE('',#614,#613);
#616=CARTESIAN_POINT('',(3.105E-2,0.E0,0.E0));
#617=DIRECTION('',(1.E0,0.E0,0.E0));
#618=DIRECTION('',(0.E0,-1.293888262166E-1,9.915939348596E-1));
#619=AXIS2_PLACEMENT_3D('',#616,#617,#618);
#621=CARTESIAN_POINT('',(-3.105E-2,-8.644503912235E-2,8.224696074696E-1));
#622=CARTESIAN_POINT('',(-1.034967563245E-2,-9.330734793511E-2,
8.217483497496E-1));
#623=CARTESIAN_POINT('',(1.035032445903E-2,-1.001605238980E-1,
8.209412328595E-1));
#624=CARTESIAN_POINT('',(3.105E-2,-1.070045592811E-1,8.200481841289E-1));
#626=CARTESIAN_POINT('',(-3.105E-2,0.E0,0.E0));
#627=DIRECTION('',(1.E0,0.E0,0.E0));
#628=DIRECTION('',(0.E0,-1.045284632677E-1,9.945218953683E-1));
#629=AXIS2_PLACEMENT_3D('',#626,#627,#628);
#631=CARTESIAN_POINT('',(-3.105E-2,-9.416120720438E-2,8.216219733295E-1));
#632=CARTESIAN_POINT('',(-2.576487370079E-2,-9.587507129460E-2,
8.214255575605E-1));
#633=CARTESIAN_POINT('',(-2.047976732953E-2,-9.758836469425E-2,
8.212237742582E-1));
#634=CARTESIAN_POINT('',(-1.519468089044E-2,-9.930108728214E-2,
8.210166222828E-1));
#636=CARTESIAN_POINT('',(-1.519468089044E-2,0.E0,0.E0));
#637=DIRECTION('',(1.E0,0.E0,0.E0));
#638=DIRECTION('',(0.E0,-1.200738661211E-1,9.927649604386E-1));
#639=AXIS2_PLACEMENT_3D('',#636,#637,#638);
#641=CARTESIAN_POINT('',(-1.519468089044E-2,-1.249496665343E-1,
8.175063185279E-1));
#642=CARTESIAN_POINT('',(-2.047986732696E-2,-1.266567705968E-1,
8.172454005649E-1));
#643=CARTESIAN_POINT('',(-2.576497371953E-2,-1.283632827700E-1,
8.169791010864E-1));
#644=CARTESIAN_POINT('',(-3.105E-2,-1.300692025496E-1,8.167074155094E-1));
#646=CARTESIAN_POINT('',(-3.105E-2,0.E0,0.E0));
#647=DIRECTION('',(1.E0,0.E0,0.E0));
#648=DIRECTION('',(0.E0,-1.572783585848E-1,9.875543113778E-1));
#649=AXIS2_PLACEMENT_3D('',#646,#647,#648);
#651=CARTESIAN_POINT('',(3.105E-2,-1.172639937361E-1,8.186440959129E-1));
#652=CARTESIAN_POINT('',(1.034869726846E-2,-1.240995260153E-1,
8.176649624673E-1));
#653=CARTESIAN_POINT('',(-1.035130420502E-2,-1.309255833175E-1,
8.165998302498E-1));
#654=CARTESIAN_POINT('',(-3.105E-2,-1.377421334555E-1,8.154484071179E-1));
#656=DIRECTION('',(-1.E0,0.E0,0.E0));
#657=VECTOR('',#656,5.285109454393E-3);
#658=CARTESIAN_POINT('',(1.651595917940E-2,-3.536633761693E-1,
7.475635199476E-1));
#659=LINE('',#658,#657);
#660=CARTESIAN_POINT('',(2.047978849411E-2,-3.524915518698E-1,
7.481167728773E-1));
#661=CARTESIAN_POINT('',(1.915850633930E-2,-3.528822886377E-1,
7.479326687179E-1));
#662=CARTESIAN_POINT('',(1.783722990060E-2,-3.532728967479E-1,7.477482511E-1));
#663=CARTESIAN_POINT('',(1.651595917940E-2,-3.536633761693E-1,
7.475635199476E-1));
#665=CARTESIAN_POINT('',(2.576489424706E-2,-3.489715056169E-1,
7.497652220979E-1));
#666=CARTESIAN_POINT('',(2.400311378760E-2,-3.501460488410E-1,
7.492185414767E-1));
#667=CARTESIAN_POINT('',(2.224141185700E-2,-3.513193977890E-1,
7.486690588653E-1));
#668=CARTESIAN_POINT('',(2.047978849411E-2,-3.524915518698E-1,
7.481167728773E-1));
#670=CARTESIAN_POINT('',(2.972872356176E-2,-3.442674554589E-1,
7.519367786668E-1));
#671=CARTESIAN_POINT('',(2.840732036869E-2,-3.458376514579E-1,
7.512178786256E-1));
#672=CARTESIAN_POINT('',(2.708604391622E-2,-3.474056684220E-1,
7.504940269922E-1));
#673=CARTESIAN_POINT('',(2.576489424705E-2,-3.489715056169E-1,
7.497652220979E-1));
#675=CARTESIAN_POINT('',(3.105E-2,-3.383702794439E-1,7.546088748412E-1));
#676=CARTESIAN_POINT('',(3.060950584885E-2,-3.403394785183E-1,
7.537258764253E-1));
#677=CARTESIAN_POINT('',(3.016908036854E-2,-3.423052039018E-1,
7.528351778005E-1));
#678=CARTESIAN_POINT('',(2.972872356176E-2,-3.442674554589E-1,
7.519367786668E-1));
#680=CARTESIAN_POINT('',(3.105E-2,0.E0,0.E0));
#681=DIRECTION('',(1.E0,0.E0,0.E0));
#682=DIRECTION('',(0.E0,-3.746065934159E-1,9.271838545668E-1));
#683=AXIS2_PLACEMENT_3D('',#680,#681,#682);
#685=DIRECTION('',(1.E0,0.E0,0.E0));
#686=VECTOR('',#685,6.21E-2);
#687=CARTESIAN_POINT('',(-3.105E-2,-3.097996527550E-1,7.667810477267E-1));
#688=LINE('',#687,#686);
#689=CARTESIAN_POINT('',(-3.105E-2,0.E0,0.E0));
#690=DIRECTION('',(1.E0,0.E0,0.E0));
#691=DIRECTION('',(0.E0,-3.746065934159E-1,9.271838545668E-1));
#692=AXIS2_PLACEMENT_3D('',#689,#690,#691);
#694=DIRECTION('',(1.E0,0.E0,0.E0));
#695=VECTOR('',#694,2.774680890441E-2);
#696=CARTESIAN_POINT('',(-3.105E-2,-3.169832699386E-1,7.638393853285E-1));
#697=LINE('',#696,#695);
#698=CARTESIAN_POINT('',(-3.303191095591E-3,0.E0,0.E0));
#699=DIRECTION('',(-1.E0,0.E0,0.E0));
#700=DIRECTION('',(0.E0,-4.077249866831E-1,9.131047777962E-1));
#701=AXIS2_PLACEMENT_3D('',#698,#699,#700);
#703=CARTESIAN_POINT('',(-3.303191095591E-3,-3.371885639869E-1,
7.551376512375E-1));
#704=CARTESIAN_POINT('',(-1.255242694735E-2,-3.403409185360E-1,
7.537300430990E-1));
#705=CARTESIAN_POINT('',(-2.180136338808E-2,-3.434850678827E-1,
7.523024245117E-1));
#706=CARTESIAN_POINT('',(-3.105E-2,-3.466210005779E-1,7.508547675539E-1));
#708=CARTESIAN_POINT('',(-3.105E-2,0.E0,0.E0));
#709=DIRECTION('',(1.E0,0.E0,0.E0));
#710=DIRECTION('',(0.E0,-4.191305932018E-1,9.079259583481E-1));
#711=AXIS2_PLACEMENT_3D('',#708,#709,#710);
#713=CARTESIAN_POINT('',(-3.105E-2,-3.548344418158E-1,7.470083794050E-1));
#714=CARTESIAN_POINT('',(-2.092069381888E-2,-3.513225615867E-1,
7.486765481902E-1));
#715=CARTESIAN_POINT('',(-1.079090624840E-2,-3.478002260641E-1,
7.503193315868E-1));
#716=CARTESIAN_POINT('',(-6.606382191180E-4,-3.442674554589E-1,
7.519367786668E-1));
#718=CARTESIAN_POINT('',(-6.606382191182E-4,-3.442674554589E-1,
7.519367786668E-1));
#719=CARTESIAN_POINT('',(2.203190510603E-4,-3.458376903291E-1,
7.512178608288E-1));
#720=CARTESIAN_POINT('',(1.101170016560E-3,-3.474057071877E-1,
7.504940089490E-1));
#721=CARTESIAN_POINT('',(1.981914657354E-3,-3.489715056169E-1,
7.497652220979E-1));
#723=CARTESIAN_POINT('',(1.981914657354E-3,-3.489715056169E-1,
7.497652220979E-1));
#724=CARTESIAN_POINT('',(3.743695116808E-3,-3.501460488410E-1,
7.492185414767E-1));
#725=CARTESIAN_POINT('',(5.505397047406E-3,-3.513193977890E-1,
7.486690588653E-1));
#726=CARTESIAN_POINT('',(7.267020410299E-3,-3.524915518698E-1,
7.481167728773E-1));
#728=CARTESIAN_POINT('',(1.123084972501E-2,-3.536633761693E-1,
7.475635199476E-1));
#729=CARTESIAN_POINT('',(9.909579003806E-3,-3.532728967479E-1,7.477482511E-1));
#730=CARTESIAN_POINT('',(8.588302565107E-3,-3.528822886377E-1,
7.479326687179E-1));
#731=CARTESIAN_POINT('',(7.267020410299E-3,-3.524915518698E-1,
7.481167728773E-1));
#733=DIRECTION('',(1.E0,0.E0,0.E0));
#734=VECTOR('',#733,6.21E-2);
#735=CARTESIAN_POINT('',(-3.105E-2,-5.375083554710E-1,6.285012074760E-1));
#736=LINE('',#735,#734);
#737=CARTESIAN_POINT('',(3.105E-2,0.E0,0.E0));
#738=DIRECTION('',(-1.E0,0.E0,0.E0));
#739=DIRECTION('',(0.E0,-6.499496438586E-1,7.599772762709E-1));
#740=AXIS2_PLACEMENT_3D('',#737,#738,#739);
#742=DIRECTION('',(-1.E0,0.E0,0.E0));
#743=VECTOR('',#742,6.21E-2);
#744=CARTESIAN_POINT('',(3.105E-2,-5.315853532108E-1,6.335187544594E-1));
#745=LINE('',#744,#743);
#746=CARTESIAN_POINT('',(-3.105E-2,0.E0,0.E0));
#747=DIRECTION('',(-1.E0,0.E0,0.E0));
#748=DIRECTION('',(0.E0,-6.499496438586E-1,7.599772762709E-1));
#749=AXIS2_PLACEMENT_3D('',#746,#747,#748);
#751=CARTESIAN_POINT('',(-3.105E-2,0.E0,0.E0));
#752=DIRECTION('',(-1.E0,0.E0,0.E0));
#753=DIRECTION('',(0.E0,-8.442125048050E-1,5.360086256124E-1));
#754=AXIS2_PLACEMENT_3D('',#751,#752,#753);
#756=DIRECTION('',(-1.E0,0.E0,0.E0));
#757=VECTOR('',#756,6.21E-2);
#758=CARTESIAN_POINT('',(3.105E-2,-6.981637414737E-1,4.432791333815E-1));
#759=LINE('',#758,#757);
#760=CARTESIAN_POINT('',(3.105E-2,0.E0,0.E0));
#761=DIRECTION('',(-1.E0,0.E0,0.E0));
#762=DIRECTION('',(0.E0,-8.442125048050E-1,5.360086256124E-1));
#763=AXIS2_PLACEMENT_3D('',#760,#761,#762);
#765=DIRECTION('',(-1.E0,0.E0,0.E0));
#766=VECTOR('',#765,5.285106400698E-2);
#767=CARTESIAN_POINT('',(3.105E-2,-6.939651741355E-1,4.498236733289E-1));
#768=LINE('',#767,#766);
#769=CARTESIAN_POINT('',(-2.180106400698E-2,-6.939651741355E-1,
4.498236733289E-1));
#770=CARTESIAN_POINT('',(-4.187209599445E-3,-6.880937558489E-1,
4.588818000022E-1));
#771=CARTESIAN_POINT('',(1.342981476890E-2,-6.820501201068E-1,
4.678172012799E-1));
#772=CARTESIAN_POINT('',(3.105E-2,-6.758347611867E-1,4.766302293935E-1));
#774=CARTESIAN_POINT('',(3.105E-2,0.E0,0.E0));
#775=DIRECTION('',(-1.E0,0.E0,0.E0));
#776=DIRECTION('',(0.E0,-8.172125286417E-1,5.763364321566E-1));
#777=AXIS2_PLACEMENT_3D('',#774,#775,#776);
#779=DIRECTION('',(-1.E0,0.E0,0.E0));
#780=VECTOR('',#779,6.21E-2);
#781=CARTESIAN_POINT('',(3.105E-2,-6.690570543481E-1,4.860984036459E-1));
#782=LINE('',#781,#780);
#783=CARTESIAN_POINT('',(-3.105E-2,0.E0,0.E0));
#784=DIRECTION('',(-1.E0,0.E0,0.E0));
#785=DIRECTION('',(0.E0,-8.144985050187E-1,5.801656533459E-1));
#786=AXIS2_PLACEMENT_3D('',#783,#784,#785);
#788=DIRECTION('',(-1.E0,0.E0,0.E0));
#789=VECTOR('',#788,5.417234137058E-2);
#790=CARTESIAN_POINT('',(2.312234137058E-2,-6.735902636505E-1,
4.797969953171E-1));
#791=LINE('',#790,#789);
#792=CARTESIAN_POINT('',(-3.105E-2,-6.918436855961E-1,4.530798105200E-1));
#793=CARTESIAN_POINT('',(-1.299524531042E-2,-6.859309992088E-1,
4.621083627684E-1));
#794=CARTESIAN_POINT('',(5.062204060841E-3,-6.798463818128E-1,
4.710139884965E-1));
#795=CARTESIAN_POINT('',(2.312234137058E-2,-6.735902636505E-1,
4.797969953171E-1));
#797=CARTESIAN_POINT('',(-2.708617022261E-2,-7.801766199767E-1,
2.743236075182E-1));
#798=CARTESIAN_POINT('',(-2.532448925666E-2,-7.796043939780E-1,
2.759510188430E-1));
#799=CARTESIAN_POINT('',(-2.356278718426E-2,-7.790270887272E-1,
2.775766034642E-1));
#800=CARTESIAN_POINT('',(-2.180106400698E-2,-7.784447046051E-1,
2.792003615190E-1));
#802=CARTESIAN_POINT('',(-2.972872344609E-2,-7.818780999464E-1,
2.694357749523E-1));
#803=CARTESIAN_POINT('',(-2.884790315725E-2,-7.813160330151E-1,
2.710668420383E-1));
#804=CARTESIAN_POINT('',(-2.796705208219E-2,-7.807488729324E-1,
2.726961195276E-1));
#805=CARTESIAN_POINT('',(-2.708617022261E-2,-7.801766199767E-1,
2.743236075182E-1));
#807=CARTESIAN_POINT('',(-2.972872344609E-2,-7.818780999464E-1,
2.694357749523E-1));
#808=CARTESIAN_POINT('',(-3.016918390157E-2,-7.825807638520E-1,
2.673967082416E-1));
#809=CARTESIAN_POINT('',(-3.060960941977E-2,-7.832754429017E-1,
2.653549173056E-1));
#810=CARTESIAN_POINT('',(-3.105E-2,-7.839621369372E-1,2.633104020901E-1));
#812=CARTESIAN_POINT('',(-3.105E-2,0.E0,0.E0));
#813=DIRECTION('',(1.E0,0.E0,0.E0));
#814=DIRECTION('',(0.E0,-9.479590531284E-1,3.183922637124E-1));
#815=AXIS2_PLACEMENT_3D('',#812,#813,#814);
#817=CARTESIAN_POINT('',(-3.105E-2,-7.875934489258E-1,2.522410735965E-1));
#818=CARTESIAN_POINT('',(-3.060950320910E-2,-7.882517312039E-1,
2.501856636573E-1));
#819=CARTESIAN_POINT('',(-3.016907769017E-2,-7.889019618419E-1,
2.481276944903E-1));
#820=CARTESIAN_POINT('',(-2.972872344609E-2,-7.895441405143E-1,
2.460671659923E-1));
#822=CARTESIAN_POINT('',(-2.972872344609E-2,-7.895441405143E-1,
2.460671659923E-1));
#823=CARTESIAN_POINT('',(-2.884776261049E-2,-7.900580304109E-1,
2.444182716547E-1));
#824=CARTESIAN_POINT('',(-2.796691152888E-2,-7.905667666108E-1,
2.427677302539E-1));
#825=CARTESIAN_POINT('',(-2.708617022261E-2,-7.910703481119E-1,
2.411155414695E-1));
#827=CARTESIAN_POINT('',(-2.708617022261E-2,-7.910703481119E-1,
2.411155414695E-1));
#828=CARTESIAN_POINT('',(-2.532431548687E-2,-7.915740363797E-1,
2.394630023966E-1));
#829=CARTESIAN_POINT('',(-2.356261338748E-2,-7.920725869193E-1,
2.378087523917E-1));
#830=CARTESIAN_POINT('',(-2.180106400698E-2,-7.925659969523E-1,
2.361527905298E-1));
#832=CARTESIAN_POINT('',(-1.651595732868E-2,-7.929351299377E-1,
2.349103652688E-1));
#833=CARTESIAN_POINT('',(-1.827765482917E-2,-7.928124046641E-1,
2.353246219179E-1));
#834=CARTESIAN_POINT('',(-2.003935705569E-2,-7.926893603072E-1,
2.357387636613E-1));
#835=CARTESIAN_POINT('',(-2.180106400698E-2,-7.925659969523E-1,
2.361527905298E-1));
#837=DIRECTION('',(1.E0,0.E0,0.E0));
#838=VECTOR('',#837,1.981914842427E-2);
#839=CARTESIAN_POINT('',(-1.651595732868E-2,-7.929351299377E-1,
2.349103652688E-1));
#840=LINE('',#839,#838);
#841=CARTESIAN_POINT('',(3.303191095591E-3,0.E0,0.E0));
#842=DIRECTION('',(1.E0,0.E0,0.E0));
#843=DIRECTION('',(0.E0,-9.518713311435E-1,3.064979101840E-1));
#844=AXIS2_PLACEMENT_3D('',#841,#842,#843);
#846=DIRECTION('',(1.E0,0.E0,0.E0));
#847=VECTOR('',#846,7.927658629417E-3);
#848=CARTESIAN_POINT('',(-4.624467533827E-3,-7.871975908557E-1,
2.534737717221E-1));
#849=LINE('',#848,#847);
#850=CARTESIAN_POINT('',(-4.624467533827E-3,0.E0,0.E0));
#851=DIRECTION('',(1.E0,0.E0,0.E0));
#852=DIRECTION('',(0.E0,-9.518713311435E-1,3.064979101840E-1));
#853=AXIS2_PLACEMENT_3D('',#850,#851,#852);
#855=DIRECTION('',(1.E0,0.E0,0.E0));
#856=VECTOR('',#855,1.057021335661E-2);
#857=CARTESIAN_POINT('',(-1.519468089044E-2,-7.906916602803E-1,
2.423544890509E-1));
#858=LINE('',#857,#856);
#859=CARTESIAN_POINT('',(-1.915851020515E-2,-7.903110629518E-1,
2.435927416323E-1));
#860=CARTESIAN_POINT('',(-1.783722868335E-2,-7.904382474157E-1,
2.431801049989E-1));
#861=CARTESIAN_POINT('',(-1.651595224475E-2,-7.905651132148E-1,
2.427673541467E-1));
#862=CARTESIAN_POINT('',(-1.519468089044E-2,-7.906916602803E-1,
2.423544890509E-1));
#864=CARTESIAN_POINT('',(-2.180106400698E-2,-7.891578173732E-1,
2.473033345483E-1));
#865=CARTESIAN_POINT('',(-2.092014515254E-2,-7.895451245447E-1,
2.460674171976E-1));
#866=CARTESIAN_POINT('',(-2.003929388047E-2,-7.899295399428E-1,
2.448305529595E-1));
#867=CARTESIAN_POINT('',(-1.915851020515E-2,-7.903110629518E-1,
2.435927416323E-1));
#869=CARTESIAN_POINT('',(-2.312234044522E-2,-7.875934489258E-1,
2.522410735965E-1));
#870=CARTESIAN_POINT('',(-2.268186021962E-2,-7.881200551408E-1,
2.505968068672E-1));
#871=CARTESIAN_POINT('',(-2.224143473932E-2,-7.886415113732E-1,
2.489508938778E-1));
#872=CARTESIAN_POINT('',(-2.180106400698E-2,-7.891578173732E-1,
2.473033345483E-1));
#874=CARTESIAN_POINT('',(-2.312234044522E-2,0.E0,0.E0));
#875=DIRECTION('',(1.E0,0.E0,0.E0));
#876=DIRECTION('',(0.E0,-9.479590531284E-1,3.183922637124E-1));
#877=AXIS2_PLACEMENT_3D('',#874,#875,#876);
#879=CARTESIAN_POINT('',(-2.180106400698E-2,-7.822987133441E-1,
2.682120860443E-1));
#880=CARTESIAN_POINT('',(-2.224151783410E-2,-7.828582988753E-1,
2.665799334908E-1));
#881=CARTESIAN_POINT('',(-2.268194331375E-2,-7.834127734493E-1,
2.649460388540E-1));
#882=CARTESIAN_POINT('',(-2.312234044522E-2,-7.839621369372E-1,
2.633104020901E-1));
#884=CARTESIAN_POINT('',(-1.915851020515E-2,-7.810311648449E-1,
2.718810760995E-1));
#885=CARTESIAN_POINT('',(-2.003938467921E-2,-7.814565460772E-1,
2.706590859407E-1));
#886=CARTESIAN_POINT('',(-2.092023594706E-2,-7.818790623135E-1,
2.694360892802E-1));
#887=CARTESIAN_POINT('',(-2.180106400698E-2,-7.822987133441E-1,
2.682120860443E-1));
#889=CARTESIAN_POINT('',(-1.519468089044E-2,-7.801766199767E-1,
2.743236075182E-1));
#890=CARTESIAN_POINT('',(-1.651596506011E-2,-7.804627381292E-1,
2.735098872002E-1));
#891=CARTESIAN_POINT('',(-1.783724149856E-2,-7.807475864535E-1,
2.726957100732E-1));
#892=CARTESIAN_POINT('',(-1.915851020515E-2,-7.810311648449E-1,
2.718810760995E-1));
#894=CARTESIAN_POINT('',(-9.909575137496E-3,-7.797464943223E-1,
2.755438342479E-1));
#895=CARTESIAN_POINT('',(-1.167127784748E-2,-7.798901866301E-1,
2.751372072095E-1));
#896=CARTESIAN_POINT('',(-1.343297976514E-2,-7.800335618530E-1,
2.747304649680E-1));
#897=CARTESIAN_POINT('',(-1.519468089044E-2,-7.801766199767E-1,
2.743236075182E-1));
#899=DIRECTION('',(1.E0,0.E0,0.E0));
#900=VECTOR('',#899,1.981914842427E-2);
#901=CARTESIAN_POINT('',(-9.909575137496E-3,-7.797464943223E-1,
2.755438342479E-1));
#902=LINE('',#901,#900);
#903=CARTESIAN_POINT('',(9.909573286772E-3,-7.797464943223E-1,
2.755438342479E-1));
#904=CARTESIAN_POINT('',(1.167127599676E-2,-7.798901866301E-1,
2.751372072095E-1));
#905=CARTESIAN_POINT('',(1.343297791442E-2,-7.800335618530E-1,
2.747304649680E-1));
#906=CARTESIAN_POINT('',(1.519467903972E-2,-7.801766199767E-1,
2.743236075182E-1));
#908=CARTESIAN_POINT('',(1.519467903972E-2,-7.801766199767E-1,
2.743236075182E-1));
#909=CARTESIAN_POINT('',(1.651596444320E-2,-7.804627381292E-1,
2.735098872002E-1));
#910=CARTESIAN_POINT('',(1.783724211547E-2,-7.807475864535E-1,
2.726957100732E-1));
#911=CARTESIAN_POINT('',(1.915851205587E-2,-7.810311648449E-1,
2.718810760995E-1));
#913=CARTESIAN_POINT('',(1.915851205587E-2,-7.810311648449E-1,
2.718810760995E-1));
#914=CARTESIAN_POINT('',(2.003938622148E-2,-7.814565460772E-1,
2.706590859407E-1));
#915=CARTESIAN_POINT('',(2.092023718087E-2,-7.818790623135E-1,
2.694360892802E-1));
#916=CARTESIAN_POINT('',(2.180106493235E-2,-7.822987133441E-1,
2.682120860443E-1));
#918=CARTESIAN_POINT('',(2.180106493235E-2,-7.822987133441E-1,
2.682120860443E-1));
#919=CARTESIAN_POINT('',(2.224151875946E-2,-7.828582988753E-1,
2.665799334908E-1));
#920=CARTESIAN_POINT('',(2.268194423911E-2,-7.834127734493E-1,
2.649460388540E-1));
#921=CARTESIAN_POINT('',(2.312234137058E-2,-7.839621369372E-1,
2.633104020901E-1));
#923=CARTESIAN_POINT('',(2.312234137058E-2,0.E0,0.E0));
#924=DIRECTION('',(1.E0,0.E0,0.E0));
#925=DIRECTION('',(0.E0,-9.479590531284E-1,3.183922637124E-1));
#926=AXIS2_PLACEMENT_3D('',#923,#924,#925);
#928=CARTESIAN_POINT('',(2.312234137058E-2,-7.875934489258E-1,
2.522410735965E-1));
#929=CARTESIAN_POINT('',(2.268186114498E-2,-7.881200551408E-1,
2.505968068672E-1));
#930=CARTESIAN_POINT('',(2.224143566469E-2,-7.886415113732E-1,
2.489508938778E-1));
#931=CARTESIAN_POINT('',(2.180106493235E-2,-7.891578173732E-1,
2.473033345483E-1));
#933=CARTESIAN_POINT('',(2.180106493235E-2,-7.891578173732E-1,
2.473033345483E-1));
#934=CARTESIAN_POINT('',(2.092014638637E-2,-7.895451245447E-1,
2.460674171976E-1));
#935=CARTESIAN_POINT('',(2.003929542275E-2,-7.899295399428E-1,
2.448305529594E-1));
#936=CARTESIAN_POINT('',(1.915851205587E-2,-7.903110629518E-1,
2.435927416323E-1));
#938=CARTESIAN_POINT('',(1.915851205587E-2,-7.903110629518E-1,
2.435927416323E-1));
#939=CARTESIAN_POINT('',(1.783722930026E-2,-7.904382474157E-1,
2.431801049989E-1));
#940=CARTESIAN_POINT('',(1.651595162785E-2,-7.905651132148E-1,
2.427673541467E-1));
#941=CARTESIAN_POINT('',(1.519467903972E-2,-7.906916602803E-1,
2.423544890509E-1));
#943=CARTESIAN_POINT('',(1.519467903972E-2,0.E0,0.E0));
#944=DIRECTION('',(1.E0,0.E0,0.E0));
#945=DIRECTION('',(0.E0,-9.560963244019E-1,2.930525865186E-1));
#946=AXIS2_PLACEMENT_3D('',#943,#944,#945);
#948=CARTESIAN_POINT('',(2.180106493235E-2,-7.925659969523E-1,
2.361527905298E-1));
#949=CARTESIAN_POINT('',(1.959893244252E-2,-7.926893601925E-1,
2.357387640463E-1));
#950=CARTESIAN_POINT('',(1.739680381129E-2,-7.928124045500E-1,
2.353246223031E-1));
#951=CARTESIAN_POINT('',(1.519467903972E-2,-7.929351299377E-1,
2.349103652688E-1));
#953=CARTESIAN_POINT('',(2.708617068529E-2,-7.910703481119E-1,
2.411155414695E-1));
#954=CARTESIAN_POINT('',(2.532431610377E-2,-7.915740363797E-1,
2.394630023966E-1));
#955=CARTESIAN_POINT('',(2.356261415861E-2,-7.920725869193E-1,
2.378087523917E-1));
#956=CARTESIAN_POINT('',(2.180106493235E-2,-7.925659969523E-1,
2.361527905298E-1));
#958=CARTESIAN_POINT('',(2.972872356176E-2,-7.895441405143E-1,
2.460671659923E-1));
#959=CARTESIAN_POINT('',(2.884776284184E-2,-7.900580304109E-1,
2.444182716547E-1));
#960=CARTESIAN_POINT('',(2.796691187590E-2,-7.905667666108E-1,
2.427677302539E-1));
#961=CARTESIAN_POINT('',(2.708617068529E-2,-7.910703481119E-1,
2.411155414695E-1));
#963=CARTESIAN_POINT('',(3.105E-2,-7.875934489258E-1,2.522410735965E-1));
#964=CARTESIAN_POINT('',(3.060950324767E-2,-7.882517312039E-1,
2.501856636573E-1));
#965=CARTESIAN_POINT('',(3.016907776729E-2,-7.889019618419E-1,
2.481276944903E-1));
#966=CARTESIAN_POINT('',(2.972872356176E-2,-7.895441405143E-1,
2.460671659923E-1));
#968=CARTESIAN_POINT('',(3.105E-2,0.E0,0.E0));
#969=DIRECTION('',(1.E0,0.E0,0.E0));
#970=DIRECTION('',(0.E0,-9.479590531284E-1,3.183922637124E-1));
#971=AXIS2_PLACEMENT_3D('',#968,#969,#970);
#973=CARTESIAN_POINT('',(2.972872356176E-2,-7.818780999464E-1,
2.694357749523E-1));
#974=CARTESIAN_POINT('',(3.016918397868E-2,-7.825807638520E-1,
2.673967082416E-1));
#975=CARTESIAN_POINT('',(3.060960945832E-2,-7.832754429017E-1,
2.653549173056E-1));
#976=CARTESIAN_POINT('',(3.105E-2,-7.839621369372E-1,2.633104020901E-1));
#978=CARTESIAN_POINT('',(2.708617068529E-2,-7.801766199767E-1,
2.743236075182E-1));
#979=CARTESIAN_POINT('',(2.796705242920E-2,-7.807488729324E-1,
2.726961195276E-1));
#980=CARTESIAN_POINT('',(2.884790338858E-2,-7.813160330151E-1,
2.710668420383E-1));
#981=CARTESIAN_POINT('',(2.972872356176E-2,-7.818780999464E-1,
2.694357749523E-1));
#983=CARTESIAN_POINT('',(2.180106493235E-2,-7.784447046051E-1,
2.792003615190E-1));
#984=CARTESIAN_POINT('',(2.356278795540E-2,-7.790270887272E-1,
2.775766034642E-1));
#985=CARTESIAN_POINT('',(2.532448987357E-2,-7.796043939780E-1,
2.759510188430E-1));
#986=CARTESIAN_POINT('',(2.708617068529E-2,-7.801766199767E-1,
2.743236075182E-1));
#988=CARTESIAN_POINT('',(1.651595917940E-2,-7.775673350275E-1,
2.816345850535E-1));
#989=CARTESIAN_POINT('',(1.827766276430E-2,-7.778610597592E-1,
2.808236379292E-1));
#990=CARTESIAN_POINT('',(2.003936468196E-2,-7.781535162951E-1,
2.800122300880E-1));
#991=CARTESIAN_POINT('',(2.180106493235E-2,-7.784447046051E-1,
2.792003615190E-1));
#993=CARTESIAN_POINT('',(9.909573286772E-3,-7.771257973899E-1,
2.828506585303E-1));
#994=CARTESIAN_POINT('',(1.211170196741E-2,-7.772732935845E-1,
2.824454160664E-1));
#995=CARTESIAN_POINT('',(1.431383059829E-2,-7.774204727974E-1,
2.820400582409E-1));
#996=CARTESIAN_POINT('',(1.651595917940E-2,-7.775673350275E-1,
2.816345850535E-1));
#998=DIRECTION('',(1.E0,0.E0,0.E0));
#999=VECTOR('',#998,1.981914842427E-2);
#1000=CARTESIAN_POINT('',(-9.909575137496E-3,-7.771257973899E-1,
2.828506585303E-1));
#1001=LINE('',#1000,#999);
#1002=CARTESIAN_POINT('',(-9.909575137496E-3,-7.771257973899E-1,
2.828506585303E-1));
#1003=CARTESIAN_POINT('',(-1.211170258432E-2,-7.772732935845E-1,
2.824454160664E-1));
#1004=CARTESIAN_POINT('',(-1.431382998138E-2,-7.774204727974E-1,
2.820400582409E-1));
#1005=CARTESIAN_POINT('',(-1.651595732868E-2,-7.775673350275E-1,
2.816345850535E-1));
#1007=CARTESIAN_POINT('',(-1.651595732868E-2,-7.775673350275E-1,
2.816345850535E-1));
#1008=CARTESIAN_POINT('',(-1.827766122203E-2,-7.778610597592E-1,
2.808236379292E-1));
#1009=CARTESIAN_POINT('',(-2.003936344814E-2,-7.781535162951E-1,
2.800122300880E-1));
#1010=CARTESIAN_POINT('',(-2.180106400698E-2,-7.784447046051E-1,
2.792003615190E-1));
#1012=CARTESIAN_POINT('',(2.708617068529E-2,-8.256428386023E-1,
4.735929755310E-2));
#1013=CARTESIAN_POINT('',(2.796705585164E-2,-8.257416346783E-1,
4.563692672329E-2));
#1014=CARTESIAN_POINT('',(2.884790681116E-2,-8.258350412916E-1,
4.391424617749E-2));
#1015=CARTESIAN_POINT('',(2.972872356176E-2,-8.259230581149E-1,
4.219125589690E-2));
#1017=CARTESIAN_POINT('',(2.180106493235E-2,-8.253303071798E-1,
5.252508020427E-2));
#1018=CARTESIAN_POINT('',(2.356279217745E-2,-8.254398704720E-1,
5.080350442991E-2));
#1019=CARTESIAN_POINT('',(2.532449409586E-2,-8.255440477744E-1,
4.908157689007E-2));
#1020=CARTESIAN_POINT('',(2.708617068529E-2,-8.256428386023E-1,
4.735929755310E-2));
#1022=CARTESIAN_POINT('',(1.651595917940E-2,-8.252471263351E-1,
5.381617299323E-2));
#1023=CARTESIAN_POINT('',(1.827766152363E-2,-8.252751898038E-1,
5.338583215737E-2));
#1024=CARTESIAN_POINT('',(2.003936344128E-2,-8.253029167547E-1,
5.295546789457E-2));
#1025=CARTESIAN_POINT('',(2.180106493235E-2,-8.253303071798E-1,
5.252508020427E-2));
#1027=DIRECTION('',(1.E0,0.E0,0.E0));
#1028=VECTOR('',#1027,5.285109454393E-3);
#1029=CARTESIAN_POINT('',(1.123084972501E-2,-8.252471263351E-1,
5.381617299323E-2));
#1030=LINE('',#1029,#1028);
#1031=CARTESIAN_POINT('',(1.123084972501E-2,-8.252471263351E-1,
5.381617299323E-2));
#1032=CARTESIAN_POINT('',(9.469147380777E-3,-8.252751898038E-1,
5.338583215737E-2));
#1033=CARTESIAN_POINT('',(7.707445463125E-3,-8.253029167547E-1,
5.295546789457E-2));
#1034=CARTESIAN_POINT('',(5.945743972063E-3,-8.253303071798E-1,
5.252508020427E-2));
#1036=CARTESIAN_POINT('',(5.945743972063E-3,-8.253303071798E-1,
5.252508020427E-2));
#1037=CARTESIAN_POINT('',(4.184016726959E-3,-8.254398704720E-1,
5.080350442991E-2));
#1038=CARTESIAN_POINT('',(2.422314808551E-3,-8.255440477744E-1,
4.908157689007E-2));
#1039=CARTESIAN_POINT('',(6.606382191181E-4,-8.256428386023E-1,
4.735929755310E-2));
#1041=CARTESIAN_POINT('',(6.606382191181E-4,-8.256428386023E-1,
4.735929755310E-2));
#1042=CARTESIAN_POINT('',(-2.202469472314E-4,-8.257416346783E-1,
4.563692672329E-2));
#1043=CARTESIAN_POINT('',(-1.101097906748E-3,-8.258350412916E-1,
4.391424617749E-2));
#1044=CARTESIAN_POINT('',(-1.981914657354E-3,-8.259230581149E-1,
4.219125589690E-2));
#1046=CARTESIAN_POINT('',(-1.981914657354E-3,-8.259230581149E-1,
4.219125589690E-2));
#1047=CARTESIAN_POINT('',(-2.422368484468E-3,-8.260110840376E-1,
4.046808748907E-2));
#1048=CARTESIAN_POINT('',(-2.862793964118E-3,-8.260937168095E-1,
3.874465325411E-2));
#1049=CARTESIAN_POINT('',(-3.303191095591E-3,-8.261709562949E-1,
3.702095318533E-2));
#1051=CARTESIAN_POINT('',(-3.303191095591E-3,0.E0,0.E0));
#1052=DIRECTION('',(1.E0,0.E0,0.E0));
#1053=DIRECTION('',(0.E0,-9.989975287726E-1,4.476536056267E-2));
#1054=AXIS2_PLACEMENT_3D('',#1051,#1052,#1053);
#1056=CARTESIAN_POINT('',(-3.303191095591E-3,-8.264821708011E-1,
2.926126018972E-2));
#1057=CARTESIAN_POINT('',(-3.743665218944E-3,-8.265432484055E-1,
2.753612768417E-2));
#1058=CARTESIAN_POINT('',(-4.184090699055E-3,-8.265989245488E-1,
2.581080845629E-2));
#1059=CARTESIAN_POINT('',(-4.624467533827E-3,-8.266491989977E-1,
2.408530249803E-2));
#1061=CARTESIAN_POINT('',(-4.624467533827E-3,-8.266491989977E-1,
2.408530249803E-2));
#1062=CARTESIAN_POINT('',(-5.505379397883E-3,-8.266869116024E-1,
2.279094074160E-2));
#1063=CARTESIAN_POINT('',(-6.386230360605E-3,-8.267215851679E-1,
2.149645614211E-2));
#1064=CARTESIAN_POINT('',(-7.267020410299E-3,-8.267532191108E-1,
2.020184867599E-2));
#1066=CARTESIAN_POINT('',(-7.267020410299E-3,-8.267532191108E-1,
2.020184867599E-2));
#1067=CARTESIAN_POINT('',(-8.588326558341E-3,-8.267743103087E-1,
1.933869916613E-2));
#1068=CARTESIAN_POINT('',(-9.909603616486E-3,-8.267940508235E-1,
1.847547424289E-2));
#1069=CARTESIAN_POINT('',(-1.123085157573E-2,-8.268124402373E-1,
1.761217388294E-2));
#1071=DIRECTION('',(1.E0,0.E0,0.E0));
#1072=VECTOR('',#1071,3.963829314709E-3);
#1073=CARTESIAN_POINT('',(-1.519468089044E-2,-8.268124402373E-1,
1.761217388294E-2));
#1074=LINE('',#1073,#1072);
#1075=CARTESIAN_POINT('',(-1.915851020515E-2,-8.267532191108E-1,
2.020184867599E-2));
#1076=CARTESIAN_POINT('',(-1.783720467401E-2,-8.267743103087E-1,
1.933869916612E-2));
#1077=CARTESIAN_POINT('',(-1.651592823277E-2,-8.267940508235E-1,
1.847547424288E-2));
#1078=CARTESIAN_POINT('',(-1.519468089044E-2,-8.268124402373E-1,
1.761217388294E-2));
#1080=CARTESIAN_POINT('',(-2.180106400698E-2,-8.266491989977E-1,
2.408530249803E-2));
#1081=CARTESIAN_POINT('',(-2.092015183447E-2,-8.266869116024E-1,
2.279094074162E-2));
#1082=CARTESIAN_POINT('',(-2.003930056329E-2,-8.267215851679E-1,
2.149645614213E-2));
#1083=CARTESIAN_POINT('',(-1.915851020515E-2,-8.267532191108E-1,
2.020184867599E-2));
#1085=CARTESIAN_POINT('',(-2.312234044522E-2,-8.264821708011E-1,
2.926126018972E-2));
#1086=CARTESIAN_POINT('',(-2.268186632187E-2,-8.265432484055E-1,
2.753612768417E-2));
#1087=CARTESIAN_POINT('',(-2.224144084176E-2,-8.265989245488E-1,
2.581080845629E-2));
#1088=CARTESIAN_POINT('',(-2.180106400698E-2,-8.266491989977E-1,
2.408530249803E-2));
#1090=CARTESIAN_POINT('',(-2.312234044522E-2,0.E0,0.E0));
#1091=DIRECTION('',(1.E0,0.E0,0.E0));
#1092=DIRECTION('',(0.E0,-9.988525369718E-1,4.789164212085E-2));
#1093=AXIS2_PLACEMENT_3D('',#1090,#1091,#1092);
#1095=CARTESIAN_POINT('',(-2.180106400698E-2,-8.257869878228E-1,
4.477555965567E-2));
#1096=CARTESIAN_POINT('',(-2.224151378115E-2,-8.258803996123E-1,
4.305278408636E-2));
#1097=CARTESIAN_POINT('',(-2.268193926074E-2,-8.259684197354E-1,
4.132972688115E-2));
#1098=CARTESIAN_POINT('',(-2.312234044522E-2,-8.260510480757E-1,
3.960638803395E-2));
#1100=CARTESIAN_POINT('',(-1.783723376691E-2,-8.255677346647E-1,
4.865095559824E-2));
#1101=CARTESIAN_POINT('',(-1.915853069897E-2,-8.256438494286E-1,
4.735934904227E-2));
#1102=CARTESIAN_POINT('',(-2.047980744631E-2,-8.257169339112E-1,
4.606755040087E-2));
#1103=CARTESIAN_POINT('',(-2.180106400698E-2,-8.257869878228E-1,
4.477555965567E-2));
#1105=CARTESIAN_POINT('',(-1.387340445220E-2,-8.254906114180E-1,
4.994247151191E-2));
#1106=CARTESIAN_POINT('',(-1.519468190239E-2,-8.255166557361E-1,
4.951198941146E-2));
#1107=CARTESIAN_POINT('',(-1.651595834064E-2,-8.255423634898E-1,
4.908148410724E-2));
#1108=CARTESIAN_POINT('',(-1.783723376691E-2,-8.255677346647E-1,
4.865095559824E-2));
#1110=CARTESIAN_POINT('',(-1.387340445220E-2,0.E0,0.E0));
#1111=DIRECTION('',(1.E0,0.E0,0.E0));
#1112=DIRECTION('',(0.E0,-9.975640502598E-1,6.975647374413E-2));
#1113=AXIS2_PLACEMENT_3D('',#1110,#1111,#1112);
#1115=CARTESIAN_POINT('',(-1.387340445220E-2,-8.249854695649E-1,
5.768860378639E-2));
#1116=CARTESIAN_POINT('',(-1.563510643079E-2,-8.250155520461E-1,
5.725840426202E-2));
#1117=CARTESIAN_POINT('',(-1.739680834844E-2,-8.250452980267E-1,
5.682818122218E-2));
#1118=CARTESIAN_POINT('',(-1.915851020515E-2,-8.250747075055E-1,
5.639793466679E-2));
#1120=CARTESIAN_POINT('',(-1.915851020515E-2,-8.250747075055E-1,
5.639793466679E-2));
#1121=CARTESIAN_POINT('',(-2.136064325073E-2,-8.251629361528E-1,
5.510719191640E-2));
#1122=CARTESIAN_POINT('',(-2.356277111055E-2,-8.252481360855E-1,
5.381624043174E-2));
#1123=CARTESIAN_POINT('',(-2.576489378437E-2,-8.253303071798E-1,
5.252508020427E-2));
#1125=CARTESIAN_POINT('',(-2.576489378437E-2,-8.253303071798E-1,
5.252508020427E-2));
#1126=CARTESIAN_POINT('',(-2.708620854526E-2,-8.254672632790E-1,
5.037307931253E-2));
#1127=CARTESIAN_POINT('',(-2.84074851E-2,-8.255958020726E-1,4.822055232801E-2));
#1128=CARTESIAN_POINT('',(-2.972872344609E-2,-8.257159230122E-1,
4.606749921646E-2));
#1130=CARTESIAN_POINT('',(-2.972872344609E-2,-8.257159230122E-1,
4.606749921646E-2));
#1131=CARTESIAN_POINT('',(-3.016917872186E-2,-8.258360555333E-1,
4.391423851910E-2));
#1132=CARTESIAN_POINT('',(-3.060960424E-2,-8.259477639352E-1,
4.176053479409E-2));
#1133=CARTESIAN_POINT('',(-3.105E-2,-8.260510480757E-1,3.960638803395E-2));
#1135=CARTESIAN_POINT('',(-3.105E-2,0.E0,0.E0));
#1136=DIRECTION('',(1.E0,0.E0,0.E0));
#1137=DIRECTION('',(0.E0,-9.988525369718E-1,4.789164212085E-2));
#1138=AXIS2_PLACEMENT_3D('',#1135,#1136,#1137);
#1140=CARTESIAN_POINT('',(-3.105E-2,-8.264821708011E-1,2.926126018972E-2));
#1141=CARTESIAN_POINT('',(-3.060951100955E-2,-8.265585203605E-1,
2.710477242493E-2));
#1142=CARTESIAN_POINT('',(-3.016908549082E-2,-8.266264291569E-1,
2.494800593022E-2));
#1143=CARTESIAN_POINT('',(-2.972872344609E-2,-8.266858968862E-1,
2.279096069557E-2));
#1145=CARTESIAN_POINT('',(-2.972872344609E-2,-8.266858968862E-1,
2.279096069557E-2));
#1146=CARTESIAN_POINT('',(-2.884777295415E-2,-8.267334832904E-1,
2.106488123131E-2));
#1147=CARTESIAN_POINT('',(-2.796692187381E-2,-8.267756647249E-1,
1.933861897117E-2));
#1148=CARTESIAN_POINT('',(-2.708617022261E-2,-8.268124402373E-1,
1.761217388294E-2));
#1150=CARTESIAN_POINT('',(-2.708617022261E-2,-8.268124402373E-1,
1.761217388294E-2));
#1151=CARTESIAN_POINT('',(-2.532432831511E-2,-8.268492228467E-1,
1.588539561801E-2));
#1152=CARTESIAN_POINT('',(-2.356262622014E-2,-8.268805986817E-1,
1.415837650871E-2));
#1153=CARTESIAN_POINT('',(-2.180106400698E-2,-8.269065650629E-1,
1.243111643569E-2));
#1155=CARTESIAN_POINT('',(-2.180106400698E-2,-8.269065650629E-1,
1.243111643569E-2));
#1156=CARTESIAN_POINT('',(-2.003933160039E-2,-8.269195494882E-1,
1.156740427068E-2));
#1157=CARTESIAN_POINT('',(-1.827762936999E-2,-8.269311815760E-1,
1.070361235084E-2));
#1158=CARTESIAN_POINT('',(-1.651595732868E-2,-8.269414607480E-1,
9.839740642076E-3));
#1160=DIRECTION('',(1.E0,0.E0,0.E0));
#1161=VECTOR('',#1160,6.606382191181E-3);
#1162=CARTESIAN_POINT('',(-1.651595732868E-2,-8.269414607480E-1,
9.839740642076E-3));
#1163=LINE('',#1162,#1161);
#1164=CARTESIAN_POINT('',(-4.624467533827E-3,-8.269065650629E-1,
1.243111643569E-2));
#1165=CARTESIAN_POINT('',(-6.386200248870E-3,-8.269195494882E-1,
1.156740427069E-2));
#1166=CARTESIAN_POINT('',(-8.147902787728E-3,-8.269311815760E-1,
1.070361235085E-2));
#1167=CARTESIAN_POINT('',(-9.909575137496E-3,-8.269414607480E-1,
9.839740642076E-3));
#1169=CARTESIAN_POINT('',(6.606382191181E-4,-8.268124402373E-1,
1.761217388294E-2));
#1170=CARTESIAN_POINT('',(-1.101203534153E-3,-8.268492228467E-1,
1.588539561799E-2));
#1171=CARTESIAN_POINT('',(-2.862905474897E-3,-8.268805986817E-1,
1.415837650870E-2));
#1172=CARTESIAN_POINT('',(-4.624467533827E-3,-8.269065650629E-1,
1.243111643569E-2));
#1174=CARTESIAN_POINT('',(3.303191095591E-3,-8.266858968862E-1,
2.279096069557E-2));
#1175=CARTESIAN_POINT('',(2.422240719320E-3,-8.267334832904E-1,
2.106488123130E-2));
#1176=CARTESIAN_POINT('',(1.541389754656E-3,-8.267756647249E-1,
1.933861897116E-2));
#1177=CARTESIAN_POINT('',(6.606382191181E-4,-8.268124402373E-1,
1.761217388294E-2));
#1179=CARTESIAN_POINT('',(4.624467533827E-3,-8.264821708011E-1,
2.926126018972E-2));
#1180=CARTESIAN_POINT('',(4.183978581942E-3,-8.265585203605E-1,
2.710477242493E-2));
#1181=CARTESIAN_POINT('',(3.743553101768E-3,-8.266264291569E-1,
2.494800593022E-2));
#1182=CARTESIAN_POINT('',(3.303191095591E-3,-8.266858968862E-1,
2.279096069557E-2));
#1184=CARTESIAN_POINT('',(4.624467533827E-3,0.E0,0.E0));
#1185=DIRECTION('',(1.E0,0.E0,0.E0));
#1186=DIRECTION('',(0.E0,-9.989975287726E-1,4.476536056267E-2));
#1187=AXIS2_PLACEMENT_3D('',#1184,#1185,#1186);
#1189=CARTESIAN_POINT('',(5.945743972063E-3,-8.259880632671E-1,
4.089889167589E-2));
#1190=CARTESIAN_POINT('',(5.505297471950E-3,-8.260520613478E-1,
3.960639575291E-2));
#1191=CARTESIAN_POINT('',(5.064871992306E-3,-8.261130257239E-1,
3.831374959105E-2));
#1192=CARTESIAN_POINT('',(4.624467533827E-3,-8.261709562949E-1,
3.702095318533E-2));
#1194=CARTESIAN_POINT('',(8.588296848536E-3,-8.257869878228E-1,
4.477555965567E-2));
#1195=CARTESIAN_POINT('',(7.707420470978E-3,-8.258570448430E-1,
4.348351157995E-2));
#1196=CARTESIAN_POINT('',(6.826569511474E-3,-8.259240700722E-1,
4.219128892470E-2));
#1197=CARTESIAN_POINT('',(5.945743972063E-3,-8.259880632671E-1,
4.089889167589E-2));
#1199=CARTESIAN_POINT('',(1.255212616324E-2,-8.257159230122E-1,
4.606749921646E-2));
#1200=CARTESIAN_POINT('',(1.123084824568E-2,-8.257399479166E-1,
4.563687575194E-2));
#1201=CARTESIAN_POINT('',(9.909571807418E-3,-8.257636361939E-1,
4.520622923216E-2));
#1202=CARTESIAN_POINT('',(8.588296848536E-3,-8.257869878228E-1,
4.477555965567E-2));
#1204=DIRECTION('',(1.E0,0.E0,0.E0));
#1205=VECTOR('',#1204,2.642552876472E-3);
#1206=CARTESIAN_POINT('',(1.255212616324E-2,-8.257159230122E-1,
4.606749921646E-2));
#1207=LINE('',#1206,#1205);
#1208=CARTESIAN_POINT('',(1.519467903972E-2,-8.257159230122E-1,
4.606749921646E-2));
#1209=CARTESIAN_POINT('',(1.651595819109E-2,-8.257399479166E-1,
4.563687575194E-2));
#1210=CARTESIAN_POINT('',(1.783723586317E-2,-8.257636361939E-1,
4.520622923216E-2));
#1211=CARTESIAN_POINT('',(1.915851205587E-2,-8.257869878228E-1,
4.477555965567E-2));
#1213=CARTESIAN_POINT('',(1.915851205587E-2,-8.257869878228E-1,
4.477555965567E-2));
#1214=CARTESIAN_POINT('',(2.003938843343E-2,-8.258570448430E-1,
4.348351157995E-2));
#1215=CARTESIAN_POINT('',(2.092023939294E-2,-8.259240700722E-1,
4.219128892470E-2));
#1216=CARTESIAN_POINT('',(2.180106493235E-2,-8.259880632671E-1,
4.089889167589E-2));
#1218=CARTESIAN_POINT('',(2.180106493235E-2,-8.259880632671E-1,
4.089889167589E-2));
#1219=CARTESIAN_POINT('',(2.224151143246E-2,-8.260520613478E-1,
3.960639575291E-2));
#1220=CARTESIAN_POINT('',(2.268193691210E-2,-8.261130257239E-1,
3.831374959105E-2));
#1221=CARTESIAN_POINT('',(2.312234137058E-2,-8.261709562949E-1,
3.702095318533E-2));
#1223=CARTESIAN_POINT('',(2.312234137058E-2,0.E0,0.E0));
#1224=DIRECTION('',(1.E0,0.E0,0.E0));
#1225=DIRECTION('',(0.E0,-9.989975287726E-1,4.476536056267E-2));
#1226=AXIS2_PLACEMENT_3D('',#1223,#1224,#1225);
#1228=CARTESIAN_POINT('',(2.312234137058E-2,-8.264821708011E-1,
2.926126018972E-2));
#1229=CARTESIAN_POINT('',(2.268188179176E-2,-8.265279774645E-1,
2.796745430485E-2));
#1230=CARTESIAN_POINT('',(2.224145631174E-2,-8.265707462449E-1,
2.667353640029E-2));
#1231=CARTESIAN_POINT('',(2.180106493235E-2,-8.266104769789E-1,
2.537950647001E-2));
#1233=CARTESIAN_POINT('',(2.180106493235E-2,-8.266104769789E-1,
2.537950647001E-2));
#1234=CARTESIAN_POINT('',(2.092018647117E-2,-8.266369670382E-1,
2.451672529087E-2));
#1235=CARTESIAN_POINT('',(2.003933551056E-2,-8.266621070951E-1,
2.365387670377E-2));
#1236=CARTESIAN_POINT('',(1.915851205587E-2,-8.266858968862E-1,
2.279096069557E-2));
#1238=CARTESIAN_POINT('',(1.915851205587E-2,-8.266858968862E-1,
2.279096069557E-2));
#1239=CARTESIAN_POINT('',(1.827765534695E-2,-8.266977922138E-1,
2.235948701961E-2));
#1240=CARTESIAN_POINT('',(1.739680438781E-2,-8.267093500580E-1,
2.192799256638E-2));
#1241=CARTESIAN_POINT('',(1.651595917940E-2,-8.267205703636E-1,
2.149647733248E-2));
#1243=CARTESIAN_POINT('',(1.651595917940E-2,0.E0,0.E0));
#1244=DIRECTION('',(-1.E0,0.E0,0.E0));
#1245=DIRECTION('',(0.E0,-9.998622427202E-1,1.659805960255E-2));
#1246=AXIS2_PLACEMENT_3D('',#1243,#1244,#1245);
#1248=CARTESIAN_POINT('',(2.047978849411E-2,-8.268635568577E-1,
1.502192865713E-2));
#1249=CARTESIAN_POINT('',(1.915850681429E-2,-8.268714007225E-1,
1.459017278235E-2));
#1250=CARTESIAN_POINT('',(1.783723037566E-2,-8.268789067049E-1,
1.415839499537E-2));
#1251=CARTESIAN_POINT('',(1.651595917940E-2,-8.268860747296E-1,
1.372659529131E-2));
#1253=CARTESIAN_POINT('',(2.576489424706E-2,-8.267838425165E-1,
1.890708210431E-2));
#1254=CARTESIAN_POINT('',(2.400312067424E-2,-8.268134543869E-1,
1.761219081209E-2));
#1255=CARTESIAN_POINT('',(2.224141874581E-2,-8.268400262915E-1,
1.631713968709E-2));
#1256=CARTESIAN_POINT('',(2.047978849411E-2,-8.268635568577E-1,
1.502192865713E-2));
#1258=CARTESIAN_POINT('',(2.576489424706E-2,-8.267838425165E-1,
1.890708210431E-2));
#1259=CARTESIAN_POINT('',(2.708605625285E-2,-8.267443650572E-1,
2.063338367065E-2));
#1260=CARTESIAN_POINT('',(2.840733270269E-2,-8.266994833363E-1,
2.235945711209E-2));
#1261=CARTESIAN_POINT('',(2.972872356176E-2,-8.266491989977E-1,
2.408530249803E-2));
#1263=CARTESIAN_POINT('',(2.972872356176E-2,-8.266491989977E-1,
2.408530249803E-2));
#1264=CARTESIAN_POINT('',(3.016908816613E-2,-8.265863576773E-1,
2.624212519791E-2));
#1265=CARTESIAN_POINT('',(3.060951364624E-2,-8.265150767134E-1,
2.839865650580E-2));
#1266=CARTESIAN_POINT('',(3.105E-2,-8.264353563976E-1,3.055489643179E-2));
#1268=CARTESIAN_POINT('',(3.105E-2,0.E0,0.E0));
#1269=DIRECTION('',(-1.E0,0.E0,0.E0));
#1270=DIRECTION('',(0.E0,-9.993172386912E-1,3.694667041329E-2));
#1271=AXIS2_PLACEMENT_3D('',#1268,#1269,#1270);
#1273=CARTESIAN_POINT('',(2.972872356176E-2,-8.259230581149E-1,
4.219125589690E-2));
#1274=CARTESIAN_POINT('',(3.016917738888E-2,-8.260110840376E-1,
4.046808748907E-2));
#1275=CARTESIAN_POINT('',(3.060960286853E-2,-8.260937168095E-1,
3.874465325411E-2));
#1276=CARTESIAN_POINT('',(3.105E-2,-8.261709562949E-1,3.702095318533E-2));
#1278=DIRECTION('',(0.E0,-1.E0,0.E0));
#1279=VECTOR('',#1278,9.416902961211E-3);
#1280=CARTESIAN_POINT('',(3.105E-2,8.264169029612E-1,3.105E-2));
#1281=LINE('',#1280,#1279);
#1282=DIRECTION('',(0.E0,-1.E0,0.E0));
#1283=VECTOR('',#1282,8.379268959246E-3);
#1284=CARTESIAN_POINT('',(-3.105E-2,8.253792689592E-1,5.174999876618E-2));
#1285=LINE('',#1284,#1283);
#1286=DIRECTION('',(0.E0,-1.E0,0.E0));
#1287=VECTOR('',#1286,8.829340694732E-3);
#1288=CARTESIAN_POINT('',(-3.105E-2,8.258293406947E-1,4.398749876618E-2));
#1289=LINE('',#1288,#1287);
#1290=DIRECTION('',(0.E0,-1.E0,0.E0));
#1291=VECTOR('',#1290,9.088730006499E-3);
#1292=CARTESIAN_POINT('',(-1.519468089044E-2,8.260887300065E-1,3.88125E-2));
#1293=LINE('',#1292,#1291);
#1294=DIRECTION('',(0.E0,-1.E0,0.E0));
#1295=VECTOR('',#1294,9.898797375913E-3);
#1296=CARTESIAN_POINT('',(-1.519468089044E-2,8.268987973759E-1,
1.293749969155E-2));
#1297=LINE('',#1296,#1295);
#1298=DIRECTION('',(0.E0,-1.E0,0.E0));
#1299=VECTOR('',#1298,9.963568480347E-3);
#1300=CARTESIAN_POINT('',(-3.105E-2,8.269635684803E-1,7.7625E-3));
#1301=LINE('',#1300,#1299);
#1302=DIRECTION('',(0.E0,-1.E0,0.E0));
#1303=VECTOR('',#1302,1.E-2);
#1304=CARTESIAN_POINT('',(-3.105E-2,8.27E-1,0.E0));
#1305=LINE('',#1304,#1303);
#1306=DIRECTION('',(0.E0,-1.E0,0.E0));
#1307=VECTOR('',#1306,9.740896517440E-3);
#1308=CARTESIAN_POINT('',(3.105E-2,8.267408965174E-1,2.070000061691E-2));
#1309=LINE('',#1308,#1307);
#1310=DIRECTION('',(0.E0,0.E0,-1.E0));
#1311=VECTOR('',#1310,1.034999938309E-2);
#1312=CARTESIAN_POINT('',(3.105E-2,8.17E-1,3.105E-2));
#1313=LINE('',#1312,#1311);
#1314=DIRECTION('',(9.486833037051E-1,0.E0,-3.162277490531E-1));
#1315=VECTOR('',#1314,6.545914717532E-2);
#1316=CARTESIAN_POINT('',(-3.105E-2,8.17E-1,5.174999876618E-2));
#1317=LINE('',#1316,#1315);
#1318=DIRECTION('',(0.E0,0.E0,1.E0));
#1319=VECTOR('',#1318,7.7625E-3);
#1320=CARTESIAN_POINT('',(-3.105E-2,8.17E-1,4.398749876618E-2));
#1321=LINE('',#1320,#1319);
#1322=DIRECTION('',(-9.506452246141E-1,0.E0,3.102799653834E-1));
#1323=VECTOR('',#1322,1.667848183427E-2);
#1324=CARTESIAN_POINT('',(-1.519468089044E-2,8.17E-1,3.88125E-2));
#1325=LINE('',#1324,#1323);
#1326=DIRECTION('',(0.E0,0.E0,1.E0));
#1327=VECTOR('',#1326,2.587500030845E-2);
#1328=CARTESIAN_POINT('',(-1.519468089044E-2,8.17E-1,1.293749969155E-2));
#1329=LINE('',#1328,#1327);
#1330=DIRECTION('',(9.506452082487E-1,0.E0,3.102800155243E-1));
#1331=VECTOR('',#1330,1.667848212139E-2);
#1332=CARTESIAN_POINT('',(-3.105E-2,8.17E-1,7.7625E-3));
#1333=LINE('',#1332,#1331);
#1334=DIRECTION('',(0.E0,0.E0,1.E0));
#1335=VECTOR('',#1334,7.7625E-3);
#1336=CARTESIAN_POINT('',(-3.105E-2,8.17E-1,0.E0));
#1337=LINE('',#1336,#1335);
#1338=DIRECTION('',(-9.486832952232E-1,0.E0,-3.162277744987E-1));
#1339=VECTOR('',#1338,6.545914776057E-2);
#1340=CARTESIAN_POINT('',(3.105E-2,8.17E-1,2.070000061691E-2));
#1341=LINE('',#1340,#1339);
#1342=DIRECTION('',(-9.506451918075E-1,0.E0,3.102800658973E-1));
#1343=VECTOR('',#1342,3.752658688224E-2);
#1344=CARTESIAN_POINT('',(2.576489424706E-2,8.17E-1,2.587499938309E-2));
#1345=LINE('',#1344,#1343);
#1346=DIRECTION('',(9.506452136281E-1,0.E0,3.102799990428E-1));
#1347=VECTOR('',#1346,3.752658602088E-2);
#1348=CARTESIAN_POINT('',(-9.909575137496E-3,8.17E-1,1.423125030845E-2));
#1349=LINE('',#1348,#1347);
#1350=DIRECTION('',(0.E0,0.E0,-1.E0));
#1351=VECTOR('',#1350,2.328750092536E-2);
#1352=CARTESIAN_POINT('',(-9.909575137496E-3,8.17E-1,3.751875123382E-2));
#1353=LINE('',#1352,#1351);
#1354=DIRECTION('',(0.E0,-1.E0,-1.518655790443E-14));
#1355=VECTOR('',#1354,9.595115160334E-3);
#1356=CARTESIAN_POINT('',(2.576489424706E-2,8.265951151603E-1,
2.587499938309E-2));
#1357=LINE('',#1356,#1355);
#1358=CARTESIAN_POINT('',(5.945743972063E-3,-3.430895386616E-1,
7.524749620160E-1));
#1359=CARTESIAN_POINT('',(5.505356961541E-3,-3.419113468196E-1,
7.530121563626E-1));
#1360=CARTESIAN_POINT('',(5.064931481351E-3,-3.407319117166E-1,
7.535465751923E-1));
#1361=CARTESIAN_POINT('',(4.624467533827E-3,-3.395512334279E-1,
7.540782186734E-1));
#1363=CARTESIAN_POINT('',(4.624467533827E-3,0.E0,0.E0));
#1364=DIRECTION('',(1.E0,0.E0,0.E0));
#1365=DIRECTION('',(0.E0,-3.832929503489E-1,9.236268262739E-1));
#1366=AXIS2_PLACEMENT_3D('',#1363,#1364,#1365);
#1368=DIRECTION('',(1.E0,0.E0,0.E0));
#1369=VECTOR('',#1368,1.981915027499E-2);
#1370=CARTESIAN_POINT('',(4.624467533827E-3,-3.169832699386E-1,
7.638393853285E-1));
#1371=LINE('',#1370,#1369);
#1372=CARTESIAN_POINT('',(2.444361780882E-2,0.E0,0.E0));
#1373=DIRECTION('',(1.E0,0.E0,0.E0));
#1374=DIRECTION('',(0.E0,-3.832929503489E-1,9.236268262739E-1));
#1375=AXIS2_PLACEMENT_3D('',#1372,#1373,#1374);
#1377=CARTESIAN_POINT('',(2.444361780882E-2,-3.395512334279E-1,
7.540782186734E-1));
#1378=CARTESIAN_POINT('',(2.400315386129E-2,-3.407319117166E-1,
7.535465751923E-1));
#1379=CARTESIAN_POINT('',(2.356272838110E-2,-3.419113468196E-1,
7.530121563626E-1));
#1380=CARTESIAN_POINT('',(2.312234137058E-2,-3.430895386616E-1,
7.524749620160E-1));
#1382=CARTESIAN_POINT('',(2.312234137058E-2,-3.430895386616E-1,
7.524749620160E-1));
#1383=CARTESIAN_POINT('',(2.224145971743E-2,-3.438750962489E-1,
7.521167885168E-1));
#1384=CARTESIAN_POINT('',(2.136060875637E-2,-3.446601195212E-1,
7.517573727665E-1));
#1385=CARTESIAN_POINT('',(2.047978849411E-2,-3.454446083624E-1,
7.513967144947E-1));
#1387=CARTESIAN_POINT('',(2.047978849411E-2,-3.454446083624E-1,
7.513967144947E-1));
#1388=CARTESIAN_POINT('',(1.915850728794E-2,-3.458368673070E-1,
7.512163786815E-1));
#1389=CARTESIAN_POINT('',(1.783723084938E-2,-3.462289980542E-1,
7.510357297224E-1));
#1390=CARTESIAN_POINT('',(1.651595917940E-2,-3.466210005779E-1,
7.508547675539E-1));
#1392=DIRECTION('',(1.E0,0.E0,0.E0));
#1393=VECTOR('',#1392,3.963833016157E-3);
#1394=CARTESIAN_POINT('',(1.255212616324E-2,-3.466210005779E-1,
7.508547675539E-1));
#1395=LINE('',#1394,#1393);
#1396=CARTESIAN_POINT('',(1.255212616324E-2,-3.466210005779E-1,
7.508547675539E-1));
#1397=CARTESIAN_POINT('',(1.123085449326E-2,-3.462289980542E-1,
7.510357297224E-1));
#1398=CARTESIAN_POINT('',(9.909578054703E-3,-3.458368673070E-1,
7.512163786815E-1));
#1399=CARTESIAN_POINT('',(8.588296848536E-3,-3.454446083624E-1,
7.513967144947E-1));
#1401=CARTESIAN_POINT('',(5.945743972063E-3,-3.430895386616E-1,
7.524749620160E-1));
#1402=CARTESIAN_POINT('',(6.826625625220E-3,-3.438750962489E-1,
7.521167885168E-1));
#1403=CARTESIAN_POINT('',(7.707476586271E-3,-3.446601195212E-1,
7.517573727665E-1));
#1404=CARTESIAN_POINT('',(8.588296848535E-3,-3.454446083624E-1,
7.513967144947E-1));
#1406=CARTESIAN_POINT('',(2.576489424705E-2,-1.121359705614E-1,
8.193622667088E-1));
#1407=CARTESIAN_POINT('',(1.387309473675E-2,-1.159833597756E-1,
8.188357221739E-1));
#1408=CARTESIAN_POINT('',(1.981604790617E-3,-1.198277885944E-1,
8.182819779691E-1));
#1409=CARTESIAN_POINT('',(-9.909575137496E-3,-1.236692526776E-1,
8.177009942162E-1));
#1411=CARTESIAN_POINT('',(-9.909575137496E-3,0.E0,0.E0));
#1412=DIRECTION('',(1.E0,0.E0,0.E0));
#1413=DIRECTION('',(0.E0,-1.216269999222E-1,9.925758776486E-1));
#1414=AXIS2_PLACEMENT_3D('',#1411,#1412,#1413);
#1416=CARTESIAN_POINT('',(-9.909575137496E-3,-1.005855289356E-1,
8.208602508154E-1));
#1417=CARTESIAN_POINT('',(1.982110288486E-3,-1.044385976696E-1,
8.203881083816E-1));
#1418=CARTESIAN_POINT('',(1.387360014374E-2,-1.082887457803E-1,
8.198887887399E-1));
#1419=CARTESIAN_POINT('',(2.576489424706E-2,-1.121359705614E-1,
8.193622667088E-1));
#1421=DIRECTION('',(1.E0,0.E0,0.E0));
#1422=VECTOR('',#1421,3.963829314709E-3);
#1423=CARTESIAN_POINT('',(-1.519468089044E-2,3.260591148993E-1,
7.600095088820E-1));
#1424=LINE('',#1423,#1422);
#1425=CARTESIAN_POINT('',(-1.915851020515E-2,3.272490200005E-1,
7.594979123794E-1));
#1426=CARTESIAN_POINT('',(-1.783722899898E-2,3.268525319086E-1,
7.596687493724E-1));
#1427=CARTESIAN_POINT('',(-1.651595256042E-2,3.264558968848E-1,
7.598392815605E-1));
#1428=CARTESIAN_POINT('',(-1.519468089044E-2,3.260591148993E-1,
7.600095088820E-1));
#1430=CARTESIAN_POINT('',(-2.180106400698E-2,3.296261632835E-1,
7.584692429354E-1));
#1431=CARTESIAN_POINT('',(-2.092018204537E-2,3.288343478762E-1,
7.588133611408E-1));
#1432=CARTESIAN_POINT('',(-2.003933077587E-2,3.280419668229E-1,
7.591562510446E-1));
#1433=CARTESIAN_POINT('',(-1.915851020515E-2,3.272490200005E-1,
7.594979123794E-1));
#1435=CARTESIAN_POINT('',(-2.312234044522E-2,3.331852034988E-1,
7.569125578093E-1));
#1436=CARTESIAN_POINT('',(-2.268187649770E-2,3.320000874176E-1,
7.574342338452E-1));
#1437=CARTESIAN_POINT('',(-2.224145101751E-2,3.308137407040E-1,
7.579531289435E-1));
#1438=CARTESIAN_POINT('',(-2.180106400698E-2,3.296261632835E-1,
7.584692429354E-1));
#1440=CARTESIAN_POINT('',(-2.312234044522E-2,0.E0,0.E0));
#1441=DIRECTION('',(1.E0,0.E0,0.E0));
#1442=DIRECTION('',(0.E0,4.299154523375E-1,9.028691510077E-1));
#1443=AXIS2_PLACEMENT_3D('',#1440,#1441,#1442);
#1445=DIRECTION('',(1.E0,0.E0,0.E0));
#1446=VECTOR('',#1445,1.981914934963E-2);
#1447=CARTESIAN_POINT('',(-2.312234044522E-2,3.555400790831E-1,
7.466727878834E-1));
#1448=LINE('',#1447,#1446);
#1449=CARTESIAN_POINT('',(-3.303191095591E-3,0.E0,0.E0));
#1450=DIRECTION('',(1.E0,0.E0,0.E0));
#1451=DIRECTION('',(0.E0,4.299154523375E-1,9.028691510077E-1));
#1452=AXIS2_PLACEMENT_3D('',#1449,#1450,#1451);
#1454=CARTESIAN_POINT('',(-3.303191095591E-3,3.331852034988E-1,
7.569125578093E-1));
#1455=CARTESIAN_POINT('',(-3.743655043115E-3,3.320000874176E-1,
7.574342338452E-1));
#1456=CARTESIAN_POINT('',(-4.184080523305E-3,3.308137407040E-1,
7.579531289435E-1));
#1457=CARTESIAN_POINT('',(-4.624467533827E-3,3.296261632835E-1,
7.584692429354E-1));
#1459=CARTESIAN_POINT('',(-4.624467533827E-3,3.296261632835E-1,
7.584692429354E-1));
#1460=CARTESIAN_POINT('',(-5.505349186984E-3,3.288343478762E-1,
7.588133611408E-1));
#1461=CARTESIAN_POINT('',(-6.386200148035E-3,3.280419668229E-1,
7.591562510446E-1));
#1462=CARTESIAN_POINT('',(-7.267020410299E-3,3.272490200005E-1,
7.594979123794E-1));
#1464=CARTESIAN_POINT('',(-7.267020410299E-3,3.272490200005E-1,
7.594979123794E-1));
#1465=CARTESIAN_POINT('',(-8.588302233373E-3,3.268525319086E-1,
7.596687493724E-1));
#1466=CARTESIAN_POINT('',(-9.909579288839E-3,3.264558968848E-1,
7.598392815605E-1));
#1467=CARTESIAN_POINT('',(-1.123085157573E-2,3.260591148993E-1,
7.600095088820E-1));
#1469=DIRECTION('',(1.E0,0.E0,0.E0));
#1470=VECTOR('',#1469,1.849787383676E-2);
#1471=CARTESIAN_POINT('',(4.624467533827E-3,3.555400790831E-1,
7.466727878834E-1));
#1472=LINE('',#1471,#1470);
#1473=CARTESIAN_POINT('',(2.312234137058E-2,0.E0,0.E0));
#1474=DIRECTION('',(1.E0,0.E0,0.E0));
#1475=DIRECTION('',(0.E0,4.299154523375E-1,9.028691510077E-1));
#1476=AXIS2_PLACEMENT_3D('',#1473,#1474,#1475);
#1478=CARTESIAN_POINT('',(2.312234137058E-2,3.331852034988E-1,
7.569125578093E-1));
#1479=CARTESIAN_POINT('',(2.268187742306E-2,3.320000874176E-1,
7.574342338452E-1));
#1480=CARTESIAN_POINT('',(2.224145194287E-2,3.308137407040E-1,
7.579531289435E-1));
#1481=CARTESIAN_POINT('',(2.180106493235E-2,3.296261632835E-1,
7.584692429354E-1));
#1483=CARTESIAN_POINT('',(2.180106493235E-2,3.296261632835E-1,
7.584692429354E-1));
#1484=CARTESIAN_POINT('',(2.092018327919E-2,3.288343478762E-1,
7.588133611408E-1));
#1485=CARTESIAN_POINT('',(2.003933231814E-2,3.280419668229E-1,
7.591562510446E-1));
#1486=CARTESIAN_POINT('',(1.915851205587E-2,3.272490200005E-1,
7.594979123794E-1));
#1488=CARTESIAN_POINT('',(1.915851205587E-2,3.272490200005E-1,
7.594979123794E-1));
#1489=CARTESIAN_POINT('',(1.783722961589E-2,3.268525319086E-1,
7.596687493724E-1));
#1490=CARTESIAN_POINT('',(1.651595194352E-2,3.264558968848E-1,
7.598392815605E-1));
#1491=CARTESIAN_POINT('',(1.519467903972E-2,3.260591148993E-1,
7.600095088820E-1));
#1493=DIRECTION('',(1.E0,0.E0,0.E0));
#1494=VECTOR('',#1493,2.642552876472E-3);
#1495=CARTESIAN_POINT('',(1.255212616324E-2,3.260591148993E-1,
7.600095088820E-1));
#1496=LINE('',#1495,#1494);
#1497=CARTESIAN_POINT('',(8.588296848536E-3,3.272490200005E-1,
7.594979123794E-1));
#1498=CARTESIAN_POINT('',(9.909578054703E-3,3.268525319086E-1,
7.596687493724E-1));
#1499=CARTESIAN_POINT('',(1.123085449326E-2,3.264558968848E-1,
7.598392815605E-1));
#1500=CARTESIAN_POINT('',(1.255212616324E-2,3.260591148993E-1,
7.600095088820E-1));
#1502=CARTESIAN_POINT('',(5.945743972063E-3,3.296261632835E-1,
7.584692429354E-1));
#1503=CARTESIAN_POINT('',(6.826625625220E-3,3.288343478762E-1,
7.588133611408E-1));
#1504=CARTESIAN_POINT('',(7.707476586271E-3,3.280419668229E-1,
7.591562510446E-1));
#1505=CARTESIAN_POINT('',(8.588296848536E-3,3.272490200005E-1,
7.594979123794E-1));
#1507=CARTESIAN_POINT('',(5.945743972063E-3,3.296261632835E-1,
7.584692429354E-1));
#1508=CARTESIAN_POINT('',(5.505356961541E-3,3.308137407040E-1,
7.579531289435E-1));
#1509=CARTESIAN_POINT('',(5.064931481351E-3,3.320000874176E-1,
7.574342338452E-1));
#1510=CARTESIAN_POINT('',(4.624467533827E-3,3.331852034988E-1,
7.569125578093E-1));
#1512=CARTESIAN_POINT('',(4.624467533827E-3,0.E0,0.E0));
#1513=DIRECTION('',(1.E0,0.E0,0.E0));
#1514=DIRECTION('',(0.E0,4.299154523375E-1,9.028691510077E-1));
#1515=AXIS2_PLACEMENT_3D('',#1512,#1513,#1514);
#1517=CARTESIAN_POINT('',(2.576489424705E-2,8.265951151603E-1,
2.587499938309E-2));
#1518=CARTESIAN_POINT('',(1.387309473675E-2,8.264736167736E-1,
2.975635108769E-2));
#1519=CARTESIAN_POINT('',(1.981604790617E-3,8.263247582740E-1,
3.363760175398E-2));
#1520=CARTESIAN_POINT('',(-9.909575137496E-3,8.261484995483E-1,
3.751875123382E-2));
#1522=CARTESIAN_POINT('',(-9.909575137496E-3,0.E0,0.E0));
#1523=DIRECTION('',(1.E0,0.E0,0.E0));
#1524=DIRECTION('',(0.E0,9.998519265297E-1,1.720828332340E-2));
#1525=AXIS2_PLACEMENT_3D('',#1522,#1523,#1524);
#1527=CARTESIAN_POINT('',(-9.909575137496E-3,8.268775432400E-1,
1.423125030845E-2));
#1528=CARTESIAN_POINT('',(1.982110288486E-3,8.268107426055E-1,
1.811256385182E-2));
#1529=CARTESIAN_POINT('',(1.387360014374E-2,8.267166083543E-1,
2.199381356308E-2));
#1530=CARTESIAN_POINT('',(2.576489424705E-2,8.265951151603E-1,
2.587499938309E-2));
#1532=DIRECTION('',(-1.E0,0.E0,0.E0));
#1533=VECTOR('',#1532,1.5525E-1);
#1534=CARTESIAN_POINT('',(1.242E-1,8.27E-1,0.E0));
#1535=LINE('',#1534,#1533);
#1536=DIRECTION('',(-1.E0,0.E0,0.E0));
#1537=VECTOR('',#1536,9.315E-2);
#1538=CARTESIAN_POINT('',(-3.105E-2,8.27E-1,0.E0));
#1539=LINE('',#1538,#1537);
#1540=DIRECTION('',(-1.E0,0.E0,0.E0));
#1541=VECTOR('',#1540,2.484E-1);
#1542=CARTESIAN_POINT('',(1.242E-1,-8.27E-1,0.E0));
#1543=LINE('',#1542,#1541);
#1544=CARTESIAN_POINT('',(1.242E-1,0.E0,0.E0));
#1545=DIRECTION('',(-1.E0,0.E0,0.E0));
#1546=DIRECTION('',(0.E0,1.E0,0.E0));
#1547=AXIS2_PLACEMENT_3D('',#1544,#1545,#1546);
#1549=DIRECTION('',(0.E0,3.746065934159E-1,-9.271838545668E-1));
#1550=VECTOR('',#1549,9.206239061646E-3);
#1551=CARTESIAN_POINT('',(5.945743972063E-3,-3.430895386616E-1,
7.524749620160E-1));
#1552=LINE('',#1551,#1550);
#1553=DIRECTION('',(0.E0,3.746065934159E-1,-9.271838545668E-1));
#1554=VECTOR('',#1553,9.088730006499E-3);
#1555=CARTESIAN_POINT('',(8.588296848536E-3,-3.454446083624E-1,
7.513967144947E-1));
#1556=LINE('',#1555,#1554);
#1557=DIRECTION('',(0.E0,3.746065934159E-1,-9.271838545668E-1));
#1558=VECTOR('',#1557,9.026929833347E-3);
#1559=CARTESIAN_POINT('',(1.255212616324E-2,-3.466210005779E-1,
7.508547675539E-1));
#1560=LINE('',#1559,#1558);
#1561=DIRECTION('',(0.E0,3.746065934159E-1,-9.271838545668E-1));
#1562=VECTOR('',#1561,9.026929833347E-3);
#1563=CARTESIAN_POINT('',(1.651595917940E-2,-3.466210005779E-1,
7.508547675539E-1));
#1564=LINE('',#1563,#1562);
#1565=DIRECTION('',(0.E0,3.746065934159E-1,-9.271838545668E-1));
#1566=VECTOR('',#1565,9.088730006499E-3);
#1567=CARTESIAN_POINT('',(2.047978849411E-2,-3.454446083624E-1,
7.513967144947E-1));
#1568=LINE('',#1567,#1566);
#1569=DIRECTION('',(0.E0,3.746065934159E-1,-9.271838545668E-1));
#1570=VECTOR('',#1569,9.206239061646E-3);
#1571=CARTESIAN_POINT('',(2.312234137058E-2,-3.430895386616E-1,
7.524749620160E-1));
#1572=LINE('',#1571,#1570);
#1573=DIRECTION('',(0.E0,3.746065934159E-1,-9.271838545668E-1));
#1574=VECTOR('',#1573,9.367280279024E-3);
#1575=CARTESIAN_POINT('',(2.444361780882E-2,-3.395512334279E-1,
7.540782186734E-1));
#1576=LINE('',#1575,#1574);
#1577=DIRECTION('',(0.E0,3.746065934159E-1,-9.271838545668E-1));
#1578=VECTOR('',#1577,9.963568480347E-3);
#1579=CARTESIAN_POINT('',(2.444361780882E-2,-3.169832699386E-1,
7.638393853285E-1));
#1580=LINE('',#1579,#1578);
#1581=DIRECTION('',(0.E0,3.746065934159E-1,-9.271838545668E-1));
#1582=VECTOR('',#1581,9.963568480347E-3);
#1583=CARTESIAN_POINT('',(4.624467533827E-3,-3.169832699386E-1,
7.638393853285E-1));
#1584=LINE('',#1583,#1582);
#1585=DIRECTION('',(0.E0,3.746065934159E-1,-9.271838545668E-1));
#1586=VECTOR('',#1585,9.367280279024E-3);
#1587=CARTESIAN_POINT('',(4.624467533827E-3,-3.395512334279E-1,
7.540782186734E-1));
#1588=LINE('',#1587,#1586);
#1589=DIRECTION('',(0.E0,-9.271838545668E-1,-3.746065934159E-1));
#1590=VECTOR('',#1589,2.199374938309E-2);
#1591=CARTESIAN_POINT('',(-3.303191095591E-3,-3.132508514919E-1,
7.546013254997E-1));
#1592=LINE('',#1591,#1590);
#1593=DIRECTION('',(1.E0,0.E0,0.E0));
#1594=VECTOR('',#1593,2.774680890441E-2);
#1595=CARTESIAN_POINT('',(-3.105E-2,-3.132508514919E-1,7.546013254997E-1));
#1596=LINE('',#1595,#1594);
#1597=DIRECTION('',(0.E0,-9.271838545668E-1,-3.746065934159E-1));
#1598=VECTOR('',#1597,7.7625E-3);
#1599=CARTESIAN_POINT('',(-3.105E-2,-3.060535868208E-1,7.575092091811E-1));
#1600=LINE('',#1599,#1598);
#1601=DIRECTION('',(-1.E0,0.E0,0.E0));
#1602=VECTOR('',#1601,6.21E-2);
#1603=CARTESIAN_POINT('',(3.105E-2,-3.060535868208E-1,7.575092091811E-1));
#1604=LINE('',#1603,#1602);
#1605=DIRECTION('',(0.E0,9.271838545668E-1,3.746065934159E-1));
#1606=VECTOR('',#1605,3.105E-2);
#1607=CARTESIAN_POINT('',(3.105E-2,-3.348426455051E-1,7.458776744555E-1));
#1608=LINE('',#1607,#1606);
#1609=DIRECTION('',(2.001233184181E-1,9.084275897595E-1,3.670285705351E-1));
#1610=VECTOR('',#1609,6.602311258282E-3);
#1611=CARTESIAN_POINT('',(2.972872356176E-2,-3.408403672083E-1,
7.434544375921E-1));
#1612=LINE('',#1611,#1610);
#1613=DIRECTION('',(6.080769234738E-1,7.360709670212E-1,2.973919747524E-1));
#1614=VECTOR('',#1613,6.518631379833E-3);
#1615=CARTESIAN_POINT('',(2.576489424706E-2,-3.456385425117E-1,
7.415158489334E-1));
#1616=LINE('',#1615,#1614);
#1617=DIRECTION('',(8.060043958311E-1,5.488089769645E-1,2.217332196674E-1));
#1618=VECTOR('',#1617,6.557167405390E-3);
#1619=CARTESIAN_POINT('',(2.047978849411E-2,-3.492371748472E-1,
7.400619070927E-1));
#1620=LINE('',#1619,#1618);
#1621=DIRECTION('',(9.506452793929E-1,2.876864186872E-1,1.162328579662E-1));
#1622=VECTOR('',#1621,4.169619731600E-3);
#1623=CARTESIAN_POINT('',(1.651595917940E-2,-3.504367178151E-1,
7.395772602747E-1));
#1624=LINE('',#1623,#1622);
#1625=DIRECTION('',(1.E0,0.E0,-2.100662312116E-14));
#1626=VECTOR('',#1625,5.285109454393E-3);
#1627=CARTESIAN_POINT('',(1.123084972501E-2,-3.504367178151E-1,
7.395772602747E-1));
#1628=LINE('',#1627,#1626);
#1629=DIRECTION('',(9.506452793929E-1,-2.876864186872E-1,-1.162328579662E-1));
#1630=VECTOR('',#1629,4.169619731600E-3);
#1631=CARTESIAN_POINT('',(7.267020410299E-3,-3.492371748472E-1,
7.400619070927E-1));
#1632=LINE('',#1631,#1630);
#1633=DIRECTION('',(8.060043958311E-1,-5.488089769645E-1,-2.217332196674E-1));
#1634=VECTOR('',#1633,6.557167405390E-3);
#1635=CARTESIAN_POINT('',(1.981914657354E-3,-3.456385425117E-1,
7.415158489334E-1));
#1636=LINE('',#1635,#1634);
#1637=DIRECTION('',(4.547771995497E-1,-8.257548020556E-1,-3.336265961398E-1));
#1638=VECTOR('',#1637,5.810653830246E-3);
#1639=CARTESIAN_POINT('',(-6.606382191182E-4,-3.408403672083E-1,
7.434544375921E-1));
#1640=LINE('',#1639,#1638);
#1641=DIRECTION('',(9.338026452366E-1,3.317357322331E-1,1.340299358688E-1));
#1642=VECTOR('',#1641,3.254366641164E-2);
#1643=CARTESIAN_POINT('',(-3.105E-2,-3.516362642149E-1,7.390926120701E-1));
#1644=LINE('',#1643,#1642);
#1645=DIRECTION('',(0.E0,-9.271838545668E-1,-3.746065934159E-1));
#1646=VECTOR('',#1645,9.056252467632E-3);
#1647=CARTESIAN_POINT('',(-3.105E-2,-3.432394531440E-1,7.424851439561E-1));
#1648=LINE('',#1647,#1646);
#1649=DIRECTION('',(-9.369389475526E-1,-3.240443352107E-1,-1.309224097585E-1));
#1650=VECTOR('',#1649,2.961431902995E-2);
#1651=CARTESIAN_POINT('',(-3.303191095591E-3,-3.336431008213E-1,
7.463623219668E-1));
#1652=LINE('',#1651,#1650);
#1653=DIRECTION('',(0.E0,9.271838545668E-1,3.746065934159E-1));
#1654=VECTOR('',#1653,2.458124876618E-2);
#1655=CARTESIAN_POINT('',(4.624467533827E-3,-3.360421884730E-1,
7.453930276375E-1));
#1656=LINE('',#1655,#1654);
#1657=DIRECTION('',(-3.222637633772E-1,8.777185196833E-1,3.546213008532E-1));
#1658=VECTOR('',#1657,4.099984510792E-3);
#1659=CARTESIAN_POINT('',(5.945743972063E-3,-3.396408208085E-1,
7.439390857968E-1));
#1660=LINE('',#1659,#1658);
#1661=DIRECTION('',(-7.145102180353E-1,6.486810093523E-1,2.620841399796E-1));
#1662=VECTOR('',#1661,3.698411596882E-3);
#1663=CARTESIAN_POINT('',(8.588296848535E-3,-3.420399101762E-1,
7.429697907741E-1));
#1664=LINE('',#1663,#1662);
#1665=DIRECTION('',(-9.506452793929E-1,2.876864186872E-1,1.162328579662E-1));
#1666=VECTOR('',#1665,4.169619731600E-3);
#1667=CARTESIAN_POINT('',(1.255212616324E-2,-3.432394531440E-1,
7.424851439561E-1));
#1668=LINE('',#1667,#1666);
#1669=DIRECTION('',(-1.E0,0.E0,0.E0));
#1670=VECTOR('',#1669,3.963833016157E-3);
#1671=CARTESIAN_POINT('',(1.651595917940E-2,-3.432394531440E-1,
7.424851439561E-1));
#1672=LINE('',#1671,#1670);
#1673=DIRECTION('',(-9.506452793929E-1,-2.876864186872E-1,-1.162328579662E-1));
#1674=VECTOR('',#1673,4.169619731600E-3);
#1675=CARTESIAN_POINT('',(2.047978849411E-2,-3.420399101762E-1,
7.429697907741E-1));
#1676=LINE('',#1675,#1674);
#1677=DIRECTION('',(-7.145102180353E-1,-6.486810093524E-1,-2.620841399796E-1));
#1678=VECTOR('',#1677,3.698411596882E-3);
#1679=CARTESIAN_POINT('',(2.312234137058E-2,-3.396408208085E-1,
7.439390857968E-1));
#1680=LINE('',#1679,#1678);
#1681=DIRECTION('',(-3.222637633772E-1,-8.777185196833E-1,-3.546213008533E-1));
#1682=VECTOR('',#1681,4.099984510792E-3);
#1683=CARTESIAN_POINT('',(2.444361780882E-2,-3.360421884730E-1,
7.453930276375E-1));
#1684=LINE('',#1683,#1682);
#1685=DIRECTION('',(0.E0,-9.271838545668E-1,-3.746065934159E-1));
#1686=VECTOR('',#1685,2.458124876618E-2);
#1687=CARTESIAN_POINT('',(2.444361780882E-2,-3.132508514919E-1,
7.546013254997E-1));
#1688=LINE('',#1687,#1686);
#1689=DIRECTION('',(1.E0,0.E0,0.E0));
#1690=VECTOR('',#1689,1.981915027499E-2);
#1691=CARTESIAN_POINT('',(4.624467533827E-3,-3.132508514919E-1,
7.546013254997E-1));
#1692=LINE('',#1691,#1690);
#1693=DIRECTION('',(0.E0,3.746065934159E-1,-9.271838545668E-1));
#1694=VECTOR('',#1693,9.963568480347E-3);
#1695=CARTESIAN_POINT('',(-3.303191095591E-3,-3.169832699386E-1,
7.638393853285E-1));
#1696=LINE('',#1695,#1694);
#1697=DIRECTION('',(0.E0,3.746065934159E-1,-9.271838545668E-1));
#1698=VECTOR('',#1697,9.963568480347E-3);
#1699=CARTESIAN_POINT('',(-3.105E-2,-3.169832699386E-1,7.638393853285E-1));
#1700=LINE('',#1699,#1698);
#1701=DIRECTION('',(0.E0,3.746065934159E-1,-9.271838545668E-1));
#1702=VECTOR('',#1701,1.E-2);
#1703=CARTESIAN_POINT('',(-3.105E-2,-3.097996527550E-1,7.667810477267E-1));
#1704=LINE('',#1703,#1702);
#1705=DIRECTION('',(0.E0,3.746065934159E-1,-9.271838545668E-1));
#1706=VECTOR('',#1705,1.E-2);
#1707=CARTESIAN_POINT('',(3.105E-2,-3.097996527550E-1,7.667810477267E-1));
#1708=LINE('',#1707,#1706);
#1709=DIRECTION('',(0.E0,3.746065934159E-1,-9.271838545668E-1));
#1710=VECTOR('',#1709,9.416902961211E-3);
#1711=CARTESIAN_POINT('',(3.105E-2,-3.383702794439E-1,7.546088748412E-1));
#1712=LINE('',#1711,#1710);
#1713=DIRECTION('',(0.E0,3.746065934159E-1,-9.271838545668E-1));
#1714=VECTOR('',#1713,9.148499548268E-3);
#1715=CARTESIAN_POINT('',(2.972872356176E-2,-3.442674554589E-1,
7.519367786668E-1));
#1716=LINE('',#1715,#1714);
#1717=DIRECTION('',(-1.052855879080E-14,3.746065934159E-1,-9.271838545668E-1));
#1718=VECTOR('',#1717,8.897235563201E-3);
#1719=CARTESIAN_POINT('',(2.576489424706E-2,-3.489715056169E-1,
7.497652220979E-1));
#1720=LINE('',#1719,#1718);
#1721=DIRECTION('',(1.517579321585E-14,3.746065934159E-1,-9.271838545668E-1));
#1722=VECTOR('',#1721,8.687452596320E-3);
#1723=CARTESIAN_POINT('',(2.047978849411E-2,-3.524915518698E-1,
7.481167728773E-1));
#1724=LINE('',#1723,#1722);
#1725=DIRECTION('',(-1.208381143310E-14,3.746065934159E-1,-9.271838545668E-1));
#1726=VECTOR('',#1725,8.613458521335E-3);
#1727=CARTESIAN_POINT('',(1.651595917940E-2,-3.536633761693E-1,
7.475635199476E-1));
#1728=LINE('',#1727,#1726);
#1729=DIRECTION('',(0.E0,3.746065934159E-1,-9.271838545668E-1));
#1730=VECTOR('',#1729,8.613458521335E-3);
#1731=CARTESIAN_POINT('',(1.123084972501E-2,-3.536633761693E-1,
7.475635199476E-1));
#1732=LINE('',#1731,#1730);
#1733=DIRECTION('',(-1.597451917458E-14,3.746065934159E-1,-9.271838545668E-1));
#1734=VECTOR('',#1733,8.687452596320E-3);
#1735=CARTESIAN_POINT('',(7.267020410299E-3,-3.524915518698E-1,
7.481167728773E-1));
#1736=LINE('',#1735,#1734);
#1737=DIRECTION('',(0.E0,3.746065934159E-1,-9.271838545668E-1));
#1738=VECTOR('',#1737,8.897235563201E-3);
#1739=CARTESIAN_POINT('',(1.981914657354E-3,-3.489715056169E-1,
7.497652220979E-1));
#1740=LINE('',#1739,#1738);
#1741=DIRECTION('',(0.E0,3.746065934159E-1,-9.271838545668E-1));
#1742=VECTOR('',#1741,9.148499548268E-3);
#1743=CARTESIAN_POINT('',(-6.606382191181E-4,-3.442674554589E-1,
7.519367786668E-1));
#1744=LINE('',#1743,#1742);
#1745=DIRECTION('',(0.E0,3.746065934159E-1,-9.271838545668E-1));
#1746=VECTOR('',#1745,8.537430085659E-3);
#1747=CARTESIAN_POINT('',(-3.105E-2,-3.548344418158E-1,7.470083794050E-1));
#1748=LINE('',#1747,#1746);
#1749=DIRECTION('',(0.E0,3.746065934159E-1,-9.271838545668E-1));
#1750=VECTOR('',#1749,9.026929833347E-3);
#1751=CARTESIAN_POINT('',(-3.105E-2,-3.466210005779E-1,7.508547675539E-1));
#1752=LINE('',#1751,#1750);
#1753=DIRECTION('',(0.E0,3.746065934159E-1,-9.271838545668E-1));
#1754=VECTOR('',#1753,9.464497496808E-3);
#1755=CARTESIAN_POINT('',(-3.303191095591E-3,-3.371885639869E-1,
7.551376512375E-1));
#1756=LINE('',#1755,#1754);
#1757=DIRECTION('',(0.E0,1.045284632677E-1,-9.945218953683E-1));
#1758=VECTOR('',#1757,9.595115160333E-3);
#1759=CARTESIAN_POINT('',(2.576489424706E-2,-1.121359705614E-1,
8.193622667088E-1));
#1760=LINE('',#1759,#1758);
#1761=DIRECTION('',(0.E0,1.045284632676E-1,-9.945218953683E-1));
#1762=VECTOR('',#1761,9.877543240024E-3);
#1763=CARTESIAN_POINT('',(-9.909575137496E-3,-1.005855289356E-1,
8.208602508154E-1));
#1764=LINE('',#1763,#1762);
#1765=DIRECTION('',(0.E0,1.045284632677E-1,-9.945218953683E-1));
#1766=VECTOR('',#1765,9.148499548268E-3);
#1767=CARTESIAN_POINT('',(-9.909575137496E-3,-1.236692526776E-1,
8.177009942162E-1));
#1768=LINE('',#1767,#1766);
#1769=DIRECTION('',(0.E0,9.945218953683E-1,1.045284632677E-1));
#1770=VECTOR('',#1769,1.034999938309E-2);
#1771=CARTESIAN_POINT('',(3.105E-2,-1.162796593409E-1,8.092787797314E-1));
#1772=LINE('',#1771,#1770);
#1773=DIRECTION('',(9.486833037051E-1,3.144954203563E-1,3.305480065110E-2));
#1774=VECTOR('',#1773,6.545914717532E-2);
#1775=CARTESIAN_POINT('',(-3.105E-2,-1.368662613479E-1,8.071150406707E-1));
#1776=LINE('',#1775,#1774);
#1777=DIRECTION('',(0.E0,-9.945218953683E-1,-1.045284632677E-1));
#1778=VECTOR('',#1777,7.7625E-3);
#1779=CARTESIAN_POINT('',(-3.105E-2,-1.291462851351E-1,8.079264428669E-1));
#1780=LINE('',#1779,#1778);
#1781=DIRECTION('',(-9.506452246141E-1,-3.085802192679E-1,-3.243308796426E-2));
#1782=VECTOR('',#1781,1.667848183427E-2);
#1783=CARTESIAN_POINT('',(-1.519468089044E-2,-1.239996355537E-1,
8.084673775353E-1));
#1784=LINE('',#1783,#1782);
#1785=DIRECTION('',(0.E0,-9.945218953683E-1,-1.045284632677E-1));
#1786=VECTOR('',#1785,2.587500030845E-2);
#1787=CARTESIAN_POINT('',(-1.519468089044E-2,-9.826638120424E-2,
8.111720515546E-1));
#1788=LINE('',#1787,#1786);
#1789=DIRECTION('',(9.506452082487E-1,-3.085802691341E-1,-3.243309320542E-2));
#1790=VECTOR('',#1789,1.667848212139E-2);
#1791=CARTESIAN_POINT('',(-3.105E-2,-9.311973070247E-2,8.117129863198E-1));
#1792=LINE('',#1791,#1790);
#1793=DIRECTION('',(0.E0,-9.945218953683E-1,-1.045284632677E-1));
#1794=VECTOR('',#1793,7.7625E-3);
#1795=CARTESIAN_POINT('',(-3.105E-2,-8.539975448967E-2,8.125243885159E-1));
#1796=LINE('',#1795,#1794);
#1797=DIRECTION('',(-9.486832952232E-1,3.144954456626E-1,3.305480331090E-2));
#1798=VECTOR('',#1797,6.545914776057E-2);
#1799=CARTESIAN_POINT('',(3.105E-2,-1.059863583373E-1,8.103606492618E-1));
#1800=LINE('',#1799,#1798);
#1801=DIRECTION('',(-9.506451918075E-1,-3.085803192312E-1,-3.243309847084E-2));
#1802=VECTOR('',#1801,3.752658688224E-2);
#1803=CARTESIAN_POINT('',(2.576489424706E-2,-1.111330079188E-1,
8.098197145933E-1));
#1804=LINE('',#1803,#1802);
#1805=DIRECTION('',(9.506452136281E-1,-3.085802527429E-1,-3.243309148263E-2));
#1806=VECTOR('',#1805,3.752658602088E-2);
#1807=CARTESIAN_POINT('',(-9.909575137496E-3,-9.955304451990E-2,
8.110368177908E-1));
#1808=LINE('',#1807,#1806);
#1809=DIRECTION('',(0.E0,9.945218953683E-1,1.045284632677E-1));
#1810=VECTOR('',#1809,2.328750092536E-2);
#1811=CARTESIAN_POINT('',(-9.909575137496E-3,-1.227129740786E-1,
8.086026111057E-1));
#1812=LINE('',#1811,#1810);
#1813=DIRECTION('',(0.E0,1.045284632677E-1,-9.945218953683E-1));
#1814=VECTOR('',#1813,9.416902961211E-3);
#1815=CARTESIAN_POINT('',(3.105E-2,-1.172639937361E-1,8.186440959129E-1));
#1816=LINE('',#1815,#1814);
#1817=DIRECTION('',(0.E0,1.045284632676E-1,-9.945218953683E-1));
#1818=VECTOR('',#1817,8.379268959246E-3);
#1819=CARTESIAN_POINT('',(-3.105E-2,-1.377421334555E-1,8.154484071179E-1));
#1820=LINE('',#1819,#1818);
#1821=DIRECTION('',(0.E0,1.045284632677E-1,-9.945218953683E-1));
#1822=VECTOR('',#1821,8.829340694732E-3);
#1823=CARTESIAN_POINT('',(-3.105E-2,-1.300692025496E-1,8.167074155094E-1));
#1824=LINE('',#1823,#1822);
#1825=DIRECTION('',(0.E0,1.045284632677E-1,-9.945218953683E-1));
#1826=VECTOR('',#1825,9.088730006499E-3);
#1827=CARTESIAN_POINT('',(-1.519468089044E-2,-1.249496665343E-1,
8.175063185279E-1));
#1828=LINE('',#1827,#1826);
#1829=DIRECTION('',(0.E0,1.045284632677E-1,-9.945218953683E-1));
#1830=VECTOR('',#1829,9.898797375913E-3);
#1831=CARTESIAN_POINT('',(-1.519468089044E-2,-9.930108728214E-2,
8.210166222828E-1));
#1832=LINE('',#1831,#1830);
#1833=DIRECTION('',(0.E0,1.045284632677E-1,-9.945218953683E-1));
#1834=VECTOR('',#1833,9.963568480347E-3);
#1835=CARTESIAN_POINT('',(-3.105E-2,-9.416120720438E-2,8.216219733295E-1));
#1836=LINE('',#1835,#1834);
#1837=DIRECTION('',(0.E0,1.045284632677E-1,-9.945218953683E-1));
#1838=VECTOR('',#1837,1.E-2);
#1839=CARTESIAN_POINT('',(-3.105E-2,-8.644503912235E-2,8.224696074696E-1));
#1840=LINE('',#1839,#1838);
#1841=DIRECTION('',(0.E0,1.045284632677E-1,-9.945218953683E-1));
#1842=VECTOR('',#1841,9.740896517440E-3);
#1843=CARTESIAN_POINT('',(3.105E-2,-1.070045592811E-1,8.200481841289E-1));
#1844=LINE('',#1843,#1842);
#1845=DIRECTION('',(0.E0,-4.383711467891E-1,-8.987940462992E-1));
#1846=VECTOR('',#1845,9.026929833347E-3);
#1847=CARTESIAN_POINT('',(-1.123085157573E-2,3.260591148993E-1,
7.600095088820E-1));
#1848=LINE('',#1847,#1846);
#1849=DIRECTION('',(0.E0,-4.383711467891E-1,-8.987940462992E-1));
#1850=VECTOR('',#1849,9.088730006499E-3);
#1851=CARTESIAN_POINT('',(-7.267020410299E-3,3.272490200005E-1,
7.594979123794E-1));
#1852=LINE('',#1851,#1850);
#1853=DIRECTION('',(0.E0,-4.383711467891E-1,-8.987940462992E-1));
#1854=VECTOR('',#1853,9.206239061646E-3);
#1855=CARTESIAN_POINT('',(-4.624467533827E-3,3.296261632835E-1,
7.584692429354E-1));
#1856=LINE('',#1855,#1854);
#1857=DIRECTION('',(0.E0,-4.383711467891E-1,-8.987940462992E-1));
#1858=VECTOR('',#1857,9.367280279023E-3);
#1859=CARTESIAN_POINT('',(-3.303191095591E-3,3.331852034988E-1,
7.569125578093E-1));
#1860=LINE('',#1859,#1858);
#1861=DIRECTION('',(0.E0,-4.383711467891E-1,-8.987940462992E-1));
#1862=VECTOR('',#1861,9.963568480347E-3);
#1863=CARTESIAN_POINT('',(-3.303191095591E-3,3.555400790831E-1,
7.466727878834E-1));
#1864=LINE('',#1863,#1862);
#1865=DIRECTION('',(0.E0,-4.383711467891E-1,-8.987940462992E-1));
#1866=VECTOR('',#1865,9.963568480347E-3);
#1867=CARTESIAN_POINT('',(-2.312234044522E-2,3.555400790831E-1,
7.466727878834E-1));
#1868=LINE('',#1867,#1866);
#1869=DIRECTION('',(0.E0,-4.383711467891E-1,-8.987940462992E-1));
#1870=VECTOR('',#1869,9.367280279023E-3);
#1871=CARTESIAN_POINT('',(-2.312234044522E-2,3.331852034988E-1,
7.569125578093E-1));
#1872=LINE('',#1871,#1870);
#1873=DIRECTION('',(0.E0,-4.383711467891E-1,-8.987940462992E-1));
#1874=VECTOR('',#1873,9.206239061646E-3);
#1875=CARTESIAN_POINT('',(-2.180106400698E-2,3.296261632835E-1,
7.584692429354E-1));
#1876=LINE('',#1875,#1874);
#1877=DIRECTION('',(0.E0,-4.383711467891E-1,-8.987940462992E-1));
#1878=VECTOR('',#1877,9.088730006499E-3);
#1879=CARTESIAN_POINT('',(-1.915851020515E-2,3.272490200005E-1,
7.594979123794E-1));
#1880=LINE('',#1879,#1878);
#1881=DIRECTION('',(0.E0,-4.383711467891E-1,-8.987940462992E-1));
#1882=VECTOR('',#1881,9.026929833347E-3);
#1883=CARTESIAN_POINT('',(-1.519468089044E-2,3.260591148993E-1,
7.600095088820E-1));
#1884=LINE('',#1883,#1882);
#1885=DIRECTION('',(4.547769415434E-1,-8.004708083803E-1,3.904156994427E-1));
#1886=VECTOR('',#1885,2.905328563388E-3);
#1887=CARTESIAN_POINT('',(6.606382191181E-4,3.221019693162E-1,
7.518961580915E-1));
#1888=LINE('',#1887,#1886);
#1889=DIRECTION('',(4.547769415434E-1,8.004708083803E-1,-3.904156994427E-1));
#1890=VECTOR('',#1889,2.905328563388E-3);
#1891=CARTESIAN_POINT('',(-6.606382191181E-4,3.197763386125E-1,
7.530304439746E-1));
#1892=LINE('',#1891,#1890);
#1893=DIRECTION('',(8.060043958311E-1,5.320047783638E-1,-2.594760676808E-1));
#1894=VECTOR('',#1893,6.557167405390E-3);
#1895=CARTESIAN_POINT('',(-5.945743972063E-3,3.162878942203E-1,
7.547318719881E-1));
#1896=LINE('',#1895,#1894);
#1897=DIRECTION('',(9.506453221247E-1,2.788775170523E-1,-1.360176532848E-1));
#1898=VECTOR('',#1897,4.169621490982E-3);
#1899=CARTESIAN_POINT('',(-9.909575137496E-3,3.151250805318E-1,
7.552990141184E-1));
#1900=LINE('',#1899,#1898);
#1901=DIRECTION('',(1.E0,0.E0,0.E0));
#1902=VECTOR('',#1901,6.606382191181E-3);
#1903=CARTESIAN_POINT('',(-1.651595732868E-2,3.151250805318E-1,
7.552990141184E-1));
#1904=LINE('',#1903,#1902);
#1905=DIRECTION('',(9.506453007588E-1,-2.788775758888E-1,1.360176819812E-1));
#1906=VECTOR('',#1905,4.169620611291E-3);
#1907=CARTESIAN_POINT('',(-2.047978756875E-2,3.162878942203E-1,
7.547318719881E-1));
#1908=LINE('',#1907,#1906);
#1909=DIRECTION('',(8.060044205527E-1,-5.320047481073E-1,2.594760529237E-1));
#1910=VECTOR('',#1909,6.557167778313E-3);
#1911=CARTESIAN_POINT('',(-2.576489378437E-2,3.197763386125E-1,
7.530304439746E-1));
#1912=LINE('',#1911,#1910);
#1913=DIRECTION('',(6.080769570239E-1,-7.135328965646E-1,3.480132466684E-1));
#1914=VECTOR('',#1913,6.518631590843E-3);
#1915=CARTESIAN_POINT('',(-2.972872344609E-2,3.244275966931E-1,
7.507618738309E-1));
#1916=LINE('',#1915,#1914);
#1917=DIRECTION('',(2.001233352361E-1,-8.806120838769E-1,4.295032111917E-1));
#1918=VECTOR('',#1917,6.602311281430E-3);
#1919=CARTESIAN_POINT('',(-3.105E-2,3.302416717891E-1,7.479261599342E-1));
#1920=LINE('',#1919,#1918);
#1921=DIRECTION('',(0.E0,-8.987940462992E-1,4.383711467891E-1));
#1922=VECTOR('',#1921,3.105E-2);
#1923=CARTESIAN_POINT('',(-3.105E-2,3.581492269267E-1,7.343147358264E-1));
#1924=LINE('',#1923,#1922);
#1925=DIRECTION('',(-1.E0,0.E0,0.E0));
#1926=VECTOR('',#1925,6.21E-2);
#1927=CARTESIAN_POINT('',(3.105E-2,3.581492269267E-1,7.343147358264E-1));
#1928=LINE('',#1927,#1926);
#1929=DIRECTION('',(0.E0,8.987940462992E-1,-4.383711467891E-1));
#1930=VECTOR('',#1929,3.105E-2);
#1931=CARTESIAN_POINT('',(3.105E-2,3.302416717891E-1,7.479261599342E-1));
#1932=LINE('',#1931,#1930);
#1933=DIRECTION('',(2.001233184181E-1,8.806120869644E-1,-4.295032126975E-1));
#1934=VECTOR('',#1933,6.602311258282E-3);
#1935=CARTESIAN_POINT('',(2.972872356176E-2,3.244275966931E-1,
7.507618738309E-1));
#1936=LINE('',#1935,#1934);
#1937=DIRECTION('',(6.080769234738E-1,7.135329196618E-1,-3.480132579336E-1));
#1938=VECTOR('',#1937,6.518631379833E-3);
#1939=CARTESIAN_POINT('',(2.576489424706E-2,3.197763386125E-1,
7.530304439746E-1));
#1940=LINE('',#1939,#1938);
#1941=DIRECTION('',(8.060043958311E-1,5.320047783638E-1,-2.594760676808E-1));
#1942=VECTOR('',#1941,6.557167405390E-3);
#1943=CARTESIAN_POINT('',(2.047978849411E-2,3.162878942203E-1,
7.547318719881E-1));
#1944=LINE('',#1943,#1942);
#1945=DIRECTION('',(9.506452793929E-1,2.788776347254E-1,-1.360177106778E-1));
#1946=VECTOR('',#1945,4.169619731600E-3);
#1947=CARTESIAN_POINT('',(1.651595917940E-2,3.151250805318E-1,
7.552990141184E-1));
#1948=LINE('',#1947,#1946);
#1949=DIRECTION('',(1.E0,0.E0,0.E0));
#1950=VECTOR('',#1949,5.285109454393E-3);
#1951=CARTESIAN_POINT('',(1.123084972501E-2,3.151250805318E-1,
7.552990141184E-1));
#1952=LINE('',#1951,#1950);
#1953=DIRECTION('',(9.506452793929E-1,-2.788776347254E-1,1.360177106777E-1));
#1954=VECTOR('',#1953,4.169619731600E-3);
#1955=CARTESIAN_POINT('',(7.267020410299E-3,3.162878942203E-1,
7.547318719881E-1));
#1956=LINE('',#1955,#1954);
#1957=DIRECTION('',(8.060043958311E-1,-5.320047783638E-1,2.594760676808E-1));
#1958=VECTOR('',#1957,6.557167405390E-3);
#1959=CARTESIAN_POINT('',(1.981914657354E-3,3.197763386125E-1,
7.530304439746E-1));
#1960=LINE('',#1959,#1958);
#1961=DIRECTION('',(0.E0,-8.987940462992E-1,4.383711467891E-1));
#1962=VECTOR('',#1961,2.458124876618E-2);
#1963=CARTESIAN_POINT('',(2.312234137058E-2,3.511723381423E-1,
7.377175918534E-1));
#1964=LINE('',#1963,#1962);
#1965=DIRECTION('',(1.E0,0.E0,0.E0));
#1966=VECTOR('',#1965,1.849787383676E-2);
#1967=CARTESIAN_POINT('',(4.624467533827E-3,3.511723381423E-1,
7.377175918534E-1));
#1968=LINE('',#1967,#1966);
#1969=DIRECTION('',(0.E0,8.987940462992E-1,-4.383711467891E-1));
#1970=VECTOR('',#1969,2.458124876618E-2);
#1971=CARTESIAN_POINT('',(4.624467533827E-3,3.290788581006E-1,
7.484933020645E-1));
#1972=LINE('',#1971,#1970);
#1973=DIRECTION('',(-3.222637633772E-1,8.508433100213E-1,-4.149840100606E-1));
#1974=VECTOR('',#1973,4.099984510792E-3);
#1975=CARTESIAN_POINT('',(5.945743972063E-3,3.255904137084E-1,
7.501947300780E-1));
#1976=LINE('',#1975,#1974);
#1977=DIRECTION('',(-7.145102180353E-1,6.288187895869E-1,-3.066954159841E-1));
#1978=VECTOR('',#1977,3.698411596882E-3);
#1979=CARTESIAN_POINT('',(8.588296848536E-3,3.232647830047E-1,
7.513290159612E-1));
#1980=LINE('',#1979,#1978);
#1981=DIRECTION('',(-9.506452793929E-1,2.788776347254E-1,-1.360177106777E-1));
#1982=VECTOR('',#1981,4.169619731600E-3);
#1983=CARTESIAN_POINT('',(1.255212616324E-2,3.221019693162E-1,
7.518961580915E-1));
#1984=LINE('',#1983,#1982);
#1985=DIRECTION('',(-1.E0,0.E0,0.E0));
#1986=VECTOR('',#1985,2.642552876472E-3);
#1987=CARTESIAN_POINT('',(1.519467903972E-2,3.221019693162E-1,
7.518961580915E-1));
#1988=LINE('',#1987,#1986);
#1989=DIRECTION('',(-9.506453648566E-1,-2.788773993793E-1,1.360175958918E-1));
#1990=VECTOR('',#1989,4.169623250364E-3);
#1991=CARTESIAN_POINT('',(1.915851205587E-2,3.232647830047E-1,
7.513290159612E-1));
#1992=LINE('',#1991,#1990);
#1993=DIRECTION('',(-7.145102180353E-1,-6.288187895869E-1,3.066954159841E-1));
#1994=VECTOR('',#1993,3.698411596882E-3);
#1995=CARTESIAN_POINT('',(2.180106493235E-2,3.255904137084E-1,
7.501947300780E-1));
#1996=LINE('',#1995,#1994);
#1997=DIRECTION('',(-3.222637633772E-1,-8.508433100213E-1,4.149840100606E-1));
#1998=VECTOR('',#1997,4.099984510792E-3);
#1999=CARTESIAN_POINT('',(2.312234137058E-2,3.290788581006E-1,
7.484933020645E-1));
#2000=LINE('',#1999,#1998);
#2001=DIRECTION('',(-1.E0,0.E0,0.E0));
#2002=VECTOR('',#2001,3.963829314709E-3);
#2003=CARTESIAN_POINT('',(-1.123085157573E-2,3.221019693162E-1,
7.518961580915E-1));
#2004=LINE('',#2003,#2002);
#2005=DIRECTION('',(-9.506453221247E-1,-2.788775170523E-1,1.360176532847E-1));
#2006=VECTOR('',#2005,4.169621490982E-3);
#2007=CARTESIAN_POINT('',(-7.267020410299E-3,3.232647830047E-1,
7.513290159612E-1));
#2008=LINE('',#2007,#2006);
#2009=DIRECTION('',(-7.145102180353E-1,-6.288187895869E-1,3.066954159841E-1));
#2010=VECTOR('',#2009,3.698411596882E-3);
#2011=CARTESIAN_POINT('',(-4.624467533827E-3,3.255904137084E-1,
7.501947300780E-1));
#2012=LINE('',#2011,#2010);
#2013=DIRECTION('',(-3.222637633772E-1,-8.508433100213E-1,4.149840100606E-1));
#2014=VECTOR('',#2013,4.099984510792E-3);
#2015=CARTESIAN_POINT('',(-3.303191095591E-3,3.290788581006E-1,
7.484933020645E-1));
#2016=LINE('',#2015,#2014);
#2017=DIRECTION('',(0.E0,-8.987940462992E-1,4.383711467891E-1));
#2018=VECTOR('',#2017,2.458124876618E-2);
#2019=CARTESIAN_POINT('',(-3.303191095591E-3,3.511723381423E-1,
7.377175918534E-1));
#2020=LINE('',#2019,#2018);
#2021=DIRECTION('',(1.E0,0.E0,0.E0));
#2022=VECTOR('',#2021,1.981914934963E-2);
#2023=CARTESIAN_POINT('',(-2.312234044522E-2,3.511723381423E-1,
7.377175918534E-1));
#2024=LINE('',#2023,#2022);
#2025=DIRECTION('',(0.E0,8.987940462992E-1,-4.383711467891E-1));
#2026=VECTOR('',#2025,2.458124876618E-2);
#2027=CARTESIAN_POINT('',(-2.312234044522E-2,3.290788581006E-1,
7.484933020645E-1));
#2028=LINE('',#2027,#2026);
#2029=DIRECTION('',(-3.222637633772E-1,8.508433100213E-1,-4.149840100606E-1));
#2030=VECTOR('',#2029,4.099984510792E-3);
#2031=CARTESIAN_POINT('',(-2.180106400698E-2,3.255904137084E-1,
7.501947300780E-1));
#2032=LINE('',#2031,#2030);
#2033=DIRECTION('',(-7.145103405045E-1,6.288186771703E-1,-3.066953611548E-1));
#2034=VECTOR('',#2033,3.698412258063E-3);
#2035=CARTESIAN_POINT('',(-1.915851020515E-2,3.232647830047E-1,
7.513290159612E-1));
#2036=LINE('',#2035,#2034);
#2037=DIRECTION('',(-9.506452793929E-1,2.788776347254E-1,-1.360177106777E-1));
#2038=VECTOR('',#2037,4.169619731600E-3);
#2039=CARTESIAN_POINT('',(-1.519468089044E-2,3.221019693162E-1,
7.518961580915E-1));
#2040=LINE('',#2039,#2038);
#2041=DIRECTION('',(0.E0,-4.383711467891E-1,-8.987940462992E-1));
#2042=VECTOR('',#2041,9.026929833347E-3);
#2043=CARTESIAN_POINT('',(6.606382191181E-4,3.260591148993E-1,
7.600095088820E-1));
#2044=LINE('',#2043,#2042);
#2045=DIRECTION('',(0.E0,-4.383711467891E-1,-8.987940462992E-1));
#2046=VECTOR('',#2045,8.897235563201E-3);
#2047=CARTESIAN_POINT('',(-6.606382191181E-4,3.236766299696E-1,
7.610272263274E-1));
#2048=LINE('',#2047,#2046);
#2049=DIRECTION('',(0.E0,-4.383711467891E-1,-8.987940462992E-1));
#2050=VECTOR('',#2049,8.687452596320E-3);
#2051=CARTESIAN_POINT('',(-5.945743972063E-3,3.200962227776E-1,
7.625401026592E-1));
#2052=LINE('',#2051,#2050);
#2053=DIRECTION('',(-2.275784486567E-14,-4.383711467891E-1,-8.987940462992E-1));
#2054=VECTOR('',#2053,8.613458521335E-3);
#2055=CARTESIAN_POINT('',(-9.909575137496E-3,3.189009722217E-1,
7.630407393554E-1));
#2056=LINE('',#2055,#2054);
#2057=DIRECTION('',(0.E0,-4.383711467891E-1,-8.987940462992E-1));
#2058=VECTOR('',#2057,8.613458521335E-3);
#2059=CARTESIAN_POINT('',(-1.651595732868E-2,3.189009722217E-1,
7.630407393554E-1));
#2060=LINE('',#2059,#2058);
#2061=DIRECTION('',(0.E0,-4.383711467891E-1,-8.987940462992E-1));
#2062=VECTOR('',#2061,8.687452596320E-3);
#2063=CARTESIAN_POINT('',(-2.047978756875E-2,3.200962227776E-1,
7.625401026592E-1));
#2064=LINE('',#2063,#2062);
#2065=DIRECTION('',(0.E0,-4.383711467891E-1,-8.987940462992E-1));
#2066=VECTOR('',#2065,8.897235563201E-3);
#2067=CARTESIAN_POINT('',(-2.576489378437E-2,3.236766299696E-1,
7.610272263274E-1));
#2068=LINE('',#2067,#2066);
#2069=DIRECTION('',(0.E0,-4.383711467891E-1,-8.987940462992E-1));
#2070=VECTOR('',#2069,9.148499548268E-3);
#2071=CARTESIAN_POINT('',(-2.972872344609E-2,3.284380349315E-1,
7.589844907574E-1));
#2072=LINE('',#2071,#2070);
#2073=DIRECTION('',(0.E0,-4.383711467891E-1,-8.987940462992E-1));
#2074=VECTOR('',#2073,9.416902961211E-3);
#2075=CARTESIAN_POINT('',(-3.105E-2,3.343697703394E-1,7.563900162503E-1));
#2076=LINE('',#2075,#2074);
#2077=DIRECTION('',(0.E0,-4.383711467891E-1,-8.987940462992E-1));
#2078=VECTOR('',#2077,1.E-2);
#2079=CARTESIAN_POINT('',(-3.105E-2,3.625329383946E-1,7.433026762894E-1));
#2080=LINE('',#2079,#2078);
#2081=DIRECTION('',(0.E0,-4.383711467891E-1,-8.987940462992E-1));
#2082=VECTOR('',#2081,1.E-2);
#2083=CARTESIAN_POINT('',(3.105E-2,3.625329383946E-1,7.433026762894E-1));
#2084=LINE('',#2083,#2082);
#2085=DIRECTION('',(0.E0,-4.383711467891E-1,-8.987940462992E-1));
#2086=VECTOR('',#2085,9.416902961211E-3);
#2087=CARTESIAN_POINT('',(3.105E-2,3.343697703394E-1,7.563900162503E-1));
#2088=LINE('',#2087,#2086);
#2089=DIRECTION('',(0.E0,-4.383711467891E-1,-8.987940462992E-1));
#2090=VECTOR('',#2089,9.148499548268E-3);
#2091=CARTESIAN_POINT('',(2.972872356176E-2,3.284380349315E-1,
7.589844907574E-1));
#2092=LINE('',#2091,#2090);
#2093=DIRECTION('',(0.E0,-4.383711467891E-1,-8.987940462992E-1));
#2094=VECTOR('',#2093,8.897235563201E-3);
#2095=CARTESIAN_POINT('',(2.576489424705E-2,3.236766299696E-1,
7.610272263274E-1));
#2096=LINE('',#2095,#2094);
#2097=DIRECTION('',(0.E0,-4.383711467891E-1,-8.987940462992E-1));
#2098=VECTOR('',#2097,8.687452596320E-3);
#2099=CARTESIAN_POINT('',(2.047978849411E-2,3.200962227776E-1,
7.625401026592E-1));
#2100=LINE('',#2099,#2098);
#2101=DIRECTION('',(0.E0,-4.383711467891E-1,-8.987940462992E-1));
#2102=VECTOR('',#2101,8.613458521335E-3);
#2103=CARTESIAN_POINT('',(1.651595917940E-2,3.189009722217E-1,
7.630407393554E-1));
#2104=LINE('',#2103,#2102);
#2105=DIRECTION('',(0.E0,-4.383711467891E-1,-8.987940462992E-1));
#2106=VECTOR('',#2105,8.613458521335E-3);
#2107=CARTESIAN_POINT('',(1.123084972501E-2,3.189009722217E-1,
7.630407393554E-1));
#2108=LINE('',#2107,#2106);
#2109=DIRECTION('',(0.E0,-4.383711467891E-1,-8.987940462992E-1));
#2110=VECTOR('',#2109,8.687452596320E-3);
#2111=CARTESIAN_POINT('',(7.267020410299E-3,3.200962227776E-1,
7.625401026592E-1));
#2112=LINE('',#2111,#2110);
#2113=DIRECTION('',(0.E0,-4.383711467891E-1,-8.987940462992E-1));
#2114=VECTOR('',#2113,8.897235563201E-3);
#2115=CARTESIAN_POINT('',(1.981914657354E-3,3.236766299696E-1,
7.610272263274E-1));
#2116=LINE('',#2115,#2114);
#2117=DIRECTION('',(0.E0,-4.383711467891E-1,-8.987940462992E-1));
#2118=VECTOR('',#2117,9.963568480347E-3);
#2119=CARTESIAN_POINT('',(2.312234137058E-2,3.555400790831E-1,
7.466727878834E-1));
#2120=LINE('',#2119,#2118);
#2121=DIRECTION('',(0.E0,-4.383711467891E-1,-8.987940462992E-1));
#2122=VECTOR('',#2121,9.963568480347E-3);
#2123=CARTESIAN_POINT('',(4.624467533827E-3,3.555400790831E-1,
7.466727878834E-1));
#2124=LINE('',#2123,#2122);
#2125=DIRECTION('',(0.E0,-4.383711467891E-1,-8.987940462992E-1));
#2126=VECTOR('',#2125,9.367280279023E-3);
#2127=CARTESIAN_POINT('',(4.624467533827E-3,3.331852034988E-1,
7.569125578093E-1));
#2128=LINE('',#2127,#2126);
#2129=DIRECTION('',(0.E0,-4.383711467891E-1,-8.987940462992E-1));
#2130=VECTOR('',#2129,9.206239061646E-3);
#2131=CARTESIAN_POINT('',(5.945743972063E-3,3.296261632835E-1,
7.584692429354E-1));
#2132=LINE('',#2131,#2130);
#2133=DIRECTION('',(0.E0,-4.383711467891E-1,-8.987940462992E-1));
#2134=VECTOR('',#2133,9.088730006499E-3);
#2135=CARTESIAN_POINT('',(8.588296848536E-3,3.272490200005E-1,
7.594979123794E-1));
#2136=LINE('',#2135,#2134);
#2137=DIRECTION('',(0.E0,-4.383711467891E-1,-8.987940462992E-1));
#2138=VECTOR('',#2137,9.026929833347E-3);
#2139=CARTESIAN_POINT('',(1.255212616324E-2,3.260591148993E-1,
7.600095088820E-1));
#2140=LINE('',#2139,#2138);
#2141=DIRECTION('',(0.E0,-4.383711467891E-1,-8.987940462992E-1));
#2142=VECTOR('',#2141,9.026929833347E-3);
#2143=CARTESIAN_POINT('',(1.519467903972E-2,3.260591148993E-1,
7.600095088820E-1));
#2144=LINE('',#2143,#2142);
#2145=DIRECTION('',(0.E0,-4.383711467891E-1,-8.987940462992E-1));
#2146=VECTOR('',#2145,9.088730006499E-3);
#2147=CARTESIAN_POINT('',(1.915851205587E-2,3.272490200005E-1,
7.594979123794E-1));
#2148=LINE('',#2147,#2146);
#2149=DIRECTION('',(0.E0,-4.383711467891E-1,-8.987940462992E-1));
#2150=VECTOR('',#2149,9.206239061646E-3);
#2151=CARTESIAN_POINT('',(2.180106493235E-2,3.296261632835E-1,
7.584692429354E-1));
#2152=LINE('',#2151,#2150);
#2153=DIRECTION('',(0.E0,-4.383711467891E-1,-8.987940462992E-1));
#2154=VECTOR('',#2153,9.367280279023E-3);
#2155=CARTESIAN_POINT('',(2.312234137058E-2,3.331852034988E-1,
7.569125578093E-1));
#2156=LINE('',#2155,#2154);
#2157=DIRECTION('',(0.E0,-1.E0,1.516946875779E-14));
#2158=VECTOR('',#2157,9.148499548268E-3);
#2159=CARTESIAN_POINT('',(-9.909575137496E-3,8.261484995483E-1,
3.751875123382E-2));
#2160=LINE('',#2159,#2158);
#2161=DIRECTION('',(0.E0,-1.E0,-1.633293617102E-14));
#2162=VECTOR('',#2161,9.877543240024E-3);
#2163=CARTESIAN_POINT('',(-9.909575137496E-3,8.268775432400E-1,
1.423125030845E-2));
#2164=LINE('',#2163,#2162);
#2165=CARTESIAN_POINT('',(-1.242E-1,8.132E-1,0.E0));
#2166=DIRECTION('',(0.E0,0.E0,1.E0));
#2167=DIRECTION('',(0.E0,1.E0,0.E0));
#2168=AXIS2_PLACEMENT_3D('',#2165,#2166,#2167);
#2170=CARTESIAN_POINT('',(-1.242E-1,-8.132E-1,0.E0));
#2171=DIRECTION('',(0.E0,0.E0,-1.E0));
#2172=DIRECTION('',(0.E0,-1.E0,0.E0));
#2173=AXIS2_PLACEMENT_3D('',#2170,#2171,#2172);
#2175=CARTESIAN_POINT('',(-1.242E-1,0.E0,0.E0));
#2176=DIRECTION('',(-1.E0,0.E0,0.E0));
#2177=DIRECTION('',(0.E0,1.E0,0.E0));
#2178=AXIS2_PLACEMENT_3D('',#2175,#2176,#2177);
#2180=CARTESIAN_POINT('',(-1.242E-1,0.E0,0.E0));
#2181=DIRECTION('',(1.E0,0.E0,0.E0));
#2182=DIRECTION('',(0.E0,1.E0,0.E0));
#2183=AXIS2_PLACEMENT_3D('',#2180,#2181,#2182);
#2185=CARTESIAN_POINT('',(-1.38E-1,0.E0,0.E0));
#2186=DIRECTION('',(-1.E0,0.E0,0.E0));
#2187=DIRECTION('',(0.E0,1.E0,0.E0));
#2188=AXIS2_PLACEMENT_3D('',#2185,#2186,#2187);
#2190=CARTESIAN_POINT('',(-1.38E-1,0.E0,0.E0));
#2191=DIRECTION('',(1.E0,0.E0,0.E0));
#2192=DIRECTION('',(0.E0,1.E0,0.E0));
#2193=AXIS2_PLACEMENT_3D('',#2190,#2191,#2192);
#2195=CARTESIAN_POINT('',(-1.242E-1,0.E0,0.E0));
#2196=DIRECTION('',(-1.E0,0.E0,0.E0));
#2197=DIRECTION('',(0.E0,-1.E0,0.E0));
#2198=AXIS2_PLACEMENT_3D('',#2195,#2196,#2197);
#2200=CARTESIAN_POINT('',(-1.38E-1,0.E0,0.E0));
#2201=DIRECTION('',(1.E0,0.E0,0.E0));
#2202=DIRECTION('',(0.E0,1.E0,0.E0));
#2203=AXIS2_PLACEMENT_3D('',#2200,#2201,#2202);
#2205=CARTESIAN_POINT('',(-1.242E-1,0.E0,0.E0));
#2206=DIRECTION('',(1.E0,0.E0,0.E0));
#2207=DIRECTION('',(0.E0,1.E0,0.E0));
#2208=AXIS2_PLACEMENT_3D('',#2205,#2206,#2207);
#2210=CARTESIAN_POINT('',(-1.242E-1,0.E0,0.E0));
#2211=DIRECTION('',(1.E0,0.E0,0.E0));
#2212=DIRECTION('',(0.E0,-1.E0,0.E0));
#2213=AXIS2_PLACEMENT_3D('',#2210,#2211,#2212);
#2215=DIRECTION('',(-1.E0,0.E0,0.E0));
#2216=VECTOR('',#2215,1.38E-2);
#2217=CARTESIAN_POINT('',(-1.242E-1,6.6045E-1,0.E0));
#2218=LINE('',#2217,#2216);
#2219=DIRECTION('',(-1.E0,0.E0,0.E0));
#2220=VECTOR('',#2219,1.38E-2);
#2221=CARTESIAN_POINT('',(-1.242E-1,-6.6045E-1,0.E0));
#2222=LINE('',#2221,#2220);
#2223=CARTESIAN_POINT('',(-1.38E-1,0.E0,0.E0));
#2224=DIRECTION('',(-1.E0,0.E0,0.E0));
#2225=DIRECTION('',(0.E0,1.E0,0.E0));
#2226=AXIS2_PLACEMENT_3D('',#2223,#2224,#2225);
#2228=CARTESIAN_POINT('',(-1.38E-1,0.E0,0.E0));
#2229=DIRECTION('',(1.E0,0.E0,0.E0));
#2230=DIRECTION('',(0.E0,1.E0,0.E0));
#2231=AXIS2_PLACEMENT_3D('',#2228,#2229,#2230);
#2233=CARTESIAN_POINT('',(-1.38E-1,0.E0,0.E0));
#2234=DIRECTION('',(1.E0,0.E0,0.E0));
#2235=DIRECTION('',(0.E0,1.E0,0.E0));
#2236=AXIS2_PLACEMENT_3D('',#2233,#2234,#2235);
#2238=CARTESIAN_POINT('',(-1.242E-1,6.043E-1,0.E0));
#2239=DIRECTION('',(0.E0,0.E0,1.E0));
#2240=DIRECTION('',(-1.E0,0.E0,0.E0));
#2241=AXIS2_PLACEMENT_3D('',#2238,#2239,#2240);
#2243=CARTESIAN_POINT('',(-1.242E-1,-6.043E-1,0.E0));
#2244=DIRECTION('',(0.E0,0.E0,-1.E0));
#2245=DIRECTION('',(-1.E0,0.E0,0.E0));
#2246=AXIS2_PLACEMENT_3D('',#2243,#2244,#2245);
#2248=CARTESIAN_POINT('',(-1.38E-1,0.E0,0.E0));
#2249=DIRECTION('',(-1.E0,0.E0,0.E0));
#2250=DIRECTION('',(0.E0,1.E0,0.E0));
#2251=AXIS2_PLACEMENT_3D('',#2248,#2249,#2250);
#2253=DIRECTION('',(1.E0,0.E0,0.E0));
#2254=VECTOR('',#2253,2.484E-1);
#2255=CARTESIAN_POINT('',(-1.242E-1,5.905E-1,0.E0));
#2256=LINE('',#2255,#2254);
#2257=DIRECTION('',(1.E0,0.E0,0.E0));
#2258=VECTOR('',#2257,2.484E-1);
#2259=CARTESIAN_POINT('',(-1.242E-1,-5.905E-1,0.E0));
#2260=LINE('',#2259,#2258);
#2261=CARTESIAN_POINT('',(-1.242E-1,0.E0,0.E0));
#2262=DIRECTION('',(-1.E0,0.E0,0.E0));
#2263=DIRECTION('',(0.E0,1.E0,0.E0));
#2264=AXIS2_PLACEMENT_3D('',#2261,#2262,#2263);
#2266=CARTESIAN_POINT('',(-1.242E-1,0.E0,0.E0));
#2267=DIRECTION('',(1.E0,0.E0,0.E0));
#2268=DIRECTION('',(0.E0,1.E0,0.E0));
#2269=AXIS2_PLACEMENT_3D('',#2266,#2267,#2268);
#2271=CARTESIAN_POINT('',(1.242E-1,0.E0,0.E0));
#2272=DIRECTION('',(1.E0,0.E0,0.E0));
#2273=DIRECTION('',(0.E0,1.E0,0.E0));
#2274=AXIS2_PLACEMENT_3D('',#2271,#2272,#2273);
#2276=CARTESIAN_POINT('',(1.242E-1,6.043E-1,0.E0));
#2277=DIRECTION('',(0.E0,0.E0,1.E0));
#2278=DIRECTION('',(0.E0,-1.E0,0.E0));
#2279=AXIS2_PLACEMENT_3D('',#2276,#2277,#2278);
#2281=CARTESIAN_POINT('',(1.242E-1,-6.043E-1,0.E0));
#2282=DIRECTION('',(0.E0,0.E0,-1.E0));
#2283=DIRECTION('',(0.E0,1.E0,0.E0));
#2284=AXIS2_PLACEMENT_3D('',#2281,#2282,#2283);
#2286=CARTESIAN_POINT('',(1.242E-1,0.E0,0.E0));
#2287=DIRECTION('',(-1.E0,0.E0,0.E0));
#2288=DIRECTION('',(0.E0,1.E0,0.E0));
#2289=AXIS2_PLACEMENT_3D('',#2286,#2287,#2288);
#2291=CARTESIAN_POINT('',(1.38E-1,0.E0,0.E0));
#2292=DIRECTION('',(-1.E0,0.E0,0.E0));
#2293=DIRECTION('',(0.E0,1.E0,0.E0));
#2294=AXIS2_PLACEMENT_3D('',#2291,#2292,#2293);
#2296=CARTESIAN_POINT('',(1.38E-1,0.E0,0.E0));
#2297=DIRECTION('',(1.E0,0.E0,0.E0));
#2298=DIRECTION('',(0.E0,1.E0,0.E0));
#2299=AXIS2_PLACEMENT_3D('',#2296,#2297,#2298);
#2301=CARTESIAN_POINT('',(1.242E-1,0.E0,0.E0));
#2302=DIRECTION('',(-1.E0,0.E0,0.E0));
#2303=DIRECTION('',(0.E0,-1.E0,0.E0));
#2304=AXIS2_PLACEMENT_3D('',#2301,#2302,#2303);
#2306=CARTESIAN_POINT('',(1.38E-1,0.E0,0.E0));
#2307=DIRECTION('',(1.E0,0.E0,0.E0));
#2308=DIRECTION('',(0.E0,1.E0,0.E0));
#2309=AXIS2_PLACEMENT_3D('',#2306,#2307,#2308);
#2311=CARTESIAN_POINT('',(1.242E-1,0.E0,0.E0));
#2312=DIRECTION('',(-1.E0,0.E0,0.E0));
#2313=DIRECTION('',(0.E0,1.E0,0.E0));
#2314=AXIS2_PLACEMENT_3D('',#2311,#2312,#2313);
#2316=DIRECTION('',(-1.E0,0.E0,0.E0));
#2317=VECTOR('',#2316,1.38E-2);
#2318=CARTESIAN_POINT('',(1.38E-1,-6.6045E-1,0.E0));
#2319=LINE('',#2318,#2317);
#2320=CARTESIAN_POINT('',(1.38E-1,0.E0,0.E0));
#2321=DIRECTION('',(-1.E0,0.E0,0.E0));
#2322=DIRECTION('',(0.E0,1.E0,0.E0));
#2323=AXIS2_PLACEMENT_3D('',#2320,#2321,#2322);
#2325=DIRECTION('',(-1.E0,0.E0,0.E0));
#2326=VECTOR('',#2325,1.38E-2);
#2327=CARTESIAN_POINT('',(1.38E-1,6.6045E-1,0.E0));
#2328=LINE('',#2327,#2326);
#2329=CARTESIAN_POINT('',(1.242E-1,0.E0,0.E0));
#2330=DIRECTION('',(1.E0,0.E0,0.E0));
#2331=DIRECTION('',(0.E0,1.E0,0.E0));
#2332=AXIS2_PLACEMENT_3D('',#2329,#2330,#2331);
#2334=CARTESIAN_POINT('',(1.242E-1,0.E0,0.E0));
#2335=DIRECTION('',(1.E0,0.E0,0.E0));
#2336=DIRECTION('',(0.E0,-1.E0,0.E0));
#2337=AXIS2_PLACEMENT_3D('',#2334,#2335,#2336);
#2339=DIRECTION('',(1.E0,0.E0,0.E0));
#2340=VECTOR('',#2339,1.38E-2);
#2341=CARTESIAN_POINT('',(1.242E-1,7.5705E-1,0.E0));
#2342=LINE('',#2341,#2340);
#2343=DIRECTION('',(1.E0,0.E0,0.E0));
#2344=VECTOR('',#2343,1.38E-2);
#2345=CARTESIAN_POINT('',(1.242E-1,-7.5705E-1,0.E0));
#2346=LINE('',#2345,#2344);
#2347=CARTESIAN_POINT('',(1.38E-1,0.E0,0.E0));
#2348=DIRECTION('',(-1.E0,0.E0,0.E0));
#2349=DIRECTION('',(0.E0,1.E0,0.E0));
#2350=AXIS2_PLACEMENT_3D('',#2347,#2348,#2349);
#2352=CARTESIAN_POINT('',(1.38E-1,0.E0,0.E0));
#2353=DIRECTION('',(1.E0,0.E0,0.E0));
#2354=DIRECTION('',(0.E0,1.E0,0.E0));
#2355=AXIS2_PLACEMENT_3D('',#2352,#2353,#2354);
#2357=CARTESIAN_POINT('',(1.38E-1,0.E0,0.E0));
#2358=DIRECTION('',(1.E0,0.E0,0.E0));
#2359=DIRECTION('',(0.E0,1.E0,0.E0));
#2360=AXIS2_PLACEMENT_3D('',#2357,#2358,#2359);
#2362=CARTESIAN_POINT('',(1.242E-1,8.132E-1,0.E0));
#2363=DIRECTION('',(0.E0,0.E0,1.E0));
#2364=DIRECTION('',(1.E0,0.E0,0.E0));
#2365=AXIS2_PLACEMENT_3D('',#2362,#2363,#2364);
#2367=CARTESIAN_POINT('',(1.242E-1,-8.132E-1,0.E0));
#2368=DIRECTION('',(0.E0,0.E0,-1.E0));
#2369=DIRECTION('',(1.E0,0.E0,0.E0));
#2370=AXIS2_PLACEMENT_3D('',#2367,#2368,#2369);
#2372=CARTESIAN_POINT('',(1.38E-1,0.E0,0.E0));
#2373=DIRECTION('',(-1.E0,0.E0,0.E0));
#2374=DIRECTION('',(0.E0,1.E0,0.E0));
#2375=AXIS2_PLACEMENT_3D('',#2372,#2373,#2374);
#2377=CARTESIAN_POINT('',(-1.242E-1,0.E0,0.E0));
#2378=DIRECTION('',(-1.E0,0.E0,0.E0));
#2379=DIRECTION('',(0.E0,1.E0,0.E0));
#2380=AXIS2_PLACEMENT_3D('',#2377,#2378,#2379);
#2382=DIRECTION('',(1.E0,0.E0,0.E0));
#2383=VECTOR('',#2382,1.38E-2);
#2384=CARTESIAN_POINT('',(-1.38E-1,-7.5705E-1,0.E0));
#2385=LINE('',#2384,#2383);
#2386=CARTESIAN_POINT('',(-1.38E-1,0.E0,0.E0));
#2387=DIRECTION('',(-1.E0,0.E0,0.E0));
#2388=DIRECTION('',(0.E0,1.E0,0.E0));
#2389=AXIS2_PLACEMENT_3D('',#2386,#2387,#2388);
#2391=DIRECTION('',(1.E0,0.E0,0.E0));
#2392=VECTOR('',#2391,1.38E-2);
#2393=CARTESIAN_POINT('',(-1.38E-1,7.5705E-1,0.E0));
#2394=LINE('',#2393,#2392);
#2395=DIRECTION('',(0.E0,-9.612616959383E-1,-2.756373558170E-1));
#2396=VECTOR('',#2395,9.854264290268E-3);
#2397=CARTESIAN_POINT('',(2.972872356176E-2,7.905440624364E-1,
2.428355108844E-1));
#2398=LINE('',#2397,#2396);
#2399=DIRECTION('',(0.E0,-9.612616959383E-1,-2.756373558170E-1));
#2400=VECTOR('',#2399,9.740896517440E-3);
#2401=CARTESIAN_POINT('',(3.105E-2,7.890086628525E-1,2.477787923608E-1));
#2402=LINE('',#2401,#2400);
#2403=DIRECTION('',(0.E0,-9.612616959383E-1,-2.756373558170E-1));
#2404=VECTOR('',#2403,9.553603236619E-3);
#2405=CARTESIAN_POINT('',(3.105E-2,7.870455960203E-1,2.539453283387E-1));
#2406=LINE('',#2405,#2404);
#2407=DIRECTION('',(0.E0,-9.612616959383E-1,-2.756373558170E-1));
#2408=VECTOR('',#2407,9.315628867532E-3);
#2409=CARTESIAN_POINT('',(2.972872356176E-2,7.850338108892E-1,
2.600978964945E-1));
#2410=LINE('',#2409,#2408);
#2411=DIRECTION('',(0.E0,-9.612616959383E-1,-2.756373558170E-1));
#2412=VECTOR('',#2411,9.088730006499E-3);
#2413=CARTESIAN_POINT('',(2.576489424705E-2,7.833892787289E-1,
2.650098827828E-1));
#2414=LINE('',#2413,#2412);
#2415=DIRECTION('',(-1.325818514397E-14,-9.612616959383E-1,-2.756373558170E-1));
#2416=VECTOR('',#2415,8.897235563201E-3);
#2417=CARTESIAN_POINT('',(2.047978849411E-2,7.821353849683E-1,
2.686879967182E-1));
#2418=LINE('',#2417,#2416);
#2419=DIRECTION('',(0.E0,-9.612616959383E-1,-2.756373558170E-1));
#2420=VECTOR('',#2419,8.829340694732E-3);
#2421=CARTESIAN_POINT('',(1.651595917940E-2,7.817135147429E-1,
2.699129134893E-1));
#2422=LINE('',#2421,#2420);
#2423=DIRECTION('',(0.E0,-9.612616959383E-1,-2.756373558170E-1));
#2424=VECTOR('',#2423,9.206239061646E-3);
#2425=CARTESIAN_POINT('',(1.651595917940E-2,7.842154476808E-1,
2.625550068438E-1));
#2426=LINE('',#2425,#2424);
#2427=DIRECTION('',(0.E0,-9.612616959383E-1,-2.756373558170E-1));
#2428=VECTOR('',#2427,9.261948641856E-3);
#2429=CARTESIAN_POINT('',(1.915851205587E-2,7.846256046554E-1,
2.613267313521E-1));
#2430=LINE('',#2429,#2428);
#2431=DIRECTION('',(0.E0,-9.612616959383E-1,-2.756373558170E-1));
#2432=VECTOR('',#2431,9.367280279023E-3);
#2433=CARTESIAN_POINT('',(2.180106493235E-2,7.854400679218E-1,
2.588684988618E-1));
#2434=LINE('',#2433,#2432);
#2435=DIRECTION('',(0.E0,-9.612616959383E-1,-2.756373558170E-1));
#2436=VECTOR('',#2435,9.510064100028E-3);
#2437=CARTESIAN_POINT('',(2.312234137058E-2,7.866471375169E-1,
2.551769602383E-1));
#2438=LINE('',#2437,#2436);
#2439=DIRECTION('',(0.E0,-9.612616959383E-1,-2.756373558170E-1));
#2440=VECTOR('',#2439,9.740896517440E-3);
#2441=CARTESIAN_POINT('',(2.312234137058E-2,7.890086628525E-1,
2.477787923608E-1));
#2442=LINE('',#2441,#2440);
#2443=DIRECTION('',(0.E0,-9.612616959383E-1,-2.756373558170E-1));
#2444=VECTOR('',#2443,9.828960322319E-3);
#2445=CARTESIAN_POINT('',(2.180106493235E-2,7.901631327022E-1,
2.440721690777E-1));
#2446=LINE('',#2445,#2444);
#2447=DIRECTION('',(0.E0,-9.612616959383E-1,-2.756373558170E-1));
#2448=VECTOR('',#2447,9.898797375913E-3);
#2449=CARTESIAN_POINT('',(1.915851205587E-2,7.913000821291E-1,
2.403605209317E-1));
#2450=LINE('',#2449,#2448);
#2451=DIRECTION('',(0.E0,-9.612616959383E-1,-2.756373558170E-1));
#2452=VECTOR('',#2451,9.918026823661E-3);
#2453=CARTESIAN_POINT('',(1.519467903972E-2,7.916751724047E-1,
2.391221892632E-1));
#2454=LINE('',#2453,#2452);
#2455=DIRECTION('',(0.E0,-9.612616959383E-1,-2.756373558170E-1));
#2456=VECTOR('',#2455,9.918026823661E-3);
#2457=CARTESIAN_POINT('',(1.255212616324E-2,7.916751724047E-1,
2.391221892632E-1));
#2458=LINE('',#2457,#2456);
#2459=DIRECTION('',(0.E0,-9.612616959383E-1,-2.756373558170E-1));
#2460=VECTOR('',#2459,9.898797375913E-3);
#2461=CARTESIAN_POINT('',(8.588296848536E-3,7.913000821291E-1,
2.403605209317E-1));
#2462=LINE('',#2461,#2460);
#2463=DIRECTION('',(0.E0,-9.612616959383E-1,-2.756373558170E-1));
#2464=VECTOR('',#2463,9.828960322319E-3);
#2465=CARTESIAN_POINT('',(5.945743972063E-3,7.901631327022E-1,
2.440721690777E-1));
#2466=LINE('',#2465,#2464);
#2467=DIRECTION('',(0.E0,-9.612616959383E-1,-2.756373558170E-1));
#2468=VECTOR('',#2467,9.740896517440E-3);
#2469=CARTESIAN_POINT('',(4.624467533827E-3,7.890086628525E-1,
2.477787923608E-1));
#2470=LINE('',#2469,#2468);
#2471=DIRECTION('',(0.E0,-9.612616959383E-1,-2.756373558170E-1));
#2472=VECTOR('',#2471,9.510064100028E-3);
#2473=CARTESIAN_POINT('',(4.624467533827E-3,7.866471375169E-1,
2.551769602383E-1));
#2474=LINE('',#2473,#2472);
#2475=DIRECTION('',(0.E0,-9.612616959383E-1,-2.756373558170E-1));
#2476=VECTOR('',#2475,9.261948641856E-3);
#2477=CARTESIAN_POINT('',(3.303191095591E-3,7.846256046554E-1,
2.613267313521E-1));
#2478=LINE('',#2477,#2476);
#2479=DIRECTION('',(0.E0,-9.612616959383E-1,-2.756373558170E-1));
#2480=VECTOR('',#2479,9.026929833347E-3);
#2481=CARTESIAN_POINT('',(6.606382191181E-4,7.829732671007E-1,
2.662364794796E-1));
#2482=LINE('',#2481,#2480);
#2483=DIRECTION('',(-2.792378986337E-14,-9.612616959383E-1,-2.756373558170E-1));
#2484=VECTOR('',#2483,8.759413077865E-3);
#2485=CARTESIAN_POINT('',(-4.624467533827E-3,7.812896894941E-1,
2.711372735170E-1));
#2486=LINE('',#2485,#2484);
#2487=DIRECTION('',(0.E0,-9.612616959383E-1,-2.756373558170E-1));
#2488=VECTOR('',#2487,8.613458521335E-3);
#2489=CARTESIAN_POINT('',(-9.909575137496E-3,7.804361779915E-1,
2.735843052552E-1));
#2490=LINE('',#2489,#2488);
#2491=DIRECTION('',(0.E0,-9.612616959383E-1,-2.756373558170E-1));
#2492=VECTOR('',#2491,8.613458521335E-3);
#2493=CARTESIAN_POINT('',(-1.651595732868E-2,7.804361779915E-1,
2.735843052552E-1));
#2494=LINE('',#2493,#2492);
#2495=DIRECTION('',(0.E0,-9.612616959383E-1,-2.756373558170E-1));
#2496=VECTOR('',#2495,8.759413077865E-3);
#2497=CARTESIAN_POINT('',(-2.180106400698E-2,7.812896894941E-1,
2.711372735170E-1));
#2498=LINE('',#2497,#2496);
#2499=DIRECTION('',(0.E0,-9.612616959383E-1,-2.756373558170E-1));
#2500=VECTOR('',#2499,9.026929833347E-3);
#2501=CARTESIAN_POINT('',(-2.708617022261E-2,7.829732671007E-1,
2.662364794796E-1));
#2502=LINE('',#2501,#2500);
#2503=DIRECTION('',(0.E0,-9.612616959383E-1,-2.756373558170E-1));
#2504=VECTOR('',#2503,9.261948641856E-3);
#2505=CARTESIAN_POINT('',(-2.972872344609E-2,7.846256046554E-1,
2.613267313521E-1));
#2506=LINE('',#2505,#2504);
#2507=DIRECTION('',(0.E0,-9.612616959383E-1,-2.756373558170E-1));
#2508=VECTOR('',#2507,9.510064100028E-3);
#2509=CARTESIAN_POINT('',(-3.105E-2,7.866471375169E-1,2.551769602383E-1));
#2510=LINE('',#2509,#2508);
#2511=DIRECTION('',(0.E0,-9.612616959383E-1,-2.756373558170E-1));
#2512=VECTOR('',#2511,9.801631206723E-3);
#2513=CARTESIAN_POINT('',(-3.105E-2,7.897802567812E-1,2.453082672857E-1));
#2514=LINE('',#2513,#2512);
#2515=DIRECTION('',(0.E0,-9.612616959383E-1,-2.756373558170E-1));
#2516=VECTOR('',#2515,9.918026823661E-3);
#2517=CARTESIAN_POINT('',(-2.972872344609E-2,7.916751724047E-1,
2.391221892632E-1));
#2518=LINE('',#2517,#2516);
#2519=DIRECTION('',(0.E0,-9.612616959383E-1,-2.756373558170E-1));
#2520=VECTOR('',#2519,9.983808410663E-3);
#2521=CARTESIAN_POINT('',(-2.576489378437E-2,7.935214348275E-1,
2.329221596785E-1));
#2522=LINE('',#2521,#2520);
#2523=DIRECTION('',(-1.387919233357E-14,-9.612616959383E-1,-2.756373558170E-1));
#2524=VECTOR('',#2523,9.998988034954E-3);
#2525=CARTESIAN_POINT('',(-1.915851020515E-2,7.946058439380E-1,
2.291954466815E-1));
#2526=LINE('',#2525,#2524);
#2527=DIRECTION('',(0.E0,-9.612616959383E-1,-2.756373558170E-1));
#2528=VECTOR('',#2527,1.E-2);
#2529=CARTESIAN_POINT('',(-1.387340445220E-2,7.949634225410E-1,
2.279520932607E-1));
#2530=LINE('',#2529,#2528);
#2531=DIRECTION('',(0.E0,-9.612616959383E-1,-2.756373558170E-1));
#2532=VECTOR('',#2531,9.963568480347E-3);
#2533=CARTESIAN_POINT('',(-1.387340445220E-2,7.927887673421E-1,
2.354038452876E-1));
#2534=LINE('',#2533,#2532);
#2535=DIRECTION('',(0.E0,-9.612616959383E-1,-2.756373558170E-1));
#2536=VECTOR('',#2535,9.950412262745E-3);
#2537=CARTESIAN_POINT('',(-1.783723376691E-2,7.924195150300E-1,
2.366438509652E-1));
#2538=LINE('',#2537,#2536);
#2539=DIRECTION('',(0.E0,-9.612616959383E-1,-2.756373558170E-1));
#2540=VECTOR('',#2539,9.898797375913E-3);
#2541=CARTESIAN_POINT('',(-2.180106400698E-2,7.913000821291E-1,
2.403605209317E-1));
#2542=LINE('',#2541,#2540);
#2543=DIRECTION('',(0.E0,-9.612616959383E-1,-2.756373558170E-1));
#2544=VECTOR('',#2543,9.801631206723E-3);
#2545=CARTESIAN_POINT('',(-2.312234044522E-2,7.897802567812E-1,
2.453082672857E-1));
#2546=LINE('',#2545,#2544);
#2547=DIRECTION('',(0.E0,-9.612616959383E-1,-2.756373558170E-1));
#2548=VECTOR('',#2547,9.510064100028E-3);
#2549=CARTESIAN_POINT('',(-2.312234044522E-2,7.866471375169E-1,
2.551769602383E-1));
#2550=LINE('',#2549,#2548);
#2551=DIRECTION('',(0.E0,-9.612616959383E-1,-2.756373558170E-1));
#2552=VECTOR('',#2551,9.315628867532E-3);
#2553=CARTESIAN_POINT('',(-2.180106400698E-2,7.850338108892E-1,
2.600978964945E-1));
#2554=LINE('',#2553,#2552);
#2555=DIRECTION('',(0.E0,-9.612616959383E-1,-2.756373558170E-1));
#2556=VECTOR('',#2555,9.148499548268E-3);
#2557=CARTESIAN_POINT('',(-1.915851020515E-2,7.838033383890E-1,
2.637827263682E-1));
#2558=LINE('',#2557,#2556);
#2559=DIRECTION('',(0.E0,-9.612616959383E-1,-2.756373558170E-1));
#2560=VECTOR('',#2559,9.026929833347E-3);
#2561=CARTESIAN_POINT('',(-1.519468089044E-2,7.829732671007E-1,
2.662364794796E-1));
#2562=LINE('',#2561,#2560);
#2563=DIRECTION('',(0.E0,-9.612616959383E-1,-2.756373558170E-1));
#2564=VECTOR('',#2563,9.026929833347E-3);
#2565=CARTESIAN_POINT('',(-1.123085157573E-2,7.829732671007E-1,
2.662364794796E-1));
#2566=LINE('',#2565,#2564);
#2567=DIRECTION('',(0.E0,-9.612616959383E-1,-2.756373558170E-1));
#2568=VECTOR('',#2567,9.148499548268E-3);
#2569=CARTESIAN_POINT('',(-7.267020410299E-3,7.838033383890E-1,
2.637827263682E-1));
#2570=LINE('',#2569,#2568);
#2571=DIRECTION('',(0.E0,-9.612616959383E-1,-2.756373558170E-1));
#2572=VECTOR('',#2571,9.315628867532E-3);
#2573=CARTESIAN_POINT('',(-4.624467533827E-3,7.850338108892E-1,
2.600978964945E-1));
#2574=LINE('',#2573,#2572);
#2575=DIRECTION('',(0.E0,-9.612616959383E-1,-2.756373558170E-1));
#2576=VECTOR('',#2575,9.510064100028E-3);
#2577=CARTESIAN_POINT('',(-3.303191095591E-3,7.866471375169E-1,
2.551769602383E-1));
#2578=LINE('',#2577,#2576);
#2579=DIRECTION('',(0.E0,-9.612616959383E-1,-2.756373558170E-1));
#2580=VECTOR('',#2579,9.740896517440E-3);
#2581=CARTESIAN_POINT('',(-3.303191095591E-3,7.890086628525E-1,
2.477787923608E-1));
#2582=LINE('',#2581,#2580);
#2583=DIRECTION('',(0.E0,-9.612616959383E-1,-2.756373558170E-1));
#2584=VECTOR('',#2583,9.854264290268E-3);
#2585=CARTESIAN_POINT('',(-1.981914657354E-3,7.905440624364E-1,
2.428355108844E-1));
#2586=LINE('',#2585,#2584);
#2587=DIRECTION('',(0.E0,-9.612616959383E-1,-2.756373558170E-1));
#2588=VECTOR('',#2587,9.935231740440E-3);
#2589=CARTESIAN_POINT('',(6.606382191181E-4,7.920483165762E-1,
2.378832995583E-1));
#2590=LINE('',#2589,#2588);
#2591=DIRECTION('',(1.025146726307E-14,-9.612616959383E-1,-2.756373558170E-1));
#2592=VECTOR('',#2591,9.983808410663E-3);
#2593=CARTESIAN_POINT('',(5.945743972063E-3,7.935214348275E-1,
2.329221596785E-1));
#2594=LINE('',#2593,#2592);
#2595=DIRECTION('',(4.931105789517E-14,-9.612616959383E-1,-2.756373558170E-1));
#2596=VECTOR('',#2595,9.990892270548E-3);
#2597=CARTESIAN_POINT('',(1.123084972501E-2,7.938848501423E-1,
2.316804797876E-1));
#2598=LINE('',#2597,#2596);
#2599=DIRECTION('',(-7.257754295838E-14,-9.612616959383E-1,-2.756373558170E-1));
#2600=VECTOR('',#2599,9.990892270548E-3);
#2601=CARTESIAN_POINT('',(1.651595917940E-2,7.938848501423E-1,
2.316804797876E-1));
#2602=LINE('',#2601,#2600);
#2603=DIRECTION('',(0.E0,-9.612616959383E-1,-2.756373558170E-1));
#2604=VECTOR('',#2603,9.983808410663E-3);
#2605=CARTESIAN_POINT('',(2.180106493235E-2,7.935214348275E-1,
2.329221596785E-1));
#2606=LINE('',#2605,#2604);
#2607=DIRECTION('',(0.E0,-9.612616959383E-1,-2.756373558170E-1));
#2608=VECTOR('',#2607,9.935231740440E-3);
#2609=CARTESIAN_POINT('',(2.708617068529E-2,7.920483165762E-1,
2.378832995583E-1));
#2610=LINE('',#2609,#2608);
#2611=DIRECTION('',(0.E0,-2.756373558170E-1,9.612616959383E-1));
#2612=VECTOR('',#2611,7.7625E-3);
#2613=CARTESIAN_POINT('',(1.651595917940E-2,7.753658427072E-1,
2.600174234518E-1));
#2614=LINE('',#2613,#2612);
#2615=DIRECTION('',(-8.981382627794E-1,-1.212013720678E-1,4.226794155627E-1));
#2616=VECTOR('',#2615,2.942256204846E-3);
#2617=CARTESIAN_POINT('',(1.915851205587E-2,7.757224481962E-1,
2.587737923187E-1));
#2618=LINE('',#2617,#2616);
#2619=DIRECTION('',(-7.145102180353E-1,-1.928427865799E-1,6.725227193094E-1));
#2620=VECTOR('',#2619,3.698411596882E-3);
#2621=CARTESIAN_POINT('',(2.180106493235E-2,7.764356601945E-1,
2.562865264945E-1));
#2622=LINE('',#2621,#2620);
#2623=DIRECTION('',(-3.222639010856E-1,-2.609320672968E-1,9.099782603520E-1));
#2624=VECTOR('',#2623,4.099982758805E-3);
#2625=CARTESIAN_POINT('',(2.312234137058E-2,7.775054771716E-1,
2.525556313161E-1));
#2626=LINE('',#2625,#2624);
#2627=DIRECTION('',(0.E0,-2.756373558170E-1,9.612616959383E-1));
#2628=VECTOR('',#2627,7.7625E-3);
#2629=CARTESIAN_POINT('',(2.312234137058E-2,7.796451121462E-1,
2.450938374014E-1));
#2630=LINE('',#2629,#2628);
#2631=DIRECTION('',(3.222637633772E-1,-2.609320802185E-1,9.099783054155E-1));
#2632=VECTOR('',#2631,4.099984510792E-3);
#2633=CARTESIAN_POINT('',(2.180106493235E-2,7.807149296334E-1,
2.413629404441E-1));
#2634=LINE('',#2633,#2632);
#2635=DIRECTION('',(5.627908395612E-1,-2.278416567341E-1,7.945782846030E-1));
#2636=VECTOR('',#2635,4.695444009950E-3);
#2637=CARTESIAN_POINT('',(1.915851205587E-2,7.817847473757E-1,
2.376320425972E-1));
#2638=LINE('',#2637,#2636);
#2639=DIRECTION('',(9.506452993950E-1,-8.552468606839E-2,2.982600254998E-1));
#2640=VECTOR('',#2639,4.169623537485E-3);
#2641=CARTESIAN_POINT('',(1.519467903972E-2,7.821413531198E-1,
2.363884105746E-1));
#2642=LINE('',#2641,#2640);
#2643=DIRECTION('',(1.E0,0.E0,0.E0));
#2644=VECTOR('',#2643,2.642552876472E-3);
#2645=CARTESIAN_POINT('',(1.255212616324E-2,7.821413531198E-1,
2.363884105746E-1));
#2646=LINE('',#2645,#2644);
#2647=DIRECTION('',(9.506452139312E-1,8.552475824313E-2,-2.982602772030E-1));
#2648=VECTOR('',#2647,4.169620018721E-3);
#2649=CARTESIAN_POINT('',(8.588296848536E-3,7.817847473757E-1,
2.376320425972E-1));
#2650=LINE('',#2649,#2648);
#2651=DIRECTION('',(5.627908395612E-1,2.278416567341E-1,-7.945782846030E-1));
#2652=VECTOR('',#2651,4.695444009950E-3);
#2653=CARTESIAN_POINT('',(5.945743972063E-3,7.807149296334E-1,
2.413629404441E-1));
#2654=LINE('',#2653,#2652);
#2655=DIRECTION('',(3.222637633772E-1,2.609320802185E-1,-9.099783054155E-1));
#2656=VECTOR('',#2655,4.099984510793E-3);
#2657=CARTESIAN_POINT('',(4.624467533827E-3,7.796451121462E-1,
2.450938374014E-1));
#2658=LINE('',#2657,#2656);
#2659=DIRECTION('',(0.E0,2.756373558170E-1,-9.612616959383E-1));
#2660=VECTOR('',#2659,7.7625E-3);
#2661=CARTESIAN_POINT('',(4.624467533827E-3,7.775054771716E-1,
2.525556313161E-1));
#2662=LINE('',#2661,#2660);
#2663=DIRECTION('',(2.001233733807E-1,2.700614065809E-1,-9.418160500343E-1));
#2664=VECTOR('',#2663,6.602309444997E-3);
#2665=CARTESIAN_POINT('',(3.303191095591E-3,7.757224481962E-1,
2.587737923187E-1));
#2666=LINE('',#2665,#2664);
#2667=DIRECTION('',(4.547771995497E-1,2.454840742435E-1,-8.561047062495E-1));
#2668=VECTOR('',#2667,5.810653830246E-3);
#2669=CARTESIAN_POINT('',(6.606382191181E-4,7.742960252200E-1,
2.637483204092E-1));
#2670=LINE('',#2669,#2668);
#2671=DIRECTION('',(7.145102180353E-1,1.928427865799E-1,-6.725227193094E-1));
#2672=VECTOR('',#2671,7.396823193764E-3);
#2673=CARTESIAN_POINT('',(-4.624467533827E-3,7.728696012234E-1,
2.687228520577E-1));
#2674=LINE('',#2673,#2672);
#2675=DIRECTION('',(8.981383235887E-1,1.212013378319E-1,-4.226792961679E-1));
#2676=VECTOR('',#2675,5.884514071898E-3);
#2677=CARTESIAN_POINT('',(-9.909575137496E-3,7.721563902454E-1,
2.712101143239E-1));
#2678=LINE('',#2677,#2676);
#2679=DIRECTION('',(1.E0,0.E0,0.E0));
#2680=VECTOR('',#2679,6.606382191181E-3);
#2681=CARTESIAN_POINT('',(-1.651595732868E-2,7.721563902454E-1,
2.712101143239E-1));
#2682=LINE('',#2681,#2680);
#2683=DIRECTION('',(8.981382931841E-1,-1.212013549498E-1,4.226793558653E-1));
#2684=VECTOR('',#2683,5.884513240795E-3);
#2685=CARTESIAN_POINT('',(-2.180106400698E-2,7.728696012234E-1,
2.687228520577E-1));
#2686=LINE('',#2685,#2684);
#2687=DIRECTION('',(7.145102486526E-1,-1.928427779611E-1,6.725226892520E-1));
#2688=VECTOR('',#2687,7.396823524355E-3);
#2689=CARTESIAN_POINT('',(-2.708617022261E-2,7.742960252200E-1,
2.637483204092E-1));
#2690=LINE('',#2689,#2688);
#2691=DIRECTION('',(4.547772469181E-1,-2.454840675763E-1,8.561046829984E-1));
#2692=VECTOR('',#2691,5.810653988059E-3);
#2693=CARTESIAN_POINT('',(-2.972872344609E-2,7.757224481962E-1,
2.587737923187E-1));
#2694=LINE('',#2693,#2692);
#2695=DIRECTION('',(2.001233901988E-1,-2.700614056341E-1,9.418160467322E-1));
#2696=VECTOR('',#2695,6.602309468145E-3);
#2697=CARTESIAN_POINT('',(-3.105E-2,7.775054771716E-1,2.525556313161E-1));
#2698=LINE('',#2697,#2696);
#2699=DIRECTION('',(0.E0,-2.756373558170E-1,9.612616959383E-1));
#2700=VECTOR('',#2699,1.035000123382E-2);
#2701=CARTESIAN_POINT('',(-3.105E-2,7.803583241444E-1,2.426065715772E-1));
#2702=LINE('',#2701,#2700);
#2703=DIRECTION('',(-2.001233901988E-1,-2.700614056340E-1,9.418160467322E-1));
#2704=VECTOR('',#2703,6.602309468145E-3);
#2705=CARTESIAN_POINT('',(-2.972872344609E-2,7.821413531198E-1,
2.363884105746E-1));
#2706=LINE('',#2705,#2704);
#2707=DIRECTION('',(-5.224769709020E-1,-2.350231276904E-1,8.196230501442E-1));
#2708=VECTOR('',#2707,7.586611243125E-3);
#2709=CARTESIAN_POINT('',(-2.576489378437E-2,7.839243822227E-1,
2.301702491272E-1));
#2710=LINE('',#2709,#2708);
#2711=DIRECTION('',(-8.622111601221E-1,-1.396238340147E-1,4.869261754475E-1));
#2712=VECTOR('',#2711,7.662141114351E-3);
#2713=CARTESIAN_POINT('',(-1.915851020515E-2,7.849941997419E-1,
2.264393520587E-1));
#2714=LINE('',#2713,#2712);
#2715=DIRECTION('',(-9.713211522284E-1,-6.553866872603E-2,2.285604999452E-1));
#2716=VECTOR('',#2715,5.441151714672E-3);
#2717=CARTESIAN_POINT('',(-1.387340445220E-2,7.853508055816E-1,
2.251957197025E-1));
#2718=LINE('',#2717,#2716);
#2719=DIRECTION('',(0.E0,2.756373558170E-1,-9.612616959383E-1));
#2720=VECTOR('',#2719,7.7625E-3);
#2721=CARTESIAN_POINT('',(-1.387340445220E-2,7.832111706071E-1,
2.326575136172E-1));
#2722=LINE('',#2721,#2720);
#2723=DIRECTION('',(9.506452139312E-1,8.552475824313E-2,-2.982602772030E-1));
#2724=VECTOR('',#2723,4.169620018721E-3);
#2725=CARTESIAN_POINT('',(-1.783723376691E-2,7.828545648630E-1,
2.339011456398E-1));
#2726=LINE('',#2725,#2724);
#2727=DIRECTION('',(7.145104664480E-1,1.928427166513E-1,-6.725224754392E-1));
#2728=VECTOR('',#2727,5.547616761691E-3);
#2729=CARTESIAN_POINT('',(-2.180106400698E-2,7.817847473757E-1,
2.376320425972E-1));
#2730=LINE('',#2729,#2728);
#2731=DIRECTION('',(2.473832314230E-1,2.670699167350E-1,-9.313834851370E-1));
#2732=VECTOR('',#2731,5.341010506799E-3);
#2733=CARTESIAN_POINT('',(-2.312234044522E-2,7.803583241444E-1,
2.426065715772E-1));
#2734=LINE('',#2733,#2732);
#2735=DIRECTION('',(0.E0,2.756373558170E-1,-9.612616959383E-1));
#2736=VECTOR('',#2735,1.035000123382E-2);
#2737=CARTESIAN_POINT('',(-2.312234044522E-2,7.775054771716E-1,
2.525556313161E-1));
#2738=LINE('',#2737,#2736);
#2739=DIRECTION('',(-2.473831898946E-1,2.670699196576E-1,-9.313834953292E-1));
#2740=VECTOR('',#2739,5.341011403399E-3);
#2741=CARTESIAN_POINT('',(-2.180106400698E-2,7.760790536852E-1,
2.575301611856E-1));
#2742=LINE('',#2741,#2740);
#2743=DIRECTION('',(-5.627910658976E-1,2.278416142580E-1,-7.945781364713E-1));
#2744=VECTOR('',#2743,4.695443765832E-3);
#2745=CARTESIAN_POINT('',(-1.915851020515E-2,7.750092361980E-1,
2.612610581430E-1));
#2746=LINE('',#2745,#2744);
#2747=DIRECTION('',(-8.373793591563E-1,1.506694926265E-1,-5.254469648316E-1));
#2748=VECTOR('',#2747,4.733612396062E-3);
#2749=CARTESIAN_POINT('',(-1.519468089044E-2,7.742960252200E-1,
2.637483204092E-1));
#2750=LINE('',#2749,#2748);
#2751=DIRECTION('',(-1.E0,0.E0,0.E0));
#2752=VECTOR('',#2751,3.963829314709E-3);
#2753=CARTESIAN_POINT('',(-1.123085157573E-2,7.742960252200E-1,
2.637483204092E-1));
#2754=LINE('',#2753,#2752);
#2755=DIRECTION('',(-8.373794759779E-1,-1.506694432981E-1,5.254467928032E-1));
#2756=VECTOR('',#2755,4.733613945821E-3);
#2757=CARTESIAN_POINT('',(-7.267020410299E-3,7.750092361980E-1,
2.612610581430E-1));
#2758=LINE('',#2757,#2756);
#2759=DIRECTION('',(-5.627909312417E-1,-2.278416395286E-1,7.945782246003E-1));
#2760=VECTOR('',#2759,4.695443245047E-3);
#2761=CARTESIAN_POINT('',(-4.624467533827E-3,7.760790536852E-1,
2.575301611856E-1));
#2762=LINE('',#2761,#2760);
#2763=DIRECTION('',(-2.473831898946E-1,-2.670699196576E-1,9.313834953292E-1));
#2764=VECTOR('',#2763,5.341011403399E-3);
#2765=CARTESIAN_POINT('',(-3.303191095591E-3,7.775054771716E-1,
2.525556313161E-1));
#2766=LINE('',#2765,#2764);
#2767=DIRECTION('',(0.E0,-2.756373558170E-1,9.612616959383E-1));
#2768=VECTOR('',#2767,7.7625E-3);
#2769=CARTESIAN_POINT('',(-3.303191095591E-3,7.796451121462E-1,
2.450938374014E-1));
#2770=LINE('',#2769,#2768);
#2771=DIRECTION('',(-2.473831898946E-1,-2.670699196576E-1,9.313834953292E-1));
#2772=VECTOR('',#2771,5.341011403399E-3);
#2773=CARTESIAN_POINT('',(-1.981914657354E-3,7.810715356325E-1,
2.401193075319E-1));
#2774=LINE('',#2773,#2772);
#2775=DIRECTION('',(-4.547771350481E-1,-2.454840833221E-1,8.561047379106E-1));
#2776=VECTOR('',#2775,5.810654654379E-3);
#2777=CARTESIAN_POINT('',(6.606382191181E-4,7.824979588639E-1,
2.351447785520E-1));
#2778=LINE('',#2777,#2776);
#2779=DIRECTION('',(-7.145103743789E-1,-1.928427425689E-1,6.725225658247E-1));
#2780=VECTOR('',#2779,7.396821575248E-3);
#2781=CARTESIAN_POINT('',(5.945743972063E-3,7.839243822227E-1,
2.301702491272E-1));
#2782=LINE('',#2781,#2780);
#2783=DIRECTION('',(-9.713211473188E-1,-6.553867425437E-2,2.285605192249E-1));
#2784=VECTOR('',#2783,5.441151742175E-3);
#2785=CARTESIAN_POINT('',(1.123084972501E-2,7.842809880943E-1,
2.289266166598E-1));
#2786=LINE('',#2785,#2784);
#2787=DIRECTION('',(-1.E0,0.E0,0.E0));
#2788=VECTOR('',#2787,5.285109454393E-3);
#2789=CARTESIAN_POINT('',(1.651595917940E-2,7.842809880943E-1,
2.289266166598E-1));
#2790=LINE('',#2789,#2788);
#2791=DIRECTION('',(-9.713211473188E-1,6.553867425437E-2,-2.285605192248E-1));
#2792=VECTOR('',#2791,5.441151742175E-3);
#2793=CARTESIAN_POINT('',(2.180106493235E-2,7.839243822227E-1,
2.301702491272E-1));
#2794=LINE('',#2793,#2792);
#2795=DIRECTION('',(-7.145103743789E-1,1.928427425689E-1,-6.725225658247E-1));
#2796=VECTOR('',#2795,7.396821575248E-3);
#2797=CARTESIAN_POINT('',(2.708617068529E-2,7.824979588639E-1,
2.351447785520E-1));
#2798=LINE('',#2797,#2796);
#2799=DIRECTION('',(-4.547771350481E-1,2.454840833221E-1,-8.561047379106E-1));
#2800=VECTOR('',#2799,5.810654654379E-3);
#2801=CARTESIAN_POINT('',(2.972872356176E-2,7.810715356325E-1,
2.401193075319E-1));
#2802=LINE('',#2801,#2800);
#2803=DIRECTION('',(-2.473831898946E-1,2.670699196576E-1,-9.313834953292E-1));
#2804=VECTOR('',#2803,5.341011403399E-3);
#2805=CARTESIAN_POINT('',(3.105E-2,7.796451121462E-1,2.450938374014E-1));
#2806=LINE('',#2805,#2804);
#2807=DIRECTION('',(0.E0,2.756373558170E-1,-9.612616959383E-1));
#2808=VECTOR('',#2807,6.468749383092E-3);
#2809=CARTESIAN_POINT('',(3.105E-2,7.778620831708E-1,2.513119984040E-1));
#2810=LINE('',#2809,#2808);
#2811=DIRECTION('',(2.001233184180E-1,2.700614096754E-1,-9.418160608258E-1));
#2812=VECTOR('',#2811,6.602311258282E-3);
#2813=CARTESIAN_POINT('',(2.972872356176E-2,7.760790536852E-1,
2.575301611856E-1));
#2814=LINE('',#2813,#2812);
#2815=DIRECTION('',(6.080769234738E-1,2.188224633594E-1,-7.631246193565E-1));
#2816=VECTOR('',#2815,6.518631379833E-3);
#2817=CARTESIAN_POINT('',(2.576489424706E-2,7.746526307090E-1,
2.625046892761E-1));
#2818=LINE('',#2817,#2816);
#2819=DIRECTION('',(8.060043958311E-1,1.631523829002E-1,-5.689799766731E-1));
#2820=VECTOR('',#2819,6.557167405390E-3);
#2821=CARTESIAN_POINT('',(2.047978849411E-2,7.735828132217E-1,
2.662355862335E-1));
#2822=LINE('',#2821,#2820);
#2823=DIRECTION('',(9.506452793929E-1,8.552470296026E-2,-2.982600844089E-1));
#2824=VECTOR('',#2823,4.169619731600E-3);
#2825=CARTESIAN_POINT('',(1.651595917940E-2,7.732262077327E-1,
2.674792173666E-1));
#2826=LINE('',#2825,#2824);
#2827=DIRECTION('',(0.E0,-8.480480961564E-1,-5.299192642332E-1));
#2828=VECTOR('',#2827,8.537430085659E-3);
#2829=CARTESIAN_POINT('',(3.105E-2,6.740432894083E-1,4.791603531216E-1));
#2830=LINE('',#2829,#2828);
#2831=DIRECTION('',(0.E0,-8.480480961564E-1,-5.299192642332E-1));
#2832=VECTOR('',#2831,8.537430085659E-3);
#2833=CARTESIAN_POINT('',(2.444361780882E-2,6.740432894083E-1,
4.791603531216E-1));
#2834=LINE('',#2833,#2832);
#2835=DIRECTION('',(0.E0,-8.480480961564E-1,-5.299192642332E-1));
#2836=VECTOR('',#2835,9.510064100028E-3);
#2837=CARTESIAN_POINT('',(2.444361780882E-2,6.858374589290E-1,
4.621211745092E-1));
#2838=LINE('',#2837,#2836);
#2839=DIRECTION('',(0.E0,-8.480480961564E-1,-5.299192642332E-1));
#2840=VECTOR('',#2839,9.510064100028E-3);
#2841=CARTESIAN_POINT('',(-3.105E-2,6.858374589290E-1,4.621211745092E-1));
#2842=LINE('',#2841,#2840);
#2843=DIRECTION('',(0.E0,-8.480480961564E-1,-5.299192642332E-1));
#2844=VECTOR('',#2843,9.740896517440E-3);
#2845=CARTESIAN_POINT('',(-3.105E-2,6.901467142097E-1,4.556605237076E-1));
#2846=LINE('',#2845,#2844);
#2847=DIRECTION('',(0.E0,-8.480480961564E-1,-5.299192642332E-1));
#2848=VECTOR('',#2847,9.740896517440E-3);
#2849=CARTESIAN_POINT('',(2.444361780882E-2,6.901467142097E-1,
4.556605237076E-1));
#2850=LINE('',#2849,#2848);
#2851=DIRECTION('',(0.E0,-8.480480961564E-1,-5.299192642332E-1));
#2852=VECTOR('',#2851,1.E-2);
#2853=CARTESIAN_POINT('',(2.444361780882E-2,7.013357755214E-1,
4.382432315209E-1));
#2854=LINE('',#2853,#2852);
#2855=DIRECTION('',(0.E0,-8.480480961564E-1,-5.299192642332E-1));
#2856=VECTOR('',#2855,1.E-2);
#2857=CARTESIAN_POINT('',(3.105E-2,7.013357755214E-1,4.382432315209E-1));
#2858=LINE('',#2857,#2856);
#2859=DIRECTION('',(0.E0,5.299192642332E-1,-8.480480961564E-1));
#2860=VECTOR('',#2859,4.916250123382E-2);
#2861=CARTESIAN_POINT('',(3.105E-2,6.668031380781E-1,4.746362044522E-1));
#2862=LINE('',#2861,#2860);
#2863=DIRECTION('',(1.E0,1.680531026660E-14,0.E0));
#2864=VECTOR('',#2863,6.606382191181E-3);
#2865=CARTESIAN_POINT('',(2.444361780882E-2,6.668031380781E-1,
4.746362044522E-1));
#2866=LINE('',#2865,#2864);
#2867=DIRECTION('',(0.E0,-5.299192642332E-1,8.480480961564E-1));
#2868=VECTOR('',#2867,2.070000061691E-2);
#2869=CARTESIAN_POINT('',(2.444361780882E-2,6.777724671747E-1,
4.570816083385E-1));
#2870=LINE('',#2869,#2868);
#2871=DIRECTION('',(1.E0,0.E0,0.E0));
#2872=VECTOR('',#2871,5.549361780882E-2);
#2873=CARTESIAN_POINT('',(-3.105E-2,6.777724671747E-1,4.570816083385E-1));
#2874=LINE('',#2873,#2872);
#2875=DIRECTION('',(0.E0,-5.299192642332E-1,8.480480961564E-1));
#2876=VECTOR('',#2875,7.7625E-3);
#2877=CARTESIAN_POINT('',(-3.105E-2,6.818859654633E-1,4.504986349921E-1));
#2878=LINE('',#2877,#2876);
#2879=DIRECTION('',(-1.E0,0.E0,0.E0));
#2880=VECTOR('',#2879,5.549361780882E-2);
#2881=CARTESIAN_POINT('',(2.444361780882E-2,6.818859654633E-1,
4.504986349921E-1));
#2882=LINE('',#2881,#2880);
#2883=DIRECTION('',(0.E0,-5.299192642332E-1,8.480480961564E-1));
#2884=VECTOR('',#2883,2.070000061691E-2);
#2885=CARTESIAN_POINT('',(2.444361780882E-2,6.928552945598E-1,
4.329440388785E-1));
#2886=LINE('',#2885,#2884);
#2887=DIRECTION('',(-1.E0,0.E0,0.E0));
#2888=VECTOR('',#2887,6.606382191181E-3);
#2889=CARTESIAN_POINT('',(3.105E-2,6.928552945598E-1,4.329440388785E-1));
#2890=LINE('',#2889,#2888);
#2891=DIRECTION('',(0.E0,-1.736481776669E-1,-9.848077530122E-1));
#2892=VECTOR('',#2891,8.963098387476E-3);
#2893=CARTESIAN_POINT('',(5.945743972063E-3,1.026559446653E-1,
8.206038977636E-1));
#2894=LINE('',#2893,#2892);
#2895=DIRECTION('',(0.E0,-1.736481776669E-1,-9.848077530122E-1));
#2896=VECTOR('',#2895,8.963098387476E-3);
#2897=CARTESIAN_POINT('',(-1.981914657354E-3,1.026559446653E-1,
8.206038977636E-1));
#2898=LINE('',#2897,#2896);
#2899=DIRECTION('',(0.E0,-1.736481776669E-1,-9.848077530122E-1));
#2900=VECTOR('',#2899,9.963568480347E-3);
#2901=CARTESIAN_POINT('',(-1.981914657354E-3,1.359561464808E-1,
8.157480776772E-1));
#2902=LINE('',#2901,#2900);
#2903=DIRECTION('',(0.E0,-1.736481776669E-1,-9.848077530122E-1));
#2904=VECTOR('',#2903,9.963568480347E-3);
#2905=CARTESIAN_POINT('',(-2.312234044522E-2,1.359561464808E-1,
8.157480776772E-1));
#2906=LINE('',#2905,#2904);
#2907=DIRECTION('',(0.E0,-1.736481776669E-1,-9.848077530122E-1));
#2908=VECTOR('',#2907,8.687452596320E-3);
#2909=CARTESIAN_POINT('',(-2.312234044522E-2,9.751170036926E-2,
8.212310687566E-1));
#2910=LINE('',#2909,#2908);
#2911=DIRECTION('',(0.E0,-1.736481776669E-1,-9.848077530122E-1));
#2912=VECTOR('',#2911,8.687452596320E-3);
#2913=CARTESIAN_POINT('',(-3.105E-2,9.751170036926E-2,8.212310687566E-1));
#2914=LINE('',#2913,#2912);
#2915=DIRECTION('',(0.E0,-1.736481776669E-1,-9.848077530122E-1));
#2916=VECTOR('',#2915,1.E-2);
#2917=CARTESIAN_POINT('',(-3.105E-2,1.436070429306E-1,8.144360117411E-1));
#2918=LINE('',#2917,#2916);
#2919=DIRECTION('',(0.E0,-1.736481776669E-1,-9.848077530122E-1));
#2920=VECTOR('',#2919,1.E-2);
#2921=CARTESIAN_POINT('',(3.105E-2,1.436070429306E-1,8.144360117411E-1));
#2922=LINE('',#2921,#2920);
#2923=DIRECTION('',(0.E0,-1.736481776669E-1,-9.848077530122E-1));
#2924=VECTOR('',#2923,8.687452596320E-3);
#2925=CARTESIAN_POINT('',(3.105E-2,9.751170036926E-2,8.212310687566E-1));
#2926=LINE('',#2925,#2924);
#2927=DIRECTION('',(0.E0,-1.736481776669E-1,-9.848077530122E-1));
#2928=VECTOR('',#2927,8.687452596320E-3);
#2929=CARTESIAN_POINT('',(2.312234137058E-2,9.751170036926E-2,
8.212310687566E-1));
#2930=LINE('',#2929,#2928);
#2931=DIRECTION('',(0.E0,-1.736481776669E-1,-9.848077530122E-1));
#2932=VECTOR('',#2931,9.963568480347E-3);
#2933=CARTESIAN_POINT('',(2.312234137058E-2,1.359561464808E-1,
8.157480776772E-1));
#2934=LINE('',#2933,#2932);
#2935=DIRECTION('',(0.E0,-1.736481776669E-1,-9.848077530122E-1));
#2936=VECTOR('',#2935,9.963568480347E-3);
#2937=CARTESIAN_POINT('',(5.945743972063E-3,1.359561464808E-1,
8.157480776772E-1));
#2938=LINE('',#2937,#2936);
#2939=DIRECTION('',(0.E0,9.848077530122E-1,-1.736481776669E-1));
#2940=VECTOR('',#2939,3.88125E-2);
#2941=CARTESIAN_POINT('',(-2.312234044522E-2,9.600314005734E-2,
8.126755980858E-1));
#2942=LINE('',#2941,#2940);
#2943=DIRECTION('',(1.E0,0.E0,-1.400442358749E-14));
#2944=VECTOR('',#2943,7.927659554780E-3);
#2945=CARTESIAN_POINT('',(-3.105E-2,9.600314005734E-2,8.126755980858E-1));
#2946=LINE('',#2945,#2944);
#2947=DIRECTION('',(0.E0,-9.848077530122E-1,1.736481776669E-1));
#2948=VECTOR('',#2947,4.6575E-2);
#2949=CARTESIAN_POINT('',(-3.105E-2,1.418705611539E-1,8.045879342110E-1));
#2950=LINE('',#2949,#2948);
#2951=DIRECTION('',(-1.E0,0.E0,0.E0));
#2952=VECTOR('',#2951,6.21E-2);
#2953=CARTESIAN_POINT('',(3.105E-2,1.418705611539E-1,8.045879342110E-1));
#2954=LINE('',#2953,#2952);
#2955=DIRECTION('',(0.E0,9.848077530122E-1,-1.736481776669E-1));
#2956=VECTOR('',#2955,4.6575E-2);
#2957=CARTESIAN_POINT('',(3.105E-2,9.600314005734E-2,8.126755980858E-1));
#2958=LINE('',#2957,#2956);
#2959=DIRECTION('',(1.E0,0.E0,-1.400442522216E-14));
#2960=VECTOR('',#2959,7.927658629417E-3);
#2961=CARTESIAN_POINT('',(2.312234137058E-2,9.600314005734E-2,
8.126755980858E-1));
#2962=LINE('',#2961,#2960);
#2963=DIRECTION('',(0.E0,-9.848077530122E-1,1.736481776669E-1));
#2964=VECTOR('',#2963,3.88125E-2);
#2965=CARTESIAN_POINT('',(2.312234137058E-2,1.342259909711E-1,
8.059358781901E-1));
#2966=LINE('',#2965,#2964);
#2967=DIRECTION('',(1.E0,0.E0,0.E0));
#2968=VECTOR('',#2967,1.717659739852E-2);
#2969=CARTESIAN_POINT('',(5.945743972063E-3,1.342259909711E-1,
8.059358781901E-1));
#2970=LINE('',#2969,#2968);
#2971=DIRECTION('',(0.E0,9.848077530122E-1,-1.736481776669E-1));
#2972=VECTOR('',#2971,3.363750123382E-2);
#2973=CARTESIAN_POINT('',(5.945743972063E-3,1.010995189641E-1,
8.117769689806E-1));
#2974=LINE('',#2973,#2972);
#2975=DIRECTION('',(1.E0,0.E0,0.E0));
#2976=VECTOR('',#2975,7.927658629417E-3);
#2977=CARTESIAN_POINT('',(-1.981914657354E-3,1.010995189641E-1,
8.117769689806E-1));
#2978=LINE('',#2977,#2976);
#2979=DIRECTION('',(0.E0,-9.848077530122E-1,1.736481776669E-1));
#2980=VECTOR('',#2979,3.363750123382E-2);
#2981=CARTESIAN_POINT('',(-1.981914657354E-3,1.342259909711E-1,
8.059358781901E-1));
#2982=LINE('',#2981,#2980);
#2983=DIRECTION('',(1.E0,0.E0,0.E0));
#2984=VECTOR('',#2983,2.114042578787E-2);
#2985=CARTESIAN_POINT('',(-2.312234044522E-2,1.342259909711E-1,
8.059358781901E-1));
#2986=LINE('',#2985,#2984);
#2987=DIRECTION('',(0.E0,6.427876096865E-1,-7.660444431190E-1));
#2988=VECTOR('',#2987,9.963568480347E-3);
#2989=CARTESIAN_POINT('',(-3.105E-2,-5.375083554710E-1,6.285012074760E-1));
#2990=LINE('',#2989,#2988);
#2991=DIRECTION('',(0.E0,6.427876096865E-1,-7.660444431190E-1));
#2992=VECTOR('',#2991,1.E-2);
#2993=CARTESIAN_POINT('',(-3.105E-2,-5.315853532108E-1,6.335187544594E-1));
#2994=LINE('',#2993,#2992);
#2995=DIRECTION('',(0.E0,6.427876096865E-1,-7.660444431190E-1));
#2996=VECTOR('',#2995,1.E-2);
#2997=CARTESIAN_POINT('',(3.105E-2,-5.315853532108E-1,6.335187544594E-1));
#2998=LINE('',#2997,#2996);
#2999=DIRECTION('',(0.E0,6.427876096865E-1,-7.660444431190E-1));
#3000=VECTOR('',#2999,9.963568480347E-3);
#3001=CARTESIAN_POINT('',(3.105E-2,-5.375083554710E-1,6.285012074760E-1));
#3002=LINE('',#3001,#3000);
#3003=DIRECTION('',(1.E0,0.E0,0.E0));
#3004=VECTOR('',#3003,6.21E-2);
#3005=CARTESIAN_POINT('',(-3.105E-2,-5.311038971036E-1,6.208686712080E-1));
#3006=LINE('',#3005,#3004);
#3007=DIRECTION('',(0.E0,-7.660444431190E-1,-6.427876096865E-1));
#3008=VECTOR('',#3007,7.7625E-3);
#3009=CARTESIAN_POINT('',(-3.105E-2,-5.251574771139E-1,6.258583100282E-1));
#3010=LINE('',#3009,#3008);
#3011=DIRECTION('',(-1.E0,0.E0,0.E0));
#3012=VECTOR('',#3011,6.21E-2);
#3013=CARTESIAN_POINT('',(3.105E-2,-5.251574771139E-1,6.258583100282E-1));
#3014=LINE('',#3013,#3012);
#3015=DIRECTION('',(0.E0,7.660444431190E-1,6.427876096865E-1));
#3016=VECTOR('',#3015,7.7625E-3);
#3017=CARTESIAN_POINT('',(3.105E-2,-5.311038971036E-1,6.208686712080E-1));
#3018=LINE('',#3017,#3016);
#3019=DIRECTION('',(0.E0,8.090169943749E-1,-5.877852522925E-1));
#3020=VECTOR('',#3019,9.026929833347E-3);
#3021=CARTESIAN_POINT('',(-3.105E-2,-6.918436855961E-1,4.530798105200E-1));
#3022=LINE('',#3021,#3020);
#3023=DIRECTION('',(0.E0,8.090169943749E-1,-5.877852522925E-1));
#3024=VECTOR('',#3023,9.963568480347E-3);
#3025=CARTESIAN_POINT('',(2.312234137058E-2,-6.735902636505E-1,
4.797969953171E-1));
#3026=LINE('',#3025,#3024);
#3027=DIRECTION('',(0.E0,8.090169943749E-1,-5.877852522925E-1));
#3028=VECTOR('',#3027,9.963568480347E-3);
#3029=CARTESIAN_POINT('',(-3.105E-2,-6.735902636505E-1,4.797969953171E-1));
#3030=LINE('',#3029,#3028);
#3031=DIRECTION('',(0.E0,8.090169943749E-1,-5.877852522925E-1));
#3032=VECTOR('',#3031,1.E-2);
#3033=CARTESIAN_POINT('',(-3.105E-2,-6.690570543481E-1,4.860984036459E-1));
#3034=LINE('',#3033,#3032);
#3035=DIRECTION('',(0.E0,8.090169943749E-1,-5.877852522925E-1));
#3036=VECTOR('',#3035,1.E-2);
#3037=CARTESIAN_POINT('',(3.105E-2,-6.690570543481E-1,4.860984036459E-1));
#3038=LINE('',#3037,#3036);
#3039=DIRECTION('',(0.E0,8.090169943749E-1,-5.877852522925E-1));
#3040=VECTOR('',#3039,9.918026823661E-3);
#3041=CARTESIAN_POINT('',(3.105E-2,-6.758347611867E-1,4.766302293935E-1));
#3042=LINE('',#3041,#3040);
#3043=DIRECTION('',(0.E0,8.090169943749E-1,-5.877852522925E-1));
#3044=VECTOR('',#3043,8.829340694732E-3);
#3045=CARTESIAN_POINT('',(-2.180106400698E-2,-6.939651741355E-1,
4.498236733289E-1));
#3046=LINE('',#3045,#3044);
#3047=DIRECTION('',(0.E0,8.090169943749E-1,-5.877852522925E-1));
#3048=VECTOR('',#3047,8.829340694732E-3);
#3049=CARTESIAN_POINT('',(3.105E-2,-6.939651741355E-1,4.498236733289E-1));
#3050=LINE('',#3049,#3048);
#3051=DIRECTION('',(0.E0,8.090169943749E-1,-5.877852522925E-1));
#3052=VECTOR('',#3051,8.379268959246E-3);
#3053=CARTESIAN_POINT('',(3.105E-2,-6.981637414737E-1,4.432791333815E-1));
#3054=LINE('',#3053,#3052);
#3055=DIRECTION('',(0.E0,8.090169943749E-1,-5.877852522925E-1));
#3056=VECTOR('',#3055,8.379268959246E-3);
#3057=CARTESIAN_POINT('',(-3.105E-2,-6.981637414737E-1,4.432791333815E-1));
#3058=LINE('',#3057,#3056);
#3059=DIRECTION('',(1.E0,0.E0,0.E0));
#3060=VECTOR('',#3059,5.417234137058E-2);
#3061=CARTESIAN_POINT('',(-3.105E-2,-6.655295674253E-1,4.739405567041E-1));
#3062=LINE('',#3061,#3060);
#3063=DIRECTION('',(0.E0,-5.877852522925E-1,-8.090169943750E-1));
#3064=VECTOR('',#3063,7.7625E-3);
#3065=CARTESIAN_POINT('',(-3.105E-2,-6.609668844043E-1,4.802205511230E-1));
#3066=LINE('',#3065,#3064);
#3067=DIRECTION('',(-1.E0,0.E0,0.E0));
#3068=VECTOR('',#3067,6.21E-2);
#3069=CARTESIAN_POINT('',(3.105E-2,-6.609668844043E-1,4.802205511230E-1));
#3070=LINE('',#3069,#3068);
#3071=DIRECTION('',(0.E0,5.877852522925E-1,8.090169943750E-1));
#3072=VECTOR('',#3071,1.164375E-2);
#3073=CARTESIAN_POINT('',(3.105E-2,-6.678109089357E-1,4.708005594947E-1));
#3074=LINE('',#3073,#3072);
#3075=DIRECTION('',(8.529522321893E-1,3.068174211287E-1,4.222979513272E-1));
#3076=VECTOR('',#3075,6.196251327150E-2);
#3077=CARTESIAN_POINT('',(-2.180106400698E-2,-6.868220874643E-1,
4.446339170811E-1));
#3078=LINE('',#3077,#3076);
#3079=DIRECTION('',(-1.E0,0.E0,0.E0));
#3080=VECTOR('',#3079,5.285106400698E-2);
#3081=CARTESIAN_POINT('',(3.105E-2,-6.868220874643E-1,4.446339170811E-1));
#3082=LINE('',#3081,#3080);
#3083=DIRECTION('',(0.E0,5.877852522925E-1,8.090169943750E-1));
#3084=VECTOR('',#3083,7.7625E-3);
#3085=CARTESIAN_POINT('',(3.105E-2,-6.913847704852E-1,4.383539226622E-1));
#3086=LINE('',#3085,#3084);
#3087=DIRECTION('',(1.E0,0.E0,0.E0));
#3088=VECTOR('',#3087,6.21E-2);
#3089=CARTESIAN_POINT('',(-3.105E-2,-6.913847704852E-1,4.383539226622E-1));
#3090=LINE('',#3089,#3088);
#3091=DIRECTION('',(0.E0,-5.877852522925E-1,-8.090169943749E-1));
#3092=VECTOR('',#3091,1.164375E-2);
#3093=CARTESIAN_POINT('',(-3.105E-2,-6.845407459539E-1,4.477739142905E-1));
#3094=LINE('',#3093,#3092);
#3095=DIRECTION('',(-8.586072938694E-1,-3.013186459500E-1,-4.147295365864E-1));
#3096=VECTOR('',#3095,6.309326948115E-2);
#3097=CARTESIAN_POINT('',(2.312234137058E-2,-6.655295674253E-1,
4.739405567041E-1));
#3098=LINE('',#3097,#3096);
#3099=DIRECTION('',(0.E0,9.396926207859E-1,-3.420201433257E-1));
#3100=VECTOR('',#3099,9.990892270548E-3);
#3101=CARTESIAN_POINT('',(-2.180106400698E-2,-7.784447046051E-1,
2.792003615190E-1));
#3102=LINE('',#3101,#3100);
#3103=DIRECTION('',(1.283825290855E-14,9.396926207859E-1,-3.420201433257E-1));
#3104=VECTOR('',#3103,9.998988034954E-3);
#3105=CARTESIAN_POINT('',(-1.651595732868E-2,-7.775673350275E-1,
2.816345850535E-1));
#3106=LINE('',#3105,#3104);
#3107=DIRECTION('',(0.E0,9.396926207859E-1,-3.420201433257E-1));
#3108=VECTOR('',#3107,1.E-2);
#3109=CARTESIAN_POINT('',(-9.909575137496E-3,-7.771257973899E-1,
2.828506585303E-1));
#3110=LINE('',#3109,#3108);
#3111=DIRECTION('',(-2.671474153004E-14,9.396926207859E-1,-3.420201433257E-1));
#3112=VECTOR('',#3111,1.E-2);
#3113=CARTESIAN_POINT('',(9.909573286772E-3,-7.771257973899E-1,
2.828506585303E-1));
#3114=LINE('',#3113,#3112);
#3115=DIRECTION('',(1.873690965031E-14,9.396926207859E-1,-3.420201433257E-1));
#3116=VECTOR('',#3115,9.998988034954E-3);
#3117=CARTESIAN_POINT('',(1.651595917940E-2,-7.775673350275E-1,
2.816345850535E-1));
#3118=LINE('',#3117,#3116);
#3119=DIRECTION('',(-1.041782913278E-14,9.396926207859E-1,-3.420201433257E-1));
#3120=VECTOR('',#3119,9.990892270548E-3);
#3121=CARTESIAN_POINT('',(2.180106493235E-2,-7.784447046051E-1,
2.792003615190E-1));
#3122=LINE('',#3121,#3120);
#3123=DIRECTION('',(0.E0,9.396926207859E-1,-3.420201433257E-1));
#3124=VECTOR('',#3123,9.950412262745E-3);
#3125=CARTESIAN_POINT('',(2.708617068529E-2,-7.801766199767E-1,
2.743236075182E-1));
#3126=LINE('',#3125,#3124);
#3127=DIRECTION('',(0.E0,9.396926207859E-1,-3.420201433257E-1));
#3128=VECTOR('',#3127,9.877543240024E-3);
#3129=CARTESIAN_POINT('',(2.972872356176E-2,-7.818780999464E-1,
2.694357749523E-1));
#3130=LINE('',#3129,#3128);
#3131=DIRECTION('',(0.E0,9.396926207859E-1,-3.420201433257E-1));
#3132=VECTOR('',#3131,9.740896517440E-3);
#3133=CARTESIAN_POINT('',(3.105E-2,-7.839621369372E-1,2.633104020901E-1));
#3134=LINE('',#3133,#3132);
#3135=DIRECTION('',(0.E0,9.396926207859E-1,-3.420201433257E-1));
#3136=VECTOR('',#3135,9.367280279023E-3);
#3137=CARTESIAN_POINT('',(3.105E-2,-7.875934489258E-1,2.522410735965E-1));
#3138=LINE('',#3137,#3136);
#3139=DIRECTION('',(0.E0,9.396926207859E-1,-3.420201433257E-1));
#3140=VECTOR('',#3139,9.088730006499E-3);
#3141=CARTESIAN_POINT('',(2.972872356176E-2,-7.895441405143E-1,
2.460671659923E-1));
#3142=LINE('',#3141,#3140);
#3143=DIRECTION('',(0.E0,9.396926207859E-1,-3.420201433257E-1));
#3144=VECTOR('',#3143,8.829340694732E-3);
#3145=CARTESIAN_POINT('',(2.708617068529E-2,-7.910703481119E-1,
2.411155414695E-1));
#3146=LINE('',#3145,#3144);
#3147=DIRECTION('',(0.E0,9.396926207859E-1,-3.420201433257E-1));
#3148=VECTOR('',#3147,8.537430085660E-3);
#3149=CARTESIAN_POINT('',(2.180106493235E-2,-7.925659969523E-1,
2.361527905298E-1));
#3150=LINE('',#3149,#3148);
#3151=DIRECTION('',(0.E0,9.396926207859E-1,-3.420201433257E-1));
#3152=VECTOR('',#3151,8.459367162271E-3);
#3153=CARTESIAN_POINT('',(1.519467903972E-2,-7.929351299377E-1,
2.349103652688E-1));
#3154=LINE('',#3153,#3152);
#3155=DIRECTION('',(0.E0,9.396926207859E-1,-3.420201433257E-1));
#3156=VECTOR('',#3155,8.897235563201E-3);
#3157=CARTESIAN_POINT('',(1.519467903972E-2,-7.906916602803E-1,
2.423544890509E-1));
#3158=LINE('',#3157,#3156);
#3159=DIRECTION('',(0.E0,9.396926207859E-1,-3.420201433257E-1));
#3160=VECTOR('',#3159,8.963098387476E-3);
#3161=CARTESIAN_POINT('',(1.915851205587E-2,-7.903110629518E-1,
2.435927416323E-1));
#3162=LINE('',#3161,#3160);
#3163=DIRECTION('',(0.E0,9.396926207859E-1,-3.420201433257E-1));
#3164=VECTOR('',#3163,9.148499548268E-3);
#3165=CARTESIAN_POINT('',(2.180106493235E-2,-7.891578173732E-1,
2.473033345483E-1));
#3166=LINE('',#3165,#3164);
#3167=DIRECTION('',(0.E0,9.396926207859E-1,-3.420201433257E-1));
#3168=VECTOR('',#3167,9.367280279023E-3);
#3169=CARTESIAN_POINT('',(2.312234137058E-2,-7.875934489258E-1,
2.522410735965E-1));
#3170=LINE('',#3169,#3168);
#3171=DIRECTION('',(0.E0,9.396926207859E-1,-3.420201433257E-1));
#3172=VECTOR('',#3171,9.740896517440E-3);
#3173=CARTESIAN_POINT('',(2.312234137058E-2,-7.839621369372E-1,
2.633104020901E-1));
#3174=LINE('',#3173,#3172);
#3175=DIRECTION('',(0.E0,9.396926207859E-1,-3.420201433257E-1));
#3176=VECTOR('',#3175,9.854264290268E-3);
#3177=CARTESIAN_POINT('',(2.180106493235E-2,-7.822987133441E-1,
2.682120860443E-1));
#3178=LINE('',#3177,#3176);
#3179=DIRECTION('',(0.E0,9.396926207859E-1,-3.420201433257E-1));
#3180=VECTOR('',#3179,9.918026823661E-3);
#3181=CARTESIAN_POINT('',(1.915851205587E-2,-7.810311648449E-1,
2.718810760995E-1));
#3182=LINE('',#3181,#3180);
#3183=DIRECTION('',(0.E0,9.396926207859E-1,-3.420201433257E-1));
#3184=VECTOR('',#3183,9.950412262745E-3);
#3185=CARTESIAN_POINT('',(1.519467903972E-2,-7.801766199767E-1,
2.743236075182E-1));
#3186=LINE('',#3185,#3184);
#3187=DIRECTION('',(0.E0,9.396926207859E-1,-3.420201433257E-1));
#3188=VECTOR('',#3187,9.963568480347E-3);
#3189=CARTESIAN_POINT('',(9.909573286772E-3,-7.797464943223E-1,
2.755438342479E-1));
#3190=LINE('',#3189,#3188);
#3191=DIRECTION('',(0.E0,9.396926207859E-1,-3.420201433257E-1));
#3192=VECTOR('',#3191,9.963568480347E-3);
#3193=CARTESIAN_POINT('',(-9.909575137496E-3,-7.797464943223E-1,
2.755438342479E-1));
#3194=LINE('',#3193,#3192);
#3195=DIRECTION('',(0.E0,9.396926207859E-1,-3.420201433257E-1));
#3196=VECTOR('',#3195,9.950412262745E-3);
#3197=CARTESIAN_POINT('',(-1.519468089044E-2,-7.801766199767E-1,
2.743236075182E-1));
#3198=LINE('',#3197,#3196);
#3199=DIRECTION('',(0.E0,9.396926207859E-1,-3.420201433257E-1));
#3200=VECTOR('',#3199,9.918026823661E-3);
#3201=CARTESIAN_POINT('',(-1.915851020515E-2,-7.810311648449E-1,
2.718810760995E-1));
#3202=LINE('',#3201,#3200);
#3203=DIRECTION('',(0.E0,9.396926207859E-1,-3.420201433257E-1));
#3204=VECTOR('',#3203,9.854264290268E-3);
#3205=CARTESIAN_POINT('',(-2.180106400698E-2,-7.822987133441E-1,
2.682120860443E-1));
#3206=LINE('',#3205,#3204);
#3207=DIRECTION('',(1.E0,0.E0,0.E0));
#3208=VECTOR('',#3207,1.981914842427E-2);
#3209=CARTESIAN_POINT('',(-1.651595732868E-2,-7.849859250388E-1,
2.320170912995E-1));
#3210=LINE('',#3209,#3208);
#3211=DIRECTION('',(9.713212158497E-1,-8.132250544543E-2,-2.234317474048E-1));
#3212=VECTOR('',#3211,5.441152310962E-3);
#3213=CARTESIAN_POINT('',(-2.180106400698E-2,-7.845434369003E-1,
2.332328174683E-1));
#3214=LINE('',#3213,#3212);
#3215=DIRECTION('',(7.145102486526E-1,-2.392858339614E-1,-6.574324256042E-1));
#3216=VECTOR('',#3215,7.396823524355E-3);
#3217=CARTESIAN_POINT('',(-2.708617022261E-2,-7.827734818146E-1,
2.380957290997E-1));
#3218=LINE('',#3217,#3216);
#3219=DIRECTION('',(4.547772469181E-1,-3.046049245674E-1,-8.368951521038E-1));
#3220=VECTOR('',#3219,5.810653988059E-3);
#3221=CARTESIAN_POINT('',(-2.972872344609E-2,-7.810035279949E-1,
2.429586372528E-1));
#3222=LINE('',#3221,#3220);
#3223=DIRECTION('',(2.001233352361E-1,-3.351013197985E-1,-9.206833093759E-1));
#3224=VECTOR('',#3223,6.602311281430E-3);
#3225=CARTESIAN_POINT('',(-3.105E-2,-7.787910847708E-1,2.490372750529E-1));
#3226=LINE('',#3225,#3224);
#3227=DIRECTION('',(0.E0,-3.420201433257E-1,-9.396926207859E-1));
#3228=VECTOR('',#3227,1.164374814928E-2);
#3229=CARTESIAN_POINT('',(-3.105E-2,-7.748086883599E-1,2.599788192671E-1));
#3230=LINE('',#3229,#3228);
#3231=DIRECTION('',(-2.001233627174E-1,-3.351013178787E-1,-9.206833041012E-1));
#3232=VECTOR('',#3231,6.602310374788E-3);
#3233=CARTESIAN_POINT('',(-2.972872344609E-2,-7.725962454523E-1,
2.660574561977E-1));
#3234=LINE('',#3233,#3232);
#3235=DIRECTION('',(-4.547771179149E-1,-3.046049470977E-1,-8.368952140051E-1));
#3236=VECTOR('',#3235,5.810655636324E-3);
#3237=CARTESIAN_POINT('',(-2.708617022261E-2,-7.708262909996E-1,
2.709203660899E-1));
#3238=LINE('',#3237,#3236);
#3239=DIRECTION('',(-7.145104362650E-1,-2.392857684289E-1,-6.574322455553E-1));
#3240=VECTOR('',#3239,7.396821582136E-3);
#3241=CARTESIAN_POINT('',(-2.180106400698E-2,-7.690563368634E-1,
2.757832751126E-1));
#3242=LINE('',#3241,#3240);
#3243=DIRECTION('',(-8.981381301632E-1,-1.503908498159E-1,-4.131954639617E-1));
#3244=VECTOR('',#3243,5.884514308892E-3);
#3245=CARTESIAN_POINT('',(-1.651595732868E-2,-7.681713597557E-1,
2.782147297327E-1));
#3246=LINE('',#3245,#3244);
#3247=DIRECTION('',(-9.813591334130E-1,-6.573040895628E-2,-1.805928143789E-1));
#3248=VECTOR('',#3247,6.731870083285E-3);
#3249=CARTESIAN_POINT('',(-9.909575137496E-3,-7.677288711821E-1,
2.794304570971E-1));
#3250=LINE('',#3249,#3248);
#3251=DIRECTION('',(-1.E0,0.E0,0.E0));
#3252=VECTOR('',#3251,1.981914842427E-2);
#3253=CARTESIAN_POINT('',(9.909573286772E-3,-7.677288711821E-1,
2.794304570971E-1));
#3254=LINE('',#3253,#3252);
#3255=DIRECTION('',(-9.813591537209E-1,6.573037348879E-2,1.805927169328E-1));
#3256=VECTOR('',#3255,6.731873715735E-3);
#3257=CARTESIAN_POINT('',(1.651595917940E-2,-7.681713597557E-1,
2.782147297327E-1));
#3258=LINE('',#3257,#3256);
#3259=DIRECTION('',(-8.981380997585E-1,1.503908710564E-1,4.131955223197E-1));
#3260=VECTOR('',#3259,5.884513477789E-3);
#3261=CARTESIAN_POINT('',(2.180106493235E-2,-7.690563368634E-1,
2.757832751126E-1));
#3262=LINE('',#3261,#3260);
#3263=DIRECTION('',(-7.145104056477E-1,2.392857791234E-1,6.574322749383E-1));
#3264=VECTOR('',#3263,7.396821251545E-3);
#3265=CARTESIAN_POINT('',(2.708617068529E-2,-7.708262909996E-1,
2.709203660899E-1));
#3266=LINE('',#3265,#3264);
#3267=DIRECTION('',(-4.547770705465E-1,3.046049553705E-1,8.368952367345E-1));
#3268=VECTOR('',#3267,5.810655478511E-3);
#3269=CARTESIAN_POINT('',(2.972872356176E-2,-7.725962454523E-1,
2.660574561977E-1));
#3270=LINE('',#3269,#3268);
#3271=DIRECTION('',(-2.001233458994E-1,3.351013190536E-1,9.206833073292E-1));
#3272=VECTOR('',#3271,6.602310351639E-3);
#3273=CARTESIAN_POINT('',(3.105E-2,-7.748086883599E-1,2.599788192671E-1));
#3274=LINE('',#3273,#3272);
#3275=DIRECTION('',(0.E0,3.420201433257E-1,9.396926207859E-1));
#3276=VECTOR('',#3275,1.164374814928E-2);
#3277=CARTESIAN_POINT('',(3.105E-2,-7.787910847708E-1,2.490372750529E-1));
#3278=LINE('',#3277,#3276);
#3279=DIRECTION('',(2.001233184180E-1,3.351013209734E-1,9.206833126039E-1));
#3280=VECTOR('',#3279,6.602311258282E-3);
#3281=CARTESIAN_POINT('',(2.972872356176E-2,-7.810035279949E-1,
2.429586372528E-1));
#3282=LINE('',#3281,#3280);
#3283=DIRECTION('',(4.547771995498E-1,3.046049328403E-1,8.368951748332E-1));
#3284=VECTOR('',#3283,5.810653830246E-3);
#3285=CARTESIAN_POINT('',(2.708617068529E-2,-7.827734818146E-1,
2.380957290997E-1));
#3286=LINE('',#3285,#3284);
#3287=DIRECTION('',(7.145102180353E-1,2.392858446559E-1,6.574324549872E-1));
#3288=VECTOR('',#3287,7.396823193765E-3);
#3289=CARTESIAN_POINT('',(2.180106493235E-2,-7.845434369003E-1,
2.332328174683E-1));
#3290=LINE('',#3289,#3288);
#3291=DIRECTION('',(9.813591893677E-1,6.573031123211E-2,1.805925458839E-1));
#3292=VECTOR('',#3291,6.731873471207E-3);
#3293=CARTESIAN_POINT('',(1.519467903972E-2,-7.849859250388E-1,
2.320170912995E-1));
#3294=LINE('',#3293,#3292);
#3295=DIRECTION('',(0.E0,-3.420201433257E-1,-9.396926207859E-1));
#3296=VECTOR('',#3295,7.7625E-3);
#3297=CARTESIAN_POINT('',(1.519467903972E-2,-7.823309936762E-1,
2.393114552684E-1));
#3298=LINE('',#3297,#3296);
#3299=DIRECTION('',(-9.506453648566E-1,-1.061218512725E-1,-2.915673900820E-1));
#3300=VECTOR('',#3299,4.169623250364E-3);
#3301=CARTESIAN_POINT('',(1.915851205587E-2,-7.818885055378E-1,
2.405271814371E-1));
#3302=LINE('',#3301,#3300);
#3303=DIRECTION('',(-5.627909312417E-1,-2.827136038079E-1,-7.767492426350E-1));
#3304=VECTOR('',#3303,4.695443245046E-3);
#3305=CARTESIAN_POINT('',(2.180106493235E-2,-7.805610398565E-1,
2.441743634216E-1));
#3306=LINE('',#3305,#3304);
#3307=DIRECTION('',(-2.473831068378E-1,-3.313893863467E-1,-9.104848560344E-1));
#3308=VECTOR('',#3307,5.341013196598E-3);
#3309=CARTESIAN_POINT('',(2.312234137058E-2,-7.787910847708E-1,
2.490372750529E-1));
#3310=LINE('',#3309,#3308);
#3311=DIRECTION('',(0.E0,-3.420201433257E-1,-9.396926207859E-1));
#3312=VECTOR('',#3311,1.164374814928E-2);
#3313=CARTESIAN_POINT('',(2.312234137058E-2,-7.748086883599E-1,
2.599788192671E-1));
#3314=LINE('',#3313,#3312);
#3315=DIRECTION('',(2.473831898946E-1,-3.313893790938E-1,-9.104848361073E-1));
#3316=VECTOR('',#3315,5.341011403399E-3);
#3317=CARTESIAN_POINT('',(2.180106493235E-2,-7.730387339072E-1,
2.648417291594E-1));
#3318=LINE('',#3317,#3316);
#3319=DIRECTION('',(5.627909312417E-1,-2.827136038079E-1,-7.767492426350E-1));
#3320=VECTOR('',#3319,4.695443245047E-3);
#3321=CARTESIAN_POINT('',(1.915851205587E-2,-7.717112682259E-1,
2.684889111438E-1));
#3322=LINE('',#3321,#3320);
#3323=DIRECTION('',(8.373793243581E-1,-1.869558149536E-1,-5.136568800207E-1));
#3324=VECTOR('',#3323,4.733617013049E-3);
#3325=CARTESIAN_POINT('',(1.519467903972E-2,-7.708262909996E-1,
2.709203660899E-1));
#3326=LINE('',#3325,#3324);
#3327=DIRECTION('',(9.713211669575E-1,-8.132257375708E-2,-2.234319350895E-1));
#3328=VECTOR('',#3327,5.441151632163E-3);
#3329=CARTESIAN_POINT('',(9.909573286772E-3,-7.703838025447E-1,
2.721360931282E-1));
#3330=LINE('',#3329,#3328);
#3331=DIRECTION('',(1.E0,0.E0,0.E0));
#3332=VECTOR('',#3331,1.981914842427E-2);
#3333=CARTESIAN_POINT('',(-9.909575137496E-3,-7.703838025447E-1,
2.721360931282E-1));
#3334=LINE('',#3333,#3332);
#3335=DIRECTION('',(9.713211669575E-1,8.132257375706E-2,2.234319350895E-1));
#3336=VECTOR('',#3335,5.441151632163E-3);
#3337=CARTESIAN_POINT('',(-1.519468089044E-2,-7.708262909996E-1,
2.709203660899E-1));
#3338=LINE('',#3337,#3336);
#3339=DIRECTION('',(8.373790907147E-1,1.869559373701E-1,5.136572163573E-1));
#3340=VECTOR('',#3339,4.733613913533E-3);
#3341=CARTESIAN_POINT('',(-1.915851020515E-2,-7.717112682259E-1,
2.684889111438E-1));
#3342=LINE('',#3341,#3340);
#3343=DIRECTION('',(5.627910658975E-1,2.827135724513E-1,7.767491564834E-1));
#3344=VECTOR('',#3343,4.695443765832E-3);
#3345=CARTESIAN_POINT('',(-2.180106400698E-2,-7.730387339072E-1,
2.648417291594E-1));
#3346=LINE('',#3345,#3344);
#3347=DIRECTION('',(2.473831898946E-1,3.313893790938E-1,9.104848361073E-1));
#3348=VECTOR('',#3347,5.341011403399E-3);
#3349=CARTESIAN_POINT('',(-2.312234044522E-2,-7.748086883599E-1,
2.599788192671E-1));
#3350=LINE('',#3349,#3348);
#3351=DIRECTION('',(0.E0,3.420201433257E-1,9.396926207859E-1));
#3352=VECTOR('',#3351,1.164374814928E-2);
#3353=CARTESIAN_POINT('',(-2.312234044522E-2,-7.787910847708E-1,
2.490372750529E-1));
#3354=LINE('',#3353,#3352);
#3355=DIRECTION('',(-2.473831068378E-1,3.313893863467E-1,9.104848560344E-1));
#3356=VECTOR('',#3355,5.341013196598E-3);
#3357=CARTESIAN_POINT('',(-2.180106400698E-2,-7.805610398565E-1,
2.441743634216E-1));
#3358=LINE('',#3357,#3356);
#3359=DIRECTION('',(-5.627910658975E-1,2.827135724513E-1,7.767491564834E-1));
#3360=VECTOR('',#3359,4.695443765832E-3);
#3361=CARTESIAN_POINT('',(-1.915851020515E-2,-7.818885055378E-1,
2.405271814371E-1));
#3362=LINE('',#3361,#3360);
#3363=DIRECTION('',(-9.506452793929E-1,1.061219408293E-1,2.915676361373E-1));
#3364=VECTOR('',#3363,4.169619731600E-3);
#3365=CARTESIAN_POINT('',(-1.519468089044E-2,-7.823309936762E-1,
2.393114552684E-1));
#3366=LINE('',#3365,#3364);
#3367=DIRECTION('',(-1.E0,0.E0,0.E0));
#3368=VECTOR('',#3367,1.057021335661E-2);
#3369=CARTESIAN_POINT('',(-4.624467533827E-3,-7.823309936762E-1,
2.393114552684E-1));
#3370=LINE('',#3369,#3368);
#3371=DIRECTION('',(0.E0,-3.420201433257E-1,-9.396926207859E-1));
#3372=VECTOR('',#3371,1.164375E-2);
#3373=CARTESIAN_POINT('',(-4.624467533827E-3,-7.783485966323E-1,
2.502530012217E-1));
#3374=LINE('',#3373,#3372);
#3375=DIRECTION('',(-1.E0,0.E0,0.E0));
#3376=VECTOR('',#3375,7.927658629417E-3);
#3377=CARTESIAN_POINT('',(3.303191095591E-3,-7.783485966323E-1,
2.502530012217E-1));
#3378=LINE('',#3377,#3376);
#3379=DIRECTION('',(0.E0,3.420201433257E-1,9.396926207859E-1));
#3380=VECTOR('',#3379,1.940625E-2);
#3381=CARTESIAN_POINT('',(3.303191095591E-3,-7.849859250388E-1,
2.320170912995E-1));
#3382=LINE('',#3381,#3380);
#3383=DIRECTION('',(0.E0,9.396926207859E-1,-3.420201433257E-1));
#3384=VECTOR('',#3383,8.459367162271E-3);
#3385=CARTESIAN_POINT('',(-1.651595732868E-2,-7.929351299377E-1,
2.349103652688E-1));
#3386=LINE('',#3385,#3384);
#3387=DIRECTION('',(0.E0,9.396926207859E-1,-3.420201433257E-1));
#3388=VECTOR('',#3387,8.537430085659E-3);
#3389=CARTESIAN_POINT('',(-2.180106400698E-2,-7.925659969523E-1,
2.361527905298E-1));
#3390=LINE('',#3389,#3388);
#3391=DIRECTION('',(0.E0,9.396926207859E-1,-3.420201433257E-1));
#3392=VECTOR('',#3391,8.829340694732E-3);
#3393=CARTESIAN_POINT('',(-2.708617022261E-2,-7.910703481119E-1,
2.411155414695E-1));
#3394=LINE('',#3393,#3392);
#3395=DIRECTION('',(0.E0,9.396926207859E-1,-3.420201433257E-1));
#3396=VECTOR('',#3395,9.088730006499E-3);
#3397=CARTESIAN_POINT('',(-2.972872344609E-2,-7.895441405143E-1,
2.460671659923E-1));
#3398=LINE('',#3397,#3396);
#3399=DIRECTION('',(0.E0,9.396926207859E-1,-3.420201433257E-1));
#3400=VECTOR('',#3399,9.367280279023E-3);
#3401=CARTESIAN_POINT('',(-3.105E-2,-7.875934489258E-1,2.522410735965E-1));
#3402=LINE('',#3401,#3400);
#3403=DIRECTION('',(0.E0,9.396926207859E-1,-3.420201433257E-1));
#3404=VECTOR('',#3403,9.740896517440E-3);
#3405=CARTESIAN_POINT('',(-3.105E-2,-7.839621369372E-1,2.633104020901E-1));
#3406=LINE('',#3405,#3404);
#3407=DIRECTION('',(0.E0,9.396926207859E-1,-3.420201433257E-1));
#3408=VECTOR('',#3407,9.877543240024E-3);
#3409=CARTESIAN_POINT('',(-2.972872344609E-2,-7.818780999464E-1,
2.694357749523E-1));
#3410=LINE('',#3409,#3408);
#3411=DIRECTION('',(0.E0,9.396926207859E-1,-3.420201433257E-1));
#3412=VECTOR('',#3411,9.950412262745E-3);
#3413=CARTESIAN_POINT('',(-2.708617022261E-2,-7.801766199767E-1,
2.743236075182E-1));
#3414=LINE('',#3413,#3412);
#3415=DIRECTION('',(0.E0,9.396926207859E-1,-3.420201433257E-1));
#3416=VECTOR('',#3415,8.459367162271E-3);
#3417=CARTESIAN_POINT('',(3.303191095591E-3,-7.929351299377E-1,
2.349103652688E-1));
#3418=LINE('',#3417,#3416);
#3419=DIRECTION('',(0.E0,9.396926207859E-1,-3.420201433257E-1));
#3420=VECTOR('',#3419,9.416902961211E-3);
#3421=CARTESIAN_POINT('',(3.303191095591E-3,-7.871975908557E-1,
2.534737717221E-1));
#3422=LINE('',#3421,#3420);
#3423=DIRECTION('',(0.E0,9.396926207859E-1,-3.420201433257E-1));
#3424=VECTOR('',#3423,9.416902961211E-3);
#3425=CARTESIAN_POINT('',(-4.624467533827E-3,-7.871975908557E-1,
2.534737717221E-1));
#3426=LINE('',#3425,#3424);
#3427=DIRECTION('',(0.E0,9.396926207859E-1,-3.420201433257E-1));
#3428=VECTOR('',#3427,8.897235563201E-3);
#3429=CARTESIAN_POINT('',(-4.624467533827E-3,-7.906916602803E-1,
2.423544890509E-1));
#3430=LINE('',#3429,#3428);
#3431=DIRECTION('',(0.E0,9.396926207859E-1,-3.420201433257E-1));
#3432=VECTOR('',#3431,8.897235563201E-3);
#3433=CARTESIAN_POINT('',(-1.519468089044E-2,-7.906916602803E-1,
2.423544890509E-1));
#3434=LINE('',#3433,#3432);
#3435=DIRECTION('',(0.E0,9.396926207859E-1,-3.420201433257E-1));
#3436=VECTOR('',#3435,8.963098387476E-3);
#3437=CARTESIAN_POINT('',(-1.915851020515E-2,-7.903110629518E-1,
2.435927416323E-1));
#3438=LINE('',#3437,#3436);
#3439=DIRECTION('',(0.E0,9.396926207859E-1,-3.420201433257E-1));
#3440=VECTOR('',#3439,9.148499548268E-3);
#3441=CARTESIAN_POINT('',(-2.180106400698E-2,-7.891578173732E-1,
2.473033345483E-1));
#3442=LINE('',#3441,#3440);
#3443=DIRECTION('',(0.E0,9.396926207859E-1,-3.420201433257E-1));
#3444=VECTOR('',#3443,9.367280279023E-3);
#3445=CARTESIAN_POINT('',(-2.312234044522E-2,-7.875934489258E-1,
2.522410735965E-1));
#3446=LINE('',#3445,#3444);
#3447=DIRECTION('',(0.E0,9.975640502598E-1,-6.975647374413E-2));
#3448=VECTOR('',#3447,9.854264290268E-3);
#3449=CARTESIAN_POINT('',(2.972872356176E-2,-8.259230581149E-1,
4.219125589690E-2));
#3450=LINE('',#3449,#3448);
#3451=DIRECTION('',(0.E0,9.975640502598E-1,-6.975647374412E-2));
#3452=VECTOR('',#3451,9.740896517440E-3);
#3453=CARTESIAN_POINT('',(3.105E-2,-8.261709562949E-1,3.702095318533E-2));
#3454=LINE('',#3453,#3452);
#3455=DIRECTION('',(0.E0,9.975640502598E-1,-6.975647374413E-2));
#3456=VECTOR('',#3455,9.553603236618E-3);
#3457=CARTESIAN_POINT('',(3.105E-2,-8.264353563976E-1,3.055489643179E-2));
#3458=LINE('',#3457,#3456);
#3459=DIRECTION('',(0.E0,9.975640502598E-1,-6.975647374413E-2));
#3460=VECTOR('',#3459,9.315628867532E-3);
#3461=CARTESIAN_POINT('',(2.972872356176E-2,-8.266491989977E-1,
2.408530249803E-2));
#3462=LINE('',#3461,#3460);
#3463=DIRECTION('',(0.E0,9.975640502598E-1,-6.975647374413E-2));
#3464=VECTOR('',#3463,9.088730006499E-3);
#3465=CARTESIAN_POINT('',(2.576489424706E-2,-8.267838425165E-1,
1.890708210431E-2));
#3466=LINE('',#3465,#3464);
#3467=DIRECTION('',(0.E0,9.975640502598E-1,-6.975647374413E-2));
#3468=VECTOR('',#3467,8.897235563201E-3);
#3469=CARTESIAN_POINT('',(2.047978849411E-2,-8.268635568577E-1,
1.502192865713E-2));
#3470=LINE('',#3469,#3468);
#3471=DIRECTION('',(0.E0,9.975640502598E-1,-6.975647374413E-2));
#3472=VECTOR('',#3471,8.829340694732E-3);
#3473=CARTESIAN_POINT('',(1.651595917940E-2,-8.268860747296E-1,
1.372659529131E-2));
#3474=LINE('',#3473,#3472);
#3475=DIRECTION('',(0.E0,9.975640502598E-1,-6.975647374413E-2));
#3476=VECTOR('',#3475,9.206239061646E-3);
#3477=CARTESIAN_POINT('',(1.651595917940E-2,-8.267205703636E-1,
2.149647733248E-2));
#3478=LINE('',#3477,#3476);
#3479=DIRECTION('',(0.E0,9.975640502598E-1,-6.975647374413E-2));
#3480=VECTOR('',#3479,9.261948641856E-3);
#3481=CARTESIAN_POINT('',(1.915851205587E-2,-8.266858968862E-1,
2.279096069557E-2));
#3482=LINE('',#3481,#3480);
#3483=DIRECTION('',(0.E0,9.975640502598E-1,-6.975647374412E-2));
#3484=VECTOR('',#3483,9.367280279024E-3);
#3485=CARTESIAN_POINT('',(2.180106493235E-2,-8.266104769789E-1,
2.537950647001E-2));
#3486=LINE('',#3485,#3484);
#3487=DIRECTION('',(0.E0,9.975640502598E-1,-6.975647374413E-2));
#3488=VECTOR('',#3487,9.510064100028E-3);
#3489=CARTESIAN_POINT('',(2.312234137058E-2,-8.264821708011E-1,
2.926126018972E-2));
#3490=LINE('',#3489,#3488);
#3491=DIRECTION('',(0.E0,9.975640502598E-1,-6.975647374413E-2));
#3492=VECTOR('',#3491,9.740896517440E-3);
#3493=CARTESIAN_POINT('',(2.312234137058E-2,-8.261709562949E-1,
3.702095318533E-2));
#3494=LINE('',#3493,#3492);
#3495=DIRECTION('',(0.E0,9.975640502598E-1,-6.975647374413E-2));
#3496=VECTOR('',#3495,9.828960322318E-3);
#3497=CARTESIAN_POINT('',(2.180106493235E-2,-8.259880632671E-1,
4.089889167589E-2));
#3498=LINE('',#3497,#3496);
#3499=DIRECTION('',(0.E0,9.975640502598E-1,-6.975647374413E-2));
#3500=VECTOR('',#3499,9.898797375913E-3);
#3501=CARTESIAN_POINT('',(1.915851205587E-2,-8.257869878228E-1,
4.477555965567E-2));
#3502=LINE('',#3501,#3500);
#3503=DIRECTION('',(0.E0,9.975640502598E-1,-6.975647374413E-2));
#3504=VECTOR('',#3503,9.918026823661E-3);
#3505=CARTESIAN_POINT('',(1.519467903972E-2,-8.257159230122E-1,
4.606749921646E-2));
#3506=LINE('',#3505,#3504);
#3507=DIRECTION('',(0.E0,9.975640502598E-1,-6.975647374413E-2));
#3508=VECTOR('',#3507,9.918026823661E-3);
#3509=CARTESIAN_POINT('',(1.255212616324E-2,-8.257159230122E-1,
4.606749921646E-2));
#3510=LINE('',#3509,#3508);
#3511=DIRECTION('',(0.E0,9.975640502598E-1,-6.975647374413E-2));
#3512=VECTOR('',#3511,9.898797375913E-3);
#3513=CARTESIAN_POINT('',(8.588296848536E-3,-8.257869878228E-1,
4.477555965567E-2));
#3514=LINE('',#3513,#3512);
#3515=DIRECTION('',(0.E0,9.975640502598E-1,-6.975647374412E-2));
#3516=VECTOR('',#3515,9.828960322318E-3);
#3517=CARTESIAN_POINT('',(5.945743972063E-3,-8.259880632671E-1,
4.089889167589E-2));
#3518=LINE('',#3517,#3516);
#3519=DIRECTION('',(0.E0,9.975640502598E-1,-6.975647374413E-2));
#3520=VECTOR('',#3519,9.740896517440E-3);
#3521=CARTESIAN_POINT('',(4.624467533827E-3,-8.261709562949E-1,
3.702095318533E-2));
#3522=LINE('',#3521,#3520);
#3523=DIRECTION('',(0.E0,9.975640502598E-1,-6.975647374413E-2));
#3524=VECTOR('',#3523,9.510064100028E-3);
#3525=CARTESIAN_POINT('',(4.624467533827E-3,-8.264821708011E-1,
2.926126018972E-2));
#3526=LINE('',#3525,#3524);
#3527=DIRECTION('',(0.E0,9.975640502598E-1,-6.975647374413E-2));
#3528=VECTOR('',#3527,9.261948641856E-3);
#3529=CARTESIAN_POINT('',(3.303191095591E-3,-8.266858968862E-1,
2.279096069557E-2));
#3530=LINE('',#3529,#3528);
#3531=DIRECTION('',(0.E0,9.975640502598E-1,-6.975647374413E-2));
#3532=VECTOR('',#3531,9.026929833347E-3);
#3533=CARTESIAN_POINT('',(6.606382191181E-4,-8.268124402373E-1,
1.761217388294E-2));
#3534=LINE('',#3533,#3532);
#3535=DIRECTION('',(0.E0,9.975640502598E-1,-6.975647374413E-2));
#3536=VECTOR('',#3535,8.759413077865E-3);
#3537=CARTESIAN_POINT('',(-4.624467533827E-3,-8.269065650629E-1,
1.243111643569E-2));
#3538=LINE('',#3537,#3536);
#3539=DIRECTION('',(0.E0,9.975640502598E-1,-6.975647374413E-2));
#3540=VECTOR('',#3539,8.613458521335E-3);
#3541=CARTESIAN_POINT('',(-9.909575137496E-3,-8.269414607480E-1,
9.839740642076E-3));
#3542=LINE('',#3541,#3540);
#3543=DIRECTION('',(0.E0,9.975640502598E-1,-6.975647374413E-2));
#3544=VECTOR('',#3543,8.613458521335E-3);
#3545=CARTESIAN_POINT('',(-1.651595732868E-2,-8.269414607480E-1,
9.839740642076E-3));
#3546=LINE('',#3545,#3544);
#3547=DIRECTION('',(0.E0,9.975640502598E-1,-6.975647374413E-2));
#3548=VECTOR('',#3547,8.759413077865E-3);
#3549=CARTESIAN_POINT('',(-2.180106400698E-2,-8.269065650629E-1,
1.243111643569E-2));
#3550=LINE('',#3549,#3548);
#3551=DIRECTION('',(0.E0,9.975640502598E-1,-6.975647374413E-2));
#3552=VECTOR('',#3551,9.026929833347E-3);
#3553=CARTESIAN_POINT('',(-2.708617022261E-2,-8.268124402373E-1,
1.761217388294E-2));
#3554=LINE('',#3553,#3552);
#3555=DIRECTION('',(0.E0,9.975640502598E-1,-6.975647374413E-2));
#3556=VECTOR('',#3555,9.261948641856E-3);
#3557=CARTESIAN_POINT('',(-2.972872344609E-2,-8.266858968862E-1,
2.279096069557E-2));
#3558=LINE('',#3557,#3556);
#3559=DIRECTION('',(0.E0,9.975640502598E-1,-6.975647374413E-2));
#3560=VECTOR('',#3559,9.510064100028E-3);
#3561=CARTESIAN_POINT('',(-3.105E-2,-8.264821708011E-1,2.926126018972E-2));
#3562=LINE('',#3561,#3560);
#3563=DIRECTION('',(0.E0,9.975640502598E-1,-6.975647374413E-2));
#3564=VECTOR('',#3563,9.801631206723E-3);
#3565=CARTESIAN_POINT('',(-3.105E-2,-8.260510480757E-1,3.960638803395E-2));
#3566=LINE('',#3565,#3564);
#3567=DIRECTION('',(0.E0,9.975640502598E-1,-6.975647374412E-2));
#3568=VECTOR('',#3567,9.918026823662E-3);
#3569=CARTESIAN_POINT('',(-2.972872344609E-2,-8.257159230122E-1,
4.606749921646E-2));
#3570=LINE('',#3569,#3568);
#3571=DIRECTION('',(0.E0,9.975640502598E-1,-6.975647374413E-2));
#3572=VECTOR('',#3571,9.983808410663E-3);
#3573=CARTESIAN_POINT('',(-2.576489378437E-2,-8.253303071798E-1,
5.252508020427E-2));
#3574=LINE('',#3573,#3572);
#3575=DIRECTION('',(0.E0,9.975640502598E-1,-6.975647374413E-2));
#3576=VECTOR('',#3575,9.998988034954E-3);
#3577=CARTESIAN_POINT('',(-1.915851020515E-2,-8.250747075055E-1,
5.639793466679E-2));
#3578=LINE('',#3577,#3576);
#3579=DIRECTION('',(0.E0,9.975640502598E-1,-6.975647374413E-2));
#3580=VECTOR('',#3579,1.E-2);
#3581=CARTESIAN_POINT('',(-1.387340445220E-2,-8.249854695649E-1,
5.768860378639E-2));
#3582=LINE('',#3581,#3580);
#3583=DIRECTION('',(0.E0,9.975640502598E-1,-6.975647374413E-2));
#3584=VECTOR('',#3583,9.963568480347E-3);
#3585=CARTESIAN_POINT('',(-1.387340445220E-2,-8.254906114180E-1,
4.994247151191E-2));
#3586=LINE('',#3585,#3584);
#3587=DIRECTION('',(0.E0,9.975640502598E-1,-6.975647374413E-2));
#3588=VECTOR('',#3587,9.950412262745E-3);
#3589=CARTESIAN_POINT('',(-1.783723376691E-2,-8.255677346647E-1,
4.865095559824E-2));
#3590=LINE('',#3589,#3588);
#3591=DIRECTION('',(0.E0,9.975640502598E-1,-6.975647374413E-2));
#3592=VECTOR('',#3591,9.898797375913E-3);
#3593=CARTESIAN_POINT('',(-2.180106400698E-2,-8.257869878228E-1,
4.477555965567E-2));
#3594=LINE('',#3593,#3592);
#3595=DIRECTION('',(0.E0,9.975640502598E-1,-6.975647374413E-2));
#3596=VECTOR('',#3595,9.801631206723E-3);
#3597=CARTESIAN_POINT('',(-2.312234044522E-2,-8.260510480757E-1,
3.960638803395E-2));
#3598=LINE('',#3597,#3596);
#3599=DIRECTION('',(0.E0,9.975640502598E-1,-6.975647374413E-2));
#3600=VECTOR('',#3599,9.510064100028E-3);
#3601=CARTESIAN_POINT('',(-2.312234044522E-2,-8.264821708011E-1,
2.926126018972E-2));
#3602=LINE('',#3601,#3600);
#3603=DIRECTION('',(0.E0,9.975640502598E-1,-6.975647374413E-2));
#3604=VECTOR('',#3603,9.315628867532E-3);
#3605=CARTESIAN_POINT('',(-2.180106400698E-2,-8.266491989977E-1,
2.408530249803E-2));
#3606=LINE('',#3605,#3604);
#3607=DIRECTION('',(0.E0,9.975640502598E-1,-6.975647374413E-2));
#3608=VECTOR('',#3607,9.148499548268E-3);
#3609=CARTESIAN_POINT('',(-1.915851020515E-2,-8.267532191108E-1,
2.020184867599E-2));
#3610=LINE('',#3609,#3608);
#3611=DIRECTION('',(0.E0,9.975640502598E-1,-6.975647374413E-2));
#3612=VECTOR('',#3611,9.026929833347E-3);
#3613=CARTESIAN_POINT('',(-1.519468089044E-2,-8.268124402373E-1,
1.761217388294E-2));
#3614=LINE('',#3613,#3612);
#3615=DIRECTION('',(0.E0,9.975640502598E-1,-6.975647374413E-2));
#3616=VECTOR('',#3615,9.026929833347E-3);
#3617=CARTESIAN_POINT('',(-1.123085157573E-2,-8.268124402373E-1,
1.761217388294E-2));
#3618=LINE('',#3617,#3616);
#3619=DIRECTION('',(0.E0,9.975640502598E-1,-6.975647374413E-2));
#3620=VECTOR('',#3619,9.148499548268E-3);
#3621=CARTESIAN_POINT('',(-7.267020410299E-3,-8.267532191108E-1,
2.020184867599E-2));
#3622=LINE('',#3621,#3620);
#3623=DIRECTION('',(0.E0,9.975640502598E-1,-6.975647374413E-2));
#3624=VECTOR('',#3623,9.315628867532E-3);
#3625=CARTESIAN_POINT('',(-4.624467533827E-3,-8.266491989977E-1,
2.408530249803E-2));
#3626=LINE('',#3625,#3624);
#3627=DIRECTION('',(0.E0,9.975640502598E-1,-6.975647374413E-2));
#3628=VECTOR('',#3627,9.510064100028E-3);
#3629=CARTESIAN_POINT('',(-3.303191095591E-3,-8.264821708011E-1,
2.926126018972E-2));
#3630=LINE('',#3629,#3628);
#3631=DIRECTION('',(0.E0,9.975640502598E-1,-6.975647374413E-2));
#3632=VECTOR('',#3631,9.740896517440E-3);
#3633=CARTESIAN_POINT('',(-3.303191095591E-3,-8.261709562949E-1,
3.702095318533E-2));
#3634=LINE('',#3633,#3632);
#3635=DIRECTION('',(0.E0,9.975640502598E-1,-6.975647374413E-2));
#3636=VECTOR('',#3635,9.854264290268E-3);
#3637=CARTESIAN_POINT('',(-1.981914657354E-3,-8.259230581149E-1,
4.219125589690E-2));
#3638=LINE('',#3637,#3636);
#3639=DIRECTION('',(0.E0,9.975640502598E-1,-6.975647374412E-2));
#3640=VECTOR('',#3639,9.935231740440E-3);
#3641=CARTESIAN_POINT('',(6.606382191181E-4,-8.256428386023E-1,
4.735929755310E-2));
#3642=LINE('',#3641,#3640);
#3643=DIRECTION('',(0.E0,9.975640502598E-1,-6.975647374413E-2));
#3644=VECTOR('',#3643,9.983808410663E-3);
#3645=CARTESIAN_POINT('',(5.945743972063E-3,-8.253303071798E-1,
5.252508020427E-2));
#3646=LINE('',#3645,#3644);
#3647=DIRECTION('',(0.E0,9.975640502598E-1,-6.975647374413E-2));
#3648=VECTOR('',#3647,9.990892270548E-3);
#3649=CARTESIAN_POINT('',(1.123084972501E-2,-8.252471263351E-1,
5.381617299323E-2));
#3650=LINE('',#3649,#3648);
#3651=DIRECTION('',(0.E0,9.975640502598E-1,-6.975647374413E-2));
#3652=VECTOR('',#3651,9.990892270548E-3);
#3653=CARTESIAN_POINT('',(1.651595917940E-2,-8.252471263351E-1,
5.381617299323E-2));
#3654=LINE('',#3653,#3652);
#3655=DIRECTION('',(0.E0,9.975640502598E-1,-6.975647374413E-2));
#3656=VECTOR('',#3655,9.983808410663E-3);
#3657=CARTESIAN_POINT('',(2.180106493235E-2,-8.253303071798E-1,
5.252508020427E-2));
#3658=LINE('',#3657,#3656);
#3659=DIRECTION('',(0.E0,9.975640502598E-1,-6.975647374412E-2));
#3660=VECTOR('',#3659,9.935231740440E-3);
#3661=CARTESIAN_POINT('',(2.708617068529E-2,-8.256428386023E-1,
4.735929755310E-2));
#3662=LINE('',#3661,#3660);
#3663=DIRECTION('',(0.E0,-6.975647374412E-2,-9.975640502598E-1));
#3664=VECTOR('',#3663,7.7625E-3);
#3665=CARTESIAN_POINT('',(1.651595917940E-2,-8.175367572376E-1,
2.085428255910E-2));
#3666=LINE('',#3665,#3664);
#3667=DIRECTION('',(-8.981382627794E-1,-3.067283933026E-2,-4.386420384083E-1));
#3668=VECTOR('',#3667,2.942256204846E-3);
#3669=CARTESIAN_POINT('',(1.915851205587E-2,-8.174465098858E-1,
2.214487981831E-2));
#3670=LINE('',#3669,#3668);
#3671=DIRECTION('',(-7.145102180353E-1,-4.880337332703E-2,-6.979207541513E-1));
#3672=VECTOR('',#3671,3.698411596882E-3);
#3673=CARTESIAN_POINT('',(2.180106493235E-2,-8.172660149239E-1,
2.472607802917E-2));
#3674=LINE('',#3673,#3672);
#3675=DIRECTION('',(-3.222639010856E-1,-6.603495686366E-2,-9.443438793835E-1));
#3676=VECTOR('',#3675,4.099982758805E-3);
#3677=CARTESIAN_POINT('',(2.312234137058E-2,-8.169952727393E-1,
2.859787165302E-2));
#3678=LINE('',#3677,#3676);
#3679=DIRECTION('',(0.E0,-6.975647374412E-2,-9.975640502598E-1));
#3680=VECTOR('',#3679,7.7625E-3);
#3681=CARTESIAN_POINT('',(2.312234137058E-2,-8.164537881118E-1,
3.634146259317E-2));
#3682=LINE('',#3681,#3680);
#3683=DIRECTION('',(3.222637633772E-1,-6.603496013380E-2,-9.443439261488E-1));
#3684=VECTOR('',#3683,4.099984510792E-3);
#3685=CARTESIAN_POINT('',(2.180106493235E-2,-8.161830457981E-1,
4.021325806324E-2));
#3686=LINE('',#3685,#3684);
#3687=DIRECTION('',(5.627908395612E-1,-5.766065524273E-2,-8.245857867699E-1));
#3688=VECTOR('',#3687,4.695444009950E-3);
#3689=CARTESIAN_POINT('',(1.915851205587E-2,-8.159123034198E-1,
4.408505445642E-2));
#3690=LINE('',#3689,#3688);
#3691=DIRECTION('',(9.506452993950E-1,-2.164402027632E-2,-3.095239104246E-1));
#3692=VECTOR('',#3691,4.169623537485E-3);
#3693=CARTESIAN_POINT('',(1.519467903972E-2,-8.158220560034E-1,
4.537565263874E-2));
#3694=LINE('',#3693,#3692);
#3695=DIRECTION('',(1.E0,0.E0,0.E0));
#3696=VECTOR('',#3695,2.642552876472E-3);
#3697=CARTESIAN_POINT('',(1.255212616324E-2,-8.158220560034E-1,
4.537565263874E-2));
#3698=LINE('',#3697,#3696);
#3699=DIRECTION('',(9.506452139312E-1,2.164403854183E-2,3.095241716335E-1));
#3700=VECTOR('',#3699,4.169620018721E-3);
#3701=CARTESIAN_POINT('',(8.588296848536E-3,-8.159123034198E-1,
4.408505445642E-2));
#3702=LINE('',#3701,#3700);
#3703=DIRECTION('',(5.627908395612E-1,5.766065524273E-2,8.245857867699E-1));
#3704=VECTOR('',#3703,4.695444009950E-3);
#3705=CARTESIAN_POINT('',(5.945743972063E-3,-8.161830457981E-1,
4.021325806324E-2));
#3706=LINE('',#3705,#3704);
#3707=DIRECTION('',(3.222637633772E-1,6.603496013380E-2,9.443439261488E-1));
#3708=VECTOR('',#3707,4.099984510792E-3);
#3709=CARTESIAN_POINT('',(4.624467533827E-3,-8.164537881118E-1,
3.634146259317E-2));
#3710=LINE('',#3709,#3708);
#3711=DIRECTION('',(0.E0,6.975647374412E-2,9.975640502598E-1));
#3712=VECTOR('',#3711,7.7625E-3);
#3713=CARTESIAN_POINT('',(4.624467533827E-3,-8.169952727393E-1,
2.859787165302E-2));
#3714=LINE('',#3713,#3712);
#3715=DIRECTION('',(2.001233733807E-1,6.834534949601E-2,9.773840333405E-1));
#3716=VECTOR('',#3715,6.602309444997E-3);
#3717=CARTESIAN_POINT('',(3.303191095591E-3,-8.174465098858E-1,
2.214487981831E-2));
#3718=LINE('',#3717,#3716);
#3719=DIRECTION('',(4.547771995497E-1,6.212548124619E-2,8.884357733396E-1));
#3720=VECTOR('',#3719,5.810653830246E-3);
#3721=CARTESIAN_POINT('',(6.606382191181E-4,-8.178074995513E-1,
1.698248708903E-2));
#3722=LINE('',#3721,#3720);
#3723=DIRECTION('',(7.145102180353E-1,4.880337332702E-2,6.979207541513E-1));
#3724=VECTOR('',#3723,7.396823193764E-3);
#3725=CARTESIAN_POINT('',(-4.624467533827E-3,-8.181684894751E-1,
1.182009066731E-2));
#3726=LINE('',#3725,#3724);
#3727=DIRECTION('',(8.981383235887E-1,3.067283066608E-2,4.386419145045E-1));
#3728=VECTOR('',#3727,5.884514071898E-3);
#3729=CARTESIAN_POINT('',(-9.909575137496E-3,-8.183489841787E-1,
9.238896148886E-3));
#3730=LINE('',#3729,#3728);
#3731=DIRECTION('',(1.E0,0.E0,0.E0));
#3732=VECTOR('',#3731,6.606382191181E-3);
#3733=CARTESIAN_POINT('',(-1.651595732868E-2,-8.183489841787E-1,
9.238896148886E-3));
#3734=LINE('',#3733,#3732);
#3735=DIRECTION('',(8.981382931841E-1,-3.067283499818E-2,-4.386419764564E-1));
#3736=VECTOR('',#3735,5.884513240795E-3);
#3737=CARTESIAN_POINT('',(-2.180106400698E-2,-8.181684894751E-1,
1.182009066731E-2));
#3738=LINE('',#3737,#3736);
#3739=DIRECTION('',(7.145102486526E-1,-4.880337114582E-2,-6.979207229587E-1));
#3740=VECTOR('',#3739,7.396823524355E-3);
#3741=CARTESIAN_POINT('',(-2.708617022261E-2,-8.178074995513E-1,
1.698248708903E-2));
#3742=LINE('',#3741,#3740);
#3743=DIRECTION('',(4.547772469181E-1,-6.212547955891E-2,-8.884357492105E-1));
#3744=VECTOR('',#3743,5.810653988059E-3);
#3745=CARTESIAN_POINT('',(-2.972872344609E-2,-8.174465098858E-1,
2.214487981831E-2));
#3746=LINE('',#3745,#3744);
#3747=DIRECTION('',(2.001233901988E-1,-6.834534925638E-2,-9.773840299137E-1));
#3748=VECTOR('',#3747,6.602309468145E-3);
#3749=CARTESIAN_POINT('',(-3.105E-2,-8.169952727393E-1,2.859787165302E-2));
#3750=LINE('',#3749,#3748);
#3751=DIRECTION('',(0.E0,-6.975647374412E-2,-9.975640502598E-1));
#3752=VECTOR('',#3751,1.035000123382E-2);
#3753=CARTESIAN_POINT('',(-3.105E-2,-8.162732931499E-1,3.892266080402E-2));
#3754=LINE('',#3753,#3752);
#3755=DIRECTION('',(-2.001233901988E-1,-6.834534925638E-2,-9.773840299137E-1));
#3756=VECTOR('',#3755,6.602309468145E-3);
#3757=CARTESIAN_POINT('',(-2.972872344609E-2,-8.158220560034E-1,
4.537565263874E-2));
#3758=LINE('',#3757,#3756);
#3759=DIRECTION('',(-5.224769709020E-1,-5.947809427863E-2,-8.505763758640E-1));
#3760=VECTOR('',#3759,7.586611243125E-3);
#3761=CARTESIAN_POINT('',(-2.576489378437E-2,-8.153708188247E-1,
5.182864493500E-2));
#3762=LINE('',#3761,#3760);
#3763=DIRECTION('',(-8.622111601221E-1,-3.533507380606E-2,-5.053150976569E-1));
#3764=VECTOR('',#3763,7.662141114351E-3);
#3765=CARTESIAN_POINT('',(-1.915851020515E-2,-8.151000765029E-1,
5.570044052046E-2));
#3766=LINE('',#3765,#3764);
#3767=DIRECTION('',(-9.713211522284E-1,-1.658609157190E-2,-2.371921600727E-1));
#3768=VECTOR('',#3767,5.441151714672E-3);
#3769=CARTESIAN_POINT('',(-1.387340445220E-2,-8.150098290623E-1,
5.699103904895E-2));
#3770=LINE('',#3769,#3768);
#3771=DIRECTION('',(0.E0,6.975647374412E-2,9.975640502598E-1));
#3772=VECTOR('',#3771,7.7625E-3);
#3773=CARTESIAN_POINT('',(-1.387340445220E-2,-8.155513136897E-1,
4.924744810881E-2));
#3774=LINE('',#3773,#3772);
#3775=DIRECTION('',(9.506452139312E-1,2.164403854183E-2,3.095241716335E-1));
#3776=VECTOR('',#3775,4.169620018721E-3);
#3777=CARTESIAN_POINT('',(-1.783723376691E-2,-8.156415611061E-1,
4.795684992649E-2));
#3778=LINE('',#3777,#3776);
#3779=DIRECTION('',(7.145104664480E-1,4.880335562993E-2,6.979205010712E-1));
#3780=VECTOR('',#3779,5.547616761691E-3);
#3781=CARTESIAN_POINT('',(-2.180106400698E-2,-8.159123034198E-1,
4.408505445642E-2));
#3782=LINE('',#3781,#3780);
#3783=DIRECTION('',(2.473832314230E-1,6.758828308792E-2,9.665574793047E-1));
#3784=VECTOR('',#3783,5.341010506799E-3);
#3785=CARTESIAN_POINT('',(-2.312234044522E-2,-8.162732931499E-1,
3.892266080402E-2));
#3786=LINE('',#3785,#3784);
#3787=DIRECTION('',(0.E0,6.975647374412E-2,9.975640502598E-1));
#3788=VECTOR('',#3787,1.035000123382E-2);
#3789=CARTESIAN_POINT('',(-2.312234044522E-2,-8.169952727393E-1,
2.859787165302E-2));
#3790=LINE('',#3789,#3788);
#3791=DIRECTION('',(-2.473831898946E-1,6.758828382758E-2,9.665574898819E-1));
#3792=VECTOR('',#3791,5.341011403399E-3);
#3793=CARTESIAN_POINT('',(-2.180106400698E-2,-8.173562625339E-1,
2.343547707753E-2));
#3794=LINE('',#3793,#3792);
#3795=DIRECTION('',(-5.627910658976E-1,5.766064449318E-2,8.245856330440E-1));
#3796=VECTOR('',#3795,4.695443765832E-3);
#3797=CARTESIAN_POINT('',(-1.915851020515E-2,-8.176270048476E-1,
1.956368160745E-2));
#3798=LINE('',#3797,#3796);
#3799=DIRECTION('',(-8.373793591563E-1,3.813043582311E-2,5.452906369295E-1));
#3800=VECTOR('',#3799,4.733612396062E-3);
#3801=CARTESIAN_POINT('',(-1.519468089044E-2,-8.178074995513E-1,
1.698248708903E-2));
#3802=LINE('',#3801,#3800);
#3803=DIRECTION('',(-1.E0,0.E0,0.E0));
#3804=VECTOR('',#3803,3.963829314709E-3);
#3805=CARTESIAN_POINT('',(-1.123085157573E-2,-8.178074995513E-1,
1.698248708903E-2));
#3806=LINE('',#3805,#3804);
#3807=DIRECTION('',(-8.373794759779E-1,-3.813042333942E-2,-5.452904584044E-1));
#3808=VECTOR('',#3807,4.733613945820E-3);
#3809=CARTESIAN_POINT('',(-7.267020410299E-3,-8.176270048476E-1,
1.956368160745E-2));
#3810=LINE('',#3809,#3808);
#3811=DIRECTION('',(-5.627909312417E-1,-5.766065088850E-2,-8.245857245012E-1));
#3812=VECTOR('',#3811,4.695443245047E-3);
#3813=CARTESIAN_POINT('',(-4.624467533827E-3,-8.173562625339E-1,
2.343547707753E-2));
#3814=LINE('',#3813,#3812);
#3815=DIRECTION('',(-2.473831898946E-1,-6.758828382758E-2,-9.665574898819E-1));
#3816=VECTOR('',#3815,5.341011403399E-3);
#3817=CARTESIAN_POINT('',(-3.303191095591E-3,-8.169952727393E-1,
2.859787165302E-2));
#3818=LINE('',#3817,#3816);
#3819=DIRECTION('',(0.E0,-6.975647374412E-2,-9.975640502598E-1));
#3820=VECTOR('',#3819,7.7625E-3);
#3821=CARTESIAN_POINT('',(-3.303191095591E-3,-8.164537881118E-1,
3.634146259317E-2));
#3822=LINE('',#3821,#3820);
#3823=DIRECTION('',(-2.473831898946E-1,-6.758828382758E-2,-9.665574898819E-1));
#3824=VECTOR('',#3823,5.341011403399E-3);
#3825=CARTESIAN_POINT('',(-1.981914657354E-3,-8.160927983172E-1,
4.150385716867E-2));
#3826=LINE('',#3825,#3824);
#3827=DIRECTION('',(-4.547771350481E-1,-6.212548354377E-2,-8.884358061964E-1));
#3828=VECTOR('',#3827,5.810654654379E-3);
#3829=CARTESIAN_POINT('',(6.606382191181E-4,-8.157318085870E-1,
4.666625082106E-2));
#3830=LINE('',#3829,#3828);
#3831=DIRECTION('',(-7.145103743789E-1,-4.880336218901E-2,-6.979205948702E-1));
#3832=VECTOR('',#3831,7.396821575248E-3);
#3833=CARTESIAN_POINT('',(5.945743972063E-3,-8.153708188247E-1,
5.182864493500E-2));
#3834=LINE('',#3833,#3832);
#3835=DIRECTION('',(-9.713211473188E-1,-1.658609297094E-2,-2.371921800804E-1));
#3836=VECTOR('',#3835,5.441151742175E-3);
#3837=CARTESIAN_POINT('',(1.123084972501E-2,-8.152805713760E-1,
5.311924357888E-2));
#3838=LINE('',#3837,#3836);
#3839=DIRECTION('',(-1.E0,0.E0,0.E0));
#3840=VECTOR('',#3839,5.285109454393E-3);
#3841=CARTESIAN_POINT('',(1.651595917940E-2,-8.152805713760E-1,
5.311924357888E-2));
#3842=LINE('',#3841,#3840);
#3843=DIRECTION('',(-9.713211473188E-1,1.658609297096E-2,2.371921800804E-1));
#3844=VECTOR('',#3843,5.441151742175E-3);
#3845=CARTESIAN_POINT('',(2.180106493235E-2,-8.153708188247E-1,
5.182864493500E-2));
#3846=LINE('',#3845,#3844);
#3847=DIRECTION('',(-7.145103743789E-1,4.880336218899E-2,6.979205948702E-1));
#3848=VECTOR('',#3847,7.396821575248E-3);
#3849=CARTESIAN_POINT('',(2.708617068529E-2,-8.157318085870E-1,
4.666625082106E-2));
#3850=LINE('',#3849,#3848);
#3851=DIRECTION('',(-4.547771350481E-1,6.212548354377E-2,8.884358061964E-1));
#3852=VECTOR('',#3851,5.810654654379E-3);
#3853=CARTESIAN_POINT('',(2.972872356176E-2,-8.160927983172E-1,
4.150385716867E-2));
#3854=LINE('',#3853,#3852);
#3855=DIRECTION('',(-2.473831898946E-1,6.758828382758E-2,9.665574898819E-1));
#3856=VECTOR('',#3855,5.341011403399E-3);
#3857=CARTESIAN_POINT('',(3.105E-2,-8.164537881118E-1,3.634146259317E-2));
#3858=LINE('',#3857,#3856);
#3859=DIRECTION('',(0.E0,6.975647374414E-2,9.975640502598E-1));
#3860=VECTOR('',#3859,6.468749383092E-3);
#3861=CARTESIAN_POINT('',(3.105E-2,-8.169050252583E-1,2.988847075845E-2));
#3862=LINE('',#3861,#3860);
#3863=DIRECTION('',(2.001233184181E-1,6.834535027910E-2,9.773840445396E-1));
#3864=VECTOR('',#3863,6.602311258282E-3);
#3865=CARTESIAN_POINT('',(2.972872356176E-2,-8.173562625339E-1,
2.343547707753E-2));
#3866=LINE('',#3865,#3864);
#3867=DIRECTION('',(6.080769234738E-1,5.537813760661E-2,7.919442638304E-1));
#3868=VECTOR('',#3867,6.518631379833E-3);
#3869=CARTESIAN_POINT('',(2.576489424706E-2,-8.177172521995E-1,
1.827308434824E-2));
#3870=LINE('',#3869,#3868);
#3871=DIRECTION('',(8.060043958311E-1,4.128952289625E-2,5.904676868381E-1));
#3872=VECTOR('',#3871,6.557167405390E-3);
#3873=CARTESIAN_POINT('',(2.047978849411E-2,-8.179879945132E-1,
1.440128887817E-2));
#3874=LINE('',#3873,#3872);
#3875=DIRECTION('',(9.506452793929E-1,2.164402455115E-2,3.095239715584E-1));
#3876=VECTOR('',#3875,4.169619731600E-3);
#3877=CARTESIAN_POINT('',(1.651595917940E-2,-8.180782418650E-1,
1.311069161896E-2));
#3878=LINE('',#3877,#3876);
#3879=CARTESIAN_POINT('',(-1.242E-1,5.905E-1,0.E0));
#3880=CARTESIAN_POINT('',(1.242E-1,5.905E-1,0.E0));
#3881=VERTEX_POINT('',#3879);
#3882=VERTEX_POINT('',#3880);
#3883=CARTESIAN_POINT('',(1.38E-1,6.043E-1,0.E0));
#3884=VERTEX_POINT('',#3883);
#3885=CARTESIAN_POINT('',(-1.38E-1,6.043E-1,0.E0));
#3886=VERTEX_POINT('',#3885);
#3887=CARTESIAN_POINT('',(-1.242E-1,-5.905E-1,0.E0));
#3888=CARTESIAN_POINT('',(1.242E-1,-5.905E-1,0.E0));
#3889=VERTEX_POINT('',#3887);
#3890=VERTEX_POINT('',#3888);
#3891=CARTESIAN_POINT('',(1.38E-1,-6.043E-1,0.E0));
#3892=VERTEX_POINT('',#3891);
#3893=CARTESIAN_POINT('',(-1.38E-1,-6.043E-1,0.E0));
#3894=VERTEX_POINT('',#3893);
#3895=CARTESIAN_POINT('',(1.38E-1,6.6045E-1,0.E0));
#3896=CARTESIAN_POINT('',(1.38E-1,-6.6045E-1,0.E0));
#3897=VERTEX_POINT('',#3895);
#3898=VERTEX_POINT('',#3896);
#3899=CARTESIAN_POINT('',(-1.38E-1,6.6045E-1,0.E0));
#3900=CARTESIAN_POINT('',(-1.38E-1,-6.6045E-1,0.E0));
#3901=VERTEX_POINT('',#3899);
#3902=VERTEX_POINT('',#3900);
#3903=CARTESIAN_POINT('',(1.38E-1,8.132E-1,0.E0));
#3904=CARTESIAN_POINT('',(1.242E-1,8.27E-1,0.E0));
#3905=VERTEX_POINT('',#3903);
#3906=VERTEX_POINT('',#3904);
#3907=CARTESIAN_POINT('',(-1.242E-1,8.27E-1,0.E0));
#3908=CARTESIAN_POINT('',(-1.38E-1,8.132E-1,0.E0));
#3909=VERTEX_POINT('',#3907);
#3910=VERTEX_POINT('',#3908);
#3911=CARTESIAN_POINT('',(1.38E-1,-8.132E-1,0.E0));
#3912=CARTESIAN_POINT('',(1.242E-1,-8.27E-1,0.E0));
#3913=VERTEX_POINT('',#3911);
#3914=VERTEX_POINT('',#3912);
#3915=CARTESIAN_POINT('',(-1.242E-1,-8.27E-1,0.E0));
#3916=VERTEX_POINT('',#3915);
#3917=CARTESIAN_POINT('',(-1.38E-1,-8.132E-1,0.E0));
#3918=VERTEX_POINT('',#3917);
#3919=CARTESIAN_POINT('',(1.38E-1,7.5705E-1,0.E0));
#3920=CARTESIAN_POINT('',(1.38E-1,-7.5705E-1,0.E0));
#3921=VERTEX_POINT('',#3919);
#3922=VERTEX_POINT('',#3920);
#3923=CARTESIAN_POINT('',(-1.38E-1,7.5705E-1,0.E0));
#3924=CARTESIAN_POINT('',(-1.38E-1,-7.5705E-1,0.E0));
#3925=VERTEX_POINT('',#3923);
#3926=VERTEX_POINT('',#3924);
#3927=CARTESIAN_POINT('',(1.242E-1,-6.6045E-1,0.E0));
#3928=CARTESIAN_POINT('',(1.242E-1,6.6045E-1,0.E0));
#3929=VERTEX_POINT('',#3927);
#3930=VERTEX_POINT('',#3928);
#3931=CARTESIAN_POINT('',(-1.242E-1,6.6045E-1,0.E0));
#3932=CARTESIAN_POINT('',(-1.242E-1,-6.6045E-1,0.E0));
#3933=VERTEX_POINT('',#3931);
#3934=VERTEX_POINT('',#3932);
#3935=CARTESIAN_POINT('',(1.242E-1,7.5705E-1,0.E0));
#3936=CARTESIAN_POINT('',(1.242E-1,-7.5705E-1,0.E0));
#3937=VERTEX_POINT('',#3935);
#3938=VERTEX_POINT('',#3936);
#3939=CARTESIAN_POINT('',(-1.242E-1,-7.5705E-1,0.E0));
#3940=CARTESIAN_POINT('',(-1.242E-1,7.5705E-1,0.E0));
#3941=VERTEX_POINT('',#3939);
#3942=VERTEX_POINT('',#3940);
#3943=CARTESIAN_POINT('',(3.105E-2,8.17E-1,3.105E-2));
#3944=CARTESIAN_POINT('',(3.105E-2,8.17E-1,2.070000061691E-2));
#3945=VERTEX_POINT('',#3943);
#3946=VERTEX_POINT('',#3944);
#3947=CARTESIAN_POINT('',(-3.105E-2,8.17E-1,0.E0));
#3948=VERTEX_POINT('',#3947);
#3949=CARTESIAN_POINT('',(-3.105E-2,8.17E-1,7.7625E-3));
#3950=VERTEX_POINT('',#3949);
#3951=CARTESIAN_POINT('',(-1.519468089044E-2,8.17E-1,1.293749969155E-2));
#3952=VERTEX_POINT('',#3951);
#3953=CARTESIAN_POINT('',(-1.519468089044E-2,8.17E-1,3.88125E-2));
#3954=VERTEX_POINT('',#3953);
#3955=CARTESIAN_POINT('',(-3.105E-2,8.17E-1,4.398749876618E-2));
#3956=VERTEX_POINT('',#3955);
#3957=CARTESIAN_POINT('',(-3.105E-2,8.17E-1,5.174999876618E-2));
#3958=VERTEX_POINT('',#3957);
#3959=CARTESIAN_POINT('',(2.576489424706E-2,8.17E-1,2.587499938309E-2));
#3960=CARTESIAN_POINT('',(-9.909575137496E-3,8.17E-1,3.751875123382E-2));
#3961=VERTEX_POINT('',#3959);
#3962=VERTEX_POINT('',#3960);
#3963=CARTESIAN_POINT('',(-9.909575137496E-3,8.17E-1,1.423125030845E-2));
#3964=VERTEX_POINT('',#3963);
#3965=CARTESIAN_POINT('',(3.105E-2,8.267408965174E-1,2.070000061691E-2));
#3966=CARTESIAN_POINT('',(3.105E-2,8.264169029612E-1,3.105E-2));
#3967=VERTEX_POINT('',#3965);
#3968=VERTEX_POINT('',#3966);
#3969=VERTEX_POINT('',#128);
#3970=CARTESIAN_POINT('',(-3.105E-2,8.269635684803E-1,7.7625E-3));
#3971=VERTEX_POINT('',#3970);
#3972=VERTEX_POINT('',#146);
#3973=CARTESIAN_POINT('',(-1.519468089044E-2,8.260887300065E-1,3.88125E-2));
#3974=VERTEX_POINT('',#3973);
#3975=VERTEX_POINT('',#156);
#3976=CARTESIAN_POINT('',(-3.105E-2,8.253792689592E-1,5.174999876618E-2));
#3977=VERTEX_POINT('',#3976);
#3978=VERTEX_POINT('',#1517);
#3979=VERTEX_POINT('',#1520);
#3980=CARTESIAN_POINT('',(-9.909575137496E-3,8.268775432400E-1,
1.423125030845E-2));
#3981=VERTEX_POINT('',#3980);
#3982=CARTESIAN_POINT('',(2.972872356176E-2,7.810715356325E-1,
2.401193075319E-1));
#3983=CARTESIAN_POINT('',(2.708617068529E-2,7.824979588639E-1,
2.351447785520E-1));
#3984=VERTEX_POINT('',#3982);
#3985=VERTEX_POINT('',#3983);
#3986=CARTESIAN_POINT('',(3.105E-2,7.796451121462E-1,2.450938374014E-1));
#3987=VERTEX_POINT('',#3986);
#3988=CARTESIAN_POINT('',(3.105E-2,7.778620831708E-1,2.513119984040E-1));
#3989=VERTEX_POINT('',#3988);
#3990=CARTESIAN_POINT('',(2.972872356176E-2,7.760790536852E-1,
2.575301611856E-1));
#3991=VERTEX_POINT('',#3990);
#3992=CARTESIAN_POINT('',(2.576489424706E-2,7.746526307090E-1,
2.625046892761E-1));
#3993=VERTEX_POINT('',#3992);
#3994=CARTESIAN_POINT('',(2.047978849411E-2,7.735828132217E-1,
2.662355862335E-1));
#3995=VERTEX_POINT('',#3994);
#3996=CARTESIAN_POINT('',(1.651595917940E-2,7.732262077327E-1,
2.674792173666E-1));
#3997=VERTEX_POINT('',#3996);
#3998=CARTESIAN_POINT('',(1.651595917940E-2,7.753658427072E-1,
2.600174234518E-1));
#3999=VERTEX_POINT('',#3998);
#4000=VERTEX_POINT('',#168);
#4001=VERTEX_POINT('',#171);
#4002=VERTEX_POINT('',#432);
#4003=CARTESIAN_POINT('',(3.105E-2,7.870455960203E-1,2.539453283387E-1));
#4004=VERTEX_POINT('',#4003);
#4005=VERTEX_POINT('',#419);
#4006=VERTEX_POINT('',#414);
#4007=VERTEX_POINT('',#409);
#4008=VERTEX_POINT('',#404);
#4009=CARTESIAN_POINT('',(1.651595917940E-2,7.842154476808E-1,
2.625550068438E-1));
#4010=VERTEX_POINT('',#4009);
#4011=CARTESIAN_POINT('',(3.105E-2,6.668031380781E-1,4.746362044522E-1));
#4012=CARTESIAN_POINT('',(3.105E-2,6.928552945598E-1,4.329440388785E-1));
#4013=VERTEX_POINT('',#4011);
#4014=VERTEX_POINT('',#4012);
#4015=CARTESIAN_POINT('',(2.444361780882E-2,6.928552945598E-1,
4.329440388785E-1));
#4016=VERTEX_POINT('',#4015);
#4017=CARTESIAN_POINT('',(2.444361780882E-2,6.818859654633E-1,
4.504986349921E-1));
#4018=VERTEX_POINT('',#4017);
#4019=CARTESIAN_POINT('',(-3.105E-2,6.818859654633E-1,4.504986349921E-1));
#4020=VERTEX_POINT('',#4019);
#4021=CARTESIAN_POINT('',(-3.105E-2,6.777724671747E-1,4.570816083385E-1));
#4022=VERTEX_POINT('',#4021);
#4023=CARTESIAN_POINT('',(2.444361780882E-2,6.777724671747E-1,
4.570816083385E-1));
#4024=VERTEX_POINT('',#4023);
#4025=CARTESIAN_POINT('',(2.444361780882E-2,6.668031380781E-1,
4.746362044522E-1));
#4026=VERTEX_POINT('',#4025);
#4027=CARTESIAN_POINT('',(3.105E-2,7.013357755214E-1,4.382432315209E-1));
#4028=CARTESIAN_POINT('',(3.105E-2,6.740432894083E-1,4.791603531216E-1));
#4029=VERTEX_POINT('',#4027);
#4030=VERTEX_POINT('',#4028);
#4031=CARTESIAN_POINT('',(2.444361780882E-2,7.013357755214E-1,
4.382432315209E-1));
#4032=VERTEX_POINT('',#4031);
#4033=CARTESIAN_POINT('',(2.444361780882E-2,6.901467142097E-1,
4.556605237076E-1));
#4034=VERTEX_POINT('',#4033);
#4035=CARTESIAN_POINT('',(-3.105E-2,6.901467142097E-1,4.556605237076E-1));
#4036=VERTEX_POINT('',#4035);
#4037=CARTESIAN_POINT('',(-3.105E-2,6.858374589290E-1,4.621211745092E-1));
#4038=VERTEX_POINT('',#4037);
#4039=CARTESIAN_POINT('',(2.444361780882E-2,6.858374589290E-1,
4.621211745092E-1));
#4040=VERTEX_POINT('',#4039);
#4041=CARTESIAN_POINT('',(2.444361780882E-2,6.740432894083E-1,
4.791603531216E-1));
#4042=VERTEX_POINT('',#4041);
#4043=CARTESIAN_POINT('',(-3.105E-2,3.302416717891E-1,7.479261599342E-1));
#4044=CARTESIAN_POINT('',(-2.972872344609E-2,3.244275966931E-1,
7.507618738309E-1));
#4045=VERTEX_POINT('',#4043);
#4046=VERTEX_POINT('',#4044);
#4047=CARTESIAN_POINT('',(-2.576489378437E-2,3.197763386125E-1,
7.530304439746E-1));
#4048=VERTEX_POINT('',#4047);
#4049=CARTESIAN_POINT('',(-2.047978756875E-2,3.162878942203E-1,
7.547318719881E-1));
#4050=VERTEX_POINT('',#4049);
#4051=CARTESIAN_POINT('',(-1.651595732868E-2,3.151250805318E-1,
7.552990141184E-1));
#4052=VERTEX_POINT('',#4051);
#4053=CARTESIAN_POINT('',(-9.909575137496E-3,3.151250805318E-1,
7.552990141184E-1));
#4054=VERTEX_POINT('',#4053);
#4055=CARTESIAN_POINT('',(-5.945743972063E-3,3.162878942203E-1,
7.547318719881E-1));
#4056=VERTEX_POINT('',#4055);
#4057=CARTESIAN_POINT('',(-6.606382191181E-4,3.197763386125E-1,
7.530304439746E-1));
#4058=VERTEX_POINT('',#4057);
#4059=CARTESIAN_POINT('',(6.606382191181E-4,3.221019693162E-1,
7.518961580915E-1));
#4060=VERTEX_POINT('',#4059);
#4061=CARTESIAN_POINT('',(4.624467533827E-3,3.511723381423E-1,
7.377175918534E-1));
#4062=CARTESIAN_POINT('',(2.312234137058E-2,3.511723381423E-1,
7.377175918534E-1));
#4063=VERTEX_POINT('',#4061);
#4064=VERTEX_POINT('',#4062);
#4065=CARTESIAN_POINT('',(4.624467533827E-3,3.290788581006E-1,
7.484933020645E-1));
#4066=VERTEX_POINT('',#4065);
#4067=CARTESIAN_POINT('',(5.945743972063E-3,3.255904137084E-1,
7.501947300780E-1));
#4068=VERTEX_POINT('',#4067);
#4069=VERTEX_POINT('',#470);
#4070=VERTEX_POINT('',#473);
#4071=VERTEX_POINT('',#475);
#4072=VERTEX_POINT('',#483);
#4073=VERTEX_POINT('',#488);
#4074=CARTESIAN_POINT('',(-9.909575137496E-3,3.189009722217E-1,
7.630407393554E-1));
#4075=VERTEX_POINT('',#4074);
#4076=VERTEX_POINT('',#497);
#4077=VERTEX_POINT('',#502);
#4078=VERTEX_POINT('',#504);
#4079=CARTESIAN_POINT('',(4.624467533827E-3,3.555400790831E-1,
7.466727878834E-1));
#4080=CARTESIAN_POINT('',(2.312234137058E-2,3.555400790831E-1,
7.466727878834E-1));
#4081=VERTEX_POINT('',#4079);
#4082=VERTEX_POINT('',#4080);
#4083=CARTESIAN_POINT('',(4.624467533827E-3,3.331852034988E-1,
7.569125578093E-1));
#4084=VERTEX_POINT('',#4083);
#4085=VERTEX_POINT('',#1507);
#4086=CARTESIAN_POINT('',(5.945743972063E-3,1.010995189641E-1,
8.117769689806E-1));
#4087=CARTESIAN_POINT('',(5.945743972063E-3,1.342259909711E-1,
8.059358781901E-1));
#4088=VERTEX_POINT('',#4086);
#4089=VERTEX_POINT('',#4087);
#4090=CARTESIAN_POINT('',(2.312234137058E-2,1.342259909711E-1,
8.059358781901E-1));
#4091=VERTEX_POINT('',#4090);
#4092=CARTESIAN_POINT('',(2.312234137058E-2,9.600314005734E-2,
8.126755980858E-1));
#4093=VERTEX_POINT('',#4092);
#4094=CARTESIAN_POINT('',(3.105E-2,9.600314005734E-2,8.126755980858E-1));
#4095=VERTEX_POINT('',#4094);
#4096=CARTESIAN_POINT('',(3.105E-2,1.418705611539E-1,8.045879342110E-1));
#4097=VERTEX_POINT('',#4096);
#4098=CARTESIAN_POINT('',(-3.105E-2,1.418705611539E-1,8.045879342110E-1));
#4099=VERTEX_POINT('',#4098);
#4100=CARTESIAN_POINT('',(-3.105E-2,9.600314005734E-2,8.126755980858E-1));
#4101=VERTEX_POINT('',#4100);
#4102=CARTESIAN_POINT('',(-2.312234044522E-2,9.600314005734E-2,
8.126755980858E-1));
#4103=VERTEX_POINT('',#4102);
#4104=CARTESIAN_POINT('',(5.945743972063E-3,1.359561464808E-1,
8.157480776772E-1));
#4105=CARTESIAN_POINT('',(5.945743972063E-3,1.026559446653E-1,
8.206038977636E-1));
#4106=VERTEX_POINT('',#4104);
#4107=VERTEX_POINT('',#4105);
#4108=CARTESIAN_POINT('',(2.312234137058E-2,1.359561464808E-1,
8.157480776772E-1));
#4109=VERTEX_POINT('',#4108);
#4110=CARTESIAN_POINT('',(2.312234137058E-2,9.751170036926E-2,
8.212310687566E-1));
#4111=VERTEX_POINT('',#4110);
#4112=CARTESIAN_POINT('',(3.105E-2,9.751170036926E-2,8.212310687566E-1));
#4113=VERTEX_POINT('',#4112);
#4114=CARTESIAN_POINT('',(3.105E-2,1.436070429306E-1,8.144360117411E-1));
#4115=VERTEX_POINT('',#4114);
#4116=CARTESIAN_POINT('',(-3.105E-2,1.436070429306E-1,8.144360117411E-1));
#4117=VERTEX_POINT('',#4116);
#4118=CARTESIAN_POINT('',(-3.105E-2,9.751170036926E-2,8.212310687566E-1));
#4119=VERTEX_POINT('',#4118);
#4120=CARTESIAN_POINT('',(-2.312234044522E-2,9.751170036926E-2,
8.212310687566E-1));
#4121=VERTEX_POINT('',#4120);
#4122=CARTESIAN_POINT('',(3.105E-2,-1.162796593409E-1,8.092787797314E-1));
#4123=CARTESIAN_POINT('',(3.105E-2,-1.059863583373E-1,8.103606492618E-1));
#4124=VERTEX_POINT('',#4122);
#4125=VERTEX_POINT('',#4123);
#4126=CARTESIAN_POINT('',(-3.105E-2,-8.539975448967E-2,8.125243885159E-1));
#4127=VERTEX_POINT('',#4126);
#4128=CARTESIAN_POINT('',(-3.105E-2,-9.311973070247E-2,8.117129863198E-1));
#4129=VERTEX_POINT('',#4128);
#4130=CARTESIAN_POINT('',(-1.519468089044E-2,-9.826638120424E-2,
8.111720515546E-1));
#4131=VERTEX_POINT('',#4130);
#4132=CARTESIAN_POINT('',(-1.519468089044E-2,-1.239996355537E-1,
8.084673775353E-1));
#4133=VERTEX_POINT('',#4132);
#4134=CARTESIAN_POINT('',(-3.105E-2,-1.291462851351E-1,8.079264428669E-1));
#4135=VERTEX_POINT('',#4134);
#4136=CARTESIAN_POINT('',(-3.105E-2,-1.368662613479E-1,8.071150406707E-1));
#4137=VERTEX_POINT('',#4136);
#4138=CARTESIAN_POINT('',(2.576489424706E-2,-1.111330079188E-1,
8.098197145933E-1));
#4139=CARTESIAN_POINT('',(-9.909575137496E-3,-1.227129740786E-1,
8.086026111057E-1));
#4140=VERTEX_POINT('',#4138);
#4141=VERTEX_POINT('',#4139);
#4142=CARTESIAN_POINT('',(-9.909575137496E-3,-9.955304451990E-2,
8.110368177908E-1));
#4143=VERTEX_POINT('',#4142);
#4144=CARTESIAN_POINT('',(3.105E-2,-1.070045592811E-1,8.200481841289E-1));
#4145=CARTESIAN_POINT('',(3.105E-2,-1.172639937361E-1,8.186440959129E-1));
#4146=VERTEX_POINT('',#4144);
#4147=VERTEX_POINT('',#4145);
#4148=VERTEX_POINT('',#621);
#4149=CARTESIAN_POINT('',(-3.105E-2,-9.416120720438E-2,8.216219733295E-1));
#4150=VERTEX_POINT('',#4149);
#4151=VERTEX_POINT('',#634);
#4152=CARTESIAN_POINT('',(-1.519468089044E-2,-1.249496665343E-1,
8.175063185279E-1));
#4153=VERTEX_POINT('',#4152);
#4154=VERTEX_POINT('',#644);
#4155=CARTESIAN_POINT('',(-3.105E-2,-1.377421334555E-1,8.154484071179E-1));
#4156=VERTEX_POINT('',#4155);
#4157=VERTEX_POINT('',#1406);
#4158=VERTEX_POINT('',#1409);
#4159=CARTESIAN_POINT('',(-9.909575137496E-3,-1.005855289356E-1,
8.208602508154E-1));
#4160=VERTEX_POINT('',#4159);
#4161=CARTESIAN_POINT('',(1.123084972501E-2,-3.504367178151E-1,
7.395772602747E-1));
#4162=CARTESIAN_POINT('',(1.651595917940E-2,-3.504367178151E-1,
7.395772602747E-1));
#4163=VERTEX_POINT('',#4161);
#4164=VERTEX_POINT('',#4162);
#4165=CARTESIAN_POINT('',(7.267020410299E-3,-3.492371748472E-1,
7.400619070927E-1));
#4166=VERTEX_POINT('',#4165);
#4167=CARTESIAN_POINT('',(1.981914657354E-3,-3.456385425117E-1,
7.415158489334E-1));
#4168=VERTEX_POINT('',#4167);
#4169=CARTESIAN_POINT('',(-6.606382191182E-4,-3.408403672083E-1,
7.434544375921E-1));
#4170=VERTEX_POINT('',#4169);
#4171=CARTESIAN_POINT('',(-3.105E-2,-3.516362642149E-1,7.390926120701E-1));
#4172=VERTEX_POINT('',#4171);
#4173=CARTESIAN_POINT('',(-3.105E-2,-3.432394531440E-1,7.424851439561E-1));
#4174=VERTEX_POINT('',#4173);
#4175=CARTESIAN_POINT('',(-3.303191095591E-3,-3.336431008213E-1,
7.463623219668E-1));
#4176=VERTEX_POINT('',#4175);
#4177=CARTESIAN_POINT('',(-3.303191095591E-3,-3.132508514919E-1,
7.546013254997E-1));
#4178=VERTEX_POINT('',#4177);
#4179=CARTESIAN_POINT('',(5.945743972063E-3,-3.396408208085E-1,
7.439390857968E-1));
#4180=CARTESIAN_POINT('',(4.624467533827E-3,-3.360421884730E-1,
7.453930276375E-1));
#4181=VERTEX_POINT('',#4179);
#4182=VERTEX_POINT('',#4180);
#4183=CARTESIAN_POINT('',(8.588296848535E-3,-3.420399101762E-1,
7.429697907741E-1));
#4184=VERTEX_POINT('',#4183);
#4185=CARTESIAN_POINT('',(1.255212616324E-2,-3.432394531440E-1,
7.424851439561E-1));
#4186=VERTEX_POINT('',#4185);
#4187=CARTESIAN_POINT('',(1.651595917940E-2,-3.536633761693E-1,
7.475635199476E-1));
#4188=CARTESIAN_POINT('',(1.123084972501E-2,-3.536633761693E-1,
7.475635199476E-1));
#4189=VERTEX_POINT('',#4187);
#4190=VERTEX_POINT('',#4188);
#4191=VERTEX_POINT('',#731);
#4192=VERTEX_POINT('',#723);
#4193=VERTEX_POINT('',#718);
#4194=VERTEX_POINT('',#713);
#4195=CARTESIAN_POINT('',(-3.105E-2,-3.466210005779E-1,7.508547675539E-1));
#4196=VERTEX_POINT('',#4195);
#4197=VERTEX_POINT('',#703);
#4198=CARTESIAN_POINT('',(-3.303191095591E-3,-3.169832699386E-1,
7.638393853285E-1));
#4199=VERTEX_POINT('',#4198);
#4200=VERTEX_POINT('',#1358);
#4201=VERTEX_POINT('',#1361);
#4202=VERTEX_POINT('',#1404);
#4203=VERTEX_POINT('',#1396);
#4204=CARTESIAN_POINT('',(-3.105E-2,-5.311038971036E-1,6.208686712080E-1));
#4205=CARTESIAN_POINT('',(3.105E-2,-5.311038971036E-1,6.208686712080E-1));
#4206=VERTEX_POINT('',#4204);
#4207=VERTEX_POINT('',#4205);
#4208=CARTESIAN_POINT('',(3.105E-2,-5.251574771139E-1,6.258583100282E-1));
#4209=VERTEX_POINT('',#4208);
#4210=CARTESIAN_POINT('',(-3.105E-2,-5.251574771139E-1,6.258583100282E-1));
#4211=VERTEX_POINT('',#4210);
#4212=CARTESIAN_POINT('',(-3.105E-2,-5.375083554710E-1,6.285012074760E-1));
#4213=CARTESIAN_POINT('',(3.105E-2,-5.375083554710E-1,6.285012074760E-1));
#4214=VERTEX_POINT('',#4212);
#4215=VERTEX_POINT('',#4213);
#4216=CARTESIAN_POINT('',(3.105E-2,-5.315853532108E-1,6.335187544594E-1));
#4217=VERTEX_POINT('',#4216);
#4218=CARTESIAN_POINT('',(-3.105E-2,-5.315853532108E-1,6.335187544594E-1));
#4219=VERTEX_POINT('',#4218);
#4220=CARTESIAN_POINT('',(-3.105E-2,-6.845407459539E-1,4.477739142905E-1));
#4221=CARTESIAN_POINT('',(-3.105E-2,-6.913847704852E-1,4.383539226622E-1));
#4222=VERTEX_POINT('',#4220);
#4223=VERTEX_POINT('',#4221);
#4224=CARTESIAN_POINT('',(3.105E-2,-6.913847704852E-1,4.383539226622E-1));
#4225=VERTEX_POINT('',#4224);
#4226=CARTESIAN_POINT('',(3.105E-2,-6.868220874643E-1,4.446339170811E-1));
#4227=VERTEX_POINT('',#4226);
#4228=CARTESIAN_POINT('',(-2.180106400698E-2,-6.868220874643E-1,
4.446339170811E-1));
#4229=VERTEX_POINT('',#4228);
#4230=CARTESIAN_POINT('',(3.105E-2,-6.678109089357E-1,4.708005594947E-1));
#4231=VERTEX_POINT('',#4230);
#4232=CARTESIAN_POINT('',(3.105E-2,-6.609668844043E-1,4.802205511230E-1));
#4233=VERTEX_POINT('',#4232);
#4234=CARTESIAN_POINT('',(-3.105E-2,-6.609668844043E-1,4.802205511230E-1));
#4235=VERTEX_POINT('',#4234);
#4236=CARTESIAN_POINT('',(-3.105E-2,-6.655295674253E-1,4.739405567041E-1));
#4237=VERTEX_POINT('',#4236);
#4238=CARTESIAN_POINT('',(-3.105E-2,-6.981637414737E-1,4.432791333815E-1));
#4239=CARTESIAN_POINT('',(-3.105E-2,-6.918436855961E-1,4.530798105200E-1));
#4240=VERTEX_POINT('',#4238);
#4241=VERTEX_POINT('',#4239);
#4242=CARTESIAN_POINT('',(3.105E-2,-6.981637414737E-1,4.432791333815E-1));
#4243=VERTEX_POINT('',#4242);
#4244=CARTESIAN_POINT('',(3.105E-2,-6.939651741355E-1,4.498236733289E-1));
#4245=VERTEX_POINT('',#4244);
#4246=CARTESIAN_POINT('',(-2.180106400698E-2,-6.939651741355E-1,
4.498236733289E-1));
#4247=VERTEX_POINT('',#4246);
#4248=VERTEX_POINT('',#772);
#4249=CARTESIAN_POINT('',(3.105E-2,-6.690570543481E-1,4.860984036459E-1));
#4250=VERTEX_POINT('',#4249);
#4251=CARTESIAN_POINT('',(-3.105E-2,-6.690570543481E-1,4.860984036459E-1));
#4252=VERTEX_POINT('',#4251);
#4253=CARTESIAN_POINT('',(-3.105E-2,-6.735902636505E-1,4.797969953171E-1));
#4254=VERTEX_POINT('',#4253);
#4255=CARTESIAN_POINT('',(-2.180106400698E-2,-7.690563368634E-1,
2.757832751126E-1));
#4256=CARTESIAN_POINT('',(-2.708617022261E-2,-7.708262909996E-1,
2.709203660899E-1));
#4257=VERTEX_POINT('',#4255);
#4258=VERTEX_POINT('',#4256);
#4259=CARTESIAN_POINT('',(-2.972872344609E-2,-7.725962454523E-1,
2.660574561977E-1));
#4260=VERTEX_POINT('',#4259);
#4261=CARTESIAN_POINT('',(-3.105E-2,-7.748086883599E-1,2.599788192671E-1));
#4262=VERTEX_POINT('',#4261);
#4263=CARTESIAN_POINT('',(-3.105E-2,-7.787910847708E-1,2.490372750529E-1));
#4264=VERTEX_POINT('',#4263);
#4265=CARTESIAN_POINT('',(-2.972872344609E-2,-7.810035279949E-1,
2.429586372528E-1));
#4266=VERTEX_POINT('',#4265);
#4267=CARTESIAN_POINT('',(-2.708617022261E-2,-7.827734818146E-1,
2.380957290997E-1));
#4268=VERTEX_POINT('',#4267);
#4269=CARTESIAN_POINT('',(-2.180106400698E-2,-7.845434369003E-1,
2.332328174683E-1));
#4270=VERTEX_POINT('',#4269);
#4271=CARTESIAN_POINT('',(-1.651595732868E-2,-7.849859250388E-1,
2.320170912995E-1));
#4272=VERTEX_POINT('',#4271);
#4273=VERTEX_POINT('',#797);
#4274=VERTEX_POINT('',#800);
#4275=VERTEX_POINT('',#802);
#4276=VERTEX_POINT('',#810);
#4277=CARTESIAN_POINT('',(-3.105E-2,-7.875934489258E-1,2.522410735965E-1));
#4278=VERTEX_POINT('',#4277);
#4279=VERTEX_POINT('',#820);
#4280=VERTEX_POINT('',#825);
#4281=VERTEX_POINT('',#830);
#4282=VERTEX_POINT('',#832);
#4283=CARTESIAN_POINT('',(2.180106493235E-2,7.839243822227E-1,
2.301702491272E-1));
#4284=VERTEX_POINT('',#4283);
#4285=CARTESIAN_POINT('',(1.651595917940E-2,7.842809880943E-1,
2.289266166598E-1));
#4286=VERTEX_POINT('',#4285);
#4287=CARTESIAN_POINT('',(1.123084972501E-2,7.842809880943E-1,
2.289266166598E-1));
#4288=VERTEX_POINT('',#4287);
#4289=CARTESIAN_POINT('',(5.945743972063E-3,7.839243822227E-1,
2.301702491272E-1));
#4290=VERTEX_POINT('',#4289);
#4291=CARTESIAN_POINT('',(6.606382191181E-4,7.824979588639E-1,
2.351447785520E-1));
#4292=VERTEX_POINT('',#4291);
#4293=CARTESIAN_POINT('',(-1.981914657354E-3,7.810715356325E-1,
2.401193075319E-1));
#4294=VERTEX_POINT('',#4293);
#4295=CARTESIAN_POINT('',(-3.303191095591E-3,7.796451121462E-1,
2.450938374014E-1));
#4296=VERTEX_POINT('',#4295);
#4297=CARTESIAN_POINT('',(-3.303191095591E-3,7.775054771716E-1,
2.525556313161E-1));
#4298=VERTEX_POINT('',#4297);
#4299=CARTESIAN_POINT('',(-4.624467533827E-3,7.760790536852E-1,
2.575301611856E-1));
#4300=VERTEX_POINT('',#4299);
#4301=CARTESIAN_POINT('',(-7.267020410299E-3,7.750092361980E-1,
2.612610581430E-1));
#4302=VERTEX_POINT('',#4301);
#4303=CARTESIAN_POINT('',(-1.123085157573E-2,7.742960252200E-1,
2.637483204092E-1));
#4304=VERTEX_POINT('',#4303);
#4305=CARTESIAN_POINT('',(-1.519468089044E-2,7.742960252200E-1,
2.637483204092E-1));
#4306=VERTEX_POINT('',#4305);
#4307=CARTESIAN_POINT('',(-1.915851020515E-2,7.750092361980E-1,
2.612610581430E-1));
#4308=VERTEX_POINT('',#4307);
#4309=CARTESIAN_POINT('',(-2.180106400698E-2,7.760790536852E-1,
2.575301611856E-1));
#4310=VERTEX_POINT('',#4309);
#4311=CARTESIAN_POINT('',(-2.312234044522E-2,7.775054771716E-1,
2.525556313161E-1));
#4312=VERTEX_POINT('',#4311);
#4313=CARTESIAN_POINT('',(-2.312234044522E-2,7.803583241444E-1,
2.426065715772E-1));
#4314=VERTEX_POINT('',#4313);
#4315=CARTESIAN_POINT('',(-2.180106400698E-2,7.817847473757E-1,
2.376320425972E-1));
#4316=VERTEX_POINT('',#4315);
#4317=CARTESIAN_POINT('',(-1.783723376691E-2,7.828545648630E-1,
2.339011456398E-1));
#4318=VERTEX_POINT('',#4317);
#4319=CARTESIAN_POINT('',(-1.387340445220E-2,7.832111706071E-1,
2.326575136172E-1));
#4320=VERTEX_POINT('',#4319);
#4321=CARTESIAN_POINT('',(-1.387340445220E-2,7.853508055816E-1,
2.251957197025E-1));
#4322=VERTEX_POINT('',#4321);
#4323=CARTESIAN_POINT('',(-1.915851020515E-2,7.849941997419E-1,
2.264393520587E-1));
#4324=VERTEX_POINT('',#4323);
#4325=CARTESIAN_POINT('',(-2.576489378437E-2,7.839243822227E-1,
2.301702491272E-1));
#4326=VERTEX_POINT('',#4325);
#4327=CARTESIAN_POINT('',(-2.972872344609E-2,7.821413531198E-1,
2.363884105746E-1));
#4328=VERTEX_POINT('',#4327);
#4329=CARTESIAN_POINT('',(-3.105E-2,7.803583241444E-1,2.426065715772E-1));
#4330=VERTEX_POINT('',#4329);
#4331=CARTESIAN_POINT('',(-3.105E-2,7.775054771716E-1,2.525556313161E-1));
#4332=VERTEX_POINT('',#4331);
#4333=CARTESIAN_POINT('',(-2.972872344609E-2,7.757224481962E-1,
2.587737923187E-1));
#4334=VERTEX_POINT('',#4333);
#4335=CARTESIAN_POINT('',(-2.708617022261E-2,7.742960252200E-1,
2.637483204092E-1));
#4336=VERTEX_POINT('',#4335);
#4337=CARTESIAN_POINT('',(-2.180106400698E-2,7.728696012234E-1,
2.687228520577E-1));
#4338=VERTEX_POINT('',#4337);
#4339=CARTESIAN_POINT('',(-1.651595732868E-2,7.721563902454E-1,
2.712101143239E-1));
#4340=VERTEX_POINT('',#4339);
#4341=CARTESIAN_POINT('',(-9.909575137496E-3,7.721563902454E-1,
2.712101143239E-1));
#4342=VERTEX_POINT('',#4341);
#4343=CARTESIAN_POINT('',(-4.624467533827E-3,7.728696012234E-1,
2.687228520577E-1));
#4344=VERTEX_POINT('',#4343);
#4345=CARTESIAN_POINT('',(6.606382191181E-4,7.742960252200E-1,
2.637483204092E-1));
#4346=VERTEX_POINT('',#4345);
#4347=CARTESIAN_POINT('',(3.303191095591E-3,7.757224481962E-1,
2.587737923187E-1));
#4348=VERTEX_POINT('',#4347);
#4349=CARTESIAN_POINT('',(4.624467533827E-3,7.775054771716E-1,
2.525556313161E-1));
#4350=VERTEX_POINT('',#4349);
#4351=CARTESIAN_POINT('',(4.624467533827E-3,7.796451121462E-1,
2.450938374014E-1));
#4352=VERTEX_POINT('',#4351);
#4353=CARTESIAN_POINT('',(5.945743972063E-3,7.807149296334E-1,
2.413629404441E-1));
#4354=VERTEX_POINT('',#4353);
#4355=CARTESIAN_POINT('',(8.588296848536E-3,7.817847473757E-1,
2.376320425972E-1));
#4356=VERTEX_POINT('',#4355);
#4357=CARTESIAN_POINT('',(1.255212616324E-2,7.821413531198E-1,
2.363884105746E-1));
#4358=VERTEX_POINT('',#4357);
#4359=CARTESIAN_POINT('',(1.519467903972E-2,7.821413531198E-1,
2.363884105746E-1));
#4360=VERTEX_POINT('',#4359);
#4361=CARTESIAN_POINT('',(1.915851205587E-2,7.817847473757E-1,
2.376320425972E-1));
#4362=VERTEX_POINT('',#4361);
#4363=CARTESIAN_POINT('',(2.180106493235E-2,7.807149296334E-1,
2.413629404441E-1));
#4364=VERTEX_POINT('',#4363);
#4365=CARTESIAN_POINT('',(2.312234137058E-2,7.796451121462E-1,
2.450938374014E-1));
#4366=VERTEX_POINT('',#4365);
#4367=CARTESIAN_POINT('',(2.312234137058E-2,7.775054771716E-1,
2.525556313161E-1));
#4368=VERTEX_POINT('',#4367);
#4369=CARTESIAN_POINT('',(2.180106493235E-2,7.764356601945E-1,
2.562865264945E-1));
#4370=VERTEX_POINT('',#4369);
#4371=CARTESIAN_POINT('',(1.915851205587E-2,7.757224481962E-1,
2.587737923187E-1));
#4372=VERTEX_POINT('',#4371);
#4373=VERTEX_POINT('',#173);
#4374=VERTEX_POINT('',#178);
#4375=CARTESIAN_POINT('',(1.123084972501E-2,7.938848501423E-1,
2.316804797876E-1));
#4376=VERTEX_POINT('',#4375);
#4377=VERTEX_POINT('',#190);
#4378=VERTEX_POINT('',#195);
#4379=VERTEX_POINT('',#200);
#4380=VERTEX_POINT('',#205);
#4381=CARTESIAN_POINT('',(-3.303191095591E-3,7.866471375169E-1,
2.551769602383E-1));
#4382=VERTEX_POINT('',#4381);
#4383=VERTEX_POINT('',#215);
#4384=VERTEX_POINT('',#220);
#4385=VERTEX_POINT('',#225);
#4386=CARTESIAN_POINT('',(-1.519468089044E-2,7.829732671007E-1,
2.662364794796E-1));
#4387=VERTEX_POINT('',#4386);
#4388=VERTEX_POINT('',#231);
#4389=VERTEX_POINT('',#236);
#4390=VERTEX_POINT('',#241);
#4391=CARTESIAN_POINT('',(-2.312234044522E-2,7.897802567812E-1,
2.453082672857E-1));
#4392=VERTEX_POINT('',#4391);
#4393=VERTEX_POINT('',#251);
#4394=VERTEX_POINT('',#256);
#4395=VERTEX_POINT('',#261);
#4396=CARTESIAN_POINT('',(-1.387340445220E-2,7.949634225410E-1,
2.279520932607E-1));
#4397=VERTEX_POINT('',#4396);
#4398=VERTEX_POINT('',#274);
#4399=VERTEX_POINT('',#279);
#4400=VERTEX_POINT('',#284);
#4401=VERTEX_POINT('',#289);
#4402=CARTESIAN_POINT('',(-3.105E-2,7.866471375169E-1,2.551769602383E-1));
#4403=VERTEX_POINT('',#4402);
#4404=VERTEX_POINT('',#299);
#4405=VERTEX_POINT('',#304);
#4406=VERTEX_POINT('',#309);
#4407=VERTEX_POINT('',#314);
#4408=CARTESIAN_POINT('',(-9.909575137496E-3,7.804361779915E-1,
2.735843052552E-1));
#4409=VERTEX_POINT('',#4408);
#4410=VERTEX_POINT('',#320);
#4411=VERTEX_POINT('',#325);
#4412=VERTEX_POINT('',#330);
#4413=VERTEX_POINT('',#335);
#4414=CARTESIAN_POINT('',(4.624467533827E-3,7.890086628525E-1,
2.477787923608E-1));
#4415=VERTEX_POINT('',#4414);
#4416=VERTEX_POINT('',#345);
#4417=VERTEX_POINT('',#350);
#4418=VERTEX_POINT('',#355);
#4419=CARTESIAN_POINT('',(1.519467903972E-2,7.916751724047E-1,
2.391221892632E-1));
#4420=VERTEX_POINT('',#4419);
#4421=VERTEX_POINT('',#367);
#4422=VERTEX_POINT('',#372);
#4423=VERTEX_POINT('',#377);
#4424=CARTESIAN_POINT('',(2.312234137058E-2,7.866471375169E-1,
2.551769602383E-1));
#4425=VERTEX_POINT('',#4424);
#4426=VERTEX_POINT('',#387);
#4427=VERTEX_POINT('',#392);
#4428=CARTESIAN_POINT('',(1.981914657354E-3,3.197763386125E-1,
7.530304439746E-1));
#4429=VERTEX_POINT('',#4428);
#4430=CARTESIAN_POINT('',(7.267020410299E-3,3.162878942203E-1,
7.547318719881E-1));
#4431=VERTEX_POINT('',#4430);
#4432=CARTESIAN_POINT('',(1.123084972501E-2,3.151250805318E-1,
7.552990141184E-1));
#4433=VERTEX_POINT('',#4432);
#4434=CARTESIAN_POINT('',(1.651595917940E-2,3.151250805318E-1,
7.552990141184E-1));
#4435=VERTEX_POINT('',#4434);
#4436=CARTESIAN_POINT('',(2.047978849411E-2,3.162878942203E-1,
7.547318719881E-1));
#4437=VERTEX_POINT('',#4436);
#4438=CARTESIAN_POINT('',(2.576489424706E-2,3.197763386125E-1,
7.530304439746E-1));
#4439=VERTEX_POINT('',#4438);
#4440=CARTESIAN_POINT('',(2.972872356176E-2,3.244275966931E-1,
7.507618738309E-1));
#4441=VERTEX_POINT('',#4440);
#4442=CARTESIAN_POINT('',(3.105E-2,3.302416717891E-1,7.479261599342E-1));
#4443=VERTEX_POINT('',#4442);
#4444=CARTESIAN_POINT('',(3.105E-2,3.581492269267E-1,7.343147358264E-1));
#4445=VERTEX_POINT('',#4444);
#4446=CARTESIAN_POINT('',(-3.105E-2,3.581492269267E-1,7.343147358264E-1));
#4447=VERTEX_POINT('',#4446);
#4448=CARTESIAN_POINT('',(2.312234137058E-2,3.290788581006E-1,
7.484933020645E-1));
#4449=VERTEX_POINT('',#4448);
#4450=CARTESIAN_POINT('',(2.180106493235E-2,3.255904137084E-1,
7.501947300780E-1));
#4451=VERTEX_POINT('',#4450);
#4452=CARTESIAN_POINT('',(1.915851205587E-2,3.232647830047E-1,
7.513290159612E-1));
#4453=VERTEX_POINT('',#4452);
#4454=CARTESIAN_POINT('',(1.519467903972E-2,3.221019693162E-1,
7.518961580915E-1));
#4455=VERTEX_POINT('',#4454);
#4456=CARTESIAN_POINT('',(1.255212616324E-2,3.221019693162E-1,
7.518961580915E-1));
#4457=VERTEX_POINT('',#4456);
#4458=CARTESIAN_POINT('',(8.588296848536E-3,3.232647830047E-1,
7.513290159612E-1));
#4459=VERTEX_POINT('',#4458);
#4460=CARTESIAN_POINT('',(-1.123085157573E-2,3.221019693162E-1,
7.518961580915E-1));
#4461=CARTESIAN_POINT('',(-1.519468089044E-2,3.221019693162E-1,
7.518961580915E-1));
#4462=VERTEX_POINT('',#4460);
#4463=VERTEX_POINT('',#4461);
#4464=CARTESIAN_POINT('',(-1.915851020515E-2,3.232647830047E-1,
7.513290159612E-1));
#4465=VERTEX_POINT('',#4464);
#4466=CARTESIAN_POINT('',(-2.180106400698E-2,3.255904137084E-1,
7.501947300780E-1));
#4467=VERTEX_POINT('',#4466);
#4468=CARTESIAN_POINT('',(-2.312234044522E-2,3.290788581006E-1,
7.484933020645E-1));
#4469=VERTEX_POINT('',#4468);
#4470=CARTESIAN_POINT('',(-2.312234044522E-2,3.511723381423E-1,
7.377175918534E-1));
#4471=VERTEX_POINT('',#4470);
#4472=CARTESIAN_POINT('',(-3.303191095591E-3,3.511723381423E-1,
7.377175918534E-1));
#4473=VERTEX_POINT('',#4472);
#4474=CARTESIAN_POINT('',(-3.303191095591E-3,3.290788581006E-1,
7.484933020645E-1));
#4475=VERTEX_POINT('',#4474);
#4476=CARTESIAN_POINT('',(-4.624467533827E-3,3.255904137084E-1,
7.501947300780E-1));
#4477=VERTEX_POINT('',#4476);
#4478=CARTESIAN_POINT('',(-7.267020410299E-3,3.232647830047E-1,
7.513290159612E-1));
#4479=VERTEX_POINT('',#4478);
#4480=VERTEX_POINT('',#512);
#4481=VERTEX_POINT('',#517);
#4482=VERTEX_POINT('',#522);
#4483=CARTESIAN_POINT('',(1.651595917940E-2,3.189009722217E-1,
7.630407393554E-1));
#4484=VERTEX_POINT('',#4483);
#4485=VERTEX_POINT('',#528);
#4486=VERTEX_POINT('',#533);
#4487=VERTEX_POINT('',#538);
#4488=VERTEX_POINT('',#543);
#4489=CARTESIAN_POINT('',(3.105E-2,3.625329383946E-1,7.433026762894E-1));
#4490=VERTEX_POINT('',#4489);
#4491=CARTESIAN_POINT('',(-3.105E-2,3.625329383946E-1,7.433026762894E-1));
#4492=VERTEX_POINT('',#4491);
#4493=CARTESIAN_POINT('',(2.312234137058E-2,3.331852034988E-1,
7.569125578093E-1));
#4494=VERTEX_POINT('',#4493);
#4495=VERTEX_POINT('',#1481);
#4496=VERTEX_POINT('',#1486);
#4497=VERTEX_POINT('',#1491);
#4498=CARTESIAN_POINT('',(1.255212616324E-2,3.260591148993E-1,
7.600095088820E-1));
#4499=VERTEX_POINT('',#4498);
#4500=VERTEX_POINT('',#1497);
#4501=CARTESIAN_POINT('',(-1.519468089044E-2,3.260591148993E-1,
7.600095088820E-1));
#4502=CARTESIAN_POINT('',(-1.123085157573E-2,3.260591148993E-1,
7.600095088820E-1));
#4503=VERTEX_POINT('',#4501);
#4504=VERTEX_POINT('',#4502);
#4505=VERTEX_POINT('',#1425);
#4506=VERTEX_POINT('',#1430);
#4507=VERTEX_POINT('',#1435);
#4508=CARTESIAN_POINT('',(-2.312234044522E-2,3.555400790831E-1,
7.466727878834E-1));
#4509=VERTEX_POINT('',#4508);
#4510=CARTESIAN_POINT('',(-3.303191095591E-3,3.555400790831E-1,
7.466727878834E-1));
#4511=VERTEX_POINT('',#4510);
#4512=CARTESIAN_POINT('',(-3.303191095591E-3,3.331852034988E-1,
7.569125578093E-1));
#4513=VERTEX_POINT('',#4512);
#4514=VERTEX_POINT('',#1457);
#4515=VERTEX_POINT('',#1462);
#4516=CARTESIAN_POINT('',(-2.312234044522E-2,1.342259909711E-1,
8.059358781901E-1));
#4517=VERTEX_POINT('',#4516);
#4518=CARTESIAN_POINT('',(-1.981914657354E-3,1.342259909711E-1,
8.059358781901E-1));
#4519=VERTEX_POINT('',#4518);
#4520=CARTESIAN_POINT('',(-1.981914657354E-3,1.010995189641E-1,
8.117769689806E-1));
#4521=VERTEX_POINT('',#4520);
#4522=CARTESIAN_POINT('',(-2.312234044522E-2,1.359561464808E-1,
8.157480776772E-1));
#4523=VERTEX_POINT('',#4522);
#4524=CARTESIAN_POINT('',(-1.981914657354E-3,1.359561464808E-1,
8.157480776772E-1));
#4525=VERTEX_POINT('',#4524);
#4526=CARTESIAN_POINT('',(-1.981914657354E-3,1.026559446653E-1,
8.206038977636E-1));
#4527=VERTEX_POINT('',#4526);
#4528=CARTESIAN_POINT('',(2.047978849411E-2,-3.492371748472E-1,
7.400619070927E-1));
#4529=VERTEX_POINT('',#4528);
#4530=CARTESIAN_POINT('',(2.576489424706E-2,-3.456385425117E-1,
7.415158489334E-1));
#4531=VERTEX_POINT('',#4530);
#4532=CARTESIAN_POINT('',(2.972872356176E-2,-3.408403672083E-1,
7.434544375921E-1));
#4533=VERTEX_POINT('',#4532);
#4534=CARTESIAN_POINT('',(3.105E-2,-3.348426455051E-1,7.458776744555E-1));
#4535=VERTEX_POINT('',#4534);
#4536=CARTESIAN_POINT('',(3.105E-2,-3.060535868208E-1,7.575092091811E-1));
#4537=VERTEX_POINT('',#4536);
#4538=CARTESIAN_POINT('',(-3.105E-2,-3.060535868208E-1,7.575092091811E-1));
#4539=VERTEX_POINT('',#4538);
#4540=CARTESIAN_POINT('',(-3.105E-2,-3.132508514919E-1,7.546013254997E-1));
#4541=VERTEX_POINT('',#4540);
#4542=CARTESIAN_POINT('',(4.624467533827E-3,-3.132508514919E-1,
7.546013254997E-1));
#4543=VERTEX_POINT('',#4542);
#4544=CARTESIAN_POINT('',(2.444361780882E-2,-3.132508514919E-1,
7.546013254997E-1));
#4545=VERTEX_POINT('',#4544);
#4546=CARTESIAN_POINT('',(2.444361780882E-2,-3.360421884730E-1,
7.453930276375E-1));
#4547=VERTEX_POINT('',#4546);
#4548=CARTESIAN_POINT('',(2.312234137058E-2,-3.396408208085E-1,
7.439390857968E-1));
#4549=VERTEX_POINT('',#4548);
#4550=CARTESIAN_POINT('',(2.047978849411E-2,-3.420399101762E-1,
7.429697907741E-1));
#4551=VERTEX_POINT('',#4550);
#4552=CARTESIAN_POINT('',(1.651595917940E-2,-3.432394531440E-1,
7.424851439561E-1));
#4553=VERTEX_POINT('',#4552);
#4554=VERTEX_POINT('',#660);
#4555=VERTEX_POINT('',#665);
#4556=VERTEX_POINT('',#670);
#4557=VERTEX_POINT('',#675);
#4558=CARTESIAN_POINT('',(3.105E-2,-3.097996527550E-1,7.667810477267E-1));
#4559=VERTEX_POINT('',#4558);
#4560=CARTESIAN_POINT('',(-3.105E-2,-3.097996527550E-1,7.667810477267E-1));
#4561=VERTEX_POINT('',#4560);
#4562=CARTESIAN_POINT('',(-3.105E-2,-3.169832699386E-1,7.638393853285E-1));
#4563=VERTEX_POINT('',#4562);
#4564=CARTESIAN_POINT('',(4.624467533827E-3,-3.169832699386E-1,
7.638393853285E-1));
#4565=VERTEX_POINT('',#4564);
#4566=CARTESIAN_POINT('',(2.444361780882E-2,-3.169832699386E-1,
7.638393853285E-1));
#4567=VERTEX_POINT('',#4566);
#4568=CARTESIAN_POINT('',(2.444361780882E-2,-3.395512334279E-1,
7.540782186734E-1));
#4569=VERTEX_POINT('',#4568);
#4570=VERTEX_POINT('',#1380);
#4571=VERTEX_POINT('',#1385);
#4572=VERTEX_POINT('',#1390);
#4573=CARTESIAN_POINT('',(2.312234137058E-2,-6.655295674253E-1,
4.739405567041E-1));
#4574=VERTEX_POINT('',#4573);
#4575=VERTEX_POINT('',#795);
#4576=CARTESIAN_POINT('',(3.303191095591E-3,-7.849859250388E-1,
2.320170912995E-1));
#4577=VERTEX_POINT('',#4576);
#4578=CARTESIAN_POINT('',(3.303191095591E-3,-7.783485966323E-1,
2.502530012217E-1));
#4579=VERTEX_POINT('',#4578);
#4580=CARTESIAN_POINT('',(-4.624467533827E-3,-7.783485966323E-1,
2.502530012217E-1));
#4581=VERTEX_POINT('',#4580);
#4582=CARTESIAN_POINT('',(-4.624467533827E-3,-7.823309936762E-1,
2.393114552684E-1));
#4583=VERTEX_POINT('',#4582);
#4584=CARTESIAN_POINT('',(-1.519468089044E-2,-7.823309936762E-1,
2.393114552684E-1));
#4585=VERTEX_POINT('',#4584);
#4586=CARTESIAN_POINT('',(-1.915851020515E-2,-7.818885055378E-1,
2.405271814371E-1));
#4587=VERTEX_POINT('',#4586);
#4588=CARTESIAN_POINT('',(-2.180106400698E-2,-7.805610398565E-1,
2.441743634216E-1));
#4589=VERTEX_POINT('',#4588);
#4590=CARTESIAN_POINT('',(-2.312234044522E-2,-7.787910847708E-1,
2.490372750529E-1));
#4591=VERTEX_POINT('',#4590);
#4592=CARTESIAN_POINT('',(-2.312234044522E-2,-7.748086883599E-1,
2.599788192671E-1));
#4593=VERTEX_POINT('',#4592);
#4594=CARTESIAN_POINT('',(-2.180106400698E-2,-7.730387339072E-1,
2.648417291594E-1));
#4595=VERTEX_POINT('',#4594);
#4596=CARTESIAN_POINT('',(-1.915851020515E-2,-7.717112682259E-1,
2.684889111438E-1));
#4597=VERTEX_POINT('',#4596);
#4598=CARTESIAN_POINT('',(-1.519468089044E-2,-7.708262909996E-1,
2.709203660899E-1));
#4599=VERTEX_POINT('',#4598);
#4600=CARTESIAN_POINT('',(-9.909575137496E-3,-7.703838025447E-1,
2.721360931282E-1));
#4601=VERTEX_POINT('',#4600);
#4602=CARTESIAN_POINT('',(9.909573286772E-3,-7.703838025447E-1,
2.721360931282E-1));
#4603=VERTEX_POINT('',#4602);
#4604=CARTESIAN_POINT('',(1.519467903972E-2,-7.708262909996E-1,
2.709203660899E-1));
#4605=VERTEX_POINT('',#4604);
#4606=CARTESIAN_POINT('',(1.915851205587E-2,-7.717112682259E-1,
2.684889111438E-1));
#4607=VERTEX_POINT('',#4606);
#4608=CARTESIAN_POINT('',(2.180106493235E-2,-7.730387339072E-1,
2.648417291594E-1));
#4609=VERTEX_POINT('',#4608);
#4610=CARTESIAN_POINT('',(2.312234137058E-2,-7.748086883599E-1,
2.599788192671E-1));
#4611=VERTEX_POINT('',#4610);
#4612=CARTESIAN_POINT('',(2.312234137058E-2,-7.787910847708E-1,
2.490372750529E-1));
#4613=VERTEX_POINT('',#4612);
#4614=CARTESIAN_POINT('',(2.180106493235E-2,-7.805610398565E-1,
2.441743634216E-1));
#4615=VERTEX_POINT('',#4614);
#4616=CARTESIAN_POINT('',(1.915851205587E-2,-7.818885055378E-1,
2.405271814371E-1));
#4617=VERTEX_POINT('',#4616);
#4618=CARTESIAN_POINT('',(1.519467903972E-2,-7.823309936762E-1,
2.393114552684E-1));
#4619=VERTEX_POINT('',#4618);
#4620=CARTESIAN_POINT('',(1.519467903972E-2,-7.849859250388E-1,
2.320170912995E-1));
#4621=VERTEX_POINT('',#4620);
#4622=CARTESIAN_POINT('',(2.180106493235E-2,-7.845434369003E-1,
2.332328174683E-1));
#4623=VERTEX_POINT('',#4622);
#4624=CARTESIAN_POINT('',(2.708617068529E-2,-7.827734818146E-1,
2.380957290997E-1));
#4625=VERTEX_POINT('',#4624);
#4626=CARTESIAN_POINT('',(2.972872356176E-2,-7.810035279949E-1,
2.429586372528E-1));
#4627=VERTEX_POINT('',#4626);
#4628=CARTESIAN_POINT('',(3.105E-2,-7.787910847708E-1,2.490372750529E-1));
#4629=VERTEX_POINT('',#4628);
#4630=CARTESIAN_POINT('',(3.105E-2,-7.748086883599E-1,2.599788192671E-1));
#4631=VERTEX_POINT('',#4630);
#4632=CARTESIAN_POINT('',(2.972872356176E-2,-7.725962454523E-1,
2.660574561977E-1));
#4633=VERTEX_POINT('',#4632);
#4634=CARTESIAN_POINT('',(2.708617068529E-2,-7.708262909996E-1,
2.709203660899E-1));
#4635=VERTEX_POINT('',#4634);
#4636=CARTESIAN_POINT('',(2.180106493235E-2,-7.690563368634E-1,
2.757832751126E-1));
#4637=VERTEX_POINT('',#4636);
#4638=CARTESIAN_POINT('',(1.651595917940E-2,-7.681713597557E-1,
2.782147297327E-1));
#4639=VERTEX_POINT('',#4638);
#4640=CARTESIAN_POINT('',(9.909573286772E-3,-7.677288711821E-1,
2.794304570971E-1));
#4641=VERTEX_POINT('',#4640);
#4642=CARTESIAN_POINT('',(-9.909575137496E-3,-7.677288711821E-1,
2.794304570971E-1));
#4643=VERTEX_POINT('',#4642);
#4644=CARTESIAN_POINT('',(-1.651595732868E-2,-7.681713597557E-1,
2.782147297327E-1));
#4645=VERTEX_POINT('',#4644);
#4646=CARTESIAN_POINT('',(3.303191095591E-3,-7.929351299377E-1,
2.349103652688E-1));
#4647=VERTEX_POINT('',#4646);
#4648=CARTESIAN_POINT('',(3.303191095591E-3,-7.871975908557E-1,
2.534737717221E-1));
#4649=VERTEX_POINT('',#4648);
#4650=CARTESIAN_POINT('',(-4.624467533827E-3,-7.871975908557E-1,
2.534737717221E-1));
#4651=VERTEX_POINT('',#4650);
#4652=CARTESIAN_POINT('',(-4.624467533827E-3,-7.906916602803E-1,
2.423544890509E-1));
#4653=VERTEX_POINT('',#4652);
#4654=CARTESIAN_POINT('',(-1.519468089044E-2,-7.906916602803E-1,
2.423544890509E-1));
#4655=VERTEX_POINT('',#4654);
#4656=VERTEX_POINT('',#859);
#4657=VERTEX_POINT('',#864);
#4658=VERTEX_POINT('',#869);
#4659=CARTESIAN_POINT('',(-2.312234044522E-2,-7.839621369372E-1,
2.633104020901E-1));
#4660=VERTEX_POINT('',#4659);
#4661=VERTEX_POINT('',#879);
#4662=VERTEX_POINT('',#884);
#4663=VERTEX_POINT('',#889);
#4664=VERTEX_POINT('',#894);
#4665=CARTESIAN_POINT('',(9.909573286772E-3,-7.797464943223E-1,
2.755438342479E-1));
#4666=VERTEX_POINT('',#4665);
#4667=VERTEX_POINT('',#906);
#4668=VERTEX_POINT('',#911);
#4669=VERTEX_POINT('',#916);
#4670=VERTEX_POINT('',#921);
#4671=CARTESIAN_POINT('',(2.312234137058E-2,-7.875934489258E-1,
2.522410735965E-1));
#4672=VERTEX_POINT('',#4671);
#4673=VERTEX_POINT('',#931);
#4674=VERTEX_POINT('',#936);
#4675=VERTEX_POINT('',#941);
#4676=CARTESIAN_POINT('',(1.519467903972E-2,-7.929351299377E-1,
2.349103652688E-1));
#4677=VERTEX_POINT('',#4676);
#4678=VERTEX_POINT('',#948);
#4679=VERTEX_POINT('',#953);
#4680=VERTEX_POINT('',#958);
#4681=VERTEX_POINT('',#963);
#4682=CARTESIAN_POINT('',(3.105E-2,-7.839621369372E-1,2.633104020901E-1));
#4683=VERTEX_POINT('',#4682);
#4684=VERTEX_POINT('',#973);
#4685=VERTEX_POINT('',#978);
#4686=VERTEX_POINT('',#983);
#4687=VERTEX_POINT('',#988);
#4688=VERTEX_POINT('',#993);
#4689=CARTESIAN_POINT('',(-9.909575137496E-3,-7.771257973899E-1,
2.828506585303E-1));
#4690=VERTEX_POINT('',#4689);
#4691=VERTEX_POINT('',#1005);
#4692=CARTESIAN_POINT('',(2.972872356176E-2,-8.160927983172E-1,
4.150385716867E-2));
#4693=CARTESIAN_POINT('',(2.708617068529E-2,-8.157318085870E-1,
4.666625082106E-2));
#4694=VERTEX_POINT('',#4692);
#4695=VERTEX_POINT('',#4693);
#4696=CARTESIAN_POINT('',(3.105E-2,-8.164537881118E-1,3.634146259317E-2));
#4697=VERTEX_POINT('',#4696);
#4698=CARTESIAN_POINT('',(3.105E-2,-8.169050252583E-1,2.988847075845E-2));
#4699=VERTEX_POINT('',#4698);
#4700=CARTESIAN_POINT('',(2.972872356176E-2,-8.173562625339E-1,
2.343547707753E-2));
#4701=VERTEX_POINT('',#4700);
#4702=CARTESIAN_POINT('',(2.576489424706E-2,-8.177172521995E-1,
1.827308434824E-2));
#4703=VERTEX_POINT('',#4702);
#4704=CARTESIAN_POINT('',(2.047978849411E-2,-8.179879945132E-1,
1.440128887817E-2));
#4705=VERTEX_POINT('',#4704);
#4706=CARTESIAN_POINT('',(1.651595917940E-2,-8.180782418650E-1,
1.311069161896E-2));
#4707=VERTEX_POINT('',#4706);
#4708=CARTESIAN_POINT('',(1.651595917940E-2,-8.175367572376E-1,
2.085428255910E-2));
#4709=VERTEX_POINT('',#4708);
#4710=VERTEX_POINT('',#1012);
#4711=VERTEX_POINT('',#1015);
#4712=VERTEX_POINT('',#1276);
#4713=CARTESIAN_POINT('',(3.105E-2,-8.264353563976E-1,3.055489643179E-2));
#4714=VERTEX_POINT('',#4713);
#4715=VERTEX_POINT('',#1263);
#4716=VERTEX_POINT('',#1258);
#4717=CARTESIAN_POINT('',(1.651595917940E-2,-8.268860747296E-1,
1.372659529131E-2));
#4718=CARTESIAN_POINT('',(1.651595917940E-2,-8.267205703636E-1,
2.149647733248E-2));
#4719=VERTEX_POINT('',#4717);
#4720=VERTEX_POINT('',#4718);
#4721=VERTEX_POINT('',#1256);
#4722=CARTESIAN_POINT('',(2.180106493235E-2,-8.153708188247E-1,
5.182864493500E-2));
#4723=VERTEX_POINT('',#4722);
#4724=CARTESIAN_POINT('',(1.651595917940E-2,-8.152805713760E-1,
5.311924357888E-2));
#4725=VERTEX_POINT('',#4724);
#4726=CARTESIAN_POINT('',(1.123084972501E-2,-8.152805713760E-1,
5.311924357888E-2));
#4727=VERTEX_POINT('',#4726);
#4728=CARTESIAN_POINT('',(5.945743972063E-3,-8.153708188247E-1,
5.182864493500E-2));
#4729=VERTEX_POINT('',#4728);
#4730=CARTESIAN_POINT('',(6.606382191181E-4,-8.157318085870E-1,
4.666625082106E-2));
#4731=VERTEX_POINT('',#4730);
#4732=CARTESIAN_POINT('',(-1.981914657354E-3,-8.160927983172E-1,
4.150385716867E-2));
#4733=VERTEX_POINT('',#4732);
#4734=CARTESIAN_POINT('',(-3.303191095591E-3,-8.164537881118E-1,
3.634146259317E-2));
#4735=VERTEX_POINT('',#4734);
#4736=CARTESIAN_POINT('',(-3.303191095591E-3,-8.169952727393E-1,
2.859787165302E-2));
#4737=VERTEX_POINT('',#4736);
#4738=CARTESIAN_POINT('',(-4.624467533827E-3,-8.173562625339E-1,
2.343547707753E-2));
#4739=VERTEX_POINT('',#4738);
#4740=CARTESIAN_POINT('',(-7.267020410299E-3,-8.176270048476E-1,
1.956368160745E-2));
#4741=VERTEX_POINT('',#4740);
#4742=CARTESIAN_POINT('',(-1.123085157573E-2,-8.178074995513E-1,
1.698248708903E-2));
#4743=VERTEX_POINT('',#4742);
#4744=CARTESIAN_POINT('',(-1.519468089044E-2,-8.178074995513E-1,
1.698248708903E-2));
#4745=VERTEX_POINT('',#4744);
#4746=CARTESIAN_POINT('',(-1.915851020515E-2,-8.176270048476E-1,
1.956368160745E-2));
#4747=VERTEX_POINT('',#4746);
#4748=CARTESIAN_POINT('',(-2.180106400698E-2,-8.173562625339E-1,
2.343547707753E-2));
#4749=VERTEX_POINT('',#4748);
#4750=CARTESIAN_POINT('',(-2.312234044522E-2,-8.169952727393E-1,
2.859787165302E-2));
#4751=VERTEX_POINT('',#4750);
#4752=CARTESIAN_POINT('',(-2.312234044522E-2,-8.162732931499E-1,
3.892266080402E-2));
#4753=VERTEX_POINT('',#4752);
#4754=CARTESIAN_POINT('',(-2.180106400698E-2,-8.159123034198E-1,
4.408505445642E-2));
#4755=VERTEX_POINT('',#4754);
#4756=CARTESIAN_POINT('',(-1.783723376691E-2,-8.156415611061E-1,
4.795684992649E-2));
#4757=VERTEX_POINT('',#4756);
#4758=CARTESIAN_POINT('',(-1.387340445220E-2,-8.155513136897E-1,
4.924744810881E-2));
#4759=VERTEX_POINT('',#4758);
#4760=CARTESIAN_POINT('',(-1.387340445220E-2,-8.150098290623E-1,
5.699103904895E-2));
#4761=VERTEX_POINT('',#4760);
#4762=CARTESIAN_POINT('',(-1.915851020515E-2,-8.151000765029E-1,
5.570044052046E-2));
#4763=VERTEX_POINT('',#4762);
#4764=CARTESIAN_POINT('',(-2.576489378437E-2,-8.153708188247E-1,
5.182864493500E-2));
#4765=VERTEX_POINT('',#4764);
#4766=CARTESIAN_POINT('',(-2.972872344609E-2,-8.158220560034E-1,
4.537565263874E-2));
#4767=VERTEX_POINT('',#4766);
#4768=CARTESIAN_POINT('',(-3.105E-2,-8.162732931499E-1,3.892266080402E-2));
#4769=VERTEX_POINT('',#4768);
#4770=CARTESIAN_POINT('',(-3.105E-2,-8.169952727393E-1,2.859787165302E-2));
#4771=VERTEX_POINT('',#4770);
#4772=CARTESIAN_POINT('',(-2.972872344609E-2,-8.174465098858E-1,
2.214487981831E-2));
#4773=VERTEX_POINT('',#4772);
#4774=CARTESIAN_POINT('',(-2.708617022261E-2,-8.178074995513E-1,
1.698248708903E-2));
#4775=VERTEX_POINT('',#4774);
#4776=CARTESIAN_POINT('',(-2.180106400698E-2,-8.181684894751E-1,
1.182009066731E-2));
#4777=VERTEX_POINT('',#4776);
#4778=CARTESIAN_POINT('',(-1.651595732868E-2,-8.183489841787E-1,
9.238896148886E-3));
#4779=VERTEX_POINT('',#4778);
#4780=CARTESIAN_POINT('',(-9.909575137496E-3,-8.183489841787E-1,
9.238896148886E-3));
#4781=VERTEX_POINT('',#4780);
#4782=CARTESIAN_POINT('',(-4.624467533827E-3,-8.181684894751E-1,
1.182009066731E-2));
#4783=VERTEX_POINT('',#4782);
#4784=CARTESIAN_POINT('',(6.606382191181E-4,-8.178074995513E-1,
1.698248708903E-2));
#4785=VERTEX_POINT('',#4784);
#4786=CARTESIAN_POINT('',(3.303191095591E-3,-8.174465098858E-1,
2.214487981831E-2));
#4787=VERTEX_POINT('',#4786);
#4788=CARTESIAN_POINT('',(4.624467533827E-3,-8.169952727393E-1,
2.859787165302E-2));
#4789=VERTEX_POINT('',#4788);
#4790=CARTESIAN_POINT('',(4.624467533827E-3,-8.164537881118E-1,
3.634146259317E-2));
#4791=VERTEX_POINT('',#4790);
#4792=CARTESIAN_POINT('',(5.945743972063E-3,-8.161830457981E-1,
4.021325806324E-2));
#4793=VERTEX_POINT('',#4792);
#4794=CARTESIAN_POINT('',(8.588296848536E-3,-8.159123034198E-1,
4.408505445642E-2));
#4795=VERTEX_POINT('',#4794);
#4796=CARTESIAN_POINT('',(1.255212616324E-2,-8.158220560034E-1,
4.537565263874E-2));
#4797=VERTEX_POINT('',#4796);
#4798=CARTESIAN_POINT('',(1.519467903972E-2,-8.158220560034E-1,
4.537565263874E-2));
#4799=VERTEX_POINT('',#4798);
#4800=CARTESIAN_POINT('',(1.915851205587E-2,-8.159123034198E-1,
4.408505445642E-2));
#4801=VERTEX_POINT('',#4800);
#4802=CARTESIAN_POINT('',(2.180106493235E-2,-8.161830457981E-1,
4.021325806324E-2));
#4803=VERTEX_POINT('',#4802);
#4804=CARTESIAN_POINT('',(2.312234137058E-2,-8.164537881118E-1,
3.634146259317E-2));
#4805=VERTEX_POINT('',#4804);
#4806=CARTESIAN_POINT('',(2.312234137058E-2,-8.169952727393E-1,
2.859787165302E-2));
#4807=VERTEX_POINT('',#4806);
#4808=CARTESIAN_POINT('',(2.180106493235E-2,-8.172660149239E-1,
2.472607802917E-2));
#4809=VERTEX_POINT('',#4808);
#4810=CARTESIAN_POINT('',(1.915851205587E-2,-8.174465098858E-1,
2.214487981831E-2));
#4811=VERTEX_POINT('',#4810);
#4812=VERTEX_POINT('',#1017);
#4813=VERTEX_POINT('',#1022);
#4814=CARTESIAN_POINT('',(1.123084972501E-2,-8.252471263351E-1,
5.381617299323E-2));
#4815=VERTEX_POINT('',#4814);
#4816=VERTEX_POINT('',#1034);
#4817=VERTEX_POINT('',#1039);
#4818=VERTEX_POINT('',#1044);
#4819=VERTEX_POINT('',#1049);
#4820=CARTESIAN_POINT('',(-3.303191095591E-3,-8.264821708011E-1,
2.926126018972E-2));
#4821=VERTEX_POINT('',#4820);
#4822=VERTEX_POINT('',#1059);
#4823=VERTEX_POINT('',#1085);
#4824=VERTEX_POINT('',#1088);
#4825=CARTESIAN_POINT('',(-2.312234044522E-2,-8.260510480757E-1,
3.960638803395E-2));
#4826=VERTEX_POINT('',#4825);
#4827=VERTEX_POINT('',#1095);
#4828=VERTEX_POINT('',#1100);
#4829=VERTEX_POINT('',#1105);
#4830=CARTESIAN_POINT('',(-1.387340445220E-2,-8.249854695649E-1,
5.768860378639E-2));
#4831=VERTEX_POINT('',#4830);
#4832=VERTEX_POINT('',#1118);
#4833=VERTEX_POINT('',#1123);
#4834=VERTEX_POINT('',#1128);
#4835=VERTEX_POINT('',#1133);
#4836=CARTESIAN_POINT('',(-3.105E-2,-8.264821708011E-1,2.926126018972E-2));
#4837=VERTEX_POINT('',#4836);
#4838=VERTEX_POINT('',#1143);
#4839=VERTEX_POINT('',#1179);
#4840=VERTEX_POINT('',#1182);
#4841=CARTESIAN_POINT('',(4.624467533827E-3,-8.261709562949E-1,
3.702095318533E-2));
#4842=VERTEX_POINT('',#4841);
#4843=VERTEX_POINT('',#1189);
#4844=VERTEX_POINT('',#1194);
#4845=VERTEX_POINT('',#1199);
#4846=CARTESIAN_POINT('',(1.519467903972E-2,-8.257159230122E-1,
4.606749921646E-2));
#4847=VERTEX_POINT('',#4846);
#4848=VERTEX_POINT('',#1211);
#4849=VERTEX_POINT('',#1216);
#4850=VERTEX_POINT('',#1221);
#4851=CARTESIAN_POINT('',(2.312234137058E-2,-8.264821708011E-1,
2.926126018972E-2));
#4852=VERTEX_POINT('',#4851);
#4853=VERTEX_POINT('',#1231);
#4854=VERTEX_POINT('',#1236);
#4855=CARTESIAN_POINT('',(-7.267020410299E-3,-8.267532191108E-1,
2.020184867599E-2));
#4856=VERTEX_POINT('',#4855);
#4857=CARTESIAN_POINT('',(-1.123085157573E-2,-8.268124402373E-1,
1.761217388294E-2));
#4858=VERTEX_POINT('',#4857);
#4859=CARTESIAN_POINT('',(-1.519468089044E-2,-8.268124402373E-1,
1.761217388294E-2));
#4860=VERTEX_POINT('',#4859);
#4861=CARTESIAN_POINT('',(-1.915851020515E-2,-8.267532191108E-1,
2.020184867599E-2));
#4862=VERTEX_POINT('',#4861);
#4863=CARTESIAN_POINT('',(-2.708617022261E-2,-8.268124402373E-1,
1.761217388294E-2));
#4864=VERTEX_POINT('',#4863);
#4865=CARTESIAN_POINT('',(-2.180106400698E-2,-8.269065650629E-1,
1.243111643569E-2));
#4866=VERTEX_POINT('',#4865);
#4867=CARTESIAN_POINT('',(-1.651595732868E-2,-8.269414607480E-1,
9.839740642076E-3));
#4868=VERTEX_POINT('',#4867);
#4869=CARTESIAN_POINT('',(-9.909575137496E-3,-8.269414607480E-1,
9.839740642076E-3));
#4870=VERTEX_POINT('',#4869);
#4871=CARTESIAN_POINT('',(-4.624467533827E-3,-8.269065650629E-1,
1.243111643569E-2));
#4872=VERTEX_POINT('',#4871);
#4873=CARTESIAN_POINT('',(6.606382191181E-4,-8.268124402373E-1,
1.761217388294E-2));
#4874=VERTEX_POINT('',#4873);
#4875=CARTESIAN_POINT('',(-2.312234044522E-2,-8.781748766464E-1,
2.976010350329E-1));
#4876=DIRECTION('',(9.689177247618E-1,-8.461003406411E-2,-2.324641580504E-1));
#4877=DIRECTION('',(2.473831898946E-1,3.313893790938E-1,9.104848361073E-1));
#4878=AXIS2_PLACEMENT_3D('',#4875,#4876,#4877);
#4879=PLANE('',#4878);
#4881=ORIENTED_EDGE('',*,*,#4880,.T.);
#4883=ORIENTED_EDGE('',*,*,#4882,.T.);
#4885=ORIENTED_EDGE('',*,*,#4884,.T.);
#4887=ORIENTED_EDGE('',*,*,#4886,.F.);
#4888=EDGE_LOOP('',(#4881,#4883,#4885,#4887));
#4889=FACE_OUTER_BOUND('',#4888,.F.);
#4891=CARTESIAN_POINT('',(-1.518E-1,0.E0,0.E0));
#4892=DIRECTION('',(1.E0,0.E0,0.E0));
#4893=DIRECTION('',(0.E0,-1.E0,0.E0));
#4894=AXIS2_PLACEMENT_3D('',#4891,#4892,#4893);
#4895=CYLINDRICAL_SURFACE('',#4894,8.27E-1);
#4897=ORIENTED_EDGE('',*,*,#4896,.F.);
#4899=ORIENTED_EDGE('',*,*,#4898,.F.);
#4901=ORIENTED_EDGE('',*,*,#4900,.F.);
#4903=ORIENTED_EDGE('',*,*,#4902,.T.);
#4905=ORIENTED_EDGE('',*,*,#4904,.T.);
#4907=ORIENTED_EDGE('',*,*,#4906,.F.);
#4909=ORIENTED_EDGE('',*,*,#4908,.F.);
#4911=ORIENTED_EDGE('',*,*,#4910,.T.);
#4913=ORIENTED_EDGE('',*,*,#4912,.T.);
#4915=ORIENTED_EDGE('',*,*,#4914,.T.);
#4917=ORIENTED_EDGE('',*,*,#4916,.T.);
#4919=ORIENTED_EDGE('',*,*,#4918,.T.);
#4921=ORIENTED_EDGE('',*,*,#4920,.F.);
#4922=EDGE_LOOP('',(#4897,#4899,#4901,#4903,#4905,#4907,#4909,#4911,#4913,#4915,
#4917,#4919,#4921));
#4923=FACE_OUTER_BOUND('',#4922,.F.);
#4925=ORIENTED_EDGE('',*,*,#4924,.F.);
#4927=ORIENTED_EDGE('',*,*,#4926,.F.);
#4929=ORIENTED_EDGE('',*,*,#4928,.F.);
#4931=ORIENTED_EDGE('',*,*,#4930,.F.);
#4933=ORIENTED_EDGE('',*,*,#4932,.T.);
#4935=ORIENTED_EDGE('',*,*,#4934,.T.);
#4937=ORIENTED_EDGE('',*,*,#4936,.T.);
#4939=ORIENTED_EDGE('',*,*,#4938,.T.);
#4941=ORIENTED_EDGE('',*,*,#4940,.T.);
#4943=ORIENTED_EDGE('',*,*,#4942,.T.);
#4945=ORIENTED_EDGE('',*,*,#4944,.T.);
#4947=ORIENTED_EDGE('',*,*,#4946,.T.);
#4949=ORIENTED_EDGE('',*,*,#4948,.F.);
#4951=ORIENTED_EDGE('',*,*,#4950,.F.);
#4953=ORIENTED_EDGE('',*,*,#4952,.F.);
#4955=ORIENTED_EDGE('',*,*,#4954,.F.);
#4957=ORIENTED_EDGE('',*,*,#4956,.F.);
#4959=ORIENTED_EDGE('',*,*,#4958,.F.);
#4961=ORIENTED_EDGE('',*,*,#4960,.F.);
#4963=ORIENTED_EDGE('',*,*,#4962,.F.);
#4965=ORIENTED_EDGE('',*,*,#4964,.F.);
#4967=ORIENTED_EDGE('',*,*,#4966,.T.);
#4969=ORIENTED_EDGE('',*,*,#4968,.T.);
#4971=ORIENTED_EDGE('',*,*,#4970,.T.);
#4973=ORIENTED_EDGE('',*,*,#4972,.T.);
#4975=ORIENTED_EDGE('',*,*,#4974,.T.);
#4977=ORIENTED_EDGE('',*,*,#4976,.T.);
#4979=ORIENTED_EDGE('',*,*,#4978,.T.);
#4981=ORIENTED_EDGE('',*,*,#4980,.T.);
#4983=ORIENTED_EDGE('',*,*,#4982,.T.);
#4985=ORIENTED_EDGE('',*,*,#4984,.T.);
#4987=ORIENTED_EDGE('',*,*,#4986,.F.);
#4989=ORIENTED_EDGE('',*,*,#4988,.F.);
#4991=ORIENTED_EDGE('',*,*,#4990,.F.);
#4993=ORIENTED_EDGE('',*,*,#4992,.F.);
#4995=ORIENTED_EDGE('',*,*,#4994,.F.);
#4997=ORIENTED_EDGE('',*,*,#4996,.F.);
#4999=ORIENTED_EDGE('',*,*,#4998,.F.);
#5001=ORIENTED_EDGE('',*,*,#5000,.F.);
#5003=ORIENTED_EDGE('',*,*,#5002,.T.);
#5005=ORIENTED_EDGE('',*,*,#5004,.T.);
#5007=ORIENTED_EDGE('',*,*,#5006,.T.);
#5009=ORIENTED_EDGE('',*,*,#5008,.T.);
#5011=ORIENTED_EDGE('',*,*,#5010,.T.);
#5013=ORIENTED_EDGE('',*,*,#5012,.T.);
#5015=ORIENTED_EDGE('',*,*,#5014,.T.);
#5017=ORIENTED_EDGE('',*,*,#5016,.T.);
#5019=ORIENTED_EDGE('',*,*,#5018,.F.);
#5021=ORIENTED_EDGE('',*,*,#5020,.T.);
#5023=ORIENTED_EDGE('',*,*,#5022,.T.);
#5025=ORIENTED_EDGE('',*,*,#5024,.T.);
#5027=ORIENTED_EDGE('',*,*,#5026,.T.);
#5029=ORIENTED_EDGE('',*,*,#5028,.T.);
#5031=ORIENTED_EDGE('',*,*,#5030,.F.);
#5032=EDGE_LOOP('',(#4925,#4927,#4929,#4931,#4933,#4935,#4937,#4939,#4941,#4943,
#4945,#4947,#4949,#4951,#4953,#4955,#4957,#4959,#4961,#4963,#4965,#4967,#4969,
#4971,#4973,#4975,#4977,#4979,#4981,#4983,#4985,#4987,#4989,#4991,#4993,#4995,
#4997,#4999,#5001,#5003,#5005,#5007,#5009,#5011,#5013,#5015,#5017,#5019,#5021,
#5023,#5025,#5027,#5029,#5031));
#5033=FACE_BOUND('',#5032,.F.);
#5035=ORIENTED_EDGE('',*,*,#5034,.F.);
#5037=ORIENTED_EDGE('',*,*,#5036,.F.);
#5039=ORIENTED_EDGE('',*,*,#5038,.T.);
#5041=ORIENTED_EDGE('',*,*,#5040,.T.);
#5043=ORIENTED_EDGE('',*,*,#5042,.T.);
#5045=ORIENTED_EDGE('',*,*,#5044,.T.);
#5047=ORIENTED_EDGE('',*,*,#5046,.T.);
#5049=ORIENTED_EDGE('',*,*,#5048,.F.);
#5050=EDGE_LOOP('',(#5035,#5037,#5039,#5041,#5043,#5045,#5047,#5049));
#5051=FACE_BOUND('',#5050,.F.);
#5053=ORIENTED_EDGE('',*,*,#5052,.F.);
#5055=ORIENTED_EDGE('',*,*,#5054,.F.);
#5057=ORIENTED_EDGE('',*,*,#5056,.T.);
#5059=ORIENTED_EDGE('',*,*,#5058,.T.);
#5061=ORIENTED_EDGE('',*,*,#5060,.T.);
#5063=ORIENTED_EDGE('',*,*,#5062,.T.);
#5065=ORIENTED_EDGE('',*,*,#5064,.T.);
#5067=ORIENTED_EDGE('',*,*,#5066,.F.);
#5069=ORIENTED_EDGE('',*,*,#5068,.T.);
#5071=ORIENTED_EDGE('',*,*,#5070,.T.);
#5073=ORIENTED_EDGE('',*,*,#5072,.T.);
#5075=ORIENTED_EDGE('',*,*,#5074,.T.);
#5077=ORIENTED_EDGE('',*,*,#5076,.F.);
#5079=ORIENTED_EDGE('',*,*,#5078,.F.);
#5081=ORIENTED_EDGE('',*,*,#5080,.F.);
#5083=ORIENTED_EDGE('',*,*,#5082,.F.);
#5085=ORIENTED_EDGE('',*,*,#5084,.F.);
#5087=ORIENTED_EDGE('',*,*,#5086,.F.);
#5089=ORIENTED_EDGE('',*,*,#5088,.T.);
#5090=EDGE_LOOP('',(#5053,#5055,#5057,#5059,#5061,#5063,#5065,#5067,#5069,#5071,
#5073,#5075,#5077,#5079,#5081,#5083,#5085,#5087,#5089));
#5091=FACE_BOUND('',#5090,.F.);
#5093=ORIENTED_EDGE('',*,*,#5092,.F.);
#5095=ORIENTED_EDGE('',*,*,#5094,.F.);
#5097=ORIENTED_EDGE('',*,*,#5096,.T.);
#5099=ORIENTED_EDGE('',*,*,#5098,.T.);
#5101=ORIENTED_EDGE('',*,*,#5100,.T.);
#5103=ORIENTED_EDGE('',*,*,#5102,.T.);
#5105=ORIENTED_EDGE('',*,*,#5104,.T.);
#5107=ORIENTED_EDGE('',*,*,#5106,.F.);
#5109=ORIENTED_EDGE('',*,*,#5108,.F.);
#5111=ORIENTED_EDGE('',*,*,#5110,.T.);
#5113=ORIENTED_EDGE('',*,*,#5112,.T.);
#5115=ORIENTED_EDGE('',*,*,#5114,.T.);
#5116=EDGE_LOOP('',(#5093,#5095,#5097,#5099,#5101,#5103,#5105,#5107,#5109,#5111,
#5113,#5115));
#5117=FACE_BOUND('',#5116,.F.);
#5119=ORIENTED_EDGE('',*,*,#5118,.F.);
#5121=ORIENTED_EDGE('',*,*,#5120,.F.);
#5123=ORIENTED_EDGE('',*,*,#5122,.T.);
#5125=ORIENTED_EDGE('',*,*,#5124,.T.);
#5127=ORIENTED_EDGE('',*,*,#5126,.T.);
#5129=ORIENTED_EDGE('',*,*,#5128,.T.);
#5131=ORIENTED_EDGE('',*,*,#5130,.T.);
#5133=ORIENTED_EDGE('',*,*,#5132,.F.);
#5134=EDGE_LOOP('',(#5119,#5121,#5123,#5125,#5127,#5129,#5131,#5133));
#5135=FACE_BOUND('',#5134,.F.);
#5137=ORIENTED_EDGE('',*,*,#5136,.F.);
#5139=ORIENTED_EDGE('',*,*,#5138,.F.);
#5141=ORIENTED_EDGE('',*,*,#5140,.F.);
#5143=ORIENTED_EDGE('',*,*,#5142,.F.);
#5145=ORIENTED_EDGE('',*,*,#5144,.F.);
#5147=ORIENTED_EDGE('',*,*,#5146,.F.);
#5149=ORIENTED_EDGE('',*,*,#5148,.F.);
#5151=ORIENTED_EDGE('',*,*,#5150,.T.);
#5153=ORIENTED_EDGE('',*,*,#5152,.T.);
#5155=ORIENTED_EDGE('',*,*,#5154,.F.);
#5157=ORIENTED_EDGE('',*,*,#5156,.T.);
#5159=ORIENTED_EDGE('',*,*,#5158,.T.);
#5161=ORIENTED_EDGE('',*,*,#5160,.T.);
#5163=ORIENTED_EDGE('',*,*,#5162,.T.);
#5165=ORIENTED_EDGE('',*,*,#5164,.T.);
#5167=ORIENTED_EDGE('',*,*,#5166,.F.);
#5168=EDGE_LOOP('',(#5137,#5139,#5141,#5143,#5145,#5147,#5149,#5151,#5153,#5155,
#5157,#5159,#5161,#5163,#5165,#5167));
#5169=FACE_BOUND('',#5168,.F.);
#5171=ORIENTED_EDGE('',*,*,#5170,.T.);
#5173=ORIENTED_EDGE('',*,*,#5172,.T.);
#5175=ORIENTED_EDGE('',*,*,#5174,.T.);
#5177=ORIENTED_EDGE('',*,*,#5176,.F.);
#5178=EDGE_LOOP('',(#5171,#5173,#5175,#5177));
#5179=FACE_BOUND('',#5178,.F.);
#5181=ORIENTED_EDGE('',*,*,#5180,.F.);
#5183=ORIENTED_EDGE('',*,*,#5182,.F.);
#5185=ORIENTED_EDGE('',*,*,#5184,.T.);
#5187=ORIENTED_EDGE('',*,*,#5186,.T.);
#5189=ORIENTED_EDGE('',*,*,#5188,.T.);
#5191=ORIENTED_EDGE('',*,*,#5190,.T.);
#5193=ORIENTED_EDGE('',*,*,#5192,.T.);
#5195=ORIENTED_EDGE('',*,*,#5194,.F.);
#5197=ORIENTED_EDGE('',*,*,#5196,.F.);
#5199=ORIENTED_EDGE('',*,*,#5198,.F.);
#5200=EDGE_LOOP('',(#5181,#5183,#5185,#5187,#5189,#5191,#5193,#5195,#5197,
#5199));
#5201=FACE_BOUND('',#5200,.F.);
#5203=ORIENTED_EDGE('',*,*,#5202,.F.);
#5205=ORIENTED_EDGE('',*,*,#5204,.F.);
#5207=ORIENTED_EDGE('',*,*,#5206,.T.);
#5209=ORIENTED_EDGE('',*,*,#5208,.T.);
#5211=ORIENTED_EDGE('',*,*,#5210,.T.);
#5213=ORIENTED_EDGE('',*,*,#5212,.T.);
#5215=ORIENTED_EDGE('',*,*,#5214,.T.);
#5217=ORIENTED_EDGE('',*,*,#5216,.F.);
#5219=ORIENTED_EDGE('',*,*,#5218,.T.);
#5221=ORIENTED_EDGE('',*,*,#5220,.F.);
#5223=ORIENTED_EDGE('',*,*,#5222,.F.);
#5225=ORIENTED_EDGE('',*,*,#5224,.T.);
#5227=ORIENTED_EDGE('',*,*,#5226,.F.);
#5229=ORIENTED_EDGE('',*,*,#5228,.F.);
#5231=ORIENTED_EDGE('',*,*,#5230,.F.);
#5233=ORIENTED_EDGE('',*,*,#5232,.F.);
#5235=ORIENTED_EDGE('',*,*,#5234,.F.);
#5236=ORIENTED_EDGE('',*,*,#4880,.F.);
#5238=ORIENTED_EDGE('',*,*,#5237,.F.);
#5240=ORIENTED_EDGE('',*,*,#5239,.F.);
#5242=ORIENTED_EDGE('',*,*,#5241,.F.);
#5244=ORIENTED_EDGE('',*,*,#5243,.T.);
#5246=ORIENTED_EDGE('',*,*,#5245,.T.);
#5248=ORIENTED_EDGE('',*,*,#5247,.T.);
#5250=ORIENTED_EDGE('',*,*,#5249,.T.);
#5252=ORIENTED_EDGE('',*,*,#5251,.T.);
#5254=ORIENTED_EDGE('',*,*,#5253,.T.);
#5256=ORIENTED_EDGE('',*,*,#5255,.T.);
#5258=ORIENTED_EDGE('',*,*,#5257,.T.);
#5260=ORIENTED_EDGE('',*,*,#5259,.T.);
#5262=ORIENTED_EDGE('',*,*,#5261,.T.);
#5264=ORIENTED_EDGE('',*,*,#5263,.F.);
#5266=ORIENTED_EDGE('',*,*,#5265,.F.);
#5268=ORIENTED_EDGE('',*,*,#5267,.F.);
#5270=ORIENTED_EDGE('',*,*,#5269,.F.);
#5272=ORIENTED_EDGE('',*,*,#5271,.F.);
#5274=ORIENTED_EDGE('',*,*,#5273,.F.);
#5276=ORIENTED_EDGE('',*,*,#5275,.F.);
#5278=ORIENTED_EDGE('',*,*,#5277,.F.);
#5280=ORIENTED_EDGE('',*,*,#5279,.F.);
#5282=ORIENTED_EDGE('',*,*,#5281,.F.);
#5284=ORIENTED_EDGE('',*,*,#5283,.F.);
#5286=ORIENTED_EDGE('',*,*,#5285,.T.);
#5288=ORIENTED_EDGE('',*,*,#5287,.T.);
#5289=EDGE_LOOP('',(#5203,#5205,#5207,#5209,#5211,#5213,#5215,#5217,#5219,#5221,
#5223,#5225,#5227,#5229,#5231,#5233,#5235,#5236,#5238,#5240,#5242,#5244,#5246,
#5248,#5250,#5252,#5254,#5256,#5258,#5260,#5262,#5264,#5266,#5268,#5270,#5272,
#5274,#5276,#5278,#5280,#5282,#5284,#5286,#5288));
#5290=FACE_BOUND('',#5289,.F.);
#5292=ORIENTED_EDGE('',*,*,#5291,.F.);
#5294=ORIENTED_EDGE('',*,*,#5293,.F.);
#5296=ORIENTED_EDGE('',*,*,#5295,.F.);
#5298=ORIENTED_EDGE('',*,*,#5297,.F.);
#5300=ORIENTED_EDGE('',*,*,#5299,.T.);
#5302=ORIENTED_EDGE('',*,*,#5301,.T.);
#5304=ORIENTED_EDGE('',*,*,#5303,.T.);
#5306=ORIENTED_EDGE('',*,*,#5305,.T.);
#5308=ORIENTED_EDGE('',*,*,#5307,.T.);
#5310=ORIENTED_EDGE('',*,*,#5309,.T.);
#5312=ORIENTED_EDGE('',*,*,#5311,.T.);
#5314=ORIENTED_EDGE('',*,*,#5313,.T.);
#5316=ORIENTED_EDGE('',*,*,#5315,.F.);
#5318=ORIENTED_EDGE('',*,*,#5317,.F.);
#5320=ORIENTED_EDGE('',*,*,#5319,.F.);
#5322=ORIENTED_EDGE('',*,*,#5321,.F.);
#5324=ORIENTED_EDGE('',*,*,#5323,.F.);
#5326=ORIENTED_EDGE('',*,*,#5325,.F.);
#5328=ORIENTED_EDGE('',*,*,#5327,.F.);
#5330=ORIENTED_EDGE('',*,*,#5329,.F.);
#5332=ORIENTED_EDGE('',*,*,#5331,.F.);
#5334=ORIENTED_EDGE('',*,*,#5333,.T.);
#5336=ORIENTED_EDGE('',*,*,#5335,.T.);
#5338=ORIENTED_EDGE('',*,*,#5337,.T.);
#5340=ORIENTED_EDGE('',*,*,#5339,.T.);
#5342=ORIENTED_EDGE('',*,*,#5341,.T.);
#5344=ORIENTED_EDGE('',*,*,#5343,.T.);
#5346=ORIENTED_EDGE('',*,*,#5345,.T.);
#5348=ORIENTED_EDGE('',*,*,#5347,.T.);
#5350=ORIENTED_EDGE('',*,*,#5349,.T.);
#5352=ORIENTED_EDGE('',*,*,#5351,.T.);
#5354=ORIENTED_EDGE('',*,*,#5353,.F.);
#5356=ORIENTED_EDGE('',*,*,#5355,.F.);
#5358=ORIENTED_EDGE('',*,*,#5357,.F.);
#5360=ORIENTED_EDGE('',*,*,#5359,.F.);
#5362=ORIENTED_EDGE('',*,*,#5361,.F.);
#5364=ORIENTED_EDGE('',*,*,#5363,.F.);
#5366=ORIENTED_EDGE('',*,*,#5365,.F.);
#5368=ORIENTED_EDGE('',*,*,#5367,.F.);
#5370=ORIENTED_EDGE('',*,*,#5369,.T.);
#5372=ORIENTED_EDGE('',*,*,#5371,.T.);
#5374=ORIENTED_EDGE('',*,*,#5373,.T.);
#5376=ORIENTED_EDGE('',*,*,#5375,.T.);
#5378=ORIENTED_EDGE('',*,*,#5377,.T.);
#5380=ORIENTED_EDGE('',*,*,#5379,.T.);
#5382=ORIENTED_EDGE('',*,*,#5381,.T.);
#5384=ORIENTED_EDGE('',*,*,#5383,.T.);
#5386=ORIENTED_EDGE('',*,*,#5385,.F.);
#5388=ORIENTED_EDGE('',*,*,#5387,.F.);
#5390=ORIENTED_EDGE('',*,*,#5389,.F.);
#5392=ORIENTED_EDGE('',*,*,#5391,.T.);
#5394=ORIENTED_EDGE('',*,*,#5393,.T.);
#5396=ORIENTED_EDGE('',*,*,#5395,.T.);
#5398=ORIENTED_EDGE('',*,*,#5397,.F.);
#5399=EDGE_LOOP('',(#5292,#5294,#5296,#5298,#5300,#5302,#5304,#5306,#5308,#5310,
#5312,#5314,#5316,#5318,#5320,#5322,#5324,#5326,#5328,#5330,#5332,#5334,#5336,
#5338,#5340,#5342,#5344,#5346,#5348,#5350,#5352,#5354,#5356,#5358,#5360,#5362,
#5364,#5366,#5368,#5370,#5372,#5374,#5376,#5378,#5380,#5382,#5384,#5386,#5388,
#5390,#5392,#5394,#5396,#5398));
#5400=FACE_BOUND('',#5399,.F.);
#5402=CARTESIAN_POINT('',(3.105E-2,9.27E-1,3.105E-2));
#5403=DIRECTION('',(1.E0,0.E0,0.E0));
#5404=DIRECTION('',(0.E0,0.E0,-1.E0));
#5405=AXIS2_PLACEMENT_3D('',#5402,#5403,#5404);
#5406=PLANE('',#5405);
#5407=ORIENTED_EDGE('',*,*,#4896,.T.);
#5409=ORIENTED_EDGE('',*,*,#5408,.T.);
#5411=ORIENTED_EDGE('',*,*,#5410,.T.);
#5413=ORIENTED_EDGE('',*,*,#5412,.F.);
#5414=EDGE_LOOP('',(#5407,#5409,#5411,#5413));
#5415=FACE_OUTER_BOUND('',#5414,.F.);
#5417=CARTESIAN_POINT('',(-3.105E-2,9.27E-1,5.174999876618E-2));
#5418=DIRECTION('',(3.162277490531E-1,0.E0,9.486833037051E-1));
#5419=DIRECTION('',(9.486833037051E-1,0.E0,-3.162277490531E-1));
#5420=AXIS2_PLACEMENT_3D('',#5417,#5418,#5419);
#5421=PLANE('',#5420);
#5422=ORIENTED_EDGE('',*,*,#4920,.T.);
#5424=ORIENTED_EDGE('',*,*,#5423,.T.);
#5426=ORIENTED_EDGE('',*,*,#5425,.T.);
#5427=ORIENTED_EDGE('',*,*,#5408,.F.);
#5428=EDGE_LOOP('',(#5422,#5424,#5426,#5427));
#5429=FACE_OUTER_BOUND('',#5428,.F.);
#5431=CARTESIAN_POINT('',(-3.105E-2,9.27E-1,4.398749876618E-2));
#5432=DIRECTION('',(-1.E0,0.E0,0.E0));
#5433=DIRECTION('',(0.E0,0.E0,1.E0));
#5434=AXIS2_PLACEMENT_3D('',#5431,#5432,#5433);
#5435=PLANE('',#5434);
#5436=ORIENTED_EDGE('',*,*,#4918,.F.);
#5438=ORIENTED_EDGE('',*,*,#5437,.T.);
#5440=ORIENTED_EDGE('',*,*,#5439,.T.);
#5441=ORIENTED_EDGE('',*,*,#5423,.F.);
#5442=EDGE_LOOP('',(#5436,#5438,#5440,#5441));
#5443=FACE_OUTER_BOUND('',#5442,.F.);
#5445=CARTESIAN_POINT('',(-1.519468089044E-2,9.27E-1,3.88125E-2));
#5446=DIRECTION('',(-3.102799653834E-1,0.E0,-9.506452246141E-1));
#5447=DIRECTION('',(-9.506452246141E-1,0.E0,3.102799653834E-1));
#5448=AXIS2_PLACEMENT_3D('',#5445,#5446,#5447);
#5449=PLANE('',#5448);
#5450=ORIENTED_EDGE('',*,*,#4916,.F.);
#5452=ORIENTED_EDGE('',*,*,#5451,.T.);
#5454=ORIENTED_EDGE('',*,*,#5453,.T.);
#5455=ORIENTED_EDGE('',*,*,#5437,.F.);
#5456=EDGE_LOOP('',(#5450,#5452,#5454,#5455));
#5457=FACE_OUTER_BOUND('',#5456,.F.);
#5459=CARTESIAN_POINT('',(-1.519468089044E-2,9.27E-1,1.293749969155E-2));
#5460=DIRECTION('',(-1.E0,0.E0,0.E0));
#5461=DIRECTION('',(0.E0,0.E0,1.E0));
#5462=AXIS2_PLACEMENT_3D('',#5459,#5460,#5461);
#5463=PLANE('',#5462);
#5464=ORIENTED_EDGE('',*,*,#4914,.F.);
#5466=ORIENTED_EDGE('',*,*,#5465,.T.);
#5468=ORIENTED_EDGE('',*,*,#5467,.T.);
#5469=ORIENTED_EDGE('',*,*,#5451,.F.);
#5470=EDGE_LOOP('',(#5464,#5466,#5468,#5469));
#5471=FACE_OUTER_BOUND('',#5470,.F.);
#5473=CARTESIAN_POINT('',(-3.105E-2,9.27E-1,7.7625E-3));
#5474=DIRECTION('',(-3.102800155243E-1,0.E0,9.506452082487E-1));
#5475=DIRECTION('',(9.506452082487E-1,0.E0,3.102800155243E-1));
#5476=AXIS2_PLACEMENT_3D('',#5473,#5474,#5475);
#5477=PLANE('',#5476);
#5478=ORIENTED_EDGE('',*,*,#4912,.F.);
#5480=ORIENTED_EDGE('',*,*,#5479,.T.);
#5482=ORIENTED_EDGE('',*,*,#5481,.T.);
#5483=ORIENTED_EDGE('',*,*,#5465,.F.);
#5484=EDGE_LOOP('',(#5478,#5480,#5482,#5483));
#5485=FACE_OUTER_BOUND('',#5484,.F.);
#5487=CARTESIAN_POINT('',(-3.105E-2,9.27E-1,0.E0));
#5488=DIRECTION('',(-1.E0,0.E0,0.E0));
#5489=DIRECTION('',(0.E0,0.E0,1.E0));
#5490=AXIS2_PLACEMENT_3D('',#5487,#5488,#5489);
#5491=PLANE('',#5490);
#5492=ORIENTED_EDGE('',*,*,#4910,.F.);
#5494=ORIENTED_EDGE('',*,*,#5493,.T.);
#5496=ORIENTED_EDGE('',*,*,#5495,.T.);
#5497=ORIENTED_EDGE('',*,*,#5479,.F.);
#5498=EDGE_LOOP('',(#5492,#5494,#5496,#5497));
#5499=FACE_OUTER_BOUND('',#5498,.F.);
#5501=CARTESIAN_POINT('',(3.105E-2,9.27E-1,2.070000061691E-2));
#5502=DIRECTION('',(3.162277744987E-1,0.E0,-9.486832952232E-1));
#5503=DIRECTION('',(-9.486832952232E-1,0.E0,-3.162277744987E-1));
#5504=AXIS2_PLACEMENT_3D('',#5501,#5502,#5503);
#5505=PLANE('',#5504);
#5506=ORIENTED_EDGE('',*,*,#4898,.T.);
#5507=ORIENTED_EDGE('',*,*,#5412,.T.);
#5509=ORIENTED_EDGE('',*,*,#5508,.T.);
#5510=ORIENTED_EDGE('',*,*,#5493,.F.);
#5511=EDGE_LOOP('',(#5506,#5507,#5509,#5510));
#5512=FACE_OUTER_BOUND('',#5511,.F.);
#5514=CARTESIAN_POINT('',(0.E0,8.17E-1,0.E0));
#5515=DIRECTION('',(0.E0,1.E0,0.E0));
#5516=DIRECTION('',(0.E0,0.E0,1.E0));
#5517=AXIS2_PLACEMENT_3D('',#5514,#5515,#5516);
#5518=PLANE('',#5517);
#5519=ORIENTED_EDGE('',*,*,#5410,.F.);
#5520=ORIENTED_EDGE('',*,*,#5425,.F.);
#5521=ORIENTED_EDGE('',*,*,#5439,.F.);
#5522=ORIENTED_EDGE('',*,*,#5453,.F.);
#5523=ORIENTED_EDGE('',*,*,#5467,.F.);
#5524=ORIENTED_EDGE('',*,*,#5481,.F.);
#5525=ORIENTED_EDGE('',*,*,#5495,.F.);
#5526=ORIENTED_EDGE('',*,*,#5508,.F.);
#5527=EDGE_LOOP('',(#5519,#5520,#5521,#5522,#5523,#5524,#5525,#5526));
#5528=FACE_OUTER_BOUND('',#5527,.F.);
#5530=ORIENTED_EDGE('',*,*,#5529,.F.);
#5532=ORIENTED_EDGE('',*,*,#5531,.F.);
#5534=ORIENTED_EDGE('',*,*,#5533,.F.);
#5535=EDGE_LOOP('',(#5530,#5532,#5534));
#5536=FACE_BOUND('',#5535,.F.);
#5538=CARTESIAN_POINT('',(2.576489424706E-2,9.27E-1,2.587499938309E-2));
#5539=DIRECTION('',(-3.102800658973E-1,0.E0,-9.506451918075E-1));
#5540=DIRECTION('',(-9.506451918075E-1,0.E0,3.102800658973E-1));
#5541=AXIS2_PLACEMENT_3D('',#5538,#5539,#5540);
#5542=PLANE('',#5541);
#5544=ORIENTED_EDGE('',*,*,#5543,.F.);
#5546=ORIENTED_EDGE('',*,*,#5545,.T.);
#5547=ORIENTED_EDGE('',*,*,#5529,.T.);
#5549=ORIENTED_EDGE('',*,*,#5548,.F.);
#5550=EDGE_LOOP('',(#5544,#5546,#5547,#5549));
#5551=FACE_OUTER_BOUND('',#5550,.F.);
#5553=CARTESIAN_POINT('',(-1.518E-1,0.E0,0.E0));
#5554=DIRECTION('',(1.E0,0.E0,0.E0));
#5555=DIRECTION('',(0.E0,-1.E0,0.E0));
#5556=AXIS2_PLACEMENT_3D('',#5553,#5554,#5555);
#5557=CYLINDRICAL_SURFACE('',#5556,8.27E-1);
#5559=ORIENTED_EDGE('',*,*,#5558,.T.);
#5561=ORIENTED_EDGE('',*,*,#5560,.F.);
#5563=ORIENTED_EDGE('',*,*,#5562,.T.);
#5565=ORIENTED_EDGE('',*,*,#5564,.T.);
#5567=ORIENTED_EDGE('',*,*,#5566,.T.);
#5569=ORIENTED_EDGE('',*,*,#5568,.T.);
#5571=ORIENTED_EDGE('',*,*,#5570,.T.);
#5573=ORIENTED_EDGE('',*,*,#5572,.F.);
#5575=ORIENTED_EDGE('',*,*,#5574,.T.);
#5577=ORIENTED_EDGE('',*,*,#5576,.F.);
#5578=EDGE_LOOP('',(#5559,#5561,#5563,#5565,#5567,#5569,#5571,#5573,#5575,
#5577));
#5579=FACE_OUTER_BOUND('',#5578,.F.);
#5581=CARTESIAN_POINT('',(-1.518E-1,0.E0,0.E0));
#5582=DIRECTION('',(1.E0,0.E0,0.E0));
#5583=DIRECTION('',(0.E0,-1.E0,0.E0));
#5584=AXIS2_PLACEMENT_3D('',#5581,#5582,#5583);
#5585=CYLINDRICAL_SURFACE('',#5584,8.27E-1);
#5587=ORIENTED_EDGE('',*,*,#5586,.T.);
#5589=ORIENTED_EDGE('',*,*,#5588,.F.);
#5591=ORIENTED_EDGE('',*,*,#5590,.T.);
#5592=EDGE_LOOP('',(#5587,#5589,#5591));
#5593=FACE_OUTER_BOUND('',#5592,.F.);
#5595=CARTESIAN_POINT('',(-1.518E-1,0.E0,0.E0));
#5596=DIRECTION('',(1.E0,0.E0,0.E0));
#5597=DIRECTION('',(0.E0,-1.E0,0.E0));
#5598=AXIS2_PLACEMENT_3D('',#5595,#5596,#5597);
#5599=CYLINDRICAL_SURFACE('',#5598,8.27E-1);
#5601=ORIENTED_EDGE('',*,*,#5600,.F.);
#5603=ORIENTED_EDGE('',*,*,#5602,.F.);
#5605=ORIENTED_EDGE('',*,*,#5604,.F.);
#5607=ORIENTED_EDGE('',*,*,#5606,.F.);
#5609=ORIENTED_EDGE('',*,*,#5608,.F.);
#5611=ORIENTED_EDGE('',*,*,#5610,.T.);
#5613=ORIENTED_EDGE('',*,*,#5612,.T.);
#5615=ORIENTED_EDGE('',*,*,#5614,.T.);
#5617=ORIENTED_EDGE('',*,*,#5616,.T.);
#5619=ORIENTED_EDGE('',*,*,#5618,.T.);
#5620=EDGE_LOOP('',(#5601,#5603,#5605,#5607,#5609,#5611,#5613,#5615,#5617,
#5619));
#5621=FACE_OUTER_BOUND('',#5620,.F.);
#5623=CARTESIAN_POINT('',(-1.518E-1,0.E0,0.E0));
#5624=DIRECTION('',(1.E0,0.E0,0.E0));
#5625=DIRECTION('',(0.E0,-1.E0,0.E0));
#5626=AXIS2_PLACEMENT_3D('',#5623,#5624,#5625);
#5627=CYLINDRICAL_SURFACE('',#5626,8.27E-1);
#5629=ORIENTED_EDGE('',*,*,#5628,.T.);
#5631=ORIENTED_EDGE('',*,*,#5630,.T.);
#5633=ORIENTED_EDGE('',*,*,#5632,.T.);
#5635=ORIENTED_EDGE('',*,*,#5634,.T.);
#5637=ORIENTED_EDGE('',*,*,#5636,.T.);
#5639=ORIENTED_EDGE('',*,*,#5638,.F.);
#5641=ORIENTED_EDGE('',*,*,#5640,.F.);
#5643=ORIENTED_EDGE('',*,*,#5642,.F.);
#5645=ORIENTED_EDGE('',*,*,#5644,.T.);
#5647=ORIENTED_EDGE('',*,*,#5646,.F.);
#5648=EDGE_LOOP('',(#5629,#5631,#5633,#5635,#5637,#5639,#5641,#5643,#5645,
#5647));
#5649=FACE_OUTER_BOUND('',#5648,.F.);
#5651=CARTESIAN_POINT('',(-1.518E-1,0.E0,0.E0));
#5652=DIRECTION('',(1.E0,0.E0,0.E0));
#5653=DIRECTION('',(0.E0,-1.E0,0.E0));
#5654=AXIS2_PLACEMENT_3D('',#5651,#5652,#5653);
#5655=CYLINDRICAL_SURFACE('',#5654,8.27E-1);
#5656=ORIENTED_EDGE('',*,*,#5543,.T.);
#5658=ORIENTED_EDGE('',*,*,#5657,.F.);
#5660=ORIENTED_EDGE('',*,*,#5659,.T.);
#5661=EDGE_LOOP('',(#5656,#5658,#5660));
#5662=FACE_OUTER_BOUND('',#5661,.F.);
#5664=CARTESIAN_POINT('',(-1.518E-1,0.E0,0.E0));
#5665=DIRECTION('',(1.E0,0.E0,0.E0));
#5666=DIRECTION('',(0.E0,-1.E0,0.E0));
#5667=AXIS2_PLACEMENT_3D('',#5664,#5665,#5666);
#5668=CYLINDRICAL_SURFACE('',#5667,8.27E-1);
#5669=ORIENTED_EDGE('',*,*,#4900,.T.);
#5670=ORIENTED_EDGE('',*,*,#4908,.T.);
#5672=ORIENTED_EDGE('',*,*,#5671,.T.);
#5673=ORIENTED_EDGE('',*,*,#4904,.F.);
#5675=ORIENTED_EDGE('',*,*,#5674,.F.);
#5676=EDGE_LOOP('',(#5669,#5670,#5672,#5673,#5675));
#5677=FACE_OUTER_BOUND('',#5676,.F.);
#5679=CARTESIAN_POINT('',(5.945743972063E-3,-3.808475460843E-1,
8.459293097991E-1));
#5680=DIRECTION('',(9.466499177700E-1,2.987977583153E-1,1.207221305801E-1));
#5681=DIRECTION('',(-3.222637633772E-1,8.777185196833E-1,3.546213008533E-1));
#5682=AXIS2_PLACEMENT_3D('',#5679,#5680,#5681);
#5683=PLANE('',#5682);
#5684=ORIENTED_EDGE('',*,*,#5558,.F.);
#5686=ORIENTED_EDGE('',*,*,#5685,.T.);
#5688=ORIENTED_EDGE('',*,*,#5687,.T.);
#5690=ORIENTED_EDGE('',*,*,#5689,.F.);
#5691=EDGE_LOOP('',(#5684,#5686,#5688,#5690));
#5692=FACE_OUTER_BOUND('',#5691,.F.);
#5694=CARTESIAN_POINT('',(8.588296848535E-3,-3.832466354519E-1,
8.449600147765E-1));
#5695=DIRECTION('',(6.996250055017E-1,6.624823380853E-1,2.676602387391E-1));
#5696=DIRECTION('',(-7.145102180353E-1,6.486810093523E-1,2.620841399796E-1));
#5697=AXIS2_PLACEMENT_3D('',#5694,#5695,#5696);
#5698=PLANE('',#5697);
#5699=ORIENTED_EDGE('',*,*,#5576,.T.);
#5701=ORIENTED_EDGE('',*,*,#5700,.T.);
#5703=ORIENTED_EDGE('',*,*,#5702,.T.);
#5704=ORIENTED_EDGE('',*,*,#5685,.F.);
#5705=EDGE_LOOP('',(#5699,#5701,#5703,#5704));
#5706=FACE_OUTER_BOUND('',#5705,.F.);
#5708=CARTESIAN_POINT('',(1.255212616324E-2,-3.844461784198E-1,
8.444753679584E-1));
#5709=DIRECTION('',(3.102797975506E-1,8.814229544732E-1,3.561179896603E-1));
#5710=DIRECTION('',(-9.506452793929E-1,2.876864186872E-1,1.162328579662E-1));
#5711=AXIS2_PLACEMENT_3D('',#5708,#5709,#5710);
#5712=PLANE('',#5711);
#5713=ORIENTED_EDGE('',*,*,#5574,.F.);
#5715=ORIENTED_EDGE('',*,*,#5714,.T.);
#5717=ORIENTED_EDGE('',*,*,#5716,.T.);
#5718=ORIENTED_EDGE('',*,*,#5700,.F.);
#5719=EDGE_LOOP('',(#5713,#5715,#5717,#5718));
#5720=FACE_OUTER_BOUND('',#5719,.F.);
#5722=CARTESIAN_POINT('',(1.651595917940E-2,-3.844461784198E-1,
8.444753679584E-1));
#5723=DIRECTION('',(0.E0,9.271838545668E-1,3.746065934159E-1));
#5724=DIRECTION('',(-1.E0,0.E0,0.E0));
#5725=AXIS2_PLACEMENT_3D('',#5722,#5723,#5724);
#5726=PLANE('',#5725);
#5727=ORIENTED_EDGE('',*,*,#5572,.T.);
#5729=ORIENTED_EDGE('',*,*,#5728,.T.);
#5731=ORIENTED_EDGE('',*,*,#5730,.T.);
#5732=ORIENTED_EDGE('',*,*,#5714,.F.);
#5733=EDGE_LOOP('',(#5727,#5729,#5731,#5732));
#5734=FACE_OUTER_BOUND('',#5733,.F.);
#5736=CARTESIAN_POINT('',(2.047978849411E-2,-3.832466354519E-1,
8.449600147765E-1));
#5737=DIRECTION('',(-3.102797975506E-1,8.814229544732E-1,3.561179896603E-1));
#5738=DIRECTION('',(-9.506452793929E-1,-2.876864186872E-1,-1.162328579662E-1));
#5739=AXIS2_PLACEMENT_3D('',#5736,#5737,#5738);
#5740=PLANE('',#5739);
#5741=ORIENTED_EDGE('',*,*,#5570,.F.);
#5743=ORIENTED_EDGE('',*,*,#5742,.T.);
#5745=ORIENTED_EDGE('',*,*,#5744,.T.);
#5746=ORIENTED_EDGE('',*,*,#5728,.F.);
#5747=EDGE_LOOP('',(#5741,#5743,#5745,#5746));
#5748=FACE_OUTER_BOUND('',#5747,.F.);
#5750=CARTESIAN_POINT('',(2.312234137058E-2,-3.808475460843E-1,
8.459293097991E-1));
#5751=DIRECTION('',(-6.996250055017E-1,6.624823380853E-1,2.676602387391E-1));
#5752=DIRECTION('',(-7.145102180353E-1,-6.486810093523E-1,-2.620841399796E-1));
#5753=AXIS2_PLACEMENT_3D('',#5750,#5751,#5752);
#5754=PLANE('',#5753);
#5755=ORIENTED_EDGE('',*,*,#5568,.F.);
#5757=ORIENTED_EDGE('',*,*,#5756,.T.);
#5759=ORIENTED_EDGE('',*,*,#5758,.T.);
#5760=ORIENTED_EDGE('',*,*,#5742,.F.);
#5761=EDGE_LOOP('',(#5755,#5757,#5759,#5760));
#5762=FACE_OUTER_BOUND('',#5761,.F.);
#5764=CARTESIAN_POINT('',(2.444361780882E-2,-3.772489137487E-1,
8.473832516398E-1));
#5765=DIRECTION('',(-9.466499177700E-1,2.987977583153E-1,1.207221305801E-1));
#5766=DIRECTION('',(-3.222637633772E-1,-8.777185196833E-1,-3.546213008533E-1));
#5767=AXIS2_PLACEMENT_3D('',#5764,#5765,#5766);
#5768=PLANE('',#5767);
#5769=ORIENTED_EDGE('',*,*,#5566,.F.);
#5771=ORIENTED_EDGE('',*,*,#5770,.T.);
#5773=ORIENTED_EDGE('',*,*,#5772,.T.);
#5774=ORIENTED_EDGE('',*,*,#5756,.F.);
#5775=EDGE_LOOP('',(#5769,#5771,#5773,#5774));
#5776=FACE_OUTER_BOUND('',#5775,.F.);
#5778=CARTESIAN_POINT('',(2.444361780882E-2,-3.544575767676E-1,
8.565915495020E-1));
#5779=DIRECTION('',(-1.E0,0.E0,0.E0));
#5780=DIRECTION('',(0.E0,-9.271838545668E-1,-3.746065934159E-1));
#5781=AXIS2_PLACEMENT_3D('',#5778,#5779,#5780);
#5782=PLANE('',#5781);
#5783=ORIENTED_EDGE('',*,*,#5564,.F.);
#5785=ORIENTED_EDGE('',*,*,#5784,.T.);
#5787=ORIENTED_EDGE('',*,*,#5786,.T.);
#5788=ORIENTED_EDGE('',*,*,#5770,.F.);
#5789=EDGE_LOOP('',(#5783,#5785,#5787,#5788));
#5790=FACE_OUTER_BOUND('',#5789,.F.);
#5792=CARTESIAN_POINT('',(4.624467533827E-3,-3.544575767676E-1,
8.565915495020E-1));
#5793=DIRECTION('',(0.E0,-9.271838545668E-1,-3.746065934159E-1));
#5794=DIRECTION('',(1.E0,0.E0,0.E0));
#5795=AXIS2_PLACEMENT_3D('',#5792,#5793,#5794);
#5796=PLANE('',#5795);
#5797=ORIENTED_EDGE('',*,*,#5562,.F.);
#5799=ORIENTED_EDGE('',*,*,#5798,.T.);
#5801=ORIENTED_EDGE('',*,*,#5800,.T.);
#5802=ORIENTED_EDGE('',*,*,#5784,.F.);
#5803=EDGE_LOOP('',(#5797,#5799,#5801,#5802));
#5804=FACE_OUTER_BOUND('',#5803,.F.);
#5806=CARTESIAN_POINT('',(4.624467533827E-3,-3.772489137487E-1,
8.473832516398E-1));
#5807=DIRECTION('',(1.E0,0.E0,0.E0));
#5808=DIRECTION('',(0.E0,9.271838545668E-1,3.746065934159E-1));
#5809=AXIS2_PLACEMENT_3D('',#5806,#5807,#5808);
#5810=PLANE('',#5809);
#5811=ORIENTED_EDGE('',*,*,#5560,.T.);
#5812=ORIENTED_EDGE('',*,*,#5689,.T.);
#5814=ORIENTED_EDGE('',*,*,#5813,.T.);
#5815=ORIENTED_EDGE('',*,*,#5798,.F.);
#5816=EDGE_LOOP('',(#5811,#5812,#5814,#5815));
#5817=FACE_OUTER_BOUND('',#5816,.F.);
#5819=CARTESIAN_POINT('',(0.E0,-3.060535868208E-1,7.575092091811E-1));
#5820=DIRECTION('',(0.E0,-3.746065934159E-1,9.271838545668E-1));
#5821=DIRECTION('',(0.E0,-9.271838545668E-1,-3.746065934159E-1));
#5822=AXIS2_PLACEMENT_3D('',#5819,#5820,#5821);
#5823=PLANE('',#5822);
#5825=ORIENTED_EDGE('',*,*,#5824,.F.);
#5827=ORIENTED_EDGE('',*,*,#5826,.F.);
#5829=ORIENTED_EDGE('',*,*,#5828,.F.);
#5831=ORIENTED_EDGE('',*,*,#5830,.F.);
#5833=ORIENTED_EDGE('',*,*,#5832,.F.);
#5835=ORIENTED_EDGE('',*,*,#5834,.F.);
#5837=ORIENTED_EDGE('',*,*,#5836,.F.);
#5839=ORIENTED_EDGE('',*,*,#5838,.F.);
#5841=ORIENTED_EDGE('',*,*,#5840,.F.);
#5843=ORIENTED_EDGE('',*,*,#5842,.F.);
#5845=ORIENTED_EDGE('',*,*,#5844,.F.);
#5847=ORIENTED_EDGE('',*,*,#5846,.F.);
#5849=ORIENTED_EDGE('',*,*,#5848,.F.);
#5851=ORIENTED_EDGE('',*,*,#5850,.F.);
#5853=ORIENTED_EDGE('',*,*,#5852,.F.);
#5855=ORIENTED_EDGE('',*,*,#5854,.F.);
#5856=EDGE_LOOP('',(#5825,#5827,#5829,#5831,#5833,#5835,#5837,#5839,#5841,#5843,
#5845,#5847,#5849,#5851,#5853,#5855));
#5857=FACE_OUTER_BOUND('',#5856,.F.);
#5858=ORIENTED_EDGE('',*,*,#5813,.F.);
#5859=ORIENTED_EDGE('',*,*,#5687,.F.);
#5860=ORIENTED_EDGE('',*,*,#5702,.F.);
#5861=ORIENTED_EDGE('',*,*,#5716,.F.);
#5862=ORIENTED_EDGE('',*,*,#5730,.F.);
#5863=ORIENTED_EDGE('',*,*,#5744,.F.);
#5864=ORIENTED_EDGE('',*,*,#5758,.F.);
#5865=ORIENTED_EDGE('',*,*,#5772,.F.);
#5866=ORIENTED_EDGE('',*,*,#5786,.F.);
#5867=ORIENTED_EDGE('',*,*,#5800,.F.);
#5868=EDGE_LOOP('',(#5858,#5859,#5860,#5861,#5862,#5863,#5864,#5865,#5866,
#5867));
#5869=FACE_BOUND('',#5868,.F.);
#5871=CARTESIAN_POINT('',(-3.303191095591E-3,-3.544575767676E-1,
8.565915495020E-1));
#5872=DIRECTION('',(-1.E0,0.E0,0.E0));
#5873=DIRECTION('',(0.E0,-9.271838545668E-1,-3.746065934159E-1));
#5874=AXIS2_PLACEMENT_3D('',#5871,#5872,#5873);
#5875=PLANE('',#5874);
#5876=ORIENTED_EDGE('',*,*,#5154,.T.);
#5878=ORIENTED_EDGE('',*,*,#5877,.T.);
#5879=ORIENTED_EDGE('',*,*,#5824,.T.);
#5881=ORIENTED_EDGE('',*,*,#5880,.F.);
#5882=EDGE_LOOP('',(#5876,#5878,#5879,#5881));
#5883=FACE_OUTER_BOUND('',#5882,.F.);
#5885=CARTESIAN_POINT('',(-3.105E-2,-3.544575767676E-1,8.565915495020E-1));
#5886=DIRECTION('',(0.E0,-9.271838545668E-1,-3.746065934159E-1));
#5887=DIRECTION('',(1.E0,0.E0,0.E0));
#5888=AXIS2_PLACEMENT_3D('',#5885,#5886,#5887);
#5889=PLANE('',#5888);
#5890=ORIENTED_EDGE('',*,*,#5152,.F.);
#5892=ORIENTED_EDGE('',*,*,#5891,.T.);
#5893=ORIENTED_EDGE('',*,*,#5826,.T.);
#5894=ORIENTED_EDGE('',*,*,#5877,.F.);
#5895=EDGE_LOOP('',(#5890,#5892,#5893,#5894));
#5896=FACE_OUTER_BOUND('',#5895,.F.);
#5898=CARTESIAN_POINT('',(-3.105E-2,-3.472603120966E-1,8.594994331834E-1));
#5899=DIRECTION('',(-1.E0,0.E0,0.E0));
#5900=DIRECTION('',(0.E0,-9.271838545668E-1,-3.746065934159E-1));
#5901=AXIS2_PLACEMENT_3D('',#5898,#5899,#5900);
#5902=PLANE('',#5901);
#5903=ORIENTED_EDGE('',*,*,#5150,.F.);
#5905=ORIENTED_EDGE('',*,*,#5904,.T.);
#5906=ORIENTED_EDGE('',*,*,#5828,.T.);
#5907=ORIENTED_EDGE('',*,*,#5891,.F.);
#5908=EDGE_LOOP('',(#5903,#5905,#5906,#5907));
#5909=FACE_OUTER_BOUND('',#5908,.F.);
#5911=CARTESIAN_POINT('',(3.105E-2,-3.472603120966E-1,8.594994331834E-1));
#5912=DIRECTION('',(0.E0,9.271838545668E-1,3.746065934159E-1));
#5913=DIRECTION('',(-1.E0,0.E0,0.E0));
#5914=AXIS2_PLACEMENT_3D('',#5911,#5912,#5913);
#5915=PLANE('',#5914);
#5916=ORIENTED_EDGE('',*,*,#5148,.T.);
#5918=ORIENTED_EDGE('',*,*,#5917,.T.);
#5919=ORIENTED_EDGE('',*,*,#5830,.T.);
#5920=ORIENTED_EDGE('',*,*,#5904,.F.);
#5921=EDGE_LOOP('',(#5916,#5918,#5919,#5920));
#5922=FACE_OUTER_BOUND('',#5921,.F.);
#5924=CARTESIAN_POINT('',(3.105E-2,-3.760493707808E-1,8.478678984578E-1));
#5925=DIRECTION('',(1.E0,0.E0,0.E0));
#5926=DIRECTION('',(0.E0,9.271838545668E-1,3.746065934159E-1));
#5927=AXIS2_PLACEMENT_3D('',#5924,#5925,#5926);
#5928=PLANE('',#5927);
#5929=ORIENTED_EDGE('',*,*,#5146,.T.);
#5931=ORIENTED_EDGE('',*,*,#5930,.T.);
#5932=ORIENTED_EDGE('',*,*,#5832,.T.);
#5933=ORIENTED_EDGE('',*,*,#5917,.F.);
#5934=EDGE_LOOP('',(#5929,#5931,#5932,#5933));
#5935=FACE_OUTER_BOUND('',#5934,.F.);
#5937=CARTESIAN_POINT('',(2.972872356176E-2,-3.820470924841E-1,
8.454446615945E-1));
#5938=DIRECTION('',(9.797707167625E-1,-1.855511097595E-1,-7.496751457567E-2));
#5939=DIRECTION('',(2.001233184181E-1,9.084275897595E-1,3.670285705351E-1));
#5940=AXIS2_PLACEMENT_3D('',#5937,#5938,#5939);
#5941=PLANE('',#5940);
#5942=ORIENTED_EDGE('',*,*,#5144,.T.);
#5944=ORIENTED_EDGE('',*,*,#5943,.T.);
#5945=ORIENTED_EDGE('',*,*,#5834,.T.);
#5946=ORIENTED_EDGE('',*,*,#5930,.F.);
#5947=EDGE_LOOP('',(#5942,#5944,#5945,#5946));
#5948=FACE_OUTER_BOUND('',#5947,.F.);
#5950=CARTESIAN_POINT('',(2.576489424706E-2,-3.868452677875E-1,
8.435060729358E-1));
#5951=DIRECTION('',(7.938781110087E-1,-5.637991057795E-1,-2.277896248373E-1));
#5952=DIRECTION('',(6.080769234738E-1,7.360709670212E-1,2.973919747524E-1));
#5953=AXIS2_PLACEMENT_3D('',#5950,#5951,#5952);
#5954=PLANE('',#5953);
#5955=ORIENTED_EDGE('',*,*,#5142,.T.);
#5957=ORIENTED_EDGE('',*,*,#5956,.T.);
#5958=ORIENTED_EDGE('',*,*,#5836,.T.);
#5959=ORIENTED_EDGE('',*,*,#5943,.F.);
#5960=EDGE_LOOP('',(#5955,#5957,#5958,#5959));
#5961=FACE_OUTER_BOUND('',#5960,.F.);
#5963=CARTESIAN_POINT('',(2.047978849411E-2,-3.904439001230E-1,
8.420521310951E-1));
#5964=DIRECTION('',(5.919095487496E-1,-7.473142625245E-1,-3.019345610005E-1));
#5965=DIRECTION('',(8.060043958311E-1,5.488089769645E-1,2.217332196674E-1));
#5966=AXIS2_PLACEMENT_3D('',#5963,#5964,#5965);
#5967=PLANE('',#5966);
#5968=ORIENTED_EDGE('',*,*,#5140,.T.);
#5970=ORIENTED_EDGE('',*,*,#5969,.T.);
#5971=ORIENTED_EDGE('',*,*,#5838,.T.);
#5972=ORIENTED_EDGE('',*,*,#5956,.F.);
#5973=EDGE_LOOP('',(#5968,#5970,#5971,#5972));
#5974=FACE_OUTER_BOUND('',#5973,.F.);
#5976=CARTESIAN_POINT('',(1.651595917940E-2,-3.916434430909E-1,
8.415674842770E-1));
#5977=DIRECTION('',(3.102797975506E-1,-8.814229544732E-1,-3.561179896603E-1));
#5978=DIRECTION('',(9.506452793929E-1,2.876864186872E-1,1.162328579662E-1));
#5979=AXIS2_PLACEMENT_3D('',#5976,#5977,#5978);
#5980=PLANE('',#5979);
#5981=ORIENTED_EDGE('',*,*,#5138,.T.);
#5983=ORIENTED_EDGE('',*,*,#5982,.T.);
#5984=ORIENTED_EDGE('',*,*,#5840,.T.);
#5985=ORIENTED_EDGE('',*,*,#5969,.F.);
#5986=EDGE_LOOP('',(#5981,#5983,#5984,#5985));
#5987=FACE_OUTER_BOUND('',#5986,.F.);
#5989=CARTESIAN_POINT('',(1.123084972501E-2,-3.916434430909E-1,
8.415674842770E-1));
#5990=DIRECTION('',(0.E0,-9.271838545668E-1,-3.746065934159E-1));
#5991=DIRECTION('',(1.E0,0.E0,0.E0));
#5992=AXIS2_PLACEMENT_3D('',#5989,#5990,#5991);
#5993=PLANE('',#5992);
#5994=ORIENTED_EDGE('',*,*,#5136,.T.);
#5996=ORIENTED_EDGE('',*,*,#5995,.T.);
#5997=ORIENTED_EDGE('',*,*,#5842,.T.);
#5998=ORIENTED_EDGE('',*,*,#5982,.F.);
#5999=EDGE_LOOP('',(#5994,#5996,#5997,#5998));
#6000=FACE_OUTER_BOUND('',#5999,.F.);
#6002=CARTESIAN_POINT('',(7.267020410299E-3,-3.904439001230E-1,
8.420521310951E-1));
#6003=DIRECTION('',(-3.102797975506E-1,-8.814229544732E-1,-3.561179896603E-1));
#6004=DIRECTION('',(9.506452793929E-1,-2.876864186872E-1,-1.162328579662E-1));
#6005=AXIS2_PLACEMENT_3D('',#6002,#6003,#6004);
#6006=PLANE('',#6005);
#6007=ORIENTED_EDGE('',*,*,#5166,.T.);
#6009=ORIENTED_EDGE('',*,*,#6008,.T.);
#6010=ORIENTED_EDGE('',*,*,#5844,.T.);
#6011=ORIENTED_EDGE('',*,*,#5995,.F.);
#6012=EDGE_LOOP('',(#6007,#6009,#6010,#6011));
#6013=FACE_OUTER_BOUND('',#6012,.F.);
#6015=CARTESIAN_POINT('',(1.981914657354E-3,-3.868452677875E-1,
8.435060729358E-1));
#6016=DIRECTION('',(-5.919095487496E-1,-7.473142625245E-1,-3.019345610005E-1));
#6017=DIRECTION('',(8.060043958311E-1,-5.488089769645E-1,-2.217332196674E-1));
#6018=AXIS2_PLACEMENT_3D('',#6015,#6016,#6017);
#6019=PLANE('',#6018);
#6020=ORIENTED_EDGE('',*,*,#5164,.F.);
#6022=ORIENTED_EDGE('',*,*,#6021,.T.);
#6023=ORIENTED_EDGE('',*,*,#5846,.T.);
#6024=ORIENTED_EDGE('',*,*,#6008,.F.);
#6025=EDGE_LOOP('',(#6020,#6022,#6023,#6024));
#6026=FACE_OUTER_BOUND('',#6025,.F.);
#6028=CARTESIAN_POINT('',(-6.606382191182E-4,-3.820470924841E-1,
8.454446615945E-1));
#6029=DIRECTION('',(-8.906052429498E-1,-4.216620768476E-1,-1.703625374866E-1));
#6030=DIRECTION('',(4.547771995497E-1,-8.257548020556E-1,-3.336265961398E-1));
#6031=AXIS2_PLACEMENT_3D('',#6028,#6029,#6030);
#6032=PLANE('',#6031);
#6033=ORIENTED_EDGE('',*,*,#5162,.F.);
#6035=ORIENTED_EDGE('',*,*,#6034,.T.);
#6036=ORIENTED_EDGE('',*,*,#5848,.T.);
#6037=ORIENTED_EDGE('',*,*,#6021,.F.);
#6038=EDGE_LOOP('',(#6033,#6035,#6036,#6037));
#6039=FACE_OUTER_BOUND('',#6038,.F.);
#6041=CARTESIAN_POINT('',(-3.105E-2,-3.928429894907E-1,8.410828360724E-1));
#6042=DIRECTION('',(3.577885126009E-1,-8.658067360151E-1,-3.498086278548E-1));
#6043=DIRECTION('',(9.338026452366E-1,3.317357322330E-1,1.340299358688E-1));
#6044=AXIS2_PLACEMENT_3D('',#6041,#6042,#6043);
#6045=PLANE('',#6044);
#6046=ORIENTED_EDGE('',*,*,#5160,.F.);
#6048=ORIENTED_EDGE('',*,*,#6047,.T.);
#6049=ORIENTED_EDGE('',*,*,#5850,.T.);
#6050=ORIENTED_EDGE('',*,*,#6034,.F.);
#6051=EDGE_LOOP('',(#6046,#6048,#6049,#6050));
#6052=FACE_OUTER_BOUND('',#6051,.F.);
#6054=CARTESIAN_POINT('',(-3.105E-2,-3.844461784198E-1,8.444753679584E-1));
#6055=DIRECTION('',(-1.E0,0.E0,0.E0));
#6056=DIRECTION('',(0.E0,-9.271838545668E-1,-3.746065934159E-1));
#6057=AXIS2_PLACEMENT_3D('',#6054,#6055,#6056);
#6058=PLANE('',#6057);
#6059=ORIENTED_EDGE('',*,*,#5158,.F.);
#6061=ORIENTED_EDGE('',*,*,#6060,.T.);
#6062=ORIENTED_EDGE('',*,*,#5852,.T.);
#6063=ORIENTED_EDGE('',*,*,#6047,.F.);
#6064=EDGE_LOOP('',(#6059,#6061,#6062,#6063));
#6065=FACE_OUTER_BOUND('',#6064,.F.);
#6067=CARTESIAN_POINT('',(-3.303191095591E-3,-3.748498260970E-1,
8.483525459692E-1));
#6068=DIRECTION('',(-3.494930736926E-1,8.687146648855E-1,3.509835073814E-1));
#6069=DIRECTION('',(-9.369389475526E-1,-3.240443352107E-1,-1.309224097584E-1));
#6070=AXIS2_PLACEMENT_3D('',#6067,#6068,#6069);
#6071=PLANE('',#6070);
#6072=ORIENTED_EDGE('',*,*,#5156,.F.);
#6073=ORIENTED_EDGE('',*,*,#5880,.T.);
#6074=ORIENTED_EDGE('',*,*,#5854,.T.);
#6075=ORIENTED_EDGE('',*,*,#6060,.F.);
#6076=EDGE_LOOP('',(#6072,#6073,#6074,#6075));
#6077=FACE_OUTER_BOUND('',#6076,.F.);
#6079=CARTESIAN_POINT('',(2.576489424706E-2,-1.226311388782E-1,
9.192171230838E-1));
#6080=DIRECTION('',(-3.102800658973E-1,9.454374579791E-1,9.936948101242E-2));
#6081=DIRECTION('',(-9.506451918075E-1,-3.085803192312E-1,-3.243309847083E-2));
#6082=AXIS2_PLACEMENT_3D('',#6079,#6080,#6081);
#6083=PLANE('',#6082);
#6084=ORIENTED_EDGE('',*,*,#5586,.F.);
#6086=ORIENTED_EDGE('',*,*,#6085,.T.);
#6088=ORIENTED_EDGE('',*,*,#6087,.T.);
#6090=ORIENTED_EDGE('',*,*,#6089,.F.);
#6091=EDGE_LOOP('',(#6084,#6086,#6088,#6090));
#6092=FACE_OUTER_BOUND('',#6091,.F.);
#6094=CARTESIAN_POINT('',(-9.909575137496E-3,-1.110511754793E-1,
9.204342262813E-1));
#6095=DIRECTION('',(-3.102799990428E-1,-9.454374796802E-1,-9.936948329329E-2));
#6096=DIRECTION('',(9.506452136281E-1,-3.085802527429E-1,-3.243309148263E-2));
#6097=AXIS2_PLACEMENT_3D('',#6094,#6095,#6096);
#6098=PLANE('',#6097);
#6099=ORIENTED_EDGE('',*,*,#5590,.F.);
#6101=ORIENTED_EDGE('',*,*,#6100,.T.);
#6103=ORIENTED_EDGE('',*,*,#6102,.T.);
#6104=ORIENTED_EDGE('',*,*,#6085,.F.);
#6105=EDGE_LOOP('',(#6099,#6101,#6103,#6104));
#6106=FACE_OUTER_BOUND('',#6105,.F.);
#6108=CARTESIAN_POINT('',(-9.909575137496E-3,-1.342111050380E-1,
9.180000195962E-1));
#6109=DIRECTION('',(1.E0,0.E0,0.E0));
#6110=DIRECTION('',(0.E0,9.945218953683E-1,1.045284632677E-1));
#6111=AXIS2_PLACEMENT_3D('',#6108,#6109,#6110);
#6112=PLANE('',#6111);
#6113=ORIENTED_EDGE('',*,*,#5588,.T.);
#6114=ORIENTED_EDGE('',*,*,#6089,.T.);
#6116=ORIENTED_EDGE('',*,*,#6115,.T.);
#6117=ORIENTED_EDGE('',*,*,#6100,.F.);
#6118=EDGE_LOOP('',(#6113,#6114,#6116,#6117));
#6119=FACE_OUTER_BOUND('',#6118,.F.);
#6121=CARTESIAN_POINT('',(0.E0,-8.539975448967E-2,8.125243885159E-1));
#6122=DIRECTION('',(0.E0,-1.045284632677E-1,9.945218953683E-1));
#6123=DIRECTION('',(0.E0,-9.945218953683E-1,-1.045284632677E-1));
#6124=AXIS2_PLACEMENT_3D('',#6121,#6122,#6123);
#6125=PLANE('',#6124);
#6127=ORIENTED_EDGE('',*,*,#6126,.F.);
#6129=ORIENTED_EDGE('',*,*,#6128,.F.);
#6131=ORIENTED_EDGE('',*,*,#6130,.F.);
#6133=ORIENTED_EDGE('',*,*,#6132,.F.);
#6135=ORIENTED_EDGE('',*,*,#6134,.F.);
#6137=ORIENTED_EDGE('',*,*,#6136,.F.);
#6139=ORIENTED_EDGE('',*,*,#6138,.F.);
#6141=ORIENTED_EDGE('',*,*,#6140,.F.);
#6142=EDGE_LOOP('',(#6127,#6129,#6131,#6133,#6135,#6137,#6139,#6141));
#6143=FACE_OUTER_BOUND('',#6142,.F.);
#6144=ORIENTED_EDGE('',*,*,#6087,.F.);
#6145=ORIENTED_EDGE('',*,*,#6102,.F.);
#6146=ORIENTED_EDGE('',*,*,#6115,.F.);
#6147=EDGE_LOOP('',(#6144,#6145,#6146));
#6148=FACE_BOUND('',#6147,.F.);
#6150=CARTESIAN_POINT('',(3.105E-2,-1.277777903003E-1,9.186761882219E-1));
#6151=DIRECTION('',(1.E0,0.E0,0.E0));
#6152=DIRECTION('',(0.E0,9.945218953683E-1,1.045284632677E-1));
#6153=AXIS2_PLACEMENT_3D('',#6150,#6151,#6152);
#6154=PLANE('',#6153);
#6155=ORIENTED_EDGE('',*,*,#5118,.T.);
#6157=ORIENTED_EDGE('',*,*,#6156,.T.);
#6158=ORIENTED_EDGE('',*,*,#6126,.T.);
#6160=ORIENTED_EDGE('',*,*,#6159,.F.);
#6161=EDGE_LOOP('',(#6155,#6157,#6158,#6160));
#6162=FACE_OUTER_BOUND('',#6161,.F.);
#6164=CARTESIAN_POINT('',(-3.105E-2,-1.483643923074E-1,9.165124491613E-1));
#6165=DIRECTION('',(3.162277490531E-1,-9.434863173050E-1,-9.916440786398E-2));
#6166=DIRECTION('',(9.486833037051E-1,3.144954203563E-1,3.305480065111E-2));
#6167=AXIS2_PLACEMENT_3D('',#6164,#6165,#6166);
#6168=PLANE('',#6167);
#6169=ORIENTED_EDGE('',*,*,#5132,.T.);
#6171=ORIENTED_EDGE('',*,*,#6170,.T.);
#6172=ORIENTED_EDGE('',*,*,#6128,.T.);
#6173=ORIENTED_EDGE('',*,*,#6156,.F.);
#6174=EDGE_LOOP('',(#6169,#6171,#6172,#6173));
#6175=FACE_OUTER_BOUND('',#6174,.F.);
#6177=CARTESIAN_POINT('',(-3.105E-2,-1.406444160946E-1,9.173238513574E-1));
#6178=DIRECTION('',(-1.E0,0.E0,0.E0));
#6179=DIRECTION('',(0.E0,-9.945218953683E-1,-1.045284632677E-1));
#6180=AXIS2_PLACEMENT_3D('',#6177,#6178,#6179);
#6181=PLANE('',#6180);
#6182=ORIENTED_EDGE('',*,*,#5130,.F.);
#6184=ORIENTED_EDGE('',*,*,#6183,.T.);
#6185=ORIENTED_EDGE('',*,*,#6130,.T.);
#6186=ORIENTED_EDGE('',*,*,#6170,.F.);
#6187=EDGE_LOOP('',(#6182,#6184,#6185,#6186));
#6188=FACE_OUTER_BOUND('',#6187,.F.);
#6190=CARTESIAN_POINT('',(-1.519468089044E-2,-1.354977665131E-1,
9.178647860258E-1));
#6191=DIRECTION('',(-3.102799653834E-1,9.454374906061E-1,9.936948444165E-2));
#6192=DIRECTION('',(-9.506452246141E-1,-3.085802192679E-1,-3.243308796427E-2));
#6193=AXIS2_PLACEMENT_3D('',#6190,#6191,#6192);
#6194=PLANE('',#6193);
#6195=ORIENTED_EDGE('',*,*,#5128,.F.);
#6197=ORIENTED_EDGE('',*,*,#6196,.T.);
#6198=ORIENTED_EDGE('',*,*,#6132,.T.);
#6199=ORIENTED_EDGE('',*,*,#6183,.F.);
#6200=EDGE_LOOP('',(#6195,#6197,#6198,#6199));
#6201=FACE_OUTER_BOUND('',#6200,.F.);
#6203=CARTESIAN_POINT('',(-1.519468089044E-2,-1.097645121637E-1,
9.205694600451E-1));
#6204=DIRECTION('',(-1.E0,0.E0,0.E0));
#6205=DIRECTION('',(0.E0,-9.945218953683E-1,-1.045284632677E-1));
#6206=AXIS2_PLACEMENT_3D('',#6203,#6204,#6205);
#6207=PLANE('',#6206);
#6208=ORIENTED_EDGE('',*,*,#5126,.F.);
#6210=ORIENTED_EDGE('',*,*,#6209,.T.);
#6211=ORIENTED_EDGE('',*,*,#6134,.T.);
#6212=ORIENTED_EDGE('',*,*,#6196,.F.);
#6213=EDGE_LOOP('',(#6208,#6210,#6211,#6212));
#6214=FACE_OUTER_BOUND('',#6213,.F.);
#6216=CARTESIAN_POINT('',(-3.105E-2,-1.046178616619E-1,9.211103948103E-1));
#6217=DIRECTION('',(-3.102800155243E-1,-9.454374743303E-1,-9.936948273100E-2));
#6218=DIRECTION('',(9.506452082487E-1,-3.085802691341E-1,-3.243309320542E-2));
#6219=AXIS2_PLACEMENT_3D('',#6216,#6217,#6218);
#6220=PLANE('',#6219);
#6221=ORIENTED_EDGE('',*,*,#5124,.F.);
#6223=ORIENTED_EDGE('',*,*,#6222,.T.);
#6224=ORIENTED_EDGE('',*,*,#6136,.T.);
#6225=ORIENTED_EDGE('',*,*,#6209,.F.);
#6226=EDGE_LOOP('',(#6221,#6223,#6224,#6225));
#6227=FACE_OUTER_BOUND('',#6226,.F.);
#6229=CARTESIAN_POINT('',(-3.105E-2,-9.689788544911E-2,9.219217970064E-1));
#6230=DIRECTION('',(-1.E0,0.E0,0.E0));
#6231=DIRECTION('',(0.E0,-9.945218953683E-1,-1.045284632677E-1));
#6232=AXIS2_PLACEMENT_3D('',#6229,#6230,#6231);
#6233=PLANE('',#6232);
#6234=ORIENTED_EDGE('',*,*,#5122,.F.);
#6236=ORIENTED_EDGE('',*,*,#6235,.T.);
#6237=ORIENTED_EDGE('',*,*,#6138,.T.);
#6238=ORIENTED_EDGE('',*,*,#6222,.F.);
#6239=EDGE_LOOP('',(#6234,#6236,#6237,#6238));
#6240=FACE_OUTER_BOUND('',#6239,.F.);
#6242=CARTESIAN_POINT('',(3.105E-2,-1.174844892968E-1,9.197580577523E-1));
#6243=DIRECTION('',(3.162277744987E-1,9.434863088696E-1,9.916440697738E-2));
#6244=DIRECTION('',(-9.486832952232E-1,3.144954456626E-1,3.305480331090E-2));
#6245=AXIS2_PLACEMENT_3D('',#6242,#6243,#6244);
#6246=PLANE('',#6245);
#6247=ORIENTED_EDGE('',*,*,#5120,.T.);
#6248=ORIENTED_EDGE('',*,*,#6159,.T.);
#6249=ORIENTED_EDGE('',*,*,#6140,.T.);
#6250=ORIENTED_EDGE('',*,*,#6235,.F.);
#6251=EDGE_LOOP('',(#6247,#6248,#6249,#6250));
#6252=FACE_OUTER_BOUND('',#6251,.F.);
#6254=CARTESIAN_POINT('',(-1.123085157573E-2,3.703227954630E-1,
8.507635031844E-1));
#6255=DIRECTION('',(0.E0,8.987940462992E-1,-4.383711467891E-1));
#6256=DIRECTION('',(-1.E0,0.E0,0.E0));
#6257=AXIS2_PLACEMENT_3D('',#6254,#6255,#6256);
#6258=PLANE('',#6257);
#6259=ORIENTED_EDGE('',*,*,#5600,.T.);
#6261=ORIENTED_EDGE('',*,*,#6260,.T.);
#6263=ORIENTED_EDGE('',*,*,#6262,.T.);
#6265=ORIENTED_EDGE('',*,*,#6264,.F.);
#6266=EDGE_LOOP('',(#6259,#6261,#6263,#6265));
#6267=FACE_OUTER_BOUND('',#6266,.F.);
#6269=CARTESIAN_POINT('',(-7.267020410299E-3,3.714856091515E-1,
8.501963610541E-1));
#6270=DIRECTION('',(-3.102796666273E-1,8.544343556679E-1,-4.167354800495E-1));
#6271=DIRECTION('',(-9.506453221247E-1,-2.788775170523E-1,1.360176532847E-1));
#6272=AXIS2_PLACEMENT_3D('',#6269,#6270,#6271);
#6273=PLANE('',#6272);
#6274=ORIENTED_EDGE('',*,*,#5618,.F.);
#6276=ORIENTED_EDGE('',*,*,#6275,.T.);
#6278=ORIENTED_EDGE('',*,*,#6277,.T.);
#6279=ORIENTED_EDGE('',*,*,#6260,.F.);
#6280=EDGE_LOOP('',(#6274,#6276,#6278,#6279));
#6281=FACE_OUTER_BOUND('',#6280,.F.);
#6283=CARTESIAN_POINT('',(-4.624467533827E-3,3.738112398552E-1,
8.490620751709E-1));
#6284=DIRECTION('',(-6.996250055017E-1,6.421975299900E-1,-3.132206636726E-1));
#6285=DIRECTION('',(-7.145102180353E-1,-6.288187895869E-1,3.066954159841E-1));
#6286=AXIS2_PLACEMENT_3D('',#6283,#6284,#6285);
#6287=PLANE('',#6286);
#6288=ORIENTED_EDGE('',*,*,#5616,.F.);
#6290=ORIENTED_EDGE('',*,*,#6289,.T.);
#6292=ORIENTED_EDGE('',*,*,#6291,.T.);
#6293=ORIENTED_EDGE('',*,*,#6275,.F.);
#6294=EDGE_LOOP('',(#6288,#6290,#6292,#6293));
#6295=FACE_OUTER_BOUND('',#6294,.F.);
#6297=CARTESIAN_POINT('',(-3.303191095591E-3,3.772996842474E-1,
8.473606471574E-1));
#6298=DIRECTION('',(-9.466499177700E-1,2.896487518614E-1,-1.412711355202E-1));
#6299=DIRECTION('',(-3.222637633772E-1,-8.508433100213E-1,4.149840100606E-1));
#6300=AXIS2_PLACEMENT_3D('',#6297,#6298,#6299);
#6301=PLANE('',#6300);
#6302=ORIENTED_EDGE('',*,*,#5614,.F.);
#6304=ORIENTED_EDGE('',*,*,#6303,.T.);
#6306=ORIENTED_EDGE('',*,*,#6305,.T.);
#6307=ORIENTED_EDGE('',*,*,#6289,.F.);
#6308=EDGE_LOOP('',(#6302,#6304,#6306,#6307));
#6309=FACE_OUTER_BOUND('',#6308,.F.);
#6311=CARTESIAN_POINT('',(-3.303191095591E-3,3.993931642891E-1,
8.365849369463E-1));
#6312=DIRECTION('',(-1.E0,0.E0,0.E0));
#6313=DIRECTION('',(0.E0,-8.987940462992E-1,4.383711467891E-1));
#6314=AXIS2_PLACEMENT_3D('',#6311,#6312,#6313);
#6315=PLANE('',#6314);
#6316=ORIENTED_EDGE('',*,*,#5612,.F.);
#6318=ORIENTED_EDGE('',*,*,#6317,.T.);
#6320=ORIENTED_EDGE('',*,*,#6319,.T.);
#6321=ORIENTED_EDGE('',*,*,#6303,.F.);
#6322=EDGE_LOOP('',(#6316,#6318,#6320,#6321));
#6323=FACE_OUTER_BOUND('',#6322,.F.);
#6325=CARTESIAN_POINT('',(-2.312234044522E-2,3.993931642891E-1,
8.365849369463E-1));
#6326=DIRECTION('',(0.E0,-8.987940462992E-1,4.383711467891E-1));
#6327=DIRECTION('',(1.E0,0.E0,0.E0));
#6328=AXIS2_PLACEMENT_3D('',#6325,#6326,#6327);
#6329=PLANE('',#6328);
#6330=ORIENTED_EDGE('',*,*,#5610,.F.);
#6332=ORIENTED_EDGE('',*,*,#6331,.T.);
#6334=ORIENTED_EDGE('',*,*,#6333,.T.);
#6335=ORIENTED_EDGE('',*,*,#6317,.F.);
#6336=EDGE_LOOP('',(#6330,#6332,#6334,#6335));
#6337=FACE_OUTER_BOUND('',#6336,.F.);
#6339=CARTESIAN_POINT('',(-2.312234044522E-2,3.772996842474E-1,
8.473606471574E-1));
#6340=DIRECTION('',(1.E0,0.E0,0.E0));
#6341=DIRECTION('',(0.E0,8.987940462992E-1,-4.383711467891E-1));
#6342=AXIS2_PLACEMENT_3D('',#6339,#6340,#6341);
#6343=PLANE('',#6342);
#6344=ORIENTED_EDGE('',*,*,#5608,.T.);
#6346=ORIENTED_EDGE('',*,*,#6345,.T.);
#6348=ORIENTED_EDGE('',*,*,#6347,.T.);
#6349=ORIENTED_EDGE('',*,*,#6331,.F.);
#6350=EDGE_LOOP('',(#6344,#6346,#6348,#6349));
#6351=FACE_OUTER_BOUND('',#6350,.F.);
#6353=CARTESIAN_POINT('',(-2.180106400698E-2,3.738112398552E-1,
8.490620751709E-1));
#6354=DIRECTION('',(9.466499177700E-1,2.896487518614E-1,-1.412711355202E-1));
#6355=DIRECTION('',(-3.222637633772E-1,8.508433100213E-1,-4.149840100606E-1));
#6356=AXIS2_PLACEMENT_3D('',#6353,#6354,#6355);
#6357=PLANE('',#6356);
#6358=ORIENTED_EDGE('',*,*,#5606,.T.);
#6360=ORIENTED_EDGE('',*,*,#6359,.T.);
#6362=ORIENTED_EDGE('',*,*,#6361,.T.);
#6363=ORIENTED_EDGE('',*,*,#6345,.F.);
#6364=EDGE_LOOP('',(#6358,#6360,#6362,#6363));
#6365=FACE_OUTER_BOUND('',#6364,.F.);
#6367=CARTESIAN_POINT('',(-1.915851020515E-2,3.714856091515E-1,
8.501963610541E-1));
#6368=DIRECTION('',(6.996248804268E-1,6.421976400646E-1,-3.132207173596E-1));
#6369=DIRECTION('',(-7.145103405045E-1,6.288186771703E-1,-3.066953611548E-1));
#6370=AXIS2_PLACEMENT_3D('',#6367,#6368,#6369);
#6371=PLANE('',#6370);
#6372=ORIENTED_EDGE('',*,*,#5604,.T.);
#6374=ORIENTED_EDGE('',*,*,#6373,.T.);
#6376=ORIENTED_EDGE('',*,*,#6375,.T.);
#6377=ORIENTED_EDGE('',*,*,#6359,.F.);
#6378=EDGE_LOOP('',(#6372,#6374,#6376,#6377));
#6379=FACE_OUTER_BOUND('',#6378,.F.);
#6381=CARTESIAN_POINT('',(-1.519468089044E-2,3.703227954630E-1,
8.507635031844E-1));
#6382=DIRECTION('',(3.102797975506E-1,8.544343172607E-1,-4.167354613171E-1));
#6383=DIRECTION('',(-9.506452793929E-1,2.788776347254E-1,-1.360177106777E-1));
#6384=AXIS2_PLACEMENT_3D('',#6381,#6382,#6383);
#6385=PLANE('',#6384);
#6386=ORIENTED_EDGE('',*,*,#5602,.T.);
#6387=ORIENTED_EDGE('',*,*,#6264,.T.);
#6389=ORIENTED_EDGE('',*,*,#6388,.T.);
#6390=ORIENTED_EDGE('',*,*,#6373,.F.);
#6391=EDGE_LOOP('',(#6386,#6387,#6389,#6390));
#6392=FACE_OUTER_BOUND('',#6391,.F.);
#6394=CARTESIAN_POINT('',(0.E0,3.581492269267E-1,7.343147358264E-1));
#6395=DIRECTION('',(0.E0,4.383711467891E-1,8.987940462992E-1));
#6396=DIRECTION('',(0.E0,-8.987940462992E-1,4.383711467891E-1));
#6397=AXIS2_PLACEMENT_3D('',#6394,#6395,#6396);
#6398=PLANE('',#6397);
#6400=ORIENTED_EDGE('',*,*,#6399,.F.);
#6402=ORIENTED_EDGE('',*,*,#6401,.F.);
#6404=ORIENTED_EDGE('',*,*,#6403,.F.);
#6406=ORIENTED_EDGE('',*,*,#6405,.F.);
#6408=ORIENTED_EDGE('',*,*,#6407,.F.);
#6410=ORIENTED_EDGE('',*,*,#6409,.F.);
#6412=ORIENTED_EDGE('',*,*,#6411,.F.);
#6414=ORIENTED_EDGE('',*,*,#6413,.F.);
#6416=ORIENTED_EDGE('',*,*,#6415,.F.);
#6418=ORIENTED_EDGE('',*,*,#6417,.F.);
#6420=ORIENTED_EDGE('',*,*,#6419,.F.);
#6422=ORIENTED_EDGE('',*,*,#6421,.F.);
#6424=ORIENTED_EDGE('',*,*,#6423,.F.);
#6426=ORIENTED_EDGE('',*,*,#6425,.F.);
#6428=ORIENTED_EDGE('',*,*,#6427,.F.);
#6430=ORIENTED_EDGE('',*,*,#6429,.F.);
#6432=ORIENTED_EDGE('',*,*,#6431,.F.);
#6434=ORIENTED_EDGE('',*,*,#6433,.F.);
#6436=ORIENTED_EDGE('',*,*,#6435,.F.);
#6437=EDGE_LOOP('',(#6400,#6402,#6404,#6406,#6408,#6410,#6412,#6414,#6416,#6418,
#6420,#6422,#6424,#6426,#6428,#6430,#6432,#6434,#6436));
#6438=FACE_OUTER_BOUND('',#6437,.F.);
#6440=ORIENTED_EDGE('',*,*,#6439,.F.);
#6442=ORIENTED_EDGE('',*,*,#6441,.F.);
#6444=ORIENTED_EDGE('',*,*,#6443,.F.);
#6446=ORIENTED_EDGE('',*,*,#6445,.F.);
#6448=ORIENTED_EDGE('',*,*,#6447,.F.);
#6450=ORIENTED_EDGE('',*,*,#6449,.F.);
#6452=ORIENTED_EDGE('',*,*,#6451,.F.);
#6454=ORIENTED_EDGE('',*,*,#6453,.F.);
#6456=ORIENTED_EDGE('',*,*,#6455,.F.);
#6458=ORIENTED_EDGE('',*,*,#6457,.F.);
#6459=EDGE_LOOP('',(#6440,#6442,#6444,#6446,#6448,#6450,#6452,#6454,#6456,
#6458));
#6460=FACE_BOUND('',#6459,.F.);
#6461=ORIENTED_EDGE('',*,*,#6262,.F.);
#6462=ORIENTED_EDGE('',*,*,#6277,.F.);
#6463=ORIENTED_EDGE('',*,*,#6291,.F.);
#6464=ORIENTED_EDGE('',*,*,#6305,.F.);
#6465=ORIENTED_EDGE('',*,*,#6319,.F.);
#6466=ORIENTED_EDGE('',*,*,#6333,.F.);
#6467=ORIENTED_EDGE('',*,*,#6347,.F.);
#6468=ORIENTED_EDGE('',*,*,#6361,.F.);
#6469=ORIENTED_EDGE('',*,*,#6375,.F.);
#6470=ORIENTED_EDGE('',*,*,#6388,.F.);
#6471=EDGE_LOOP('',(#6461,#6462,#6463,#6464,#6465,#6466,#6467,#6468,#6469,
#6470));
#6472=FACE_BOUND('',#6471,.F.);
#6474=CARTESIAN_POINT('',(6.606382191181E-4,3.703227954630E-1,
8.507635031844E-1));
#6475=DIRECTION('',(-8.906053746977E-1,-4.087508074533E-1,1.993610893976E-1));
#6476=DIRECTION('',(4.547769415434E-1,-8.004708083803E-1,3.904156994428E-1));
#6477=AXIS2_PLACEMENT_3D('',#6474,#6475,#6476);
#6478=PLANE('',#6477);
#6479=ORIENTED_EDGE('',*,*,#5068,.F.);
#6481=ORIENTED_EDGE('',*,*,#6480,.T.);
#6482=ORIENTED_EDGE('',*,*,#6399,.T.);
#6484=ORIENTED_EDGE('',*,*,#6483,.F.);
#6485=EDGE_LOOP('',(#6479,#6481,#6482,#6484));
#6486=FACE_OUTER_BOUND('',#6485,.F.);
#6488=CARTESIAN_POINT('',(-6.606382191181E-4,3.679971647593E-1,
8.518977890676E-1));
#6489=DIRECTION('',(8.906053746977E-1,-4.087508074533E-1,1.993610893976E-1));
#6490=DIRECTION('',(4.547769415434E-1,8.004708083803E-1,-3.904156994428E-1));
#6491=AXIS2_PLACEMENT_3D('',#6488,#6489,#6490);
#6492=PLANE('',#6491);
#6493=ORIENTED_EDGE('',*,*,#5066,.T.);
#6495=ORIENTED_EDGE('',*,*,#6494,.T.);
#6496=ORIENTED_EDGE('',*,*,#6401,.T.);
#6497=ORIENTED_EDGE('',*,*,#6480,.F.);
#6498=EDGE_LOOP('',(#6493,#6495,#6496,#6497));
#6499=FACE_OUTER_BOUND('',#6498,.F.);
#6501=CARTESIAN_POINT('',(-5.945743972063E-3,3.645087203671E-1,
8.535992170810E-1));
#6502=DIRECTION('',(5.919095487496E-1,-7.244319522640E-1,3.533290713175E-1));
#6503=DIRECTION('',(8.060043958311E-1,5.320047783638E-1,-2.594760676808E-1));
#6504=AXIS2_PLACEMENT_3D('',#6501,#6502,#6503);
#6505=PLANE('',#6504);
#6506=ORIENTED_EDGE('',*,*,#5064,.F.);
#6508=ORIENTED_EDGE('',*,*,#6507,.T.);
#6509=ORIENTED_EDGE('',*,*,#6403,.T.);
#6510=ORIENTED_EDGE('',*,*,#6494,.F.);
#6511=EDGE_LOOP('',(#6506,#6508,#6509,#6510));
#6512=FACE_OUTER_BOUND('',#6511,.F.);
#6514=CARTESIAN_POINT('',(-9.909575137496E-3,3.633459066786E-1,
8.541663592113E-1));
#6515=DIRECTION('',(3.102796666273E-1,-8.544343556679E-1,4.167354800495E-1));
#6516=DIRECTION('',(9.506453221247E-1,2.788775170523E-1,-1.360176532847E-1));
#6517=AXIS2_PLACEMENT_3D('',#6514,#6515,#6516);
#6518=PLANE('',#6517);
#6519=ORIENTED_EDGE('',*,*,#5062,.F.);
#6521=ORIENTED_EDGE('',*,*,#6520,.T.);
#6522=ORIENTED_EDGE('',*,*,#6405,.T.);
#6523=ORIENTED_EDGE('',*,*,#6507,.F.);
#6524=EDGE_LOOP('',(#6519,#6521,#6522,#6523));
#6525=FACE_OUTER_BOUND('',#6524,.F.);
#6527=CARTESIAN_POINT('',(-1.651595732868E-2,3.633459066786E-1,
8.541663592113E-1));
#6528=DIRECTION('',(0.E0,-8.987940462992E-1,4.383711467891E-1));
#6529=DIRECTION('',(1.E0,0.E0,0.E0));
#6530=AXIS2_PLACEMENT_3D('',#6527,#6528,#6529);
#6531=PLANE('',#6530);
#6532=ORIENTED_EDGE('',*,*,#5060,.F.);
#6534=ORIENTED_EDGE('',*,*,#6533,.T.);
#6535=ORIENTED_EDGE('',*,*,#6407,.T.);
#6536=ORIENTED_EDGE('',*,*,#6520,.F.);
#6537=EDGE_LOOP('',(#6532,#6534,#6535,#6536));
#6538=FACE_OUTER_BOUND('',#6537,.F.);
#6540=CARTESIAN_POINT('',(-2.047978756875E-2,3.645087203671E-1,
8.535992170810E-1));
#6541=DIRECTION('',(-3.102797320889E-1,-8.544343364643E-1,4.167354706833E-1));
#6542=DIRECTION('',(9.506453007588E-1,-2.788775758888E-1,1.360176819812E-1));
#6543=AXIS2_PLACEMENT_3D('',#6540,#6541,#6542);
#6544=PLANE('',#6543);
#6545=ORIENTED_EDGE('',*,*,#5058,.F.);
#6547=ORIENTED_EDGE('',*,*,#6546,.T.);
#6548=ORIENTED_EDGE('',*,*,#6409,.T.);
#6549=ORIENTED_EDGE('',*,*,#6533,.F.);
#6550=EDGE_LOOP('',(#6545,#6547,#6548,#6549));
#6551=FACE_OUTER_BOUND('',#6550,.F.);
#6553=CARTESIAN_POINT('',(-2.576489378437E-2,3.679971647593E-1,
8.518977890676E-1));
#6554=DIRECTION('',(-5.919095150862E-1,-7.244319744836E-1,3.533290821547E-1));
#6555=DIRECTION('',(8.060044205527E-1,-5.320047481073E-1,2.594760529237E-1));
#6556=AXIS2_PLACEMENT_3D('',#6553,#6554,#6555);
#6557=PLANE('',#6556);
#6558=ORIENTED_EDGE('',*,*,#5056,.F.);
#6560=ORIENTED_EDGE('',*,*,#6559,.T.);
#6561=ORIENTED_EDGE('',*,*,#6411,.T.);
#6562=ORIENTED_EDGE('',*,*,#6546,.F.);
#6563=EDGE_LOOP('',(#6558,#6560,#6561,#6562));
#6564=FACE_OUTER_BOUND('',#6563,.F.);
#6566=CARTESIAN_POINT('',(-2.972872344609E-2,3.726484228399E-1,
8.496292189238E-1));
#6567=DIRECTION('',(-7.938780853107E-1,-5.465359486648E-1,2.665633929866E-1));
#6568=DIRECTION('',(6.080769570239E-1,-7.135328965646E-1,3.480132466684E-1));
#6569=AXIS2_PLACEMENT_3D('',#6566,#6567,#6568);
#6570=PLANE('',#6569);
#6571=ORIENTED_EDGE('',*,*,#5054,.T.);
#6573=ORIENTED_EDGE('',*,*,#6572,.T.);
#6574=ORIENTED_EDGE('',*,*,#6413,.T.);
#6575=ORIENTED_EDGE('',*,*,#6559,.F.);
#6576=EDGE_LOOP('',(#6571,#6573,#6574,#6575));
#6577=FACE_OUTER_BOUND('',#6576,.F.);
#6579=CARTESIAN_POINT('',(-3.105E-2,3.784624979359E-1,8.467935050271E-1));
#6580=DIRECTION('',(-9.797707133274E-1,-1.798696622357E-1,8.772829596669E-2));
#6581=DIRECTION('',(2.001233352361E-1,-8.806120838769E-1,4.295032111917E-1));
#6582=AXIS2_PLACEMENT_3D('',#6579,#6580,#6581);
#6583=PLANE('',#6582);
#6584=ORIENTED_EDGE('',*,*,#5052,.T.);
#6586=ORIENTED_EDGE('',*,*,#6585,.T.);
#6587=ORIENTED_EDGE('',*,*,#6415,.T.);
#6588=ORIENTED_EDGE('',*,*,#6572,.F.);
#6589=EDGE_LOOP('',(#6584,#6586,#6587,#6588));
#6590=FACE_OUTER_BOUND('',#6589,.F.);
#6592=CARTESIAN_POINT('',(-3.105E-2,4.063700530735E-1,8.331820809193E-1));
#6593=DIRECTION('',(-1.E0,0.E0,0.E0));
#6594=DIRECTION('',(0.E0,-8.987940462992E-1,4.383711467891E-1));
#6595=AXIS2_PLACEMENT_3D('',#6592,#6593,#6594);
#6596=PLANE('',#6595);
#6597=ORIENTED_EDGE('',*,*,#5088,.F.);
#6599=ORIENTED_EDGE('',*,*,#6598,.T.);
#6600=ORIENTED_EDGE('',*,*,#6417,.T.);
#6601=ORIENTED_EDGE('',*,*,#6585,.F.);
#6602=EDGE_LOOP('',(#6597,#6599,#6600,#6601));
#6603=FACE_OUTER_BOUND('',#6602,.F.);
#6605=CARTESIAN_POINT('',(3.105E-2,4.063700530735E-1,8.331820809193E-1));
#6606=DIRECTION('',(0.E0,8.987940462992E-1,-4.383711467891E-1));
#6607=DIRECTION('',(-1.E0,0.E0,0.E0));
#6608=AXIS2_PLACEMENT_3D('',#6605,#6606,#6607);
#6609=PLANE('',#6608);
#6610=ORIENTED_EDGE('',*,*,#5086,.T.);
#6612=ORIENTED_EDGE('',*,*,#6611,.T.);
#6613=ORIENTED_EDGE('',*,*,#6419,.T.);
#6614=ORIENTED_EDGE('',*,*,#6598,.F.);
#6615=EDGE_LOOP('',(#6610,#6612,#6613,#6614));
#6616=FACE_OUTER_BOUND('',#6615,.F.);
#6618=CARTESIAN_POINT('',(3.105E-2,3.784624979359E-1,8.467935050271E-1));
#6619=DIRECTION('',(1.E0,0.E0,0.E0));
#6620=DIRECTION('',(0.E0,8.987940462992E-1,-4.383711467891E-1));
#6621=AXIS2_PLACEMENT_3D('',#6618,#6619,#6620);
#6622=PLANE('',#6621);
#6623=ORIENTED_EDGE('',*,*,#5084,.T.);
#6625=ORIENTED_EDGE('',*,*,#6624,.T.);
#6626=ORIENTED_EDGE('',*,*,#6421,.T.);
#6627=ORIENTED_EDGE('',*,*,#6611,.F.);
#6628=EDGE_LOOP('',(#6623,#6625,#6626,#6627));
#6629=FACE_OUTER_BOUND('',#6628,.F.);
#6631=CARTESIAN_POINT('',(2.972872356176E-2,3.726484228399E-1,
8.496292189238E-1));
#6632=DIRECTION('',(9.797707167625E-1,-1.798696471198E-1,8.772828859416E-2));
#6633=DIRECTION('',(2.001233184181E-1,8.806120869644E-1,-4.295032126975E-1));
#6634=AXIS2_PLACEMENT_3D('',#6631,#6632,#6633);
#6635=PLANE('',#6634);
#6636=ORIENTED_EDGE('',*,*,#5082,.T.);
#6638=ORIENTED_EDGE('',*,*,#6637,.T.);
#6639=ORIENTED_EDGE('',*,*,#6423,.T.);
#6640=ORIENTED_EDGE('',*,*,#6624,.F.);
#6641=EDGE_LOOP('',(#6636,#6638,#6639,#6640));
#6642=FACE_OUTER_BOUND('',#6641,.F.);
#6644=CARTESIAN_POINT('',(2.576489424706E-2,3.679971647593E-1,
8.518977890676E-1));
#6645=DIRECTION('',(7.938781110087E-1,-5.465359185101E-1,2.665633782792E-1));
#6646=DIRECTION('',(6.080769234738E-1,7.135329196618E-1,-3.480132579336E-1));
#6647=AXIS2_PLACEMENT_3D('',#6644,#6645,#6646);
#6648=PLANE('',#6647);
#6649=ORIENTED_EDGE('',*,*,#5080,.T.);
#6651=ORIENTED_EDGE('',*,*,#6650,.T.);
#6652=ORIENTED_EDGE('',*,*,#6425,.T.);
#6653=ORIENTED_EDGE('',*,*,#6637,.F.);
#6654=EDGE_LOOP('',(#6649,#6651,#6652,#6653));
#6655=FACE_OUTER_BOUND('',#6654,.F.);
#6657=CARTESIAN_POINT('',(2.047978849411E-2,3.645087203671E-1,
8.535992170810E-1));
#6658=DIRECTION('',(5.919095487496E-1,-7.244319522640E-1,3.533290713175E-1));
#6659=DIRECTION('',(8.060043958311E-1,5.320047783638E-1,-2.594760676808E-1));
#6660=AXIS2_PLACEMENT_3D('',#6657,#6658,#6659);
#6661=PLANE('',#6660);
#6662=ORIENTED_EDGE('',*,*,#5078,.T.);
#6664=ORIENTED_EDGE('',*,*,#6663,.T.);
#6665=ORIENTED_EDGE('',*,*,#6427,.T.);
#6666=ORIENTED_EDGE('',*,*,#6650,.F.);
#6667=EDGE_LOOP('',(#6662,#6664,#6665,#6666));
#6668=FACE_OUTER_BOUND('',#6667,.F.);
#6670=CARTESIAN_POINT('',(1.651595917940E-2,3.633459066786E-1,
8.541663592113E-1));
#6671=DIRECTION('',(3.102797975506E-1,-8.544343172607E-1,4.167354613171E-1));
#6672=DIRECTION('',(9.506452793929E-1,2.788776347254E-1,-1.360177106777E-1));
#6673=AXIS2_PLACEMENT_3D('',#6670,#6671,#6672);
#6674=PLANE('',#6673);
#6675=ORIENTED_EDGE('',*,*,#5076,.T.);
#6677=ORIENTED_EDGE('',*,*,#6676,.T.);
#6678=ORIENTED_EDGE('',*,*,#6429,.T.);
#6679=ORIENTED_EDGE('',*,*,#6663,.F.);
#6680=EDGE_LOOP('',(#6675,#6677,#6678,#6679));
#6681=FACE_OUTER_BOUND('',#6680,.F.);
#6683=CARTESIAN_POINT('',(1.123084972501E-2,3.633459066786E-1,
8.541663592113E-1));
#6684=DIRECTION('',(0.E0,-8.987940462992E-1,4.383711467891E-1));
#6685=DIRECTION('',(1.E0,0.E0,0.E0));
#6686=AXIS2_PLACEMENT_3D('',#6683,#6684,#6685);
#6687=PLANE('',#6686);
#6688=ORIENTED_EDGE('',*,*,#5074,.F.);
#6690=ORIENTED_EDGE('',*,*,#6689,.T.);
#6691=ORIENTED_EDGE('',*,*,#6431,.T.);
#6692=ORIENTED_EDGE('',*,*,#6676,.F.);
#6693=EDGE_LOOP('',(#6688,#6690,#6691,#6692));
#6694=FACE_OUTER_BOUND('',#6693,.F.);
#6696=CARTESIAN_POINT('',(7.267020410299E-3,3.645087203671E-1,
8.535992170810E-1));
#6697=DIRECTION('',(-3.102797975506E-1,-8.544343172607E-1,4.167354613171E-1));
#6698=DIRECTION('',(9.506452793929E-1,-2.788776347254E-1,1.360177106777E-1));
#6699=AXIS2_PLACEMENT_3D('',#6696,#6697,#6698);
#6700=PLANE('',#6699);
#6701=ORIENTED_EDGE('',*,*,#5072,.F.);
#6703=ORIENTED_EDGE('',*,*,#6702,.T.);
#6704=ORIENTED_EDGE('',*,*,#6433,.T.);
#6705=ORIENTED_EDGE('',*,*,#6689,.F.);
#6706=EDGE_LOOP('',(#6701,#6703,#6704,#6705));
#6707=FACE_OUTER_BOUND('',#6706,.F.);
#6709=CARTESIAN_POINT('',(1.981914657354E-3,3.679971647593E-1,
8.518977890676E-1));
#6710=DIRECTION('',(-5.919095487496E-1,-7.244319522640E-1,3.533290713175E-1));
#6711=DIRECTION('',(8.060043958311E-1,-5.320047783638E-1,2.594760676808E-1));
#6712=AXIS2_PLACEMENT_3D('',#6709,#6710,#6711);
#6713=PLANE('',#6712);
#6714=ORIENTED_EDGE('',*,*,#5070,.F.);
#6715=ORIENTED_EDGE('',*,*,#6483,.T.);
#6716=ORIENTED_EDGE('',*,*,#6435,.T.);
#6717=ORIENTED_EDGE('',*,*,#6702,.F.);
#6718=EDGE_LOOP('',(#6714,#6715,#6716,#6717));
#6719=FACE_OUTER_BOUND('',#6718,.F.);
#6721=CARTESIAN_POINT('',(2.312234137058E-2,3.993931642891E-1,
8.365849369463E-1));
#6722=DIRECTION('',(-1.E0,0.E0,0.E0));
#6723=DIRECTION('',(0.E0,-8.987940462992E-1,4.383711467891E-1));
#6724=AXIS2_PLACEMENT_3D('',#6721,#6722,#6723);
#6725=PLANE('',#6724);
#6726=ORIENTED_EDGE('',*,*,#5630,.F.);
#6728=ORIENTED_EDGE('',*,*,#6727,.T.);
#6729=ORIENTED_EDGE('',*,*,#6439,.T.);
#6731=ORIENTED_EDGE('',*,*,#6730,.F.);
#6732=EDGE_LOOP('',(#6726,#6728,#6729,#6731));
#6733=FACE_OUTER_BOUND('',#6732,.F.);
#6735=CARTESIAN_POINT('',(4.624467533827E-3,3.993931642891E-1,
8.365849369463E-1));
#6736=DIRECTION('',(0.E0,-8.987940462992E-1,4.383711467891E-1));
#6737=DIRECTION('',(1.E0,0.E0,0.E0));
#6738=AXIS2_PLACEMENT_3D('',#6735,#6736,#6737);
#6739=PLANE('',#6738);
#6740=ORIENTED_EDGE('',*,*,#5628,.F.);
#6742=ORIENTED_EDGE('',*,*,#6741,.T.);
#6743=ORIENTED_EDGE('',*,*,#6441,.T.);
#6744=ORIENTED_EDGE('',*,*,#6727,.F.);
#6745=EDGE_LOOP('',(#6740,#6742,#6743,#6744));
#6746=FACE_OUTER_BOUND('',#6745,.F.);
#6748=CARTESIAN_POINT('',(4.624467533827E-3,3.772996842474E-1,
8.473606471574E-1));
#6749=DIRECTION('',(1.E0,0.E0,0.E0));
#6750=DIRECTION('',(0.E0,8.987940462992E-1,-4.383711467891E-1));
#6751=AXIS2_PLACEMENT_3D('',#6748,#6749,#6750);
#6752=PLANE('',#6751);
#6753=ORIENTED_EDGE('',*,*,#5646,.T.);
#6755=ORIENTED_EDGE('',*,*,#6754,.T.);
#6756=ORIENTED_EDGE('',*,*,#6443,.T.);
#6757=ORIENTED_EDGE('',*,*,#6741,.F.);
#6758=EDGE_LOOP('',(#6753,#6755,#6756,#6757));
#6759=FACE_OUTER_BOUND('',#6758,.F.);
#6761=CARTESIAN_POINT('',(5.945743972063E-3,3.738112398552E-1,
8.490620751709E-1));
#6762=DIRECTION('',(9.466499177700E-1,2.896487518614E-1,-1.412711355202E-1));
#6763=DIRECTION('',(-3.222637633772E-1,8.508433100213E-1,-4.149840100606E-1));
#6764=AXIS2_PLACEMENT_3D('',#6761,#6762,#6763);
#6765=PLANE('',#6764);
#6766=ORIENTED_EDGE('',*,*,#5644,.F.);
#6768=ORIENTED_EDGE('',*,*,#6767,.T.);
#6769=ORIENTED_EDGE('',*,*,#6445,.T.);
#6770=ORIENTED_EDGE('',*,*,#6754,.F.);
#6771=EDGE_LOOP('',(#6766,#6768,#6769,#6770));
#6772=FACE_OUTER_BOUND('',#6771,.F.);
#6774=CARTESIAN_POINT('',(8.588296848536E-3,3.714856091515E-1,
8.501963610541E-1));
#6775=DIRECTION('',(6.996250055017E-1,6.421975299900E-1,-3.132206636726E-1));
#6776=DIRECTION('',(-7.145102180353E-1,6.288187895869E-1,-3.066954159841E-1));
#6777=AXIS2_PLACEMENT_3D('',#6774,#6775,#6776);
#6778=PLANE('',#6777);
#6779=ORIENTED_EDGE('',*,*,#5642,.T.);
#6781=ORIENTED_EDGE('',*,*,#6780,.T.);
#6782=ORIENTED_EDGE('',*,*,#6447,.T.);
#6783=ORIENTED_EDGE('',*,*,#6767,.F.);
#6784=EDGE_LOOP('',(#6779,#6781,#6782,#6783));
#6785=FACE_OUTER_BOUND('',#6784,.F.);
#6787=CARTESIAN_POINT('',(1.255212616324E-2,3.703227954630E-1,
8.507635031844E-1));
#6788=DIRECTION('',(3.102797975506E-1,8.544343172607E-1,-4.167354613171E-1));
#6789=DIRECTION('',(-9.506452793929E-1,2.788776347254E-1,-1.360177106777E-1));
#6790=AXIS2_PLACEMENT_3D('',#6787,#6788,#6789);
#6791=PLANE('',#6790);
#6792=ORIENTED_EDGE('',*,*,#5640,.T.);
#6794=ORIENTED_EDGE('',*,*,#6793,.T.);
#6795=ORIENTED_EDGE('',*,*,#6449,.T.);
#6796=ORIENTED_EDGE('',*,*,#6780,.F.);
#6797=EDGE_LOOP('',(#6792,#6794,#6795,#6796));
#6798=FACE_OUTER_BOUND('',#6797,.F.);
#6800=CARTESIAN_POINT('',(1.519467903972E-2,3.703227954630E-1,
8.507635031844E-1));
#6801=DIRECTION('',(0.E0,8.987940462992E-1,-4.383711467891E-1));
#6802=DIRECTION('',(-1.E0,0.E0,0.E0));
#6803=AXIS2_PLACEMENT_3D('',#6800,#6801,#6802);
#6804=PLANE('',#6803);
#6805=ORIENTED_EDGE('',*,*,#5638,.T.);
#6807=ORIENTED_EDGE('',*,*,#6806,.T.);
#6808=ORIENTED_EDGE('',*,*,#6451,.T.);
#6809=ORIENTED_EDGE('',*,*,#6793,.F.);
#6810=EDGE_LOOP('',(#6805,#6807,#6808,#6809));
#6811=FACE_OUTER_BOUND('',#6810,.F.);
#6813=CARTESIAN_POINT('',(1.915851205587E-2,3.714856091515E-1,
8.501963610541E-1));
#6814=DIRECTION('',(-3.102795357040E-1,8.544343940750E-1,-4.167354987819E-1));
#6815=DIRECTION('',(-9.506453648566E-1,-2.788773993793E-1,1.360175958918E-1));
#6816=AXIS2_PLACEMENT_3D('',#6813,#6814,#6815);
#6817=PLANE('',#6816);
#6818=ORIENTED_EDGE('',*,*,#5636,.F.);
#6820=ORIENTED_EDGE('',*,*,#6819,.T.);
#6821=ORIENTED_EDGE('',*,*,#6453,.T.);
#6822=ORIENTED_EDGE('',*,*,#6806,.F.);
#6823=EDGE_LOOP('',(#6818,#6820,#6821,#6822));
#6824=FACE_OUTER_BOUND('',#6823,.F.);
#6826=CARTESIAN_POINT('',(2.180106493235E-2,3.738112398552E-1,
8.490620751709E-1));
#6827=DIRECTION('',(-6.996250055017E-1,6.421975299900E-1,-3.132206636726E-1));
#6828=DIRECTION('',(-7.145102180353E-1,-6.288187895869E-1,3.066954159841E-1));
#6829=AXIS2_PLACEMENT_3D('',#6826,#6827,#6828);
#6830=PLANE('',#6829);
#6831=ORIENTED_EDGE('',*,*,#5634,.F.);
#6833=ORIENTED_EDGE('',*,*,#6832,.T.);
#6834=ORIENTED_EDGE('',*,*,#6455,.T.);
#6835=ORIENTED_EDGE('',*,*,#6819,.F.);
#6836=EDGE_LOOP('',(#6831,#6833,#6834,#6835));
#6837=FACE_OUTER_BOUND('',#6836,.F.);
#6839=CARTESIAN_POINT('',(2.312234137058E-2,3.772996842474E-1,
8.473606471574E-1));
#6840=DIRECTION('',(-9.466499177700E-1,2.896487518614E-1,-1.412711355202E-1));
#6841=DIRECTION('',(-3.222637633772E-1,-8.508433100213E-1,4.149840100606E-1));
#6842=AXIS2_PLACEMENT_3D('',#6839,#6840,#6841);
#6843=PLANE('',#6842);
#6844=ORIENTED_EDGE('',*,*,#5632,.F.);
#6845=ORIENTED_EDGE('',*,*,#6730,.T.);
#6846=ORIENTED_EDGE('',*,*,#6457,.T.);
#6847=ORIENTED_EDGE('',*,*,#6832,.F.);
#6848=EDGE_LOOP('',(#6844,#6845,#6846,#6847));
#6849=FACE_OUTER_BOUND('',#6848,.F.);
#6851=CARTESIAN_POINT('',(-9.909575137496E-3,9.27E-1,3.751875123382E-2));
#6852=DIRECTION('',(1.E0,0.E0,0.E0));
#6853=DIRECTION('',(0.E0,0.E0,-1.E0));
#6854=AXIS2_PLACEMENT_3D('',#6851,#6852,#6853);
#6855=PLANE('',#6854);
#6856=ORIENTED_EDGE('',*,*,#5657,.T.);
#6857=ORIENTED_EDGE('',*,*,#5548,.T.);
#6858=ORIENTED_EDGE('',*,*,#5533,.T.);
#6860=ORIENTED_EDGE('',*,*,#6859,.F.);
#6861=EDGE_LOOP('',(#6856,#6857,#6858,#6860));
#6862=FACE_OUTER_BOUND('',#6861,.F.);
#6864=CARTESIAN_POINT('',(-9.909575137496E-3,9.27E-1,1.423125030845E-2));
#6865=DIRECTION('',(-3.102799990428E-1,0.E0,9.506452136281E-1));
#6866=DIRECTION('',(9.506452136281E-1,0.E0,3.102799990428E-1));
#6867=AXIS2_PLACEMENT_3D('',#6864,#6865,#6866);
#6868=PLANE('',#6867);
#6869=ORIENTED_EDGE('',*,*,#5659,.F.);
#6870=ORIENTED_EDGE('',*,*,#6859,.T.);
#6871=ORIENTED_EDGE('',*,*,#5531,.T.);
#6872=ORIENTED_EDGE('',*,*,#5545,.F.);
#6873=EDGE_LOOP('',(#6869,#6870,#6871,#6872));
#6874=FACE_OUTER_BOUND('',#6873,.F.);
#6876=CARTESIAN_POINT('',(-1.242E-1,0.E0,0.E0));
#6877=DIRECTION('',(1.E0,0.E0,0.E0));
#6878=DIRECTION('',(0.E0,-1.E0,0.E0));
#6879=AXIS2_PLACEMENT_3D('',#6876,#6877,#6878);
#6880=TOROIDAL_SURFACE('',#6879,8.132E-1,1.38E-2);
#6882=ORIENTED_EDGE('',*,*,#6881,.T.);
#6884=ORIENTED_EDGE('',*,*,#6883,.T.);
#6886=ORIENTED_EDGE('',*,*,#6885,.F.);
#6887=ORIENTED_EDGE('',*,*,#5671,.F.);
#6888=EDGE_LOOP('',(#6882,#6884,#6886,#6887));
#6889=FACE_OUTER_BOUND('',#6888,.F.);
#6891=CARTESIAN_POINT('',(-1.242E-1,0.E0,0.E0));
#6892=DIRECTION('',(1.E0,0.E0,0.E0));
#6893=DIRECTION('',(0.E0,-1.E0,0.E0));
#6894=AXIS2_PLACEMENT_3D('',#6891,#6892,#6893);
#6895=TOROIDAL_SURFACE('',#6894,8.132E-1,1.38E-2);
#6896=ORIENTED_EDGE('',*,*,#6881,.F.);
#6897=ORIENTED_EDGE('',*,*,#4906,.T.);
#6898=ORIENTED_EDGE('',*,*,#6885,.T.);
#6900=ORIENTED_EDGE('',*,*,#6899,.F.);
#6901=EDGE_LOOP('',(#6896,#6897,#6898,#6900));
#6902=FACE_OUTER_BOUND('',#6901,.F.);
#6904=CARTESIAN_POINT('',(-1.38E-1,0.E0,0.E0));
#6905=DIRECTION('',(1.E0,0.E0,0.E0));
#6906=DIRECTION('',(0.E0,-1.E0,0.E0));
#6907=AXIS2_PLACEMENT_3D('',#6904,#6905,#6906);
#6908=PLANE('',#6907);
#6909=ORIENTED_EDGE('',*,*,#6883,.F.);
#6910=ORIENTED_EDGE('',*,*,#6899,.T.);
#6911=EDGE_LOOP('',(#6909,#6910));
#6912=FACE_OUTER_BOUND('',#6911,.F.);
#6914=ORIENTED_EDGE('',*,*,#6913,.F.);
#6916=ORIENTED_EDGE('',*,*,#6915,.T.);
#6917=EDGE_LOOP('',(#6914,#6916));
#6918=FACE_BOUND('',#6917,.F.);
#6920=CARTESIAN_POINT('',(-1.518E-1,0.E0,0.E0));
#6921=DIRECTION('',(1.E0,0.E0,0.E0));
#6922=DIRECTION('',(0.E0,-1.E0,0.E0));
#6923=AXIS2_PLACEMENT_3D('',#6920,#6921,#6922);
#6924=CYLINDRICAL_SURFACE('',#6923,7.5705E-1);
#6926=ORIENTED_EDGE('',*,*,#6925,.T.);
#6928=ORIENTED_EDGE('',*,*,#6927,.F.);
#6929=ORIENTED_EDGE('',*,*,#6913,.T.);
#6931=ORIENTED_EDGE('',*,*,#6930,.T.);
#6932=EDGE_LOOP('',(#6926,#6928,#6929,#6931));
#6933=FACE_OUTER_BOUND('',#6932,.F.);
#6935=CARTESIAN_POINT('',(-1.242E-1,0.E0,0.E0));
#6936=DIRECTION('',(1.E0,0.E0,0.E0));
#6937=DIRECTION('',(0.E0,0.E0,1.E0));
#6938=AXIS2_PLACEMENT_3D('',#6935,#6936,#6937);
#6939=PLANE('',#6938);
#6940=ORIENTED_EDGE('',*,*,#6925,.F.);
#6942=ORIENTED_EDGE('',*,*,#6941,.F.);
#6943=EDGE_LOOP('',(#6940,#6942));
#6944=FACE_OUTER_BOUND('',#6943,.F.);
#6946=ORIENTED_EDGE('',*,*,#6945,.F.);
#6948=ORIENTED_EDGE('',*,*,#6947,.F.);
#6949=EDGE_LOOP('',(#6946,#6948));
#6950=FACE_BOUND('',#6949,.F.);
#6952=FILL_AREA_STYLE_COLOUR('',#9);
#6953=FILL_AREA_STYLE('',(#6952));
#6954=SURFACE_STYLE_FILL_AREA(#6953);
#6955=SURFACE_SIDE_STYLE('',(#6954));
#6956=SURFACE_STYLE_USAGE(.POSITIVE.,#6955);
#6957=PRESENTATION_STYLE_ASSIGNMENT((#6956));
#6958=STYLED_ITEM('',(#6957),#6951);
#6959=CARTESIAN_POINT('',(-1.518E-1,0.E0,0.E0));
#6960=DIRECTION('',(1.E0,0.E0,0.E0));
#6961=DIRECTION('',(0.E0,-1.E0,0.E0));
#6962=AXIS2_PLACEMENT_3D('',#6959,#6960,#6961);
#6963=CYLINDRICAL_SURFACE('',#6962,6.6045E-1);
#6964=ORIENTED_EDGE('',*,*,#6945,.T.);
#6966=ORIENTED_EDGE('',*,*,#6965,.T.);
#6968=ORIENTED_EDGE('',*,*,#6967,.F.);
#6970=ORIENTED_EDGE('',*,*,#6969,.F.);
#6971=EDGE_LOOP('',(#6964,#6966,#6968,#6970));
#6972=FACE_OUTER_BOUND('',#6971,.F.);
#6974=CARTESIAN_POINT('',(-1.518E-1,0.E0,0.E0));
#6975=DIRECTION('',(1.E0,0.E0,0.E0));
#6976=DIRECTION('',(0.E0,-1.E0,0.E0));
#6977=AXIS2_PLACEMENT_3D('',#6974,#6975,#6976);
#6978=CYLINDRICAL_SURFACE('',#6977,6.6045E-1);
#6979=ORIENTED_EDGE('',*,*,#6947,.T.);
#6980=ORIENTED_EDGE('',*,*,#6969,.T.);
#6982=ORIENTED_EDGE('',*,*,#6981,.T.);
#6983=ORIENTED_EDGE('',*,*,#6965,.F.);
#6984=EDGE_LOOP('',(#6979,#6980,#6982,#6983));
#6985=FACE_OUTER_BOUND('',#6984,.F.);
#6987=CARTESIAN_POINT('',(-1.38E-1,0.E0,0.E0));
#6988=DIRECTION('',(1.E0,0.E0,0.E0));
#6989=DIRECTION('',(0.E0,-1.E0,0.E0));
#6990=AXIS2_PLACEMENT_3D('',#6987,#6988,#6989);
#6991=PLANE('',#6990);
#6992=ORIENTED_EDGE('',*,*,#6981,.F.);
#6993=ORIENTED_EDGE('',*,*,#6967,.T.);
#6994=EDGE_LOOP('',(#6992,#6993));
#6995=FACE_OUTER_BOUND('',#6994,.F.);
#6997=ORIENTED_EDGE('',*,*,#6996,.F.);
#6999=ORIENTED_EDGE('',*,*,#6998,.T.);
#7000=EDGE_LOOP('',(#6997,#6999));
#7001=FACE_BOUND('',#7000,.F.);
#7003=CARTESIAN_POINT('',(-1.242E-1,0.E0,0.E0));
#7004=DIRECTION('',(1.E0,0.E0,0.E0));
#7005=DIRECTION('',(0.E0,-1.E0,0.E0));
#7006=AXIS2_PLACEMENT_3D('',#7003,#7004,#7005);
#7007=TOROIDAL_SURFACE('',#7006,6.043E-1,1.38E-2);
#7009=ORIENTED_EDGE('',*,*,#7008,.F.);
#7010=ORIENTED_EDGE('',*,*,#6996,.T.);
#7012=ORIENTED_EDGE('',*,*,#7011,.T.);
#7014=ORIENTED_EDGE('',*,*,#7013,.F.);
#7015=EDGE_LOOP('',(#7009,#7010,#7012,#7014));
#7016=FACE_OUTER_BOUND('',#7015,.F.);
#7018=CARTESIAN_POINT('',(-1.242E-1,0.E0,0.E0));
#7019=DIRECTION('',(1.E0,0.E0,0.E0));
#7020=DIRECTION('',(0.E0,-1.E0,0.E0));
#7021=AXIS2_PLACEMENT_3D('',#7018,#7019,#7020);
#7022=TOROIDAL_SURFACE('',#7021,6.043E-1,1.38E-2);
#7023=ORIENTED_EDGE('',*,*,#7008,.T.);
#7025=ORIENTED_EDGE('',*,*,#7024,.T.);
#7026=ORIENTED_EDGE('',*,*,#7011,.F.);
#7027=ORIENTED_EDGE('',*,*,#6998,.F.);
#7028=EDGE_LOOP('',(#7023,#7025,#7026,#7027));
#7029=FACE_OUTER_BOUND('',#7028,.F.);
#7031=CARTESIAN_POINT('',(-1.518E-1,0.E0,0.E0));
#7032=DIRECTION('',(1.E0,0.E0,0.E0));
#7033=DIRECTION('',(0.E0,-1.E0,0.E0));
#7034=AXIS2_PLACEMENT_3D('',#7031,#7032,#7033);
#7035=CYLINDRICAL_SURFACE('',#7034,5.905E-1);
#7037=ORIENTED_EDGE('',*,*,#7036,.T.);
#7039=ORIENTED_EDGE('',*,*,#7038,.T.);
#7041=ORIENTED_EDGE('',*,*,#7040,.F.);
#7042=ORIENTED_EDGE('',*,*,#7024,.F.);
#7043=EDGE_LOOP('',(#7037,#7039,#7041,#7042));
#7044=FACE_OUTER_BOUND('',#7043,.F.);
#7046=CARTESIAN_POINT('',(-1.518E-1,0.E0,0.E0));
#7047=DIRECTION('',(1.E0,0.E0,0.E0));
#7048=DIRECTION('',(0.E0,-1.E0,0.E0));
#7049=AXIS2_PLACEMENT_3D('',#7046,#7047,#7048);
#7050=CYLINDRICAL_SURFACE('',#7049,5.905E-1);
#7051=ORIENTED_EDGE('',*,*,#7036,.F.);
#7052=ORIENTED_EDGE('',*,*,#7013,.T.);
#7053=ORIENTED_EDGE('',*,*,#7040,.T.);
#7055=ORIENTED_EDGE('',*,*,#7054,.F.);
#7056=EDGE_LOOP('',(#7051,#7052,#7053,#7055));
#7057=FACE_OUTER_BOUND('',#7056,.F.);
#7059=CARTESIAN_POINT('',(1.242E-1,0.E0,0.E0));
#7060=DIRECTION('',(1.E0,0.E0,0.E0));
#7061=DIRECTION('',(0.E0,-1.E0,0.E0));
#7062=AXIS2_PLACEMENT_3D('',#7059,#7060,#7061);
#7063=TOROIDAL_SURFACE('',#7062,6.043E-1,1.38E-2);
#7065=ORIENTED_EDGE('',*,*,#7064,.F.);
#7066=ORIENTED_EDGE('',*,*,#7054,.T.);
#7068=ORIENTED_EDGE('',*,*,#7067,.T.);
#7070=ORIENTED_EDGE('',*,*,#7069,.F.);
#7071=EDGE_LOOP('',(#7065,#7066,#7068,#7070));
#7072=FACE_OUTER_BOUND('',#7071,.F.);
#7074=CARTESIAN_POINT('',(1.242E-1,0.E0,0.E0));
#7075=DIRECTION('',(1.E0,0.E0,0.E0));
#7076=DIRECTION('',(0.E0,-1.E0,0.E0));
#7077=AXIS2_PLACEMENT_3D('',#7074,#7075,#7076);
#7078=TOROIDAL_SURFACE('',#7077,6.043E-1,1.38E-2);
#7079=ORIENTED_EDGE('',*,*,#7064,.T.);
#7081=ORIENTED_EDGE('',*,*,#7080,.T.);
#7082=ORIENTED_EDGE('',*,*,#7067,.F.);
#7083=ORIENTED_EDGE('',*,*,#7038,.F.);
#7084=EDGE_LOOP('',(#7079,#7081,#7082,#7083));
#7085=FACE_OUTER_BOUND('',#7084,.F.);
#7087=CARTESIAN_POINT('',(1.38E-1,0.E0,0.E0));
#7088=DIRECTION('',(1.E0,0.E0,0.E0));
#7089=DIRECTION('',(0.E0,-1.E0,0.E0));
#7090=AXIS2_PLACEMENT_3D('',#7087,#7088,#7089);
#7091=PLANE('',#7090);
#7093=ORIENTED_EDGE('',*,*,#7092,.F.);
#7095=ORIENTED_EDGE('',*,*,#7094,.T.);
#7096=EDGE_LOOP('',(#7093,#7095));
#7097=FACE_OUTER_BOUND('',#7096,.F.);
#7098=ORIENTED_EDGE('',*,*,#7080,.F.);
#7099=ORIENTED_EDGE('',*,*,#7069,.T.);
#7100=EDGE_LOOP('',(#7098,#7099));
#7101=FACE_BOUND('',#7100,.F.);
#7103=CARTESIAN_POINT('',(-1.518E-1,0.E0,0.E0));
#7104=DIRECTION('',(1.E0,0.E0,0.E0));
#7105=DIRECTION('',(0.E0,-1.E0,0.E0));
#7106=AXIS2_PLACEMENT_3D('',#7103,#7104,#7105);
#7107=CYLINDRICAL_SURFACE('',#7106,6.6045E-1);
#7109=ORIENTED_EDGE('',*,*,#7108,.T.);
#7111=ORIENTED_EDGE('',*,*,#7110,.F.);
#7112=ORIENTED_EDGE('',*,*,#7092,.T.);
#7114=ORIENTED_EDGE('',*,*,#7113,.T.);
#7115=EDGE_LOOP('',(#7109,#7111,#7112,#7114));
#7116=FACE_OUTER_BOUND('',#7115,.F.);
#7118=CARTESIAN_POINT('',(1.242E-1,0.E0,0.E0));
#7119=DIRECTION('',(1.E0,0.E0,0.E0));
#7120=DIRECTION('',(0.E0,0.E0,1.E0));
#7121=AXIS2_PLACEMENT_3D('',#7118,#7119,#7120);
#7122=PLANE('',#7121);
#7124=ORIENTED_EDGE('',*,*,#7123,.F.);
#7126=ORIENTED_EDGE('',*,*,#7125,.F.);
#7127=EDGE_LOOP('',(#7124,#7126));
#7128=FACE_OUTER_BOUND('',#7127,.F.);
#7129=ORIENTED_EDGE('',*,*,#7108,.F.);
#7131=ORIENTED_EDGE('',*,*,#7130,.F.);
#7132=EDGE_LOOP('',(#7129,#7131));
#7133=FACE_BOUND('',#7132,.F.);
#7135=FILL_AREA_STYLE_COLOUR('',#9);
#7136=FILL_AREA_STYLE('',(#7135));
#7137=SURFACE_STYLE_FILL_AREA(#7136);
#7138=SURFACE_SIDE_STYLE('',(#7137));
#7139=SURFACE_STYLE_USAGE(.POSITIVE.,#7138);
#7140=PRESENTATION_STYLE_ASSIGNMENT((#7139));
#7141=STYLED_ITEM('',(#7140),#7134);
#7142=CARTESIAN_POINT('',(-1.518E-1,0.E0,0.E0));
#7143=DIRECTION('',(1.E0,0.E0,0.E0));
#7144=DIRECTION('',(0.E0,-1.E0,0.E0));
#7145=AXIS2_PLACEMENT_3D('',#7142,#7143,#7144);
#7146=CYLINDRICAL_SURFACE('',#7145,6.6045E-1);
#7147=ORIENTED_EDGE('',*,*,#7130,.T.);
#7148=ORIENTED_EDGE('',*,*,#7113,.F.);
#7149=ORIENTED_EDGE('',*,*,#7094,.F.);
#7150=ORIENTED_EDGE('',*,*,#7110,.T.);
#7151=EDGE_LOOP('',(#7147,#7148,#7149,#7150));
#7152=FACE_OUTER_BOUND('',#7151,.F.);
#7154=CARTESIAN_POINT('',(-1.518E-1,0.E0,0.E0));
#7155=DIRECTION('',(1.E0,0.E0,0.E0));
#7156=DIRECTION('',(0.E0,-1.E0,0.E0));
#7157=AXIS2_PLACEMENT_3D('',#7154,#7155,#7156);
#7158=CYLINDRICAL_SURFACE('',#7157,7.5705E-1);
#7159=ORIENTED_EDGE('',*,*,#7123,.T.);
#7161=ORIENTED_EDGE('',*,*,#7160,.T.);
#7163=ORIENTED_EDGE('',*,*,#7162,.F.);
#7165=ORIENTED_EDGE('',*,*,#7164,.F.);
#7166=EDGE_LOOP('',(#7159,#7161,#7163,#7165));
#7167=FACE_OUTER_BOUND('',#7166,.F.);
#7169=CARTESIAN_POINT('',(-1.518E-1,0.E0,0.E0));
#7170=DIRECTION('',(1.E0,0.E0,0.E0));
#7171=DIRECTION('',(0.E0,-1.E0,0.E0));
#7172=AXIS2_PLACEMENT_3D('',#7169,#7170,#7171);
#7173=CYLINDRICAL_SURFACE('',#7172,7.5705E-1);
#7174=ORIENTED_EDGE('',*,*,#7125,.T.);
#7175=ORIENTED_EDGE('',*,*,#7164,.T.);
#7177=ORIENTED_EDGE('',*,*,#7176,.T.);
#7178=ORIENTED_EDGE('',*,*,#7160,.F.);
#7179=EDGE_LOOP('',(#7174,#7175,#7177,#7178));
#7180=FACE_OUTER_BOUND('',#7179,.F.);
#7182=CARTESIAN_POINT('',(1.38E-1,0.E0,0.E0));
#7183=DIRECTION('',(1.E0,0.E0,0.E0));
#7184=DIRECTION('',(0.E0,-1.E0,0.E0));
#7185=AXIS2_PLACEMENT_3D('',#7182,#7183,#7184);
#7186=PLANE('',#7185);
#7188=ORIENTED_EDGE('',*,*,#7187,.F.);
#7190=ORIENTED_EDGE('',*,*,#7189,.T.);
#7191=EDGE_LOOP('',(#7188,#7190));
#7192=FACE_OUTER_BOUND('',#7191,.F.);
#7193=ORIENTED_EDGE('',*,*,#7176,.F.);
#7194=ORIENTED_EDGE('',*,*,#7162,.T.);
#7195=EDGE_LOOP('',(#7193,#7194));
#7196=FACE_BOUND('',#7195,.F.);
#7198=CARTESIAN_POINT('',(1.242E-1,0.E0,0.E0));
#7199=DIRECTION('',(1.E0,0.E0,0.E0));
#7200=DIRECTION('',(0.E0,-1.E0,0.E0));
#7201=AXIS2_PLACEMENT_3D('',#7198,#7199,#7200);
#7202=TOROIDAL_SURFACE('',#7201,8.132E-1,1.38E-2);
#7204=ORIENTED_EDGE('',*,*,#7203,.F.);
#7205=ORIENTED_EDGE('',*,*,#7187,.T.);
#7207=ORIENTED_EDGE('',*,*,#7206,.T.);
#7208=ORIENTED_EDGE('',*,*,#4902,.F.);
#7209=EDGE_LOOP('',(#7204,#7205,#7207,#7208));
#7210=FACE_OUTER_BOUND('',#7209,.F.);
#7212=CARTESIAN_POINT('',(1.242E-1,0.E0,0.E0));
#7213=DIRECTION('',(1.E0,0.E0,0.E0));
#7214=DIRECTION('',(0.E0,-1.E0,0.E0));
#7215=AXIS2_PLACEMENT_3D('',#7212,#7213,#7214);
#7216=TOROIDAL_SURFACE('',#7215,8.132E-1,1.38E-2);
#7217=ORIENTED_EDGE('',*,*,#7203,.T.);
#7218=ORIENTED_EDGE('',*,*,#5674,.T.);
#7219=ORIENTED_EDGE('',*,*,#7206,.F.);
#7220=ORIENTED_EDGE('',*,*,#7189,.F.);
#7221=EDGE_LOOP('',(#7217,#7218,#7219,#7220));
#7222=FACE_OUTER_BOUND('',#7221,.F.);
#7224=CARTESIAN_POINT('',(-1.518E-1,0.E0,0.E0));
#7225=DIRECTION('',(1.E0,0.E0,0.E0));
#7226=DIRECTION('',(0.E0,-1.E0,0.E0));
#7227=AXIS2_PLACEMENT_3D('',#7224,#7225,#7226);
#7228=CYLINDRICAL_SURFACE('',#7227,7.5705E-1);
#7229=ORIENTED_EDGE('',*,*,#6941,.T.);
#7230=ORIENTED_EDGE('',*,*,#6930,.F.);
#7231=ORIENTED_EDGE('',*,*,#6915,.F.);
#7232=ORIENTED_EDGE('',*,*,#6927,.T.);
#7233=EDGE_LOOP('',(#7229,#7230,#7231,#7232));
#7234=FACE_OUTER_BOUND('',#7233,.F.);
#7236=CARTESIAN_POINT('',(2.972872356176E-2,8.868103221858E-1,
2.704394166718E-1));
#7237=DIRECTION('',(8.906052758868E-1,1.253535669907E-1,-4.371598401103E-1));
#7238=DIRECTION('',(-4.547771350481E-1,2.454840833221E-1,-8.561047379106E-1));
#7239=AXIS2_PLACEMENT_3D('',#7236,#7237,#7238);
#7240=PLANE('',#7239);
#7241=ORIENTED_EDGE('',*,*,#4924,.T.);
#7243=ORIENTED_EDGE('',*,*,#7242,.T.);
#7245=ORIENTED_EDGE('',*,*,#7244,.T.);
#7247=ORIENTED_EDGE('',*,*,#7246,.F.);
#7248=EDGE_LOOP('',(#7241,#7243,#7245,#7247));
#7249=FACE_OUTER_BOUND('',#7248,.F.);
#7251=CARTESIAN_POINT('',(3.105E-2,8.853838986994E-1,2.754139465413E-1));
#7252=DIRECTION('',(9.689177247618E-1,6.818804833612E-2,-2.377999846647E-1));
#7253=DIRECTION('',(-2.473831898946E-1,2.670699196576E-1,-9.313834953292E-1));
#7254=AXIS2_PLACEMENT_3D('',#7251,#7252,#7253);
#7255=PLANE('',#7254);
#7256=ORIENTED_EDGE('',*,*,#5030,.T.);
#7258=ORIENTED_EDGE('',*,*,#7257,.T.);
#7260=ORIENTED_EDGE('',*,*,#7259,.T.);
#7261=ORIENTED_EDGE('',*,*,#7242,.F.);
#7262=EDGE_LOOP('',(#7256,#7258,#7260,#7261));
#7263=FACE_OUTER_BOUND('',#7262,.F.);
#7265=CARTESIAN_POINT('',(3.105E-2,8.836008697240E-1,2.816321075439E-1));
#7266=DIRECTION('',(1.E0,0.E0,0.E0));
#7267=DIRECTION('',(0.E0,2.756373558170E-1,-9.612616959383E-1));
#7268=AXIS2_PLACEMENT_3D('',#7265,#7266,#7267);
#7269=PLANE('',#7268);
#7270=ORIENTED_EDGE('',*,*,#5028,.F.);
#7272=ORIENTED_EDGE('',*,*,#7271,.T.);
#7274=ORIENTED_EDGE('',*,*,#7273,.T.);
#7275=ORIENTED_EDGE('',*,*,#7257,.F.);
#7276=EDGE_LOOP('',(#7270,#7272,#7274,#7275));
#7277=FACE_OUTER_BOUND('',#7276,.F.);
#7279=CARTESIAN_POINT('',(2.972872356176E-2,8.818178402384E-1,
2.878502703255E-1));
#7280=DIRECTION('',(9.797707167625E-1,-5.516146232607E-2,1.923708804593E-1));
#7281=DIRECTION('',(2.001233184181E-1,2.700614096753E-1,-9.418160608258E-1));
#7282=AXIS2_PLACEMENT_3D('',#7279,#7280,#7281);
#7283=PLANE('',#7282);
#7284=ORIENTED_EDGE('',*,*,#5026,.F.);
#7286=ORIENTED_EDGE('',*,*,#7285,.T.);
#7288=ORIENTED_EDGE('',*,*,#7287,.T.);
#7289=ORIENTED_EDGE('',*,*,#7271,.F.);
#7290=EDGE_LOOP('',(#7284,#7286,#7288,#7289));
#7291=FACE_OUTER_BOUND('',#7290,.F.);
#7293=CARTESIAN_POINT('',(2.576489424706E-2,8.803914172622E-1,
2.928247984160E-1));
#7294=DIRECTION('',(7.938781110087E-1,-1.676087153196E-1,5.845210547194E-1));
#7295=DIRECTION('',(6.080769234738E-1,2.188224633594E-1,-7.631246193565E-1));
#7296=AXIS2_PLACEMENT_3D('',#7293,#7294,#7295);
#7297=PLANE('',#7296);
#7298=ORIENTED_EDGE('',*,*,#5024,.F.);
#7300=ORIENTED_EDGE('',*,*,#7299,.T.);
#7302=ORIENTED_EDGE('',*,*,#7301,.T.);
#7303=ORIENTED_EDGE('',*,*,#7285,.F.);
#7304=EDGE_LOOP('',(#7298,#7300,#7302,#7303));
#7305=FACE_OUTER_BOUND('',#7304,.F.);
#7307=CARTESIAN_POINT('',(2.047978849411E-2,8.793215997749E-1,
2.965556953733E-1));
#7308=DIRECTION('',(5.919095487496E-1,-2.221649204438E-1,7.747811524703E-1));
#7309=DIRECTION('',(8.060043958311E-1,1.631523829002E-1,-5.689799766731E-1));
#7310=AXIS2_PLACEMENT_3D('',#7307,#7308,#7309);
#7311=PLANE('',#7310);
#7312=ORIENTED_EDGE('',*,*,#5022,.F.);
#7314=ORIENTED_EDGE('',*,*,#7313,.T.);
#7316=ORIENTED_EDGE('',*,*,#7315,.T.);
#7317=ORIENTED_EDGE('',*,*,#7299,.F.);
#7318=EDGE_LOOP('',(#7312,#7314,#7316,#7317));
#7319=FACE_OUTER_BOUND('',#7318,.F.);
#7321=CARTESIAN_POINT('',(1.651595917940E-2,8.789649942859E-1,
2.977993265064E-1));
#7322=DIRECTION('',(3.102797975506E-1,-2.620333511318E-1,9.138188935049E-1));
#7323=DIRECTION('',(9.506452793929E-1,8.552470296029E-2,-2.982600844089E-1));
#7324=AXIS2_PLACEMENT_3D('',#7321,#7322,#7323);
#7325=PLANE('',#7324);
#7326=ORIENTED_EDGE('',*,*,#5020,.F.);
#7328=ORIENTED_EDGE('',*,*,#7327,.T.);
#7330=ORIENTED_EDGE('',*,*,#7329,.T.);
#7331=ORIENTED_EDGE('',*,*,#7313,.F.);
#7332=EDGE_LOOP('',(#7326,#7328,#7330,#7331));
#7333=FACE_OUTER_BOUND('',#7332,.F.);
#7335=CARTESIAN_POINT('',(1.651595917940E-2,8.811046292604E-1,
2.903375325917E-1));
#7336=DIRECTION('',(-1.E0,0.E0,0.E0));
#7337=DIRECTION('',(0.E0,-2.756373558170E-1,9.612616959383E-1));
#7338=AXIS2_PLACEMENT_3D('',#7335,#7336,#7337);
#7339=PLANE('',#7338);
#7340=ORIENTED_EDGE('',*,*,#5018,.T.);
#7342=ORIENTED_EDGE('',*,*,#7341,.T.);
#7344=ORIENTED_EDGE('',*,*,#7343,.T.);
#7345=ORIENTED_EDGE('',*,*,#7327,.F.);
#7346=EDGE_LOOP('',(#7340,#7342,#7344,#7345));
#7347=FACE_OUTER_BOUND('',#7346,.F.);
#7349=CARTESIAN_POINT('',(1.915851205587E-2,8.814612347494E-1,
2.890939014586E-1));
#7350=DIRECTION('',(-4.397131575602E-1,2.475604559106E-1,-8.633459096665E-1));
#7351=DIRECTION('',(-8.981382627794E-1,-1.212013720678E-1,4.226794155627E-1));
#7352=AXIS2_PLACEMENT_3D('',#7349,#7350,#7351);
#7353=PLANE('',#7352);
#7354=ORIENTED_EDGE('',*,*,#5016,.F.);
#7356=ORIENTED_EDGE('',*,*,#7355,.T.);
#7358=ORIENTED_EDGE('',*,*,#7357,.T.);
#7359=ORIENTED_EDGE('',*,*,#7341,.F.);
#7360=EDGE_LOOP('',(#7354,#7356,#7358,#7359));
#7361=FACE_OUTER_BOUND('',#7360,.F.);
#7363=CARTESIAN_POINT('',(2.180106493235E-2,8.821744467477E-1,
2.866066356343E-1));
#7364=DIRECTION('',(-6.996250055017E-1,1.969457072035E-1,-6.868313039538E-1));
#7365=DIRECTION('',(-7.145102180353E-1,-1.928427865799E-1,6.725227193094E-1));
#7366=AXIS2_PLACEMENT_3D('',#7363,#7364,#7365);
#7367=PLANE('',#7366);
#7368=ORIENTED_EDGE('',*,*,#5014,.F.);
#7370=ORIENTED_EDGE('',*,*,#7369,.T.);
#7372=ORIENTED_EDGE('',*,*,#7371,.T.);
#7373=ORIENTED_EDGE('',*,*,#7355,.F.);
#7374=EDGE_LOOP('',(#7368,#7370,#7372,#7373));
#7375=FACE_OUTER_BOUND('',#7374,.F.);
#7377=CARTESIAN_POINT('',(2.312234137058E-2,8.832442637248E-1,
2.828757404560E-1));
#7378=DIRECTION('',(-9.466498708905E-1,8.882796957052E-2,-3.097799440973E-1));
#7379=DIRECTION('',(-3.222639010856E-1,-2.609320672968E-1,9.099782603520E-1));
#7380=AXIS2_PLACEMENT_3D('',#7377,#7378,#7379);
#7381=PLANE('',#7380);
#7382=ORIENTED_EDGE('',*,*,#5012,.F.);
#7384=ORIENTED_EDGE('',*,*,#7383,.T.);
#7386=ORIENTED_EDGE('',*,*,#7385,.T.);
#7387=ORIENTED_EDGE('',*,*,#7369,.F.);
#7388=EDGE_LOOP('',(#7382,#7384,#7386,#7387));
#7389=FACE_OUTER_BOUND('',#7388,.F.);
#7391=CARTESIAN_POINT('',(2.312234137058E-2,8.853838986994E-1,
2.754139465413E-1));
#7392=DIRECTION('',(-1.E0,0.E0,0.E0));
#7393=DIRECTION('',(0.E0,-2.756373558170E-1,9.612616959383E-1));
#7394=AXIS2_PLACEMENT_3D('',#7391,#7392,#7393);
#7395=PLANE('',#7394);
#7396=ORIENTED_EDGE('',*,*,#5010,.F.);
#7398=ORIENTED_EDGE('',*,*,#7397,.T.);
#7400=ORIENTED_EDGE('',*,*,#7399,.T.);
#7401=ORIENTED_EDGE('',*,*,#7383,.F.);
#7402=EDGE_LOOP('',(#7396,#7398,#7400,#7401));
#7403=FACE_OUTER_BOUND('',#7402,.F.);
#7405=CARTESIAN_POINT('',(2.180106493235E-2,8.864537161866E-1,
2.716830495839E-1));
#7406=DIRECTION('',(-9.466499177700E-1,-8.882793161293E-2,3.097798117234E-1));
#7407=DIRECTION('',(3.222637633772E-1,-2.609320802185E-1,9.099783054155E-1));
#7408=AXIS2_PLACEMENT_3D('',#7405,#7406,#7407);
#7409=PLANE('',#7408);
#7410=ORIENTED_EDGE('',*,*,#5008,.F.);
#7412=ORIENTED_EDGE('',*,*,#7411,.T.);
#7414=ORIENTED_EDGE('',*,*,#7413,.T.);
#7415=ORIENTED_EDGE('',*,*,#7397,.F.);
#7416=EDGE_LOOP('',(#7410,#7412,#7414,#7415));
#7417=FACE_OUTER_BOUND('',#7416,.F.);
#7419=CARTESIAN_POINT('',(1.915851205587E-2,8.875235339290E-1,
2.679521517371E-1));
#7420=DIRECTION('',(-8.265993412204E-1,-1.551261788947E-1,5.409892768951E-1));
#7421=DIRECTION('',(5.627908395612E-1,-2.278416567341E-1,7.945782846030E-1));
#7422=AXIS2_PLACEMENT_3D('',#7419,#7420,#7421);
#7423=PLANE('',#7422);
#7424=ORIENTED_EDGE('',*,*,#5006,.F.);
#7426=ORIENTED_EDGE('',*,*,#7425,.T.);
#7428=ORIENTED_EDGE('',*,*,#7427,.T.);
#7429=ORIENTED_EDGE('',*,*,#7411,.F.);
#7430=EDGE_LOOP('',(#7424,#7426,#7428,#7429));
#7431=FACE_OUTER_BOUND('',#7430,.F.);
#7433=CARTESIAN_POINT('',(1.519467903972E-2,8.878801396730E-1,
2.667085197144E-1));
#7434=DIRECTION('',(-3.102797362676E-1,-2.620333566451E-1,9.138189127322E-1));
#7435=DIRECTION('',(9.506452993950E-1,-8.552468606838E-2,2.982600254998E-1));
#7436=AXIS2_PLACEMENT_3D('',#7433,#7434,#7435);
#7437=PLANE('',#7436);
#7438=ORIENTED_EDGE('',*,*,#5004,.F.);
#7440=ORIENTED_EDGE('',*,*,#7439,.T.);
#7442=ORIENTED_EDGE('',*,*,#7441,.T.);
#7443=ORIENTED_EDGE('',*,*,#7425,.F.);
#7444=EDGE_LOOP('',(#7438,#7440,#7442,#7443));
#7445=FACE_OUTER_BOUND('',#7444,.F.);
#7447=CARTESIAN_POINT('',(1.255212616324E-2,8.878801396730E-1,
2.667085197144E-1));
#7448=DIRECTION('',(0.E0,-2.756373558170E-1,9.612616959383E-1));
#7449=DIRECTION('',(1.E0,0.E0,0.E0));
#7450=AXIS2_PLACEMENT_3D('',#7447,#7448,#7449);
#7451=PLANE('',#7450);
#7452=ORIENTED_EDGE('',*,*,#5002,.F.);
#7454=ORIENTED_EDGE('',*,*,#7453,.T.);
#7456=ORIENTED_EDGE('',*,*,#7455,.T.);
#7457=ORIENTED_EDGE('',*,*,#7439,.F.);
#7458=EDGE_LOOP('',(#7452,#7454,#7456,#7457));
#7459=FACE_OUTER_BOUND('',#7458,.F.);
#7461=CARTESIAN_POINT('',(8.588296848536E-3,8.875235339290E-1,
2.679521517371E-1));
#7462=DIRECTION('',(3.102799981143E-1,-2.620333330881E-1,9.138188305791E-1));
#7463=DIRECTION('',(9.506452139312E-1,8.552475824312E-2,-2.982602772031E-1));
#7464=AXIS2_PLACEMENT_3D('',#7461,#7462,#7463);
#7465=PLANE('',#7464);
#7466=ORIENTED_EDGE('',*,*,#5000,.T.);
#7468=ORIENTED_EDGE('',*,*,#7467,.T.);
#7470=ORIENTED_EDGE('',*,*,#7469,.T.);
#7471=ORIENTED_EDGE('',*,*,#7453,.F.);
#7472=EDGE_LOOP('',(#7466,#7468,#7470,#7471));
#7473=FACE_OUTER_BOUND('',#7472,.F.);
#7475=CARTESIAN_POINT('',(5.945743972063E-3,8.864537161866E-1,
2.716830495839E-1));
#7476=DIRECTION('',(8.265993412204E-1,-1.551261788947E-1,5.409892768951E-1));
#7477=DIRECTION('',(5.627908395612E-1,2.278416567341E-1,-7.945782846030E-1));
#7478=AXIS2_PLACEMENT_3D('',#7475,#7476,#7477);
#7479=PLANE('',#7478);
#7480=ORIENTED_EDGE('',*,*,#4998,.T.);
#7482=ORIENTED_EDGE('',*,*,#7481,.T.);
#7484=ORIENTED_EDGE('',*,*,#7483,.T.);
#7485=ORIENTED_EDGE('',*,*,#7467,.F.);
#7486=EDGE_LOOP('',(#7480,#7482,#7484,#7485));
#7487=FACE_OUTER_BOUND('',#7486,.F.);
#7489=CARTESIAN_POINT('',(4.624467533827E-3,8.853838986994E-1,
2.754139465413E-1));
#7490=DIRECTION('',(9.466499177700E-1,-8.882793161293E-2,3.097798117234E-1));
#7491=DIRECTION('',(3.222637633772E-1,2.609320802185E-1,-9.099783054155E-1));
#7492=AXIS2_PLACEMENT_3D('',#7489,#7490,#7491);
#7493=PLANE('',#7492);
#7494=ORIENTED_EDGE('',*,*,#4996,.T.);
#7496=ORIENTED_EDGE('',*,*,#7495,.T.);
#7498=ORIENTED_EDGE('',*,*,#7497,.T.);
#7499=ORIENTED_EDGE('',*,*,#7481,.F.);
#7500=EDGE_LOOP('',(#7494,#7496,#7498,#7499));
#7501=FACE_OUTER_BOUND('',#7500,.F.);
#7503=CARTESIAN_POINT('',(4.624467533827E-3,8.832442637248E-1,
2.828757404560E-1));
#7504=DIRECTION('',(1.E0,0.E0,0.E0));
#7505=DIRECTION('',(0.E0,2.756373558170E-1,-9.612616959383E-1));
#7506=AXIS2_PLACEMENT_3D('',#7503,#7504,#7505);
#7507=PLANE('',#7506);
#7508=ORIENTED_EDGE('',*,*,#4994,.T.);
#7510=ORIENTED_EDGE('',*,*,#7509,.T.);
#7512=ORIENTED_EDGE('',*,*,#7511,.T.);
#7513=ORIENTED_EDGE('',*,*,#7495,.F.);
#7514=EDGE_LOOP('',(#7508,#7510,#7512,#7513));
#7515=FACE_OUTER_BOUND('',#7514,.F.);
#7517=CARTESIAN_POINT('',(3.303191095591E-3,8.814612347494E-1,
2.890939014586E-1));
#7518=DIRECTION('',(9.797707055361E-1,-5.516147747585E-2,1.923709332929E-1));
#7519=DIRECTION('',(2.001233733807E-1,2.700614065809E-1,-9.418160500343E-1));
#7520=AXIS2_PLACEMENT_3D('',#7517,#7518,#7519);
#7521=PLANE('',#7520);
#7522=ORIENTED_EDGE('',*,*,#4992,.T.);
#7524=ORIENTED_EDGE('',*,*,#7523,.T.);
#7526=ORIENTED_EDGE('',*,*,#7525,.T.);
#7527=ORIENTED_EDGE('',*,*,#7509,.F.);
#7528=EDGE_LOOP('',(#7522,#7524,#7526,#7527));
#7529=FACE_OUTER_BOUND('',#7528,.F.);
#7531=CARTESIAN_POINT('',(6.606382191181E-4,8.800348117732E-1,
2.940684295491E-1));
#7532=DIRECTION('',(8.906052429498E-1,-1.253535847698E-1,4.371599021133E-1));
#7533=DIRECTION('',(4.547771995497E-1,2.454840742434E-1,-8.561047062495E-1));
#7534=AXIS2_PLACEMENT_3D('',#7531,#7532,#7533);
#7535=PLANE('',#7534);
#7536=ORIENTED_EDGE('',*,*,#4990,.T.);
#7538=ORIENTED_EDGE('',*,*,#7537,.T.);
#7540=ORIENTED_EDGE('',*,*,#7539,.T.);
#7541=ORIENTED_EDGE('',*,*,#7523,.F.);
#7542=EDGE_LOOP('',(#7536,#7538,#7540,#7541));
#7543=FACE_OUTER_BOUND('',#7542,.F.);
#7545=CARTESIAN_POINT('',(-4.624467533827E-3,8.786083877766E-1,
2.990429611976E-1));
#7546=DIRECTION('',(6.996250055017E-1,-1.969457072035E-1,6.868313039538E-1));
#7547=DIRECTION('',(7.145102180353E-1,1.928427865799E-1,-6.725227193094E-1));
#7548=AXIS2_PLACEMENT_3D('',#7545,#7546,#7547);
#7549=PLANE('',#7548);
#7550=ORIENTED_EDGE('',*,*,#4988,.T.);
#7552=ORIENTED_EDGE('',*,*,#7551,.T.);
#7554=ORIENTED_EDGE('',*,*,#7553,.T.);
#7555=ORIENTED_EDGE('',*,*,#7537,.F.);
#7556=EDGE_LOOP('',(#7550,#7552,#7554,#7555));
#7557=FACE_OUTER_BOUND('',#7556,.F.);
#7559=CARTESIAN_POINT('',(-9.909575137496E-3,8.778951767986E-1,
3.015302234638E-1));
#7560=DIRECTION('',(4.397130333538E-1,-2.475604726719E-1,8.633459681201E-1));
#7561=DIRECTION('',(8.981383235887E-1,1.212013378319E-1,-4.226792961679E-1));
#7562=AXIS2_PLACEMENT_3D('',#7559,#7560,#7561);
#7563=PLANE('',#7562);
#7564=ORIENTED_EDGE('',*,*,#4986,.T.);
#7566=ORIENTED_EDGE('',*,*,#7565,.T.);
#7568=ORIENTED_EDGE('',*,*,#7567,.T.);
#7569=ORIENTED_EDGE('',*,*,#7551,.F.);
#7570=EDGE_LOOP('',(#7564,#7566,#7568,#7569));
#7571=FACE_OUTER_BOUND('',#7570,.F.);
#7573=CARTESIAN_POINT('',(-1.651595732868E-2,8.778951767986E-1,
3.015302234638E-1));
#7574=DIRECTION('',(0.E0,-2.756373558170E-1,9.612616959383E-1));
#7575=DIRECTION('',(1.E0,0.E0,0.E0));
#7576=AXIS2_PLACEMENT_3D('',#7573,#7574,#7575);
#7577=PLANE('',#7576);
#7578=ORIENTED_EDGE('',*,*,#4984,.F.);
#7580=ORIENTED_EDGE('',*,*,#7579,.T.);
#7582=ORIENTED_EDGE('',*,*,#7581,.T.);
#7583=ORIENTED_EDGE('',*,*,#7565,.F.);
#7584=EDGE_LOOP('',(#7578,#7580,#7582,#7583));
#7585=FACE_OUTER_BOUND('',#7584,.F.);
#7587=CARTESIAN_POINT('',(-2.180106400698E-2,8.786083877766E-1,
2.990429611976E-1));
#7588=DIRECTION('',(-4.397130954570E-1,-2.475604642913E-1,8.633459388933E-1));
#7589=DIRECTION('',(8.981382931841E-1,-1.212013549499E-1,4.226793558653E-1));
#7590=AXIS2_PLACEMENT_3D('',#7587,#7588,#7589);
#7591=PLANE('',#7590);
#7592=ORIENTED_EDGE('',*,*,#4982,.F.);
#7594=ORIENTED_EDGE('',*,*,#7593,.T.);
#7596=ORIENTED_EDGE('',*,*,#7595,.T.);
#7597=ORIENTED_EDGE('',*,*,#7579,.F.);
#7598=EDGE_LOOP('',(#7592,#7594,#7596,#7597));
#7599=FACE_OUTER_BOUND('',#7598,.F.);
#7601=CARTESIAN_POINT('',(-2.708617022261E-2,8.800348117732E-1,
2.940684295491E-1));
#7602=DIRECTION('',(-6.996249742329E-1,-1.969457156427E-1,6.868313333851E-1));
#7603=DIRECTION('',(7.145102486526E-1,-1.928427779611E-1,6.725226892520E-1));
#7604=AXIS2_PLACEMENT_3D('',#7601,#7602,#7603);
#7605=PLANE('',#7604);
#7606=ORIENTED_EDGE('',*,*,#4980,.F.);
#7608=ORIENTED_EDGE('',*,*,#7607,.T.);
#7610=ORIENTED_EDGE('',*,*,#7609,.T.);
#7611=ORIENTED_EDGE('',*,*,#7593,.F.);
#7612=EDGE_LOOP('',(#7606,#7608,#7610,#7611));
#7613=FACE_OUTER_BOUND('',#7612,.F.);
#7615=CARTESIAN_POINT('',(-2.972872344609E-2,8.814612347494E-1,
2.890939014586E-1));
#7616=DIRECTION('',(-8.906052187617E-1,-1.253535978262E-1,4.371599476467E-1));
#7617=DIRECTION('',(4.547772469181E-1,-2.454840675763E-1,8.561046829984E-1));
#7618=AXIS2_PLACEMENT_3D('',#7615,#7616,#7617);
#7619=PLANE('',#7618);
#7620=ORIENTED_EDGE('',*,*,#4978,.F.);
#7622=ORIENTED_EDGE('',*,*,#7621,.T.);
#7624=ORIENTED_EDGE('',*,*,#7623,.T.);
#7625=ORIENTED_EDGE('',*,*,#7607,.F.);
#7626=EDGE_LOOP('',(#7620,#7622,#7624,#7625));
#7627=FACE_OUTER_BOUND('',#7626,.F.);
#7629=CARTESIAN_POINT('',(-3.105E-2,8.832442637248E-1,2.828757404560E-1));
#7630=DIRECTION('',(-9.797707021009E-1,-5.516148211152E-2,1.923709494594E-1));
#7631=DIRECTION('',(2.001233901988E-1,-2.700614056341E-1,9.418160467322E-1));
#7632=AXIS2_PLACEMENT_3D('',#7629,#7630,#7631);
#7633=PLANE('',#7632);
#7634=ORIENTED_EDGE('',*,*,#4976,.F.);
#7636=ORIENTED_EDGE('',*,*,#7635,.T.);
#7638=ORIENTED_EDGE('',*,*,#7637,.T.);
#7639=ORIENTED_EDGE('',*,*,#7621,.F.);
#7640=EDGE_LOOP('',(#7634,#7636,#7638,#7639));
#7641=FACE_OUTER_BOUND('',#7640,.F.);
#7643=CARTESIAN_POINT('',(-3.105E-2,8.860971106976E-1,2.729266807170E-1));
#7644=DIRECTION('',(-1.E0,0.E0,0.E0));
#7645=DIRECTION('',(0.E0,-2.756373558170E-1,9.612616959383E-1));
#7646=AXIS2_PLACEMENT_3D('',#7643,#7644,#7645);
#7647=PLANE('',#7646);
#7648=ORIENTED_EDGE('',*,*,#4974,.F.);
#7650=ORIENTED_EDGE('',*,*,#7649,.T.);
#7652=ORIENTED_EDGE('',*,*,#7651,.T.);
#7653=ORIENTED_EDGE('',*,*,#7635,.F.);
#7654=EDGE_LOOP('',(#7648,#7650,#7652,#7653));
#7655=FACE_OUTER_BOUND('',#7654,.F.);
#7657=CARTESIAN_POINT('',(-2.972872344609E-2,8.878801396730E-1,
2.667085197144E-1));
#7658=DIRECTION('',(-9.797707021009E-1,5.516148211152E-2,-1.923709494594E-1));
#7659=DIRECTION('',(-2.001233901988E-1,-2.700614056341E-1,9.418160467322E-1));
#7660=AXIS2_PLACEMENT_3D('',#7657,#7658,#7659);
#7661=PLANE('',#7660);
#7662=ORIENTED_EDGE('',*,*,#4972,.F.);
#7664=ORIENTED_EDGE('',*,*,#7663,.T.);
#7666=ORIENTED_EDGE('',*,*,#7665,.T.);
#7667=ORIENTED_EDGE('',*,*,#7649,.F.);
#7668=EDGE_LOOP('',(#7662,#7664,#7666,#7667));
#7669=FACE_OUTER_BOUND('',#7668,.F.);
#7671=CARTESIAN_POINT('',(-2.576489378437E-2,8.896631687760E-1,
2.604903582671E-1));
#7672=DIRECTION('',(-8.526533966842E-1,1.440141707347E-1,-5.022370991380E-1));
#7673=DIRECTION('',(-5.224769709020E-1,-2.350231276904E-1,8.196230501442E-1));
#7674=AXIS2_PLACEMENT_3D('',#7671,#7672,#7673);
#7675=PLANE('',#7674);
#7676=ORIENTED_EDGE('',*,*,#4970,.F.);
#7678=ORIENTED_EDGE('',*,*,#7677,.T.);
#7680=ORIENTED_EDGE('',*,*,#7679,.T.);
#7681=ORIENTED_EDGE('',*,*,#7663,.F.);
#7682=EDGE_LOOP('',(#7676,#7678,#7680,#7681));
#7683=FACE_OUTER_BOUND('',#7682,.F.);
#7685=CARTESIAN_POINT('',(-1.915851020515E-2,8.907329862951E-1,
2.567594611985E-1));
#7686=DIRECTION('',(-5.065490256243E-1,2.376576043320E-1,-8.288105620359E-1));
#7687=DIRECTION('',(-8.622111601221E-1,-1.396238340147E-1,4.869261754475E-1));
#7688=AXIS2_PLACEMENT_3D('',#7685,#7686,#7687);
#7689=PLANE('',#7688);
#7690=ORIENTED_EDGE('',*,*,#4968,.F.);
#7692=ORIENTED_EDGE('',*,*,#7691,.T.);
#7694=ORIENTED_EDGE('',*,*,#7693,.T.);
#7695=ORIENTED_EDGE('',*,*,#7677,.F.);
#7696=EDGE_LOOP('',(#7690,#7692,#7694,#7695));
#7697=FACE_OUTER_BOUND('',#7696,.F.);
#7699=CARTESIAN_POINT('',(-1.387340445220E-2,8.910895921348E-1,
2.555158288424E-1));
#7700=DIRECTION('',(-2.377713591533E-1,2.677323940494E-1,-9.336938180919E-1));
#7701=DIRECTION('',(-9.713211522284E-1,-6.553866872602E-2,2.285604999452E-1));
#7702=AXIS2_PLACEMENT_3D('',#7699,#7700,#7701);
#7703=PLANE('',#7702);
#7704=ORIENTED_EDGE('',*,*,#4966,.F.);
#7706=ORIENTED_EDGE('',*,*,#7705,.T.);
#7708=ORIENTED_EDGE('',*,*,#7707,.T.);
#7709=ORIENTED_EDGE('',*,*,#7691,.F.);
#7710=EDGE_LOOP('',(#7704,#7706,#7708,#7709));
#7711=FACE_OUTER_BOUND('',#7710,.F.);
#7713=CARTESIAN_POINT('',(-1.387340445220E-2,8.889499571603E-1,
2.629776227571E-1));
#7714=DIRECTION('',(1.E0,0.E0,0.E0));
#7715=DIRECTION('',(0.E0,2.756373558170E-1,-9.612616959383E-1));
#7716=AXIS2_PLACEMENT_3D('',#7713,#7714,#7715);
#7717=PLANE('',#7716);
#7718=ORIENTED_EDGE('',*,*,#4964,.T.);
#7720=ORIENTED_EDGE('',*,*,#7719,.T.);
#7722=ORIENTED_EDGE('',*,*,#7721,.T.);
#7723=ORIENTED_EDGE('',*,*,#7705,.F.);
#7724=EDGE_LOOP('',(#7718,#7720,#7722,#7723));
#7725=FACE_OUTER_BOUND('',#7724,.F.);
#7727=CARTESIAN_POINT('',(-1.783723376691E-2,8.885933514162E-1,
2.642212547797E-1));
#7728=DIRECTION('',(3.102799981143E-1,-2.620333330881E-1,9.138188305791E-1));
#7729=DIRECTION('',(9.506452139312E-1,8.552475824312E-2,-2.982602772031E-1));
#7730=AXIS2_PLACEMENT_3D('',#7727,#7728,#7729);
#7731=PLANE('',#7730);
#7732=ORIENTED_EDGE('',*,*,#4962,.T.);
#7734=ORIENTED_EDGE('',*,*,#7733,.T.);
#7736=ORIENTED_EDGE('',*,*,#7735,.T.);
#7737=ORIENTED_EDGE('',*,*,#7719,.F.);
#7738=EDGE_LOOP('',(#7732,#7734,#7736,#7737));
#7739=FACE_OUTER_BOUND('',#7738,.F.);
#7741=CARTESIAN_POINT('',(-2.180106400698E-2,8.875235339290E-1,
2.679521517371E-1));
#7742=DIRECTION('',(6.996247518036E-1,-1.969457756753E-1,6.868315427435E-1));
#7743=DIRECTION('',(7.145104664480E-1,1.928427166513E-1,-6.725224754392E-1));
#7744=AXIS2_PLACEMENT_3D('',#7741,#7742,#7743);
#7745=PLANE('',#7744);
#7746=ORIENTED_EDGE('',*,*,#4960,.T.);
#7748=ORIENTED_EDGE('',*,*,#7747,.T.);
#7750=ORIENTED_EDGE('',*,*,#7749,.T.);
#7751=ORIENTED_EDGE('',*,*,#7733,.F.);
#7752=EDGE_LOOP('',(#7746,#7748,#7750,#7751));
#7753=FACE_OUTER_BOUND('',#7752,.F.);
#7755=CARTESIAN_POINT('',(-2.312234044522E-2,8.860971106976E-1,
2.729266807170E-1));
#7756=DIRECTION('',(9.689177141588E-1,-6.818805978290E-2,2.378000245844E-1));
#7757=DIRECTION('',(2.473832314230E-1,2.670699167350E-1,-9.313834851370E-1));
#7758=AXIS2_PLACEMENT_3D('',#7755,#7756,#7757);
#7759=PLANE('',#7758);
#7760=ORIENTED_EDGE('',*,*,#4958,.T.);
#7762=ORIENTED_EDGE('',*,*,#7761,.T.);
#7764=ORIENTED_EDGE('',*,*,#7763,.T.);
#7765=ORIENTED_EDGE('',*,*,#7747,.F.);
#7766=EDGE_LOOP('',(#7760,#7762,#7764,#7765));
#7767=FACE_OUTER_BOUND('',#7766,.F.);
#7769=CARTESIAN_POINT('',(-2.312234044522E-2,8.832442637248E-1,
2.828757404560E-1));
#7770=DIRECTION('',(1.E0,0.E0,0.E0));
#7771=DIRECTION('',(0.E0,2.756373558170E-1,-9.612616959383E-1));
#7772=AXIS2_PLACEMENT_3D('',#7769,#7770,#7771);
#7773=PLANE('',#7772);
#7774=ORIENTED_EDGE('',*,*,#4956,.T.);
#7776=ORIENTED_EDGE('',*,*,#7775,.T.);
#7778=ORIENTED_EDGE('',*,*,#7777,.T.);
#7779=ORIENTED_EDGE('',*,*,#7761,.F.);
#7780=EDGE_LOOP('',(#7774,#7776,#7778,#7779));
#7781=FACE_OUTER_BOUND('',#7780,.F.);
#7783=CARTESIAN_POINT('',(-2.180106400698E-2,8.818178402384E-1,
2.878502703255E-1));
#7784=DIRECTION('',(9.689177247618E-1,6.818804833612E-2,-2.377999846647E-1));
#7785=DIRECTION('',(-2.473831898946E-1,2.670699196576E-1,-9.313834953292E-1));
#7786=AXIS2_PLACEMENT_3D('',#7783,#7784,#7785);
#7787=PLANE('',#7786);
#7788=ORIENTED_EDGE('',*,*,#4954,.T.);
#7790=ORIENTED_EDGE('',*,*,#7789,.T.);
#7792=ORIENTED_EDGE('',*,*,#7791,.T.);
#7793=ORIENTED_EDGE('',*,*,#7775,.F.);
#7794=EDGE_LOOP('',(#7788,#7790,#7792,#7793));
#7795=FACE_OUTER_BOUND('',#7794,.F.);
#7797=CARTESIAN_POINT('',(-1.915851020515E-2,8.807480227512E-1,
2.915811672829E-1));
#7798=DIRECTION('',(8.265991871191E-1,1.551262412814E-1,-5.409894944636E-1));
#7799=DIRECTION('',(-5.627910658975E-1,2.278416142580E-1,-7.945781364713E-1));
#7800=AXIS2_PLACEMENT_3D('',#7797,#7798,#7799);
#7801=PLANE('',#7800);
#7802=ORIENTED_EDGE('',*,*,#4952,.T.);
#7804=ORIENTED_EDGE('',*,*,#7803,.T.);
#7806=ORIENTED_EDGE('',*,*,#7805,.T.);
#7807=ORIENTED_EDGE('',*,*,#7789,.F.);
#7808=EDGE_LOOP('',(#7802,#7804,#7806,#7807));
#7809=FACE_OUTER_BOUND('',#7808,.F.);
#7811=CARTESIAN_POINT('',(-1.519468089044E-2,8.800348117732E-1,
2.940684295491E-1));
#7812=DIRECTION('',(5.466221810895E-1,2.308130323736E-1,-8.049407029263E-1));
#7813=DIRECTION('',(-8.373793591563E-1,1.506694926264E-1,-5.254469648316E-1));
#7814=AXIS2_PLACEMENT_3D('',#7811,#7812,#7813);
#7815=PLANE('',#7814);
#7816=ORIENTED_EDGE('',*,*,#4950,.T.);
#7818=ORIENTED_EDGE('',*,*,#7817,.T.);
#7820=ORIENTED_EDGE('',*,*,#7819,.T.);
#7821=ORIENTED_EDGE('',*,*,#7803,.F.);
#7822=EDGE_LOOP('',(#7816,#7818,#7820,#7821));
#7823=FACE_OUTER_BOUND('',#7822,.F.);
#7825=CARTESIAN_POINT('',(-1.123085157573E-2,8.800348117732E-1,
2.940684295491E-1));
#7826=DIRECTION('',(0.E0,2.756373558170E-1,-9.612616959383E-1));
#7827=DIRECTION('',(-1.E0,0.E0,0.E0));
#7828=AXIS2_PLACEMENT_3D('',#7825,#7826,#7827);
#7829=PLANE('',#7828);
#7830=ORIENTED_EDGE('',*,*,#4948,.T.);
#7832=ORIENTED_EDGE('',*,*,#7831,.T.);
#7834=ORIENTED_EDGE('',*,*,#7833,.T.);
#7835=ORIENTED_EDGE('',*,*,#7817,.F.);
#7836=EDGE_LOOP('',(#7830,#7832,#7834,#7835));
#7837=FACE_OUTER_BOUND('',#7836,.F.);
#7839=CARTESIAN_POINT('',(-7.267020410299E-3,8.807480227512E-1,
2.915811672829E-1));
#7840=DIRECTION('',(-5.466220021285E-1,2.308130645740E-1,-8.049408152225E-1));
#7841=DIRECTION('',(-8.373794759779E-1,-1.506694432981E-1,5.254467928032E-1));
#7842=AXIS2_PLACEMENT_3D('',#7839,#7840,#7841);
#7843=PLANE('',#7842);
#7844=ORIENTED_EDGE('',*,*,#4946,.F.);
#7846=ORIENTED_EDGE('',*,*,#7845,.T.);
#7848=ORIENTED_EDGE('',*,*,#7847,.T.);
#7849=ORIENTED_EDGE('',*,*,#7831,.F.);
#7850=EDGE_LOOP('',(#7844,#7846,#7848,#7849));
#7851=FACE_OUTER_BOUND('',#7850,.F.);
#7853=CARTESIAN_POINT('',(-4.624467533827E-3,8.818178402384E-1,
2.878502703255E-1));
#7854=DIRECTION('',(-8.265992787996E-1,1.551262041653E-1,-5.409893650241E-1));
#7855=DIRECTION('',(-5.627909312417E-1,-2.278416395286E-1,7.945782246003E-1));
#7856=AXIS2_PLACEMENT_3D('',#7853,#7854,#7855);
#7857=PLANE('',#7856);
#7858=ORIENTED_EDGE('',*,*,#4944,.F.);
#7860=ORIENTED_EDGE('',*,*,#7859,.T.);
#7862=ORIENTED_EDGE('',*,*,#7861,.T.);
#7863=ORIENTED_EDGE('',*,*,#7845,.F.);
#7864=EDGE_LOOP('',(#7858,#7860,#7862,#7863));
#7865=FACE_OUTER_BOUND('',#7864,.F.);
#7867=CARTESIAN_POINT('',(-3.303191095591E-3,8.832442637248E-1,
2.828757404560E-1));
#7868=DIRECTION('',(-9.689177247618E-1,6.818804833612E-2,-2.377999846647E-1));
#7869=DIRECTION('',(-2.473831898946E-1,-2.670699196576E-1,9.313834953292E-1));
#7870=AXIS2_PLACEMENT_3D('',#7867,#7868,#7869);
#7871=PLANE('',#7870);
#7872=ORIENTED_EDGE('',*,*,#4942,.F.);
#7874=ORIENTED_EDGE('',*,*,#7873,.T.);
#7876=ORIENTED_EDGE('',*,*,#7875,.T.);
#7877=ORIENTED_EDGE('',*,*,#7859,.F.);
#7878=EDGE_LOOP('',(#7872,#7874,#7876,#7877));
#7879=FACE_OUTER_BOUND('',#7878,.F.);
#7881=CARTESIAN_POINT('',(-3.303191095591E-3,8.853838986994E-1,
2.754139465413E-1));
#7882=DIRECTION('',(-1.E0,0.E0,0.E0));
#7883=DIRECTION('',(0.E0,-2.756373558170E-1,9.612616959383E-1));
#7884=AXIS2_PLACEMENT_3D('',#7881,#7882,#7883);
#7885=PLANE('',#7884);
#7886=ORIENTED_EDGE('',*,*,#4940,.F.);
#7888=ORIENTED_EDGE('',*,*,#7887,.T.);
#7890=ORIENTED_EDGE('',*,*,#7889,.T.);
#7891=ORIENTED_EDGE('',*,*,#7873,.F.);
#7892=EDGE_LOOP('',(#7886,#7888,#7890,#7891));
#7893=FACE_OUTER_BOUND('',#7892,.F.);
#7895=CARTESIAN_POINT('',(-1.981914657354E-3,8.868103221858E-1,
2.704394166718E-1));
#7896=DIRECTION('',(-9.689177247618E-1,6.818804833612E-2,-2.377999846647E-1));
#7897=DIRECTION('',(-2.473831898946E-1,-2.670699196576E-1,9.313834953292E-1));
#7898=AXIS2_PLACEMENT_3D('',#7895,#7896,#7897);
#7899=PLANE('',#7898);
#7900=ORIENTED_EDGE('',*,*,#4938,.F.);
#7902=ORIENTED_EDGE('',*,*,#7901,.T.);
#7904=ORIENTED_EDGE('',*,*,#7903,.T.);
#7905=ORIENTED_EDGE('',*,*,#7887,.F.);
#7906=EDGE_LOOP('',(#7900,#7902,#7904,#7905));
#7907=FACE_OUTER_BOUND('',#7906,.F.);
#7909=CARTESIAN_POINT('',(6.606382191181E-4,8.882367454171E-1,
2.654648876918E-1));
#7910=DIRECTION('',(-8.906052758868E-1,1.253535669907E-1,-4.371598401103E-1));
#7911=DIRECTION('',(-4.547771350481E-1,-2.454840833221E-1,8.561047379106E-1));
#7912=AXIS2_PLACEMENT_3D('',#7909,#7910,#7911);
#7913=PLANE('',#7912);
#7914=ORIENTED_EDGE('',*,*,#4936,.F.);
#7916=ORIENTED_EDGE('',*,*,#7915,.T.);
#7918=ORIENTED_EDGE('',*,*,#7917,.T.);
#7919=ORIENTED_EDGE('',*,*,#7901,.F.);
#7920=EDGE_LOOP('',(#7914,#7916,#7918,#7919));
#7921=FACE_OUTER_BOUND('',#7920,.F.);
#7923=CARTESIAN_POINT('',(5.945743972063E-3,8.896631687760E-1,
2.604903582671E-1));
#7924=DIRECTION('',(-6.996248458316E-1,1.969457502976E-1,-6.868314542410E-1));
#7925=DIRECTION('',(-7.145103743789E-1,-1.928427425689E-1,6.725225658247E-1));
#7926=AXIS2_PLACEMENT_3D('',#7923,#7924,#7925);
#7927=PLANE('',#7926);
#7928=ORIENTED_EDGE('',*,*,#4934,.F.);
#7930=ORIENTED_EDGE('',*,*,#7929,.T.);
#7932=ORIENTED_EDGE('',*,*,#7931,.T.);
#7933=ORIENTED_EDGE('',*,*,#7915,.F.);
#7934=EDGE_LOOP('',(#7928,#7930,#7932,#7933));
#7935=FACE_OUTER_BOUND('',#7934,.F.);
#7937=CARTESIAN_POINT('',(1.123084972501E-2,8.900197746476E-1,
2.592467257997E-1));
#7938=DIRECTION('',(-2.377713792098E-1,2.677323926961E-1,-9.336938133724E-1));
#7939=DIRECTION('',(-9.713211473188E-1,-6.553867425436E-2,2.285605192249E-1));
#7940=AXIS2_PLACEMENT_3D('',#7937,#7938,#7939);
#7941=PLANE('',#7940);
#7942=ORIENTED_EDGE('',*,*,#4932,.F.);
#7944=ORIENTED_EDGE('',*,*,#7943,.T.);
#7946=ORIENTED_EDGE('',*,*,#7945,.T.);
#7947=ORIENTED_EDGE('',*,*,#7929,.F.);
#7948=EDGE_LOOP('',(#7942,#7944,#7946,#7947));
#7949=FACE_OUTER_BOUND('',#7948,.F.);
#7951=CARTESIAN_POINT('',(1.651595917940E-2,8.900197746476E-1,
2.592467257997E-1));
#7952=DIRECTION('',(0.E0,2.756373558170E-1,-9.612616959383E-1));
#7953=DIRECTION('',(-1.E0,0.E0,0.E0));
#7954=AXIS2_PLACEMENT_3D('',#7951,#7952,#7953);
#7955=PLANE('',#7954);
#7956=ORIENTED_EDGE('',*,*,#4930,.T.);
#7958=ORIENTED_EDGE('',*,*,#7957,.T.);
#7960=ORIENTED_EDGE('',*,*,#7959,.T.);
#7961=ORIENTED_EDGE('',*,*,#7943,.F.);
#7962=EDGE_LOOP('',(#7956,#7958,#7960,#7961));
#7963=FACE_OUTER_BOUND('',#7962,.F.);
#7965=CARTESIAN_POINT('',(2.180106493235E-2,8.896631687760E-1,
2.604903582671E-1));
#7966=DIRECTION('',(2.377713792098E-1,2.677323926961E-1,-9.336938133724E-1));
#7967=DIRECTION('',(-9.713211473188E-1,6.553867425436E-2,-2.285605192249E-1));
#7968=AXIS2_PLACEMENT_3D('',#7965,#7966,#7967);
#7969=PLANE('',#7968);
#7970=ORIENTED_EDGE('',*,*,#4928,.T.);
#7972=ORIENTED_EDGE('',*,*,#7971,.T.);
#7974=ORIENTED_EDGE('',*,*,#7973,.T.);
#7975=ORIENTED_EDGE('',*,*,#7957,.F.);
#7976=EDGE_LOOP('',(#7970,#7972,#7974,#7975));
#7977=FACE_OUTER_BOUND('',#7976,.F.);
#7979=CARTESIAN_POINT('',(2.708617068529E-2,8.882367454171E-1,
2.654648876918E-1));
#7980=DIRECTION('',(6.996248458316E-1,1.969457502976E-1,-6.868314542410E-1));
#7981=DIRECTION('',(-7.145103743789E-1,1.928427425689E-1,-6.725225658247E-1));
#7982=AXIS2_PLACEMENT_3D('',#7979,#7980,#7981);
#7983=PLANE('',#7982);
#7984=ORIENTED_EDGE('',*,*,#4926,.T.);
#7985=ORIENTED_EDGE('',*,*,#7246,.T.);
#7987=ORIENTED_EDGE('',*,*,#7986,.T.);
#7988=ORIENTED_EDGE('',*,*,#7971,.F.);
#7989=EDGE_LOOP('',(#7984,#7985,#7987,#7988));
#7990=FACE_OUTER_BOUND('',#7989,.F.);
#7992=CARTESIAN_POINT('',(0.E0,7.853508055816E-1,2.251957197025E-1));
#7993=DIRECTION('',(0.E0,9.612616959383E-1,2.756373558170E-1));
#7994=DIRECTION('',(0.E0,-2.756373558170E-1,9.612616959383E-1));
#7995=AXIS2_PLACEMENT_3D('',#7992,#7993,#7994);
#7996=PLANE('',#7995);
#7997=ORIENTED_EDGE('',*,*,#7343,.F.);
#7998=ORIENTED_EDGE('',*,*,#7357,.F.);
#7999=ORIENTED_EDGE('',*,*,#7371,.F.);
#8000=ORIENTED_EDGE('',*,*,#7385,.F.);
#8001=ORIENTED_EDGE('',*,*,#7399,.F.);
#8002=ORIENTED_EDGE('',*,*,#7413,.F.);
#8003=ORIENTED_EDGE('',*,*,#7427,.F.);
#8004=ORIENTED_EDGE('',*,*,#7441,.F.);
#8005=ORIENTED_EDGE('',*,*,#7455,.F.);
#8006=ORIENTED_EDGE('',*,*,#7469,.F.);
#8007=ORIENTED_EDGE('',*,*,#7483,.F.);
#8008=ORIENTED_EDGE('',*,*,#7497,.F.);
#8009=ORIENTED_EDGE('',*,*,#7511,.F.);
#8010=ORIENTED_EDGE('',*,*,#7525,.F.);
#8011=ORIENTED_EDGE('',*,*,#7539,.F.);
#8012=ORIENTED_EDGE('',*,*,#7553,.F.);
#8013=ORIENTED_EDGE('',*,*,#7567,.F.);
#8014=ORIENTED_EDGE('',*,*,#7581,.F.);
#8015=ORIENTED_EDGE('',*,*,#7595,.F.);
#8016=ORIENTED_EDGE('',*,*,#7609,.F.);
#8017=ORIENTED_EDGE('',*,*,#7623,.F.);
#8018=ORIENTED_EDGE('',*,*,#7637,.F.);
#8019=ORIENTED_EDGE('',*,*,#7651,.F.);
#8020=ORIENTED_EDGE('',*,*,#7665,.F.);
#8021=ORIENTED_EDGE('',*,*,#7679,.F.);
#8022=ORIENTED_EDGE('',*,*,#7693,.F.);
#8023=ORIENTED_EDGE('',*,*,#7707,.F.);
#8024=ORIENTED_EDGE('',*,*,#7721,.F.);
#8025=ORIENTED_EDGE('',*,*,#7735,.F.);
#8026=ORIENTED_EDGE('',*,*,#7749,.F.);
#8027=ORIENTED_EDGE('',*,*,#7763,.F.);
#8028=ORIENTED_EDGE('',*,*,#7777,.F.);
#8029=ORIENTED_EDGE('',*,*,#7791,.F.);
#8030=ORIENTED_EDGE('',*,*,#7805,.F.);
#8031=ORIENTED_EDGE('',*,*,#7819,.F.);
#8032=ORIENTED_EDGE('',*,*,#7833,.F.);
#8033=ORIENTED_EDGE('',*,*,#7847,.F.);
#8034=ORIENTED_EDGE('',*,*,#7861,.F.);
#8035=ORIENTED_EDGE('',*,*,#7875,.F.);
#8036=ORIENTED_EDGE('',*,*,#7889,.F.);
#8037=ORIENTED_EDGE('',*,*,#7903,.F.);
#8038=ORIENTED_EDGE('',*,*,#7917,.F.);
#8039=ORIENTED_EDGE('',*,*,#7931,.F.);
#8040=ORIENTED_EDGE('',*,*,#7945,.F.);
#8041=ORIENTED_EDGE('',*,*,#7959,.F.);
#8042=ORIENTED_EDGE('',*,*,#7973,.F.);
#8043=ORIENTED_EDGE('',*,*,#7986,.F.);
#8044=ORIENTED_EDGE('',*,*,#7244,.F.);
#8045=ORIENTED_EDGE('',*,*,#7259,.F.);
#8046=ORIENTED_EDGE('',*,*,#7273,.F.);
#8047=ORIENTED_EDGE('',*,*,#7287,.F.);
#8048=ORIENTED_EDGE('',*,*,#7301,.F.);
#8049=ORIENTED_EDGE('',*,*,#7315,.F.);
#8050=ORIENTED_EDGE('',*,*,#7329,.F.);
#8051=EDGE_LOOP('',(#7997,#7998,#7999,#8000,#8001,#8002,#8003,#8004,#8005,#8006,
#8007,#8008,#8009,#8010,#8011,#8012,#8013,#8014,#8015,#8016,#8017,#8018,#8019,
#8020,#8021,#8022,#8023,#8024,#8025,#8026,#8027,#8028,#8029,#8030,#8031,#8032,
#8033,#8034,#8035,#8036,#8037,#8038,#8039,#8040,#8041,#8042,#8043,#8044,#8045,
#8046,#8047,#8048,#8049,#8050));
#8052=FACE_OUTER_BOUND('',#8051,.F.);
#8054=CARTESIAN_POINT('',(3.105E-2,7.600884286553E-1,5.329273235178E-1));
#8055=DIRECTION('',(1.E0,0.E0,0.E0));
#8056=DIRECTION('',(0.E0,5.299192642332E-1,-8.480480961564E-1));
#8057=AXIS2_PLACEMENT_3D('',#8054,#8055,#8056);
#8058=PLANE('',#8057);
#8059=ORIENTED_EDGE('',*,*,#5034,.T.);
#8061=ORIENTED_EDGE('',*,*,#8060,.T.);
#8063=ORIENTED_EDGE('',*,*,#8062,.T.);
#8065=ORIENTED_EDGE('',*,*,#8064,.F.);
#8066=EDGE_LOOP('',(#8059,#8061,#8063,#8065));
#8067=FACE_OUTER_BOUND('',#8066,.F.);
#8069=CARTESIAN_POINT('',(2.444361780882E-2,7.600884286553E-1,
5.329273235178E-1));
#8070=DIRECTION('',(0.E0,-5.299192642332E-1,8.480480961564E-1));
#8071=DIRECTION('',(1.E0,0.E0,0.E0));
#8072=AXIS2_PLACEMENT_3D('',#8069,#8070,#8071);
#8073=PLANE('',#8072);
#8074=ORIENTED_EDGE('',*,*,#5048,.T.);
#8076=ORIENTED_EDGE('',*,*,#8075,.T.);
#8078=ORIENTED_EDGE('',*,*,#8077,.T.);
#8079=ORIENTED_EDGE('',*,*,#8060,.F.);
#8080=EDGE_LOOP('',(#8074,#8076,#8078,#8079));
#8081=FACE_OUTER_BOUND('',#8080,.F.);
#8083=CARTESIAN_POINT('',(2.444361780882E-2,7.710577577519E-1,
5.153727274042E-1));
#8084=DIRECTION('',(-1.E0,0.E0,0.E0));
#8085=DIRECTION('',(0.E0,-5.299192642332E-1,8.480480961564E-1));
#8086=AXIS2_PLACEMENT_3D('',#8083,#8084,#8085);
#8087=PLANE('',#8086);
#8088=ORIENTED_EDGE('',*,*,#5046,.F.);
#8090=ORIENTED_EDGE('',*,*,#8089,.T.);
#8092=ORIENTED_EDGE('',*,*,#8091,.T.);
#8093=ORIENTED_EDGE('',*,*,#8075,.F.);
#8094=EDGE_LOOP('',(#8088,#8090,#8092,#8093));
#8095=FACE_OUTER_BOUND('',#8094,.F.);
#8097=CARTESIAN_POINT('',(-3.105E-2,7.710577577519E-1,5.153727274042E-1));
#8098=DIRECTION('',(0.E0,-5.299192642332E-1,8.480480961564E-1));
#8099=DIRECTION('',(1.E0,0.E0,0.E0));
#8100=AXIS2_PLACEMENT_3D('',#8097,#8098,#8099);
#8101=PLANE('',#8100);
#8102=ORIENTED_EDGE('',*,*,#5044,.F.);
#8104=ORIENTED_EDGE('',*,*,#8103,.T.);
#8106=ORIENTED_EDGE('',*,*,#8105,.T.);
#8107=ORIENTED_EDGE('',*,*,#8089,.F.);
#8108=EDGE_LOOP('',(#8102,#8104,#8106,#8107));
#8109=FACE_OUTER_BOUND('',#8108,.F.);
#8111=CARTESIAN_POINT('',(-3.105E-2,7.751712560405E-1,5.087897540578E-1));
#8112=DIRECTION('',(-1.E0,0.E0,0.E0));
#8113=DIRECTION('',(0.E0,-5.299192642332E-1,8.480480961564E-1));
#8114=AXIS2_PLACEMENT_3D('',#8111,#8112,#8113);
#8115=PLANE('',#8114);
#8116=ORIENTED_EDGE('',*,*,#5042,.F.);
#8118=ORIENTED_EDGE('',*,*,#8117,.T.);
#8120=ORIENTED_EDGE('',*,*,#8119,.T.);
#8121=ORIENTED_EDGE('',*,*,#8103,.F.);
#8122=EDGE_LOOP('',(#8116,#8118,#8120,#8121));
#8123=FACE_OUTER_BOUND('',#8122,.F.);
#8125=CARTESIAN_POINT('',(2.444361780882E-2,7.751712560405E-1,
5.087897540578E-1));
#8126=DIRECTION('',(0.E0,5.299192642332E-1,-8.480480961564E-1));
#8127=DIRECTION('',(-1.E0,0.E0,0.E0));
#8128=AXIS2_PLACEMENT_3D('',#8125,#8126,#8127);
#8129=PLANE('',#8128);
#8130=ORIENTED_EDGE('',*,*,#5040,.F.);
#8132=ORIENTED_EDGE('',*,*,#8131,.T.);
#8134=ORIENTED_EDGE('',*,*,#8133,.T.);
#8135=ORIENTED_EDGE('',*,*,#8117,.F.);
#8136=EDGE_LOOP('',(#8130,#8132,#8134,#8135));
#8137=FACE_OUTER_BOUND('',#8136,.F.);
#8139=CARTESIAN_POINT('',(2.444361780882E-2,7.861405851370E-1,
4.912351579442E-1));
#8140=DIRECTION('',(-1.E0,0.E0,0.E0));
#8141=DIRECTION('',(0.E0,-5.299192642332E-1,8.480480961564E-1));
#8142=AXIS2_PLACEMENT_3D('',#8139,#8140,#8141);
#8143=PLANE('',#8142);
#8144=ORIENTED_EDGE('',*,*,#5038,.F.);
#8146=ORIENTED_EDGE('',*,*,#8145,.T.);
#8148=ORIENTED_EDGE('',*,*,#8147,.T.);
#8149=ORIENTED_EDGE('',*,*,#8131,.F.);
#8150=EDGE_LOOP('',(#8144,#8146,#8148,#8149));
#8151=FACE_OUTER_BOUND('',#8150,.F.);
#8153=CARTESIAN_POINT('',(3.105E-2,7.861405851370E-1,4.912351579442E-1));
#8154=DIRECTION('',(0.E0,5.299192642332E-1,-8.480480961564E-1));
#8155=DIRECTION('',(-1.E0,0.E0,0.E0));
#8156=AXIS2_PLACEMENT_3D('',#8153,#8154,#8155);
#8157=PLANE('',#8156);
#8158=ORIENTED_EDGE('',*,*,#5036,.T.);
#8159=ORIENTED_EDGE('',*,*,#8064,.T.);
#8161=ORIENTED_EDGE('',*,*,#8160,.T.);
#8162=ORIENTED_EDGE('',*,*,#8145,.F.);
#8163=EDGE_LOOP('',(#8158,#8159,#8161,#8162));
#8164=FACE_OUTER_BOUND('',#8163,.F.);
#8166=CARTESIAN_POINT('',(0.E0,6.928552945598E-1,4.329440388785E-1));
#8167=DIRECTION('',(0.E0,8.480480961564E-1,5.299192642332E-1));
#8168=DIRECTION('',(0.E0,-5.299192642332E-1,8.480480961564E-1));
#8169=AXIS2_PLACEMENT_3D('',#8166,#8167,#8168);
#8170=PLANE('',#8169);
#8171=ORIENTED_EDGE('',*,*,#8062,.F.);
#8172=ORIENTED_EDGE('',*,*,#8077,.F.);
#8173=ORIENTED_EDGE('',*,*,#8091,.F.);
#8174=ORIENTED_EDGE('',*,*,#8105,.F.);
#8175=ORIENTED_EDGE('',*,*,#8119,.F.);
#8176=ORIENTED_EDGE('',*,*,#8133,.F.);
#8177=ORIENTED_EDGE('',*,*,#8147,.F.);
#8178=ORIENTED_EDGE('',*,*,#8160,.F.);
#8179=EDGE_LOOP('',(#8171,#8172,#8173,#8174,#8175,#8176,#8177,#8178));
#8180=FACE_OUTER_BOUND('',#8179,.F.);
#8182=CARTESIAN_POINT('',(5.945743972063E-3,1.202008185075E-1,
9.201058218120E-1));
#8183=DIRECTION('',(1.E0,0.E0,0.E0));
#8184=DIRECTION('',(0.E0,9.848077530122E-1,-1.736481776669E-1));
#8185=AXIS2_PLACEMENT_3D('',#8182,#8183,#8184);
#8186=PLANE('',#8185);
#8187=ORIENTED_EDGE('',*,*,#5092,.T.);
#8189=ORIENTED_EDGE('',*,*,#8188,.T.);
#8191=ORIENTED_EDGE('',*,*,#8190,.T.);
#8193=ORIENTED_EDGE('',*,*,#8192,.F.);
#8194=EDGE_LOOP('',(#8187,#8189,#8191,#8193));
#8195=FACE_OUTER_BOUND('',#8194,.F.);
#8197=CARTESIAN_POINT('',(-1.981914657354E-3,1.202008185075E-1,
9.201058218120E-1));
#8198=DIRECTION('',(0.E0,-9.848077530122E-1,1.736481776669E-1));
#8199=DIRECTION('',(1.E0,0.E0,0.E0));
#8200=AXIS2_PLACEMENT_3D('',#8197,#8198,#8199);
#8201=PLANE('',#8200);
#8202=ORIENTED_EDGE('',*,*,#5114,.F.);
#8204=ORIENTED_EDGE('',*,*,#8203,.T.);
#8206=ORIENTED_EDGE('',*,*,#8205,.T.);
#8207=ORIENTED_EDGE('',*,*,#8188,.F.);
#8208=EDGE_LOOP('',(#8202,#8204,#8206,#8207));
#8209=FACE_OUTER_BOUND('',#8208,.F.);
#8211=CARTESIAN_POINT('',(-1.981914657354E-3,1.533272905145E-1,
9.142647310215E-1));
#8212=DIRECTION('',(-1.E0,0.E0,0.E0));
#8213=DIRECTION('',(0.E0,-9.848077530122E-1,1.736481776669E-1));
#8214=AXIS2_PLACEMENT_3D('',#8211,#8212,#8213);
#8215=PLANE('',#8214);
#8216=ORIENTED_EDGE('',*,*,#5112,.F.);
#8218=ORIENTED_EDGE('',*,*,#8217,.T.);
#8220=ORIENTED_EDGE('',*,*,#8219,.T.);
#8221=ORIENTED_EDGE('',*,*,#8203,.F.);
#8222=EDGE_LOOP('',(#8216,#8218,#8220,#8221));
#8223=FACE_OUTER_BOUND('',#8222,.F.);
#8225=CARTESIAN_POINT('',(-2.312234044522E-2,1.533272905145E-1,
9.142647310215E-1));
#8226=DIRECTION('',(0.E0,-9.848077530122E-1,1.736481776669E-1));
#8227=DIRECTION('',(1.E0,0.E0,0.E0));
#8228=AXIS2_PLACEMENT_3D('',#8225,#8226,#8227);
#8229=PLANE('',#8228);
#8230=ORIENTED_EDGE('',*,*,#5110,.F.);
#8232=ORIENTED_EDGE('',*,*,#8231,.T.);
#8234=ORIENTED_EDGE('',*,*,#8233,.T.);
#8235=ORIENTED_EDGE('',*,*,#8217,.F.);
#8236=EDGE_LOOP('',(#8230,#8232,#8234,#8235));
#8237=FACE_OUTER_BOUND('',#8236,.F.);
#8239=CARTESIAN_POINT('',(-2.312234044522E-2,1.151044396007E-1,
9.210044509172E-1));
#8240=DIRECTION('',(1.E0,0.E0,0.E0));
#8241=DIRECTION('',(0.E0,9.848077530122E-1,-1.736481776669E-1));
#8242=AXIS2_PLACEMENT_3D('',#8239,#8240,#8241);
#8243=PLANE('',#8242);
#8244=ORIENTED_EDGE('',*,*,#5108,.T.);
#8246=ORIENTED_EDGE('',*,*,#8245,.T.);
#8248=ORIENTED_EDGE('',*,*,#8247,.T.);
#8249=ORIENTED_EDGE('',*,*,#8231,.F.);
#8250=EDGE_LOOP('',(#8244,#8246,#8248,#8249));
#8251=FACE_OUTER_BOUND('',#8250,.F.);
#8253=CARTESIAN_POINT('',(-3.105E-2,1.151044396007E-1,9.210044509172E-1));
#8254=DIRECTION('',(0.E0,-9.848077530122E-1,1.736481776669E-1));
#8255=DIRECTION('',(1.E0,0.E0,0.E0));
#8256=AXIS2_PLACEMENT_3D('',#8253,#8254,#8255);
#8257=PLANE('',#8256);
#8258=ORIENTED_EDGE('',*,*,#5106,.T.);
#8260=ORIENTED_EDGE('',*,*,#8259,.T.);
#8262=ORIENTED_EDGE('',*,*,#8261,.T.);
#8263=ORIENTED_EDGE('',*,*,#8245,.F.);
#8264=EDGE_LOOP('',(#8258,#8260,#8262,#8263));
#8265=FACE_OUTER_BOUND('',#8264,.F.);
#8267=CARTESIAN_POINT('',(-3.105E-2,1.609718606972E-1,9.129167870423E-1));
#8268=DIRECTION('',(-1.E0,0.E0,0.E0));
#8269=DIRECTION('',(0.E0,-9.848077530122E-1,1.736481776669E-1));
#8270=AXIS2_PLACEMENT_3D('',#8267,#8268,#8269);
#8271=PLANE('',#8270);
#8272=ORIENTED_EDGE('',*,*,#5104,.F.);
#8274=ORIENTED_EDGE('',*,*,#8273,.T.);
#8276=ORIENTED_EDGE('',*,*,#8275,.T.);
#8277=ORIENTED_EDGE('',*,*,#8259,.F.);
#8278=EDGE_LOOP('',(#8272,#8274,#8276,#8277));
#8279=FACE_OUTER_BOUND('',#8278,.F.);
#8281=CARTESIAN_POINT('',(3.105E-2,1.609718606972E-1,9.129167870423E-1));
#8282=DIRECTION('',(0.E0,9.848077530122E-1,-1.736481776669E-1));
#8283=DIRECTION('',(-1.E0,0.E0,0.E0));
#8284=AXIS2_PLACEMENT_3D('',#8281,#8282,#8283);
#8285=PLANE('',#8284);
#8286=ORIENTED_EDGE('',*,*,#5102,.F.);
#8288=ORIENTED_EDGE('',*,*,#8287,.T.);
#8290=ORIENTED_EDGE('',*,*,#8289,.T.);
#8291=ORIENTED_EDGE('',*,*,#8273,.F.);
#8292=EDGE_LOOP('',(#8286,#8288,#8290,#8291));
#8293=FACE_OUTER_BOUND('',#8292,.F.);
#8295=CARTESIAN_POINT('',(3.105E-2,1.151044396007E-1,9.210044509172E-1));
#8296=DIRECTION('',(1.E0,0.E0,0.E0));
#8297=DIRECTION('',(0.E0,9.848077530122E-1,-1.736481776669E-1));
#8298=AXIS2_PLACEMENT_3D('',#8295,#8296,#8297);
#8299=PLANE('',#8298);
#8300=ORIENTED_EDGE('',*,*,#5100,.F.);
#8302=ORIENTED_EDGE('',*,*,#8301,.T.);
#8304=ORIENTED_EDGE('',*,*,#8303,.T.);
#8305=ORIENTED_EDGE('',*,*,#8287,.F.);
#8306=EDGE_LOOP('',(#8300,#8302,#8304,#8305));
#8307=FACE_OUTER_BOUND('',#8306,.F.);
#8309=CARTESIAN_POINT('',(2.312234137058E-2,1.151044396007E-1,
9.210044509172E-1));
#8310=DIRECTION('',(0.E0,-9.848077530122E-1,1.736481776669E-1));
#8311=DIRECTION('',(1.E0,0.E0,0.E0));
#8312=AXIS2_PLACEMENT_3D('',#8309,#8310,#8311);
#8313=PLANE('',#8312);
#8314=ORIENTED_EDGE('',*,*,#5098,.F.);
#8316=ORIENTED_EDGE('',*,*,#8315,.T.);
#8318=ORIENTED_EDGE('',*,*,#8317,.T.);
#8319=ORIENTED_EDGE('',*,*,#8301,.F.);
#8320=EDGE_LOOP('',(#8314,#8316,#8318,#8319));
#8321=FACE_OUTER_BOUND('',#8320,.F.);
#8323=CARTESIAN_POINT('',(2.312234137058E-2,1.533272905145E-1,
9.142647310215E-1));
#8324=DIRECTION('',(-1.E0,0.E0,0.E0));
#8325=DIRECTION('',(0.E0,-9.848077530122E-1,1.736481776669E-1));
#8326=AXIS2_PLACEMENT_3D('',#8323,#8324,#8325);
#8327=PLANE('',#8326);
#8328=ORIENTED_EDGE('',*,*,#5096,.F.);
#8330=ORIENTED_EDGE('',*,*,#8329,.T.);
#8332=ORIENTED_EDGE('',*,*,#8331,.T.);
#8333=ORIENTED_EDGE('',*,*,#8315,.F.);
#8334=EDGE_LOOP('',(#8328,#8330,#8332,#8333));
#8335=FACE_OUTER_BOUND('',#8334,.F.);
#8337=CARTESIAN_POINT('',(5.945743972063E-3,1.533272905145E-1,
9.142647310215E-1));
#8338=DIRECTION('',(0.E0,-9.848077530122E-1,1.736481776669E-1));
#8339=DIRECTION('',(1.E0,0.E0,0.E0));
#8340=AXIS2_PLACEMENT_3D('',#8337,#8338,#8339);
#8341=PLANE('',#8340);
#8342=ORIENTED_EDGE('',*,*,#5094,.T.);
#8343=ORIENTED_EDGE('',*,*,#8192,.T.);
#8345=ORIENTED_EDGE('',*,*,#8344,.T.);
#8346=ORIENTED_EDGE('',*,*,#8329,.F.);
#8347=EDGE_LOOP('',(#8342,#8343,#8345,#8346));
#8348=FACE_OUTER_BOUND('',#8347,.F.);
#8350=CARTESIAN_POINT('',(0.E0,1.418705611539E-1,8.045879342110E-1));
#8351=DIRECTION('',(0.E0,1.736481776669E-1,9.848077530122E-1));
#8352=DIRECTION('',(0.E0,-9.848077530122E-1,1.736481776669E-1));
#8353=AXIS2_PLACEMENT_3D('',#8350,#8351,#8352);
#8354=PLANE('',#8353);
#8355=ORIENTED_EDGE('',*,*,#8247,.F.);
#8356=ORIENTED_EDGE('',*,*,#8261,.F.);
#8357=ORIENTED_EDGE('',*,*,#8275,.F.);
#8358=ORIENTED_EDGE('',*,*,#8289,.F.);
#8359=ORIENTED_EDGE('',*,*,#8303,.F.);
#8360=ORIENTED_EDGE('',*,*,#8317,.F.);
#8361=ORIENTED_EDGE('',*,*,#8331,.F.);
#8362=ORIENTED_EDGE('',*,*,#8344,.F.);
#8363=ORIENTED_EDGE('',*,*,#8190,.F.);
#8364=ORIENTED_EDGE('',*,*,#8205,.F.);
#8365=ORIENTED_EDGE('',*,*,#8219,.F.);
#8366=ORIENTED_EDGE('',*,*,#8233,.F.);
#8367=EDGE_LOOP('',(#8355,#8356,#8357,#8358,#8359,#8360,#8361,#8362,#8363,#8364,
#8365,#8366));
#8368=FACE_OUTER_BOUND('',#8367,.F.);
#8370=CARTESIAN_POINT('',(-3.105E-2,-6.018105341691E-1,7.051335599511E-1));
#8371=DIRECTION('',(0.E0,-7.660444431190E-1,-6.427876096865E-1));
#8372=DIRECTION('',(1.E0,0.E0,0.E0));
#8373=AXIS2_PLACEMENT_3D('',#8370,#8371,#8372);
#8374=PLANE('',#8373);
#8375=ORIENTED_EDGE('',*,*,#5170,.F.);
#8377=ORIENTED_EDGE('',*,*,#8376,.T.);
#8379=ORIENTED_EDGE('',*,*,#8378,.T.);
#8381=ORIENTED_EDGE('',*,*,#8380,.F.);
#8382=EDGE_LOOP('',(#8375,#8377,#8379,#8381));
#8383=FACE_OUTER_BOUND('',#8382,.F.);
#8385=CARTESIAN_POINT('',(-3.105E-2,-5.958641141794E-1,7.101231987713E-1));
#8386=DIRECTION('',(-1.E0,0.E0,0.E0));
#8387=DIRECTION('',(0.E0,-7.660444431190E-1,-6.427876096865E-1));
#8388=AXIS2_PLACEMENT_3D('',#8385,#8386,#8387);
#8389=PLANE('',#8388);
#8390=ORIENTED_EDGE('',*,*,#5176,.T.);
#8392=ORIENTED_EDGE('',*,*,#8391,.T.);
#8394=ORIENTED_EDGE('',*,*,#8393,.T.);
#8395=ORIENTED_EDGE('',*,*,#8376,.F.);
#8396=EDGE_LOOP('',(#8390,#8392,#8394,#8395));
#8397=FACE_OUTER_BOUND('',#8396,.F.);
#8399=CARTESIAN_POINT('',(3.105E-2,-5.958641141794E-1,7.101231987713E-1));
#8400=DIRECTION('',(0.E0,7.660444431190E-1,6.427876096865E-1));
#8401=DIRECTION('',(-1.E0,0.E0,0.E0));
#8402=AXIS2_PLACEMENT_3D('',#8399,#8400,#8401);
#8403=PLANE('',#8402);
#8404=ORIENTED_EDGE('',*,*,#5174,.F.);
#8406=ORIENTED_EDGE('',*,*,#8405,.T.);
#8408=ORIENTED_EDGE('',*,*,#8407,.T.);
#8409=ORIENTED_EDGE('',*,*,#8391,.F.);
#8410=EDGE_LOOP('',(#8404,#8406,#8408,#8409));
#8411=FACE_OUTER_BOUND('',#8410,.F.);
#8413=CARTESIAN_POINT('',(3.105E-2,-6.018105341691E-1,7.051335599511E-1));
#8414=DIRECTION('',(1.E0,0.E0,0.E0));
#8415=DIRECTION('',(0.E0,7.660444431190E-1,6.427876096865E-1));
#8416=AXIS2_PLACEMENT_3D('',#8413,#8414,#8415);
#8417=PLANE('',#8416);
#8418=ORIENTED_EDGE('',*,*,#5172,.F.);
#8419=ORIENTED_EDGE('',*,*,#8380,.T.);
#8421=ORIENTED_EDGE('',*,*,#8420,.T.);
#8422=ORIENTED_EDGE('',*,*,#8405,.F.);
#8423=EDGE_LOOP('',(#8418,#8419,#8421,#8422));
#8424=FACE_OUTER_BOUND('',#8423,.F.);
#8426=CARTESIAN_POINT('',(0.E0,-5.251574771139E-1,6.258583100282E-1));
#8427=DIRECTION('',(0.E0,-6.427876096865E-1,7.660444431190E-1));
#8428=DIRECTION('',(0.E0,-7.660444431190E-1,-6.427876096865E-1));
#8429=AXIS2_PLACEMENT_3D('',#8426,#8427,#8428);
#8430=PLANE('',#8429);
#8431=ORIENTED_EDGE('',*,*,#8378,.F.);
#8432=ORIENTED_EDGE('',*,*,#8393,.F.);
#8433=ORIENTED_EDGE('',*,*,#8407,.F.);
#8434=ORIENTED_EDGE('',*,*,#8420,.F.);
#8435=EDGE_LOOP('',(#8431,#8432,#8433,#8434));
#8436=FACE_OUTER_BOUND('',#8435,.F.);
#8438=CARTESIAN_POINT('',(-3.105E-2,-7.735326153351E-1,5.124302920427E-1));
#8439=DIRECTION('',(-1.E0,0.E0,0.E0));
#8440=DIRECTION('',(0.E0,-5.877852522925E-1,-8.090169943749E-1));
#8441=AXIS2_PLACEMENT_3D('',#8438,#8439,#8440);
#8442=PLANE('',#8441);
#8443=ORIENTED_EDGE('',*,*,#5180,.T.);
#8445=ORIENTED_EDGE('',*,*,#8444,.T.);
#8447=ORIENTED_EDGE('',*,*,#8446,.T.);
#8449=ORIENTED_EDGE('',*,*,#8448,.F.);
#8450=EDGE_LOOP('',(#8443,#8445,#8447,#8449));
#8451=FACE_OUTER_BOUND('',#8450,.F.);
#8453=CARTESIAN_POINT('',(2.312234137058E-2,-7.545214368065E-1,
5.385969344563E-1));
#8454=DIRECTION('',(-5.126338994977E-1,5.046767048472E-1,6.946278922346E-1));
#8455=DIRECTION('',(-8.586072938694E-1,-3.013186459500E-1,-4.147295365864E-1));
#8456=AXIS2_PLACEMENT_3D('',#8453,#8454,#8455);
#8457=PLANE('',#8456);
#8458=ORIENTED_EDGE('',*,*,#5198,.T.);
#8460=ORIENTED_EDGE('',*,*,#8459,.T.);
#8462=ORIENTED_EDGE('',*,*,#8461,.T.);
#8463=ORIENTED_EDGE('',*,*,#8444,.F.);
#8464=EDGE_LOOP('',(#8458,#8460,#8462,#8463));
#8465=FACE_OUTER_BOUND('',#8464,.F.);
#8467=CARTESIAN_POINT('',(-3.105E-2,-7.545214368065E-1,5.385969344563E-1));
#8468=DIRECTION('',(0.E0,-5.877852522925E-1,-8.090169943749E-1));
#8469=DIRECTION('',(1.E0,0.E0,0.E0));
#8470=AXIS2_PLACEMENT_3D('',#8467,#8468,#8469);
#8471=PLANE('',#8470);
#8472=ORIENTED_EDGE('',*,*,#5196,.T.);
#8474=ORIENTED_EDGE('',*,*,#8473,.T.);
#8476=ORIENTED_EDGE('',*,*,#8475,.T.);
#8477=ORIENTED_EDGE('',*,*,#8459,.F.);
#8478=EDGE_LOOP('',(#8472,#8474,#8476,#8477));
#8479=FACE_OUTER_BOUND('',#8478,.F.);
#8481=CARTESIAN_POINT('',(-3.105E-2,-7.499587537856E-1,5.448769288751E-1));
#8482=DIRECTION('',(-1.E0,0.E0,0.E0));
#8483=DIRECTION('',(0.E0,-5.877852522925E-1,-8.090169943749E-1));
#8484=AXIS2_PLACEMENT_3D('',#8481,#8482,#8483);
#8485=PLANE('',#8484);
#8486=ORIENTED_EDGE('',*,*,#5194,.T.);
#8488=ORIENTED_EDGE('',*,*,#8487,.T.);
#8490=ORIENTED_EDGE('',*,*,#8489,.T.);
#8491=ORIENTED_EDGE('',*,*,#8473,.F.);
#8492=EDGE_LOOP('',(#8486,#8488,#8490,#8491));
#8493=FACE_OUTER_BOUND('',#8492,.F.);
#8495=CARTESIAN_POINT('',(3.105E-2,-7.499587537856E-1,5.448769288751E-1));
#8496=DIRECTION('',(0.E0,5.877852522925E-1,8.090169943749E-1));
#8497=DIRECTION('',(-1.E0,0.E0,0.E0));
#8498=AXIS2_PLACEMENT_3D('',#8495,#8496,#8497);
#8499=PLANE('',#8498);
#8500=ORIENTED_EDGE('',*,*,#5192,.F.);
#8502=ORIENTED_EDGE('',*,*,#8501,.T.);
#8504=ORIENTED_EDGE('',*,*,#8503,.T.);
#8505=ORIENTED_EDGE('',*,*,#8487,.F.);
#8506=EDGE_LOOP('',(#8500,#8502,#8504,#8505));
#8507=FACE_OUTER_BOUND('',#8506,.F.);
#8509=CARTESIAN_POINT('',(3.105E-2,-7.568027783170E-1,5.354569372469E-1));
#8510=DIRECTION('',(1.E0,0.E0,0.E0));
#8511=DIRECTION('',(0.E0,5.877852522925E-1,8.090169943749E-1));
#8512=AXIS2_PLACEMENT_3D('',#8509,#8510,#8511);
#8513=PLANE('',#8512);
#8514=ORIENTED_EDGE('',*,*,#5190,.F.);
#8516=ORIENTED_EDGE('',*,*,#8515,.T.);
#8518=ORIENTED_EDGE('',*,*,#8517,.T.);
#8519=ORIENTED_EDGE('',*,*,#8501,.F.);
#8520=EDGE_LOOP('',(#8514,#8516,#8518,#8519));
#8521=FACE_OUTER_BOUND('',#8520,.F.);
#8523=CARTESIAN_POINT('',(-2.180106400698E-2,-7.758139568456E-1,
5.092902948332E-1));
#8524=DIRECTION('',(5.219889745993E-1,-5.013527429908E-1,-6.900528512312E-1));
#8525=DIRECTION('',(8.529522321893E-1,3.068174211287E-1,4.222979513272E-1));
#8526=AXIS2_PLACEMENT_3D('',#8523,#8524,#8525);
#8527=PLANE('',#8526);
#8528=ORIENTED_EDGE('',*,*,#5188,.F.);
#8530=ORIENTED_EDGE('',*,*,#8529,.T.);
#8532=ORIENTED_EDGE('',*,*,#8531,.T.);
#8533=ORIENTED_EDGE('',*,*,#8515,.F.);
#8534=EDGE_LOOP('',(#8528,#8530,#8532,#8533));
#8535=FACE_OUTER_BOUND('',#8534,.F.);
#8537=CARTESIAN_POINT('',(3.105E-2,-7.758139568456E-1,5.092902948332E-1));
#8538=DIRECTION('',(0.E0,5.877852522925E-1,8.090169943749E-1));
#8539=DIRECTION('',(-1.E0,0.E0,0.E0));
#8540=AXIS2_PLACEMENT_3D('',#8537,#8538,#8539);
#8541=PLANE('',#8540);
#8542=ORIENTED_EDGE('',*,*,#5186,.F.);
#8544=ORIENTED_EDGE('',*,*,#8543,.T.);
#8546=ORIENTED_EDGE('',*,*,#8545,.T.);
#8547=ORIENTED_EDGE('',*,*,#8529,.F.);
#8548=EDGE_LOOP('',(#8542,#8544,#8546,#8547));
#8549=FACE_OUTER_BOUND('',#8548,.F.);
#8551=CARTESIAN_POINT('',(3.105E-2,-7.803766398665E-1,5.030103004144E-1));
#8552=DIRECTION('',(1.E0,0.E0,0.E0));
#8553=DIRECTION('',(0.E0,5.877852522925E-1,8.090169943749E-1));
#8554=AXIS2_PLACEMENT_3D('',#8551,#8552,#8553);
#8555=PLANE('',#8554);
#8556=ORIENTED_EDGE('',*,*,#5184,.F.);
#8558=ORIENTED_EDGE('',*,*,#8557,.T.);
#8560=ORIENTED_EDGE('',*,*,#8559,.T.);
#8561=ORIENTED_EDGE('',*,*,#8543,.F.);
#8562=EDGE_LOOP('',(#8556,#8558,#8560,#8561));
#8563=FACE_OUTER_BOUND('',#8562,.F.);
#8565=CARTESIAN_POINT('',(-3.105E-2,-7.803766398665E-1,5.030103004144E-1));
#8566=DIRECTION('',(0.E0,-5.877852522925E-1,-8.090169943749E-1));
#8567=DIRECTION('',(1.E0,0.E0,0.E0));
#8568=AXIS2_PLACEMENT_3D('',#8565,#8566,#8567);
#8569=PLANE('',#8568);
#8570=ORIENTED_EDGE('',*,*,#5182,.T.);
#8571=ORIENTED_EDGE('',*,*,#8448,.T.);
#8573=ORIENTED_EDGE('',*,*,#8572,.T.);
#8574=ORIENTED_EDGE('',*,*,#8557,.F.);
#8575=EDGE_LOOP('',(#8570,#8571,#8573,#8574));
#8576=FACE_OUTER_BOUND('',#8575,.F.);
#8578=CARTESIAN_POINT('',(0.E0,-6.609668844043E-1,4.802205511230E-1));
#8579=DIRECTION('',(0.E0,-8.090169943749E-1,5.877852522925E-1));
#8580=DIRECTION('',(0.E0,-5.877852522925E-1,-8.090169943749E-1));
#8581=AXIS2_PLACEMENT_3D('',#8578,#8579,#8580);
#8582=PLANE('',#8581);
#8583=ORIENTED_EDGE('',*,*,#8475,.F.);
#8584=ORIENTED_EDGE('',*,*,#8489,.F.);
#8585=ORIENTED_EDGE('',*,*,#8503,.F.);
#8586=ORIENTED_EDGE('',*,*,#8517,.F.);
#8587=ORIENTED_EDGE('',*,*,#8531,.F.);
#8588=ORIENTED_EDGE('',*,*,#8545,.F.);
#8589=ORIENTED_EDGE('',*,*,#8559,.F.);
#8590=ORIENTED_EDGE('',*,*,#8572,.F.);
#8591=ORIENTED_EDGE('',*,*,#8446,.F.);
#8592=ORIENTED_EDGE('',*,*,#8461,.F.);
#8593=EDGE_LOOP('',(#8583,#8584,#8585,#8586,#8587,#8588,#8589,#8590,#8591,
#8592));
#8594=FACE_OUTER_BOUND('',#8593,.F.);
#8596=CARTESIAN_POINT('',(-2.180106400698E-2,-8.724225251498E-1,
3.134054908785E-1));
#8597=DIRECTION('',(-6.996247826288E-1,2.443769618190E-1,6.714201844327E-1));
#8598=DIRECTION('',(-7.145104362650E-1,-2.392857684289E-1,-6.574322455553E-1));
#8599=AXIS2_PLACEMENT_3D('',#8596,#8597,#8598);
#8600=PLANE('',#8599);
#8601=ORIENTED_EDGE('',*,*,#5202,.T.);
#8603=ORIENTED_EDGE('',*,*,#8602,.T.);
#8605=ORIENTED_EDGE('',*,*,#8604,.T.);
#8607=ORIENTED_EDGE('',*,*,#8606,.F.);
#8608=EDGE_LOOP('',(#8601,#8603,#8605,#8607));
#8609=FACE_OUTER_BOUND('',#8608,.F.);
#8611=CARTESIAN_POINT('',(-1.651595732868E-2,-8.715375480422E-1,
3.158369454985E-1));
#8612=DIRECTION('',(-4.397134284359E-1,3.071813320047E-1,8.439737733608E-1));
#8613=DIRECTION('',(-8.981381301632E-1,-1.503908498159E-1,-4.131954639617E-1));
#8614=AXIS2_PLACEMENT_3D('',#8611,#8612,#8613);
#8615=PLANE('',#8614);
#8616=ORIENTED_EDGE('',*,*,#5287,.F.);
#8618=ORIENTED_EDGE('',*,*,#8617,.T.);
#8620=ORIENTED_EDGE('',*,*,#8619,.T.);
#8621=ORIENTED_EDGE('',*,*,#8602,.F.);
#8622=EDGE_LOOP('',(#8616,#8618,#8620,#8621));
#8623=FACE_OUTER_BOUND('',#8622,.F.);
#8625=CARTESIAN_POINT('',(-9.909575137496E-3,-8.710950594685E-1,
3.170526728629E-1));
#8626=DIRECTION('',(-1.921828589309E-1,3.356445914639E-1,9.221759360091E-1));
#8627=DIRECTION('',(-9.813591334130E-1,-6.573040895627E-2,-1.805928143789E-1));
#8628=AXIS2_PLACEMENT_3D('',#8625,#8626,#8627);
#8629=PLANE('',#8628);
#8630=ORIENTED_EDGE('',*,*,#5285,.F.);
#8632=ORIENTED_EDGE('',*,*,#8631,.T.);
#8634=ORIENTED_EDGE('',*,*,#8633,.T.);
#8635=ORIENTED_EDGE('',*,*,#8617,.F.);
#8636=EDGE_LOOP('',(#8630,#8632,#8634,#8635));
#8637=FACE_OUTER_BOUND('',#8636,.F.);
#8639=CARTESIAN_POINT('',(9.909573286772E-3,-8.710950594685E-1,
3.170526728629E-1));
#8640=DIRECTION('',(0.E0,3.420201433257E-1,9.396926207859E-1));
#8641=DIRECTION('',(-1.E0,0.E0,0.E0));
#8642=AXIS2_PLACEMENT_3D('',#8639,#8640,#8641);
#8643=PLANE('',#8642);
#8644=ORIENTED_EDGE('',*,*,#5283,.T.);
#8646=ORIENTED_EDGE('',*,*,#8645,.T.);
#8648=ORIENTED_EDGE('',*,*,#8647,.T.);
#8649=ORIENTED_EDGE('',*,*,#8631,.F.);
#8650=EDGE_LOOP('',(#8644,#8646,#8648,#8649));
#8651=FACE_OUTER_BOUND('',#8650,.F.);
#8653=CARTESIAN_POINT('',(1.651595917940E-2,-8.715375480422E-1,
3.158369454985E-1));
#8654=DIRECTION('',(1.921827552310E-1,3.356445984096E-1,9.221759550923E-1));
#8655=DIRECTION('',(-9.813591537209E-1,6.573037348881E-2,1.805927169328E-1));
#8656=AXIS2_PLACEMENT_3D('',#8653,#8654,#8655);
#8657=PLANE('',#8656);
#8658=ORIENTED_EDGE('',*,*,#5281,.T.);
#8660=ORIENTED_EDGE('',*,*,#8659,.T.);
#8662=ORIENTED_EDGE('',*,*,#8661,.T.);
#8663=ORIENTED_EDGE('',*,*,#8645,.F.);
#8664=EDGE_LOOP('',(#8658,#8660,#8662,#8663));
#8665=FACE_OUTER_BOUND('',#8664,.F.);
#8667=CARTESIAN_POINT('',(2.180106493235E-2,-8.724225251498E-1,
3.134054908785E-1));
#8668=DIRECTION('',(4.397134905391E-1,3.071813216057E-1,8.439737447898E-1));
#8669=DIRECTION('',(-8.981380997585E-1,1.503908710564E-1,4.131955223196E-1));
#8670=AXIS2_PLACEMENT_3D('',#8667,#8668,#8669);
#8671=PLANE('',#8670);
#8672=ORIENTED_EDGE('',*,*,#5279,.T.);
#8674=ORIENTED_EDGE('',*,*,#8673,.T.);
#8676=ORIENTED_EDGE('',*,*,#8675,.T.);
#8677=ORIENTED_EDGE('',*,*,#8659,.F.);
#8678=EDGE_LOOP('',(#8672,#8674,#8676,#8677));
#8679=FACE_OUTER_BOUND('',#8678,.F.);
#8681=CARTESIAN_POINT('',(2.708617068529E-2,-8.741924792860E-1,
3.085425818558E-1));
#8682=DIRECTION('',(6.996248138976E-1,2.443769513473E-1,6.714201556619E-1));
#8683=DIRECTION('',(-7.145104056477E-1,2.392857791234E-1,6.574322749383E-1));
#8684=AXIS2_PLACEMENT_3D('',#8681,#8682,#8683);
#8685=PLANE('',#8684);
#8686=ORIENTED_EDGE('',*,*,#5277,.T.);
#8688=ORIENTED_EDGE('',*,*,#8687,.T.);
#8690=ORIENTED_EDGE('',*,*,#8689,.T.);
#8691=ORIENTED_EDGE('',*,*,#8673,.F.);
#8692=EDGE_LOOP('',(#8686,#8688,#8690,#8691));
#8693=FACE_OUTER_BOUND('',#8692,.F.);
#8695=CARTESIAN_POINT('',(2.972872356176E-2,-8.759624337387E-1,
3.036796719635E-1));
#8696=DIRECTION('',(8.906053088238E-1,1.555429188496E-1,4.273506572952E-1));
#8697=DIRECTION('',(-4.547770705465E-1,3.046049553705E-1,8.368952367345E-1));
#8698=AXIS2_PLACEMENT_3D('',#8695,#8696,#8697);
#8699=PLANE('',#8698);
#8700=ORIENTED_EDGE('',*,*,#5275,.T.);
#8702=ORIENTED_EDGE('',*,*,#8701,.T.);
#8704=ORIENTED_EDGE('',*,*,#8703,.T.);
#8705=ORIENTED_EDGE('',*,*,#8687,.F.);
#8706=EDGE_LOOP('',(#8700,#8702,#8704,#8705));
#8707=FACE_OUTER_BOUND('',#8706,.F.);
#8709=CARTESIAN_POINT('',(3.105E-2,-8.781748766464E-1,2.976010350329E-1));
#8710=DIRECTION('',(9.797707111493E-1,6.844621544732E-2,1.880544313886E-1));
#8711=DIRECTION('',(-2.001233458994E-1,3.351013190536E-1,9.206833073292E-1));
#8712=AXIS2_PLACEMENT_3D('',#8709,#8710,#8711);
#8713=PLANE('',#8712);
#8714=ORIENTED_EDGE('',*,*,#5273,.T.);
#8716=ORIENTED_EDGE('',*,*,#8715,.T.);
#8718=ORIENTED_EDGE('',*,*,#8717,.T.);
#8719=ORIENTED_EDGE('',*,*,#8701,.F.);
#8720=EDGE_LOOP('',(#8714,#8716,#8718,#8719));
#8721=FACE_OUTER_BOUND('',#8720,.F.);
#8723=CARTESIAN_POINT('',(3.105E-2,-8.821572730572E-1,2.866594908188E-1));
#8724=DIRECTION('',(1.E0,0.E0,0.E0));
#8725=DIRECTION('',(0.E0,3.420201433257E-1,9.396926207859E-1));
#8726=AXIS2_PLACEMENT_3D('',#8723,#8724,#8725);
#8727=PLANE('',#8726);
#8728=ORIENTED_EDGE('',*,*,#5271,.T.);
#8730=ORIENTED_EDGE('',*,*,#8729,.T.);
#8732=ORIENTED_EDGE('',*,*,#8731,.T.);
#8733=ORIENTED_EDGE('',*,*,#8715,.F.);
#8734=EDGE_LOOP('',(#8728,#8730,#8732,#8733));
#8735=FACE_OUTER_BOUND('',#8734,.F.);
#8737=CARTESIAN_POINT('',(2.972872356176E-2,-8.843697162814E-1,
2.805808530186E-1));
#8738=DIRECTION('',(9.797707167625E-1,-6.844620604815E-2,-1.880544055646E-1));
#8739=DIRECTION('',(2.001233184181E-1,3.351013209734E-1,9.206833126039E-1));
#8740=AXIS2_PLACEMENT_3D('',#8737,#8738,#8739);
#8741=PLANE('',#8740);
#8742=ORIENTED_EDGE('',*,*,#5269,.T.);
#8744=ORIENTED_EDGE('',*,*,#8743,.T.);
#8746=ORIENTED_EDGE('',*,*,#8745,.T.);
#8747=ORIENTED_EDGE('',*,*,#8729,.F.);
#8748=EDGE_LOOP('',(#8742,#8744,#8746,#8747));
#8749=FACE_OUTER_BOUND('',#8748,.F.);
#8751=CARTESIAN_POINT('',(2.708617068529E-2,-8.861396701011E-1,
2.757179448655E-1));
#8752=DIRECTION('',(8.906052429498E-1,-1.555429629713E-1,-4.273507785186E-1));
#8753=DIRECTION('',(4.547771995497E-1,3.046049328403E-1,8.368951748332E-1));
#8754=AXIS2_PLACEMENT_3D('',#8751,#8752,#8753);
#8755=PLANE('',#8754);
#8756=ORIENTED_EDGE('',*,*,#5267,.T.);
#8758=ORIENTED_EDGE('',*,*,#8757,.T.);
#8760=ORIENTED_EDGE('',*,*,#8759,.T.);
#8761=ORIENTED_EDGE('',*,*,#8743,.F.);
#8762=EDGE_LOOP('',(#8756,#8758,#8760,#8761));
#8763=FACE_OUTER_BOUND('',#8762,.F.);
#8765=CARTESIAN_POINT('',(2.180106493235E-2,-8.879096251868E-1,
2.708550332341E-1));
#8766=DIRECTION('',(6.996250055017E-1,-2.443768871801E-1,-6.714199793639E-1));
#8767=DIRECTION('',(7.145102180353E-1,2.392858446559E-1,6.574324549872E-1));
#8768=AXIS2_PLACEMENT_3D('',#8765,#8766,#8767);
#8769=PLANE('',#8768);
#8770=ORIENTED_EDGE('',*,*,#5265,.T.);
#8772=ORIENTED_EDGE('',*,*,#8771,.T.);
#8774=ORIENTED_EDGE('',*,*,#8773,.T.);
#8775=ORIENTED_EDGE('',*,*,#8757,.F.);
#8776=EDGE_LOOP('',(#8770,#8772,#8774,#8775));
#8777=FACE_OUTER_BOUND('',#8776,.F.);
#8779=CARTESIAN_POINT('',(1.519467903972E-2,-8.883521133252E-1,
2.696393070654E-1));
#8780=DIRECTION('',(1.921825732045E-1,-3.356446106015E-1,-9.221759885893E-1));
#8781=DIRECTION('',(9.813591893677E-1,6.573031123211E-2,1.805925458839E-1));
#8782=AXIS2_PLACEMENT_3D('',#8779,#8780,#8781);
#8783=PLANE('',#8782);
#8784=ORIENTED_EDGE('',*,*,#5263,.T.);
#8786=ORIENTED_EDGE('',*,*,#8785,.T.);
#8788=ORIENTED_EDGE('',*,*,#8787,.T.);
#8789=ORIENTED_EDGE('',*,*,#8771,.F.);
#8790=EDGE_LOOP('',(#8784,#8786,#8788,#8789));
#8791=FACE_OUTER_BOUND('',#8790,.F.);
#8793=CARTESIAN_POINT('',(1.519467903972E-2,-8.856971819626E-1,
2.769336710342E-1));
#8794=DIRECTION('',(-1.E0,0.E0,0.E0));
#8795=DIRECTION('',(0.E0,-3.420201433257E-1,-9.396926207859E-1));
#8796=AXIS2_PLACEMENT_3D('',#8793,#8794,#8795);
#8797=PLANE('',#8796);
#8798=ORIENTED_EDGE('',*,*,#5261,.F.);
#8800=ORIENTED_EDGE('',*,*,#8799,.T.);
#8802=ORIENTED_EDGE('',*,*,#8801,.T.);
#8803=ORIENTED_EDGE('',*,*,#8785,.F.);
#8804=EDGE_LOOP('',(#8798,#8800,#8802,#8803));
#8805=FACE_OUTER_BOUND('',#8804,.F.);
#8807=CARTESIAN_POINT('',(1.915851205587E-2,-8.852546938242E-1,
2.781493972030E-1));
#8808=DIRECTION('',(-3.102795357040E-1,3.251398639401E-1,8.933144343400E-1));
#8809=DIRECTION('',(-9.506453648566E-1,-1.061218512725E-1,-2.915673900820E-1));
#8810=AXIS2_PLACEMENT_3D('',#8807,#8808,#8809);
#8811=PLANE('',#8810);
#8812=ORIENTED_EDGE('',*,*,#5259,.F.);
#8814=ORIENTED_EDGE('',*,*,#8813,.T.);
#8816=ORIENTED_EDGE('',*,*,#8815,.T.);
#8817=ORIENTED_EDGE('',*,*,#8799,.F.);
#8818=EDGE_LOOP('',(#8812,#8814,#8816,#8817));
#8819=FACE_OUTER_BOUND('',#8818,.F.);
#8821=CARTESIAN_POINT('',(2.180106493235E-2,-8.839272281429E-1,
2.817965791874E-1));
#8822=DIRECTION('',(-8.265992787996E-1,1.924858349657E-1,5.288504851331E-1));
#8823=DIRECTION('',(-5.627909312417E-1,-2.827136038079E-1,-7.767492426350E-1));
#8824=AXIS2_PLACEMENT_3D('',#8821,#8822,#8823);
#8825=PLANE('',#8824);
#8826=ORIENTED_EDGE('',*,*,#5257,.F.);
#8828=ORIENTED_EDGE('',*,*,#8827,.T.);
#8830=ORIENTED_EDGE('',*,*,#8829,.T.);
#8831=ORIENTED_EDGE('',*,*,#8813,.F.);
#8832=EDGE_LOOP('',(#8826,#8828,#8830,#8831));
#8833=FACE_OUTER_BOUND('',#8832,.F.);
#8835=CARTESIAN_POINT('',(2.312234137058E-2,-8.821572730572E-1,
2.866594908188E-1));
#8836=DIRECTION('',(-9.689177459678E-1,8.461000565702E-2,2.324640800026E-1));
#8837=DIRECTION('',(-2.473831068378E-1,-3.313893863467E-1,-9.104848560344E-1));
#8838=AXIS2_PLACEMENT_3D('',#8835,#8836,#8837);
#8839=PLANE('',#8838);
#8840=ORIENTED_EDGE('',*,*,#5255,.F.);
#8842=ORIENTED_EDGE('',*,*,#8841,.T.);
#8844=ORIENTED_EDGE('',*,*,#8843,.T.);
#8845=ORIENTED_EDGE('',*,*,#8827,.F.);
#8846=EDGE_LOOP('',(#8840,#8842,#8844,#8845));
#8847=FACE_OUTER_BOUND('',#8846,.F.);
#8849=CARTESIAN_POINT('',(2.312234137058E-2,-8.781748766464E-1,
2.976010350329E-1));
#8850=DIRECTION('',(-1.E0,0.E0,0.E0));
#8851=DIRECTION('',(0.E0,-3.420201433257E-1,-9.396926207859E-1));
#8852=AXIS2_PLACEMENT_3D('',#8849,#8850,#8851);
#8853=PLANE('',#8852);
#8854=ORIENTED_EDGE('',*,*,#5253,.F.);
#8856=ORIENTED_EDGE('',*,*,#8855,.T.);
#8858=ORIENTED_EDGE('',*,*,#8857,.T.);
#8859=ORIENTED_EDGE('',*,*,#8841,.F.);
#8860=EDGE_LOOP('',(#8854,#8856,#8858,#8859));
#8861=FACE_OUTER_BOUND('',#8860,.F.);
#8863=CARTESIAN_POINT('',(2.180106493235E-2,-8.764049221937E-1,
3.024639449252E-1));
#8864=DIRECTION('',(-9.689177247618E-1,-8.461003406411E-2,-2.324641580504E-1));
#8865=DIRECTION('',(2.473831898946E-1,-3.313893790938E-1,-9.104848361073E-1));
#8866=AXIS2_PLACEMENT_3D('',#8863,#8864,#8865);
#8867=PLANE('',#8866);
#8868=ORIENTED_EDGE('',*,*,#5251,.F.);
#8870=ORIENTED_EDGE('',*,*,#8869,.T.);
#8872=ORIENTED_EDGE('',*,*,#8871,.T.);
#8873=ORIENTED_EDGE('',*,*,#8855,.F.);
#8874=EDGE_LOOP('',(#8868,#8870,#8872,#8873));
#8875=FACE_OUTER_BOUND('',#8874,.F.);
#8877=CARTESIAN_POINT('',(1.915851205587E-2,-8.750774565124E-1,
3.061111269096E-1));
#8878=DIRECTION('',(-8.265992787996E-1,-1.924858349657E-1,-5.288504851331E-1));
#8879=DIRECTION('',(5.627909312417E-1,-2.827136038079E-1,-7.767492426350E-1));
#8880=AXIS2_PLACEMENT_3D('',#8877,#8878,#8879);
#8881=PLANE('',#8880);
#8882=ORIENTED_EDGE('',*,*,#5249,.F.);
#8884=ORIENTED_EDGE('',*,*,#8883,.T.);
#8886=ORIENTED_EDGE('',*,*,#8885,.T.);
#8887=ORIENTED_EDGE('',*,*,#8869,.F.);
#8888=EDGE_LOOP('',(#8882,#8884,#8886,#8887));
#8889=FACE_OUTER_BOUND('',#8888,.F.);
#8891=CARTESIAN_POINT('',(1.519467903972E-2,-8.741924792860E-1,
3.085425818558E-1));
#8892=DIRECTION('',(-5.466222343973E-1,-2.864005965349E-1,-7.868791718980E-1));
#8893=DIRECTION('',(8.373793243581E-1,-1.869558149536E-1,-5.136568800207E-1));
#8894=AXIS2_PLACEMENT_3D('',#8891,#8892,#8893);
#8895=PLANE('',#8894);
#8896=ORIENTED_EDGE('',*,*,#5247,.F.);
#8898=ORIENTED_EDGE('',*,*,#8897,.T.);
#8900=ORIENTED_EDGE('',*,*,#8899,.T.);
#8901=ORIENTED_EDGE('',*,*,#8883,.F.);
#8902=EDGE_LOOP('',(#8896,#8898,#8900,#8901));
#8903=FACE_OUTER_BOUND('',#8902,.F.);
#8905=CARTESIAN_POINT('',(9.909573286772E-3,-8.737499908311E-1,
3.097583088940E-1));
#8906=DIRECTION('',(-2.377712989836E-1,-3.322114047381E-1,-9.127433330031E-1));
#8907=DIRECTION('',(9.713211669575E-1,-8.132257375709E-2,-2.234319350896E-1));
#8908=AXIS2_PLACEMENT_3D('',#8905,#8906,#8907);
#8909=PLANE('',#8908);
#8910=ORIENTED_EDGE('',*,*,#5245,.F.);
#8912=ORIENTED_EDGE('',*,*,#8911,.T.);
#8914=ORIENTED_EDGE('',*,*,#8913,.T.);
#8915=ORIENTED_EDGE('',*,*,#8897,.F.);
#8916=EDGE_LOOP('',(#8910,#8912,#8914,#8915));
#8917=FACE_OUTER_BOUND('',#8916,.F.);
#8919=CARTESIAN_POINT('',(-9.909575137496E-3,-8.737499908311E-1,
3.097583088940E-1));
#8920=DIRECTION('',(0.E0,-3.420201433257E-1,-9.396926207859E-1));
#8921=DIRECTION('',(1.E0,0.E0,0.E0));
#8922=AXIS2_PLACEMENT_3D('',#8919,#8920,#8921);
#8923=PLANE('',#8922);
#8924=ORIENTED_EDGE('',*,*,#5243,.F.);
#8926=ORIENTED_EDGE('',*,*,#8925,.T.);
#8928=ORIENTED_EDGE('',*,*,#8927,.T.);
#8929=ORIENTED_EDGE('',*,*,#8911,.F.);
#8930=EDGE_LOOP('',(#8924,#8926,#8928,#8929));
#8931=FACE_OUTER_BOUND('',#8930,.F.);
#8933=CARTESIAN_POINT('',(-1.519468089044E-2,-8.741924792860E-1,
3.085425818558E-1));
#8934=DIRECTION('',(2.377712989836E-1,-3.322114047381E-1,-9.127433330031E-1));
#8935=DIRECTION('',(9.713211669575E-1,8.132257375709E-2,2.234319350896E-1));
#8936=AXIS2_PLACEMENT_3D('',#8933,#8934,#8935);
#8937=PLANE('',#8936);
#8938=ORIENTED_EDGE('',*,*,#5241,.T.);
#8940=ORIENTED_EDGE('',*,*,#8939,.T.);
#8942=ORIENTED_EDGE('',*,*,#8941,.T.);
#8943=ORIENTED_EDGE('',*,*,#8925,.F.);
#8944=EDGE_LOOP('',(#8938,#8940,#8942,#8943));
#8945=FACE_OUTER_BOUND('',#8944,.F.);
#8947=CARTESIAN_POINT('',(-1.915851020515E-2,-8.750774565124E-1,
3.061111269096E-1));
#8948=DIRECTION('',(5.466225923193E-1,-2.864005166242E-1,-7.868789523450E-1));
#8949=DIRECTION('',(8.373790907147E-1,1.869559373701E-1,5.136572163573E-1));
#8950=AXIS2_PLACEMENT_3D('',#8947,#8948,#8949);
#8951=PLANE('',#8950);
#8952=ORIENTED_EDGE('',*,*,#5239,.T.);
#8954=ORIENTED_EDGE('',*,*,#8953,.T.);
#8956=ORIENTED_EDGE('',*,*,#8955,.T.);
#8957=ORIENTED_EDGE('',*,*,#8939,.F.);
#8958=EDGE_LOOP('',(#8952,#8954,#8956,#8957));
#8959=FACE_OUTER_BOUND('',#8958,.F.);
#8961=CARTESIAN_POINT('',(-2.180106400698E-2,-8.764049221937E-1,
3.024639449252E-1));
#8962=DIRECTION('',(8.265991871191E-1,-1.924858810207E-1,-5.288506116682E-1));
#8963=DIRECTION('',(5.627910658975E-1,2.827135724513E-1,7.767491564834E-1));
#8964=AXIS2_PLACEMENT_3D('',#8961,#8962,#8963);
#8965=PLANE('',#8964);
#8966=ORIENTED_EDGE('',*,*,#5237,.T.);
#8967=ORIENTED_EDGE('',*,*,#4886,.T.);
#8969=ORIENTED_EDGE('',*,*,#8968,.T.);
#8970=ORIENTED_EDGE('',*,*,#8953,.F.);
#8971=EDGE_LOOP('',(#8966,#8967,#8969,#8970));
#8972=FACE_OUTER_BOUND('',#8971,.F.);
#8974=CARTESIAN_POINT('',(0.E0,-7.677288711821E-1,2.794304570971E-1));
#8975=DIRECTION('',(0.E0,-9.396926207859E-1,3.420201433257E-1));
#8976=DIRECTION('',(0.E0,-3.420201433257E-1,-9.396926207859E-1));
#8977=AXIS2_PLACEMENT_3D('',#8974,#8975,#8976);
#8978=PLANE('',#8977);
#8980=ORIENTED_EDGE('',*,*,#8979,.F.);
#8982=ORIENTED_EDGE('',*,*,#8981,.F.);
#8984=ORIENTED_EDGE('',*,*,#8983,.F.);
#8986=ORIENTED_EDGE('',*,*,#8985,.F.);
#8988=ORIENTED_EDGE('',*,*,#8987,.F.);
#8990=ORIENTED_EDGE('',*,*,#8989,.F.);
#8992=ORIENTED_EDGE('',*,*,#8991,.F.);
#8994=ORIENTED_EDGE('',*,*,#8993,.F.);
#8995=ORIENTED_EDGE('',*,*,#8604,.F.);
#8996=ORIENTED_EDGE('',*,*,#8619,.F.);
#8997=ORIENTED_EDGE('',*,*,#8633,.F.);
#8998=ORIENTED_EDGE('',*,*,#8647,.F.);
#8999=ORIENTED_EDGE('',*,*,#8661,.F.);
#9000=ORIENTED_EDGE('',*,*,#8675,.F.);
#9001=ORIENTED_EDGE('',*,*,#8689,.F.);
#9002=ORIENTED_EDGE('',*,*,#8703,.F.);
#9003=ORIENTED_EDGE('',*,*,#8717,.F.);
#9004=ORIENTED_EDGE('',*,*,#8731,.F.);
#9005=ORIENTED_EDGE('',*,*,#8745,.F.);
#9006=ORIENTED_EDGE('',*,*,#8759,.F.);
#9007=ORIENTED_EDGE('',*,*,#8773,.F.);
#9008=ORIENTED_EDGE('',*,*,#8787,.F.);
#9009=ORIENTED_EDGE('',*,*,#8801,.F.);
#9010=ORIENTED_EDGE('',*,*,#8815,.F.);
#9011=ORIENTED_EDGE('',*,*,#8829,.F.);
#9012=ORIENTED_EDGE('',*,*,#8843,.F.);
#9013=ORIENTED_EDGE('',*,*,#8857,.F.);
#9014=ORIENTED_EDGE('',*,*,#8871,.F.);
#9015=ORIENTED_EDGE('',*,*,#8885,.F.);
#9016=ORIENTED_EDGE('',*,*,#8899,.F.);
#9017=ORIENTED_EDGE('',*,*,#8913,.F.);
#9018=ORIENTED_EDGE('',*,*,#8927,.F.);
#9019=ORIENTED_EDGE('',*,*,#8941,.F.);
#9020=ORIENTED_EDGE('',*,*,#8955,.F.);
#9021=ORIENTED_EDGE('',*,*,#8968,.F.);
#9022=ORIENTED_EDGE('',*,*,#4884,.F.);
#9024=ORIENTED_EDGE('',*,*,#9023,.F.);
#9026=ORIENTED_EDGE('',*,*,#9025,.F.);
#9028=ORIENTED_EDGE('',*,*,#9027,.F.);
#9030=ORIENTED_EDGE('',*,*,#9029,.F.);
#9032=ORIENTED_EDGE('',*,*,#9031,.F.);
#9034=ORIENTED_EDGE('',*,*,#9033,.F.);
#9036=ORIENTED_EDGE('',*,*,#9035,.F.);
#9038=ORIENTED_EDGE('',*,*,#9037,.F.);
#9039=EDGE_LOOP('',(#8980,#8982,#8984,#8986,#8988,#8990,#8992,#8994,#8995,#8996,
#8997,#8998,#8999,#9000,#9001,#9002,#9003,#9004,#9005,#9006,#9007,#9008,#9009,
#9010,#9011,#9012,#9013,#9014,#9015,#9016,#9017,#9018,#9019,#9020,#9021,#9022,
#9024,#9026,#9028,#9030,#9032,#9034,#9036,#9038));
#9040=FACE_OUTER_BOUND('',#9039,.F.);
#9042=CARTESIAN_POINT('',(-1.651595732868E-2,-8.883521133252E-1,
2.696393070654E-1));
#9043=DIRECTION('',(0.E0,-3.420201433257E-1,-9.396926207859E-1));
#9044=DIRECTION('',(1.E0,0.E0,0.E0));
#9045=AXIS2_PLACEMENT_3D('',#9042,#9043,#9044);
#9046=PLANE('',#9045);
#9047=ORIENTED_EDGE('',*,*,#5218,.F.);
#9049=ORIENTED_EDGE('',*,*,#9048,.T.);
#9050=ORIENTED_EDGE('',*,*,#8979,.T.);
#9052=ORIENTED_EDGE('',*,*,#9051,.F.);
#9053=EDGE_LOOP('',(#9047,#9049,#9050,#9052));
#9054=FACE_OUTER_BOUND('',#9053,.F.);
#9056=CARTESIAN_POINT('',(-2.180106400698E-2,-8.879096251868E-1,
2.708550332341E-1));
#9057=DIRECTION('',(-2.377710992536E-1,-3.322114214602E-1,-9.127433789468E-1));
#9058=DIRECTION('',(9.713212158497E-1,-8.132250544543E-2,-2.234317474048E-1));
#9059=AXIS2_PLACEMENT_3D('',#9056,#9057,#9058);
#9060=PLANE('',#9059);
#9061=ORIENTED_EDGE('',*,*,#5216,.T.);
#9063=ORIENTED_EDGE('',*,*,#9062,.T.);
#9064=ORIENTED_EDGE('',*,*,#8981,.T.);
#9065=ORIENTED_EDGE('',*,*,#9048,.F.);
#9066=EDGE_LOOP('',(#9061,#9063,#9064,#9065));
#9067=FACE_OUTER_BOUND('',#9066,.F.);
#9069=CARTESIAN_POINT('',(-2.708617022261E-2,-8.861396701011E-1,
2.757179448655E-1));
#9070=DIRECTION('',(-6.996249742329E-1,-2.443768976518E-1,-6.714200081347E-1));
#9071=DIRECTION('',(7.145102486526E-1,-2.392858339614E-1,-6.574324256042E-1));
#9072=AXIS2_PLACEMENT_3D('',#9069,#9070,#9071);
#9073=PLANE('',#9072);
#9074=ORIENTED_EDGE('',*,*,#5214,.F.);
#9076=ORIENTED_EDGE('',*,*,#9075,.T.);
#9077=ORIENTED_EDGE('',*,*,#8983,.T.);
#9078=ORIENTED_EDGE('',*,*,#9062,.F.);
#9079=EDGE_LOOP('',(#9074,#9076,#9077,#9078));
#9080=FACE_OUTER_BOUND('',#9079,.F.);
#9082=CARTESIAN_POINT('',(-2.972872344609E-2,-8.843697162814E-1,
2.805808530186E-1));
#9083=DIRECTION('',(-8.906052187617E-1,-1.555429791722E-1,-4.273508230303E-1));
#9084=DIRECTION('',(4.547772469181E-1,-3.046049245675E-1,-8.368951521038E-1));
#9085=AXIS2_PLACEMENT_3D('',#9082,#9083,#9084);
#9086=PLANE('',#9085);
#9087=ORIENTED_EDGE('',*,*,#5212,.F.);
#9089=ORIENTED_EDGE('',*,*,#9088,.T.);
#9090=ORIENTED_EDGE('',*,*,#8985,.T.);
#9091=ORIENTED_EDGE('',*,*,#9075,.F.);
#9092=EDGE_LOOP('',(#9087,#9089,#9090,#9091));
#9093=FACE_OUTER_BOUND('',#9092,.F.);
#9095=CARTESIAN_POINT('',(-3.105E-2,-8.821572730572E-1,2.866594908188E-1));
#9096=DIRECTION('',(-9.797707133274E-1,-6.844621180025E-2,-1.880544213684E-1));
#9097=DIRECTION('',(2.001233352361E-1,-3.351013197985E-1,-9.206833093759E-1));
#9098=AXIS2_PLACEMENT_3D('',#9095,#9096,#9097);
#9099=PLANE('',#9098);
#9100=ORIENTED_EDGE('',*,*,#5210,.F.);
#9102=ORIENTED_EDGE('',*,*,#9101,.T.);
#9103=ORIENTED_EDGE('',*,*,#8987,.T.);
#9104=ORIENTED_EDGE('',*,*,#9088,.F.);
#9105=EDGE_LOOP('',(#9100,#9102,#9103,#9104));
#9106=FACE_OUTER_BOUND('',#9105,.F.);
#9108=CARTESIAN_POINT('',(-3.105E-2,-8.781748766464E-1,2.976010350329E-1));
#9109=DIRECTION('',(-1.E0,0.E0,0.E0));
#9110=DIRECTION('',(0.E0,-3.420201433257E-1,-9.396926207859E-1));
#9111=AXIS2_PLACEMENT_3D('',#9108,#9109,#9110);
#9112=PLANE('',#9111);
#9113=ORIENTED_EDGE('',*,*,#5208,.F.);
#9115=ORIENTED_EDGE('',*,*,#9114,.T.);
#9116=ORIENTED_EDGE('',*,*,#8989,.T.);
#9117=ORIENTED_EDGE('',*,*,#9101,.F.);
#9118=EDGE_LOOP('',(#9113,#9115,#9116,#9117));
#9119=FACE_OUTER_BOUND('',#9118,.F.);
#9121=CARTESIAN_POINT('',(-2.972872344609E-2,-8.759624337387E-1,
3.036796719635E-1));
#9122=DIRECTION('',(-9.797707077141E-1,6.844622119942E-2,1.880544471924E-1));
#9123=DIRECTION('',(-2.001233627174E-1,-3.351013178787E-1,-9.206833041012E-1));
#9124=AXIS2_PLACEMENT_3D('',#9121,#9122,#9123);
#9125=PLANE('',#9124);
#9126=ORIENTED_EDGE('',*,*,#5206,.F.);
#9128=ORIENTED_EDGE('',*,*,#9127,.T.);
#9129=ORIENTED_EDGE('',*,*,#8991,.T.);
#9130=ORIENTED_EDGE('',*,*,#9114,.F.);
#9131=EDGE_LOOP('',(#9126,#9128,#9129,#9130));
#9132=FACE_OUTER_BOUND('',#9131,.F.);
#9134=CARTESIAN_POINT('',(-2.708617022261E-2,-8.741924792860E-1,
3.085425818558E-1));
#9135=DIRECTION('',(-8.906052846357E-1,1.555429350505E-1,4.273507018069E-1));
#9136=DIRECTION('',(-4.547771179149E-1,-3.046049470977E-1,-8.368952140051E-1));
#9137=AXIS2_PLACEMENT_3D('',#9134,#9135,#9136);
#9138=PLANE('',#9137);
#9139=ORIENTED_EDGE('',*,*,#5204,.T.);
#9140=ORIENTED_EDGE('',*,*,#8606,.T.);
#9141=ORIENTED_EDGE('',*,*,#8993,.T.);
#9142=ORIENTED_EDGE('',*,*,#9127,.F.);
#9143=EDGE_LOOP('',(#9139,#9140,#9141,#9142));
#9144=FACE_OUTER_BOUND('',#9143,.F.);
#9146=CARTESIAN_POINT('',(3.303191095591E-3,-8.883521133252E-1,
2.696393070654E-1));
#9147=DIRECTION('',(1.E0,0.E0,0.E0));
#9148=DIRECTION('',(0.E0,3.420201433257E-1,9.396926207859E-1));
#9149=AXIS2_PLACEMENT_3D('',#9146,#9147,#9148);
#9150=PLANE('',#9149);
#9151=ORIENTED_EDGE('',*,*,#5220,.T.);
#9152=ORIENTED_EDGE('',*,*,#9051,.T.);
#9153=ORIENTED_EDGE('',*,*,#9037,.T.);
#9155=ORIENTED_EDGE('',*,*,#9154,.F.);
#9156=EDGE_LOOP('',(#9151,#9152,#9153,#9155));
#9157=FACE_OUTER_BOUND('',#9156,.F.);
#9159=CARTESIAN_POINT('',(3.303191095591E-3,-8.817147849188E-1,
2.878752169875E-1));
#9160=DIRECTION('',(0.E0,3.420201433257E-1,9.396926207859E-1));
#9161=DIRECTION('',(-1.E0,0.E0,0.E0));
#9162=AXIS2_PLACEMENT_3D('',#9159,#9160,#9161);
#9163=PLANE('',#9162);
#9164=ORIENTED_EDGE('',*,*,#5222,.T.);
#9165=ORIENTED_EDGE('',*,*,#9154,.T.);
#9166=ORIENTED_EDGE('',*,*,#9035,.T.);
#9168=ORIENTED_EDGE('',*,*,#9167,.F.);
#9169=EDGE_LOOP('',(#9164,#9165,#9166,#9168));
#9170=FACE_OUTER_BOUND('',#9169,.F.);
#9172=CARTESIAN_POINT('',(-4.624467533827E-3,-8.817147849188E-1,
2.878752169875E-1));
#9173=DIRECTION('',(-1.E0,0.E0,0.E0));
#9174=DIRECTION('',(0.E0,-3.420201433257E-1,-9.396926207859E-1));
#9175=AXIS2_PLACEMENT_3D('',#9172,#9173,#9174);
#9176=PLANE('',#9175);
#9177=ORIENTED_EDGE('',*,*,#5224,.F.);
#9178=ORIENTED_EDGE('',*,*,#9167,.T.);
#9179=ORIENTED_EDGE('',*,*,#9033,.T.);
#9181=ORIENTED_EDGE('',*,*,#9180,.F.);
#9182=EDGE_LOOP('',(#9177,#9178,#9179,#9181));
#9183=FACE_OUTER_BOUND('',#9182,.F.);
#9185=CARTESIAN_POINT('',(-4.624467533827E-3,-8.856971819626E-1,
2.769336710342E-1));
#9186=DIRECTION('',(0.E0,3.420201433257E-1,9.396926207859E-1));
#9187=DIRECTION('',(-1.E0,0.E0,0.E0));
#9188=AXIS2_PLACEMENT_3D('',#9185,#9186,#9187);
#9189=PLANE('',#9188);
#9190=ORIENTED_EDGE('',*,*,#5226,.T.);
#9191=ORIENTED_EDGE('',*,*,#9180,.T.);
#9192=ORIENTED_EDGE('',*,*,#9031,.T.);
#9194=ORIENTED_EDGE('',*,*,#9193,.F.);
#9195=EDGE_LOOP('',(#9190,#9191,#9192,#9194));
#9196=FACE_OUTER_BOUND('',#9195,.F.);
#9198=CARTESIAN_POINT('',(-1.519468089044E-2,-8.856971819626E-1,
2.769336710342E-1));
#9199=DIRECTION('',(3.102797975506E-1,3.251398347098E-1,8.933143540304E-1));
#9200=DIRECTION('',(-9.506452793929E-1,1.061219408293E-1,2.915676361373E-1));
#9201=AXIS2_PLACEMENT_3D('',#9198,#9199,#9200);
#9202=PLANE('',#9201);
#9203=ORIENTED_EDGE('',*,*,#5228,.T.);
#9204=ORIENTED_EDGE('',*,*,#9193,.T.);
#9205=ORIENTED_EDGE('',*,*,#9029,.T.);
#9207=ORIENTED_EDGE('',*,*,#9206,.F.);
#9208=EDGE_LOOP('',(#9203,#9204,#9205,#9207));
#9209=FACE_OUTER_BOUND('',#9208,.F.);
#9211=CARTESIAN_POINT('',(-1.915851020515E-2,-8.852546938242E-1,
2.781493972030E-1));
#9212=DIRECTION('',(8.265991871191E-1,1.924858810207E-1,5.288506116682E-1));
#9213=DIRECTION('',(-5.627910658975E-1,2.827135724513E-1,7.767491564834E-1));
#9214=AXIS2_PLACEMENT_3D('',#9211,#9212,#9213);
#9215=PLANE('',#9214);
#9216=ORIENTED_EDGE('',*,*,#5230,.T.);
#9217=ORIENTED_EDGE('',*,*,#9206,.T.);
#9218=ORIENTED_EDGE('',*,*,#9027,.T.);
#9220=ORIENTED_EDGE('',*,*,#9219,.F.);
#9221=EDGE_LOOP('',(#9216,#9217,#9218,#9220));
#9222=FACE_OUTER_BOUND('',#9221,.F.);
#9224=CARTESIAN_POINT('',(-2.180106400698E-2,-8.839272281429E-1,
2.817965791874E-1));
#9225=DIRECTION('',(9.689177459678E-1,8.461000565702E-2,2.324640800026E-1));
#9226=DIRECTION('',(-2.473831068378E-1,3.313893863467E-1,9.104848560344E-1));
#9227=AXIS2_PLACEMENT_3D('',#9224,#9225,#9226);
#9228=PLANE('',#9227);
#9229=ORIENTED_EDGE('',*,*,#5232,.T.);
#9230=ORIENTED_EDGE('',*,*,#9219,.T.);
#9231=ORIENTED_EDGE('',*,*,#9025,.T.);
#9233=ORIENTED_EDGE('',*,*,#9232,.F.);
#9234=EDGE_LOOP('',(#9229,#9230,#9231,#9233));
#9235=FACE_OUTER_BOUND('',#9234,.F.);
#9237=CARTESIAN_POINT('',(-2.312234044522E-2,-8.821572730572E-1,
2.866594908188E-1));
#9238=DIRECTION('',(1.E0,0.E0,0.E0));
#9239=DIRECTION('',(0.E0,3.420201433257E-1,9.396926207859E-1));
#9240=AXIS2_PLACEMENT_3D('',#9237,#9238,#9239);
#9241=PLANE('',#9240);
#9242=ORIENTED_EDGE('',*,*,#5234,.T.);
#9243=ORIENTED_EDGE('',*,*,#9232,.T.);
#9244=ORIENTED_EDGE('',*,*,#9023,.T.);
#9245=ORIENTED_EDGE('',*,*,#4882,.F.);
#9246=EDGE_LOOP('',(#9242,#9243,#9244,#9245));
#9247=FACE_OUTER_BOUND('',#9246,.F.);
#9249=CARTESIAN_POINT('',(2.972872356176E-2,-9.258248438457E-1,
4.917706928052E-2));
#9250=DIRECTION('',(8.906052758868E-1,3.172364928041E-2,4.536693208042E-1));
#9251=DIRECTION('',(-4.547771350481E-1,6.212548354378E-2,8.884358061964E-1));
#9252=AXIS2_PLACEMENT_3D('',#9249,#9250,#9251);
#9253=PLANE('',#9252);
#9254=ORIENTED_EDGE('',*,*,#5291,.T.);
#9256=ORIENTED_EDGE('',*,*,#9255,.T.);
#9258=ORIENTED_EDGE('',*,*,#9257,.T.);
#9260=ORIENTED_EDGE('',*,*,#9259,.F.);
#9261=EDGE_LOOP('',(#9254,#9256,#9258,#9260));
#9262=FACE_OUTER_BOUND('',#9261,.F.);
#9264=CARTESIAN_POINT('',(3.105E-2,-9.261858336404E-1,4.401467470502E-2));
#9265=DIRECTION('',(9.689177247618E-1,1.725657899062E-2,2.467805768774E-1));
#9266=DIRECTION('',(-2.473831898946E-1,6.758828382756E-2,9.665574898819E-1));
#9267=AXIS2_PLACEMENT_3D('',#9264,#9265,#9266);
#9268=PLANE('',#9267);
#9269=ORIENTED_EDGE('',*,*,#5397,.T.);
#9271=ORIENTED_EDGE('',*,*,#9270,.T.);
#9273=ORIENTED_EDGE('',*,*,#9272,.T.);
#9274=ORIENTED_EDGE('',*,*,#9255,.F.);
#9275=EDGE_LOOP('',(#9269,#9271,#9273,#9274));
#9276=FACE_OUTER_BOUND('',#9275,.F.);
#9278=CARTESIAN_POINT('',(3.105E-2,-9.266370707869E-1,3.756168287031E-2));
#9279=DIRECTION('',(1.E0,0.E0,0.E0));
#9280=DIRECTION('',(0.E0,6.975647374413E-2,9.975640502598E-1));
#9281=AXIS2_PLACEMENT_3D('',#9278,#9279,#9280);
#9282=PLANE('',#9281);
#9283=ORIENTED_EDGE('',*,*,#5395,.F.);
#9285=ORIENTED_EDGE('',*,*,#9284,.T.);
#9287=ORIENTED_EDGE('',*,*,#9286,.T.);
#9288=ORIENTED_EDGE('',*,*,#9270,.F.);
#9289=EDGE_LOOP('',(#9283,#9285,#9287,#9288));
#9290=FACE_OUTER_BOUND('',#9289,.F.);
#9292=CARTESIAN_POINT('',(2.972872356176E-2,-9.270883080625E-1,
3.110868918938E-2));
#9293=DIRECTION('',(9.797707167625E-1,-1.395989700682E-2,-1.996358280725E-1));
#9294=DIRECTION('',(2.001233184181E-1,6.834535027911E-2,9.773840445396E-1));
#9295=AXIS2_PLACEMENT_3D('',#9292,#9293,#9294);
#9296=PLANE('',#9295);
#9297=ORIENTED_EDGE('',*,*,#5393,.F.);
#9299=ORIENTED_EDGE('',*,*,#9298,.T.);
#9301=ORIENTED_EDGE('',*,*,#9300,.T.);
#9302=ORIENTED_EDGE('',*,*,#9284,.F.);
#9303=EDGE_LOOP('',(#9297,#9299,#9301,#9302));
#9304=FACE_OUTER_BOUND('',#9303,.F.);
#9306=CARTESIAN_POINT('',(2.576489424706E-2,-9.274492977281E-1,
2.594629646009E-2));
#9307=DIRECTION('',(7.938781110087E-1,-4.241730194671E-2,-6.065956786500E-1));
#9308=DIRECTION('',(6.080769234738E-1,5.537813760661E-2,7.919442638304E-1));
#9309=AXIS2_PLACEMENT_3D('',#9306,#9307,#9308);
#9310=PLANE('',#9309);
#9311=ORIENTED_EDGE('',*,*,#5391,.F.);
#9313=ORIENTED_EDGE('',*,*,#9312,.T.);
#9315=ORIENTED_EDGE('',*,*,#9314,.T.);
#9316=ORIENTED_EDGE('',*,*,#9298,.F.);
#9317=EDGE_LOOP('',(#9311,#9313,#9315,#9316));
#9318=FACE_OUTER_BOUND('',#9317,.F.);
#9320=CARTESIAN_POINT('',(2.047978849411E-2,-9.277200400418E-1,
2.207450099002E-2));
#9321=DIRECTION('',(5.919095487496E-1,-5.622402447544E-2,-8.040410096325E-1));
#9322=DIRECTION('',(8.060043958311E-1,4.128952289625E-2,5.904676868381E-1));
#9323=AXIS2_PLACEMENT_3D('',#9320,#9321,#9322);
#9324=PLANE('',#9323);
#9325=ORIENTED_EDGE('',*,*,#5389,.T.);
#9327=ORIENTED_EDGE('',*,*,#9326,.T.);
#9329=ORIENTED_EDGE('',*,*,#9328,.T.);
#9330=ORIENTED_EDGE('',*,*,#9312,.F.);
#9331=EDGE_LOOP('',(#9325,#9327,#9329,#9330));
#9332=FACE_OUTER_BOUND('',#9331,.F.);
#9334=CARTESIAN_POINT('',(1.651595917940E-2,-9.278102873936E-1,
2.078390373081E-2));
#9335=DIRECTION('',(3.102797975506E-1,-6.631366247195E-2,-9.483295552715E-1));
#9336=DIRECTION('',(9.506452793929E-1,2.164402455117E-2,3.095239715584E-1));
#9337=AXIS2_PLACEMENT_3D('',#9334,#9335,#9336);
#9338=PLANE('',#9337);
#9339=ORIENTED_EDGE('',*,*,#5387,.T.);
#9341=ORIENTED_EDGE('',*,*,#9340,.T.);
#9343=ORIENTED_EDGE('',*,*,#9342,.T.);
#9344=ORIENTED_EDGE('',*,*,#9326,.F.);
#9345=EDGE_LOOP('',(#9339,#9341,#9343,#9344));
#9346=FACE_OUTER_BOUND('',#9345,.F.);
#9348=CARTESIAN_POINT('',(1.651595917940E-2,-9.272688027662E-1,
2.852749467095E-2));
#9349=DIRECTION('',(-1.E0,0.E0,0.E0));
#9350=DIRECTION('',(0.E0,-6.975647374413E-2,-9.975640502598E-1));
#9351=AXIS2_PLACEMENT_3D('',#9348,#9349,#9350);
#9352=PLANE('',#9351);
#9353=ORIENTED_EDGE('',*,*,#5385,.T.);
#9355=ORIENTED_EDGE('',*,*,#9354,.T.);
#9357=ORIENTED_EDGE('',*,*,#9356,.T.);
#9358=ORIENTED_EDGE('',*,*,#9340,.F.);
#9359=EDGE_LOOP('',(#9353,#9355,#9357,#9358));
#9360=FACE_OUTER_BOUND('',#9359,.F.);
#9362=CARTESIAN_POINT('',(1.915851205587E-2,-9.271785554143E-1,
2.981809193017E-2));
#9363=DIRECTION('',(-4.397131575602E-1,6.265095814617E-2,8.959504431116E-1));
#9364=DIRECTION('',(-8.981382627794E-1,-3.067283933029E-2,-4.386420384083E-1));
#9365=AXIS2_PLACEMENT_3D('',#9362,#9363,#9364);
#9366=PLANE('',#9365);
#9367=ORIENTED_EDGE('',*,*,#9354,.F.);
#9368=ORIENTED_EDGE('',*,*,#5383,.F.);
#9370=ORIENTED_EDGE('',*,*,#9369,.T.);
#9372=ORIENTED_EDGE('',*,*,#9371,.T.);
#9373=EDGE_LOOP('',(#9367,#9368,#9370,#9372));
#9374=FACE_OUTER_BOUND('',#9373,.F.);
#9376=CARTESIAN_POINT('',(2.180106493235E-2,-9.269980604525E-1,
3.239929014102E-2));
#9377=DIRECTION('',(-6.996250055017E-1,4.984171326429E-2,7.127697070553E-1));
#9378=DIRECTION('',(-7.145102180353E-1,-4.880337332701E-2,-6.979207541513E-1));
#9379=AXIS2_PLACEMENT_3D('',#9376,#9377,#9378);
#9380=PLANE('',#9379);
#9381=ORIENTED_EDGE('',*,*,#5381,.F.);
#9383=ORIENTED_EDGE('',*,*,#9382,.T.);
#9385=ORIENTED_EDGE('',*,*,#9384,.T.);
#9386=ORIENTED_EDGE('',*,*,#9369,.F.);
#9387=EDGE_LOOP('',(#9381,#9383,#9385,#9386));
#9388=FACE_OUTER_BOUND('',#9387,.F.);
#9390=CARTESIAN_POINT('',(2.312234137058E-2,-9.267273182678E-1,
3.627108376488E-2));
#9391=DIRECTION('',(-9.466498708905E-1,2.247999335476E-2,3.214788824195E-1));
#9392=DIRECTION('',(-3.222639010856E-1,-6.603495686366E-2,-9.443438793835E-1));
#9393=AXIS2_PLACEMENT_3D('',#9390,#9391,#9392);
#9394=PLANE('',#9393);
#9395=ORIENTED_EDGE('',*,*,#5379,.F.);
#9397=ORIENTED_EDGE('',*,*,#9396,.T.);
#9399=ORIENTED_EDGE('',*,*,#9398,.T.);
#9400=ORIENTED_EDGE('',*,*,#9382,.F.);
#9401=EDGE_LOOP('',(#9395,#9397,#9399,#9400));
#9402=FACE_OUTER_BOUND('',#9401,.F.);
#9404=CARTESIAN_POINT('',(2.312234137058E-2,-9.261858336404E-1,
4.401467470502E-2));
#9405=DIRECTION('',(-1.E0,0.E0,0.E0));
#9406=DIRECTION('',(0.E0,-6.975647374413E-2,-9.975640502598E-1));
#9407=AXIS2_PLACEMENT_3D('',#9404,#9405,#9406);
#9408=PLANE('',#9407);
#9409=ORIENTED_EDGE('',*,*,#5377,.F.);
#9411=ORIENTED_EDGE('',*,*,#9410,.T.);
#9413=ORIENTED_EDGE('',*,*,#9412,.T.);
#9414=ORIENTED_EDGE('',*,*,#9396,.F.);
#9415=EDGE_LOOP('',(#9409,#9411,#9413,#9414));
#9416=FACE_OUTER_BOUND('',#9415,.F.);
#9418=CARTESIAN_POINT('',(2.180106493235E-2,-9.259150913267E-1,
4.788647017509E-2));
#9419=DIRECTION('',(-9.466499177700E-1,-2.247998374871E-2,-3.214787450465E-1));
#9420=DIRECTION('',(3.222637633772E-1,-6.603496013380E-2,-9.443439261488E-1));
#9421=AXIS2_PLACEMENT_3D('',#9418,#9419,#9420);
#9422=PLANE('',#9421);
#9423=ORIENTED_EDGE('',*,*,#5375,.F.);
#9425=ORIENTED_EDGE('',*,*,#9424,.T.);
#9427=ORIENTED_EDGE('',*,*,#9426,.T.);
#9428=ORIENTED_EDGE('',*,*,#9410,.F.);
#9429=EDGE_LOOP('',(#9423,#9425,#9427,#9428));
#9430=FACE_OUTER_BOUND('',#9429,.F.);
#9432=CARTESIAN_POINT('',(1.915851205587E-2,-9.256443489484E-1,
5.175826656827E-2));
#9433=DIRECTION('',(-8.265993412204E-1,-3.925830442329E-2,-5.614199093618E-1));
#9434=DIRECTION('',(5.627908395612E-1,-5.766065524275E-2,-8.245857867699E-1));
#9435=AXIS2_PLACEMENT_3D('',#9432,#9433,#9434);
#9436=PLANE('',#9435);
#9437=ORIENTED_EDGE('',*,*,#5373,.F.);
#9439=ORIENTED_EDGE('',*,*,#9438,.T.);
#9441=ORIENTED_EDGE('',*,*,#9440,.T.);
#9442=ORIENTED_EDGE('',*,*,#9424,.F.);
#9443=EDGE_LOOP('',(#9437,#9439,#9441,#9442));
#9444=FACE_OUTER_BOUND('',#9443,.F.);
#9446=CARTESIAN_POINT('',(1.519467903972E-2,-9.255541015320E-1,
5.304886475059E-2));
#9447=DIRECTION('',(-3.102797362676E-1,-6.631366386722E-2,-9.483295752249E-1));
#9448=DIRECTION('',(9.506452993950E-1,-2.164402027628E-2,-3.095239104246E-1));
#9449=AXIS2_PLACEMENT_3D('',#9446,#9447,#9448);
#9450=PLANE('',#9449);
#9451=ORIENTED_EDGE('',*,*,#5371,.F.);
#9453=ORIENTED_EDGE('',*,*,#9452,.T.);
#9455=ORIENTED_EDGE('',*,*,#9454,.T.);
#9456=ORIENTED_EDGE('',*,*,#9438,.F.);
#9457=EDGE_LOOP('',(#9451,#9453,#9455,#9456));
#9458=FACE_OUTER_BOUND('',#9457,.F.);
#9460=CARTESIAN_POINT('',(1.255212616324E-2,-9.255541015320E-1,
5.304886475059E-2));
#9461=DIRECTION('',(0.E0,-6.975647374413E-2,-9.975640502598E-1));
#9462=DIRECTION('',(1.E0,0.E0,0.E0));
#9463=AXIS2_PLACEMENT_3D('',#9460,#9461,#9462);
#9464=PLANE('',#9463);
#9465=ORIENTED_EDGE('',*,*,#5369,.F.);
#9467=ORIENTED_EDGE('',*,*,#9466,.T.);
#9469=ORIENTED_EDGE('',*,*,#9468,.T.);
#9470=ORIENTED_EDGE('',*,*,#9452,.F.);
#9471=EDGE_LOOP('',(#9465,#9467,#9469,#9470));
#9472=FACE_OUTER_BOUND('',#9471,.F.);
#9474=CARTESIAN_POINT('',(8.588296848536E-3,-9.256443489484E-1,
5.175826656827E-2));
#9475=DIRECTION('',(3.102799981143E-1,-6.631365790557E-2,-9.483294899693E-1));
#9476=DIRECTION('',(9.506452139312E-1,2.164403854178E-2,3.095241716335E-1));
#9477=AXIS2_PLACEMENT_3D('',#9474,#9475,#9476);
#9478=PLANE('',#9477);
#9479=ORIENTED_EDGE('',*,*,#5367,.T.);
#9481=ORIENTED_EDGE('',*,*,#9480,.T.);
#9483=ORIENTED_EDGE('',*,*,#9482,.T.);
#9484=ORIENTED_EDGE('',*,*,#9466,.F.);
#9485=EDGE_LOOP('',(#9479,#9481,#9483,#9484));
#9486=FACE_OUTER_BOUND('',#9485,.F.);
#9488=CARTESIAN_POINT('',(5.945743972063E-3,-9.259150913267E-1,
4.788647017509E-2));
#9489=DIRECTION('',(8.265993412204E-1,-3.925830442329E-2,-5.614199093618E-1));
#9490=DIRECTION('',(5.627908395612E-1,5.766065524275E-2,8.245857867699E-1));
#9491=AXIS2_PLACEMENT_3D('',#9488,#9489,#9490);
#9492=PLANE('',#9491);
#9493=ORIENTED_EDGE('',*,*,#5365,.T.);
#9495=ORIENTED_EDGE('',*,*,#9494,.T.);
#9497=ORIENTED_EDGE('',*,*,#9496,.T.);
#9498=ORIENTED_EDGE('',*,*,#9480,.F.);
#9499=EDGE_LOOP('',(#9493,#9495,#9497,#9498));
#9500=FACE_OUTER_BOUND('',#9499,.F.);
#9502=CARTESIAN_POINT('',(4.624467533827E-3,-9.261858336404E-1,
4.401467470502E-2));
#9503=DIRECTION('',(9.466499177700E-1,-2.247998374871E-2,-3.214787450465E-1));
#9504=DIRECTION('',(3.222637633772E-1,6.603496013380E-2,9.443439261488E-1));
#9505=AXIS2_PLACEMENT_3D('',#9502,#9503,#9504);
#9506=PLANE('',#9505);
#9507=ORIENTED_EDGE('',*,*,#5363,.T.);
#9509=ORIENTED_EDGE('',*,*,#9508,.T.);
#9511=ORIENTED_EDGE('',*,*,#9510,.T.);
#9512=ORIENTED_EDGE('',*,*,#9494,.F.);
#9513=EDGE_LOOP('',(#9507,#9509,#9511,#9512));
#9514=FACE_OUTER_BOUND('',#9513,.F.);
#9516=CARTESIAN_POINT('',(4.624467533827E-3,-9.267273182678E-1,
3.627108376488E-2));
#9517=DIRECTION('',(1.E0,0.E0,0.E0));
#9518=DIRECTION('',(0.E0,6.975647374413E-2,9.975640502598E-1));
#9519=AXIS2_PLACEMENT_3D('',#9516,#9517,#9518);
#9520=PLANE('',#9519);
#9521=ORIENTED_EDGE('',*,*,#5361,.T.);
#9523=ORIENTED_EDGE('',*,*,#9522,.T.);
#9525=ORIENTED_EDGE('',*,*,#9524,.T.);
#9526=ORIENTED_EDGE('',*,*,#9508,.F.);
#9527=EDGE_LOOP('',(#9521,#9523,#9525,#9526));
#9528=FACE_OUTER_BOUND('',#9527,.F.);
#9530=CARTESIAN_POINT('',(3.303191095591E-3,-9.271785554143E-1,
2.981809193017E-2));
#9531=DIRECTION('',(9.797707055361E-1,-1.395990084082E-2,-1.996358829014E-1));
#9532=DIRECTION('',(2.001233733807E-1,6.834534949599E-2,9.773840333405E-1));
#9533=AXIS2_PLACEMENT_3D('',#9530,#9531,#9532);
#9534=PLANE('',#9533);
#9535=ORIENTED_EDGE('',*,*,#5359,.T.);
#9537=ORIENTED_EDGE('',*,*,#9536,.T.);
#9539=ORIENTED_EDGE('',*,*,#9538,.T.);
#9540=ORIENTED_EDGE('',*,*,#9522,.F.);
#9541=EDGE_LOOP('',(#9535,#9537,#9539,#9540));
#9542=FACE_OUTER_BOUND('',#9541,.F.);
#9544=CARTESIAN_POINT('',(6.606382191181E-4,-9.275395450799E-1,
2.465569920088E-2));
#9545=DIRECTION('',(8.906052429498E-1,-3.172365377982E-2,-4.536693851487E-1));
#9546=DIRECTION('',(4.547771995497E-1,6.212548124621E-2,8.884357733396E-1));
#9547=AXIS2_PLACEMENT_3D('',#9544,#9545,#9546);
#9548=PLANE('',#9547);
#9550=ORIENTED_EDGE('',*,*,#9549,.T.);
#9552=ORIENTED_EDGE('',*,*,#9551,.T.);
#9553=ORIENTED_EDGE('',*,*,#9536,.F.);
#9554=ORIENTED_EDGE('',*,*,#5357,.T.);
#9555=EDGE_LOOP('',(#9550,#9552,#9553,#9554));
#9556=FACE_OUTER_BOUND('',#9555,.F.);
#9558=CARTESIAN_POINT('',(-4.624467533827E-3,-9.279005350036E-1,
1.949330277917E-2));
#9559=DIRECTION('',(6.996250055017E-1,-4.984171326429E-2,-7.127697070553E-1));
#9560=DIRECTION('',(7.145102180353E-1,4.880337332701E-2,6.979207541513E-1));
#9561=AXIS2_PLACEMENT_3D('',#9558,#9559,#9560);
#9562=PLANE('',#9561);
#9564=ORIENTED_EDGE('',*,*,#9563,.T.);
#9566=ORIENTED_EDGE('',*,*,#9565,.T.);
#9567=ORIENTED_EDGE('',*,*,#9549,.F.);
#9568=ORIENTED_EDGE('',*,*,#5355,.T.);
#9569=EDGE_LOOP('',(#9564,#9566,#9567,#9568));
#9570=FACE_OUTER_BOUND('',#9569,.F.);
#9572=CARTESIAN_POINT('',(-9.909575137496E-3,-9.280810297073E-1,
1.691210826074E-2));
#9573=DIRECTION('',(4.397130333538E-1,-6.265096238801E-2,-8.959505037727E-1));
#9574=DIRECTION('',(8.981383235887E-1,3.067283066610E-2,4.386419145045E-1));
#9575=AXIS2_PLACEMENT_3D('',#9572,#9573,#9574);
#9576=PLANE('',#9575);
#9578=ORIENTED_EDGE('',*,*,#9577,.T.);
#9580=ORIENTED_EDGE('',*,*,#9579,.T.);
#9581=ORIENTED_EDGE('',*,*,#9563,.F.);
#9582=ORIENTED_EDGE('',*,*,#5353,.T.);
#9583=EDGE_LOOP('',(#9578,#9580,#9581,#9582));
#9584=FACE_OUTER_BOUND('',#9583,.F.);
#9586=CARTESIAN_POINT('',(-1.651595732868E-2,-9.280810297073E-1,
1.691210826074E-2));
#9587=DIRECTION('',(0.E0,-6.975647374413E-2,-9.975640502598E-1));
#9588=DIRECTION('',(1.E0,0.E0,0.E0));
#9589=AXIS2_PLACEMENT_3D('',#9586,#9587,#9588);
#9590=PLANE('',#9589);
#9592=ORIENTED_EDGE('',*,*,#9591,.T.);
#9594=ORIENTED_EDGE('',*,*,#9593,.T.);
#9595=ORIENTED_EDGE('',*,*,#9577,.F.);
#9596=ORIENTED_EDGE('',*,*,#5351,.F.);
#9597=EDGE_LOOP('',(#9592,#9594,#9595,#9596));
#9598=FACE_OUTER_BOUND('',#9597,.F.);
#9600=CARTESIAN_POINT('',(-2.180106400698E-2,-9.279005350036E-1,
1.949330277917E-2));
#9601=DIRECTION('',(-4.397130954570E-1,-6.265096026709E-2,-8.959504734422E-1));
#9602=DIRECTION('',(8.981382931841E-1,-3.067283499819E-2,-4.386419764564E-1));
#9603=AXIS2_PLACEMENT_3D('',#9600,#9601,#9602);
#9604=PLANE('',#9603);
#9606=ORIENTED_EDGE('',*,*,#9605,.T.);
#9608=ORIENTED_EDGE('',*,*,#9607,.T.);
#9609=ORIENTED_EDGE('',*,*,#9591,.F.);
#9610=ORIENTED_EDGE('',*,*,#5349,.F.);
#9611=EDGE_LOOP('',(#9606,#9608,#9609,#9610));
#9612=FACE_OUTER_BOUND('',#9611,.F.);
#9614=CARTESIAN_POINT('',(-2.708617022261E-2,-9.275395450799E-1,
2.465569920088E-2));
#9615=DIRECTION('',(-6.996249742329E-1,-4.984171540004E-2,-7.127697375980E-1));
#9616=DIRECTION('',(7.145102486526E-1,-4.880337114581E-2,-6.979207229587E-1));
#9617=AXIS2_PLACEMENT_3D('',#9614,#9615,#9616);
#9618=PLANE('',#9617);
#9620=ORIENTED_EDGE('',*,*,#9619,.T.);
#9622=ORIENTED_EDGE('',*,*,#9621,.T.);
#9623=ORIENTED_EDGE('',*,*,#9605,.F.);
#9624=ORIENTED_EDGE('',*,*,#5347,.F.);
#9625=EDGE_LOOP('',(#9620,#9622,#9623,#9624));
#9626=FACE_OUTER_BOUND('',#9625,.F.);
#9628=CARTESIAN_POINT('',(-2.972872344609E-2,-9.271785554143E-1,
2.981809193017E-2));
#9629=DIRECTION('',(-8.906052187617E-1,-3.172365708407E-2,-4.536694324017E-1));
#9630=DIRECTION('',(4.547772469181E-1,-6.212547955893E-2,-8.884357492105E-1));
#9631=AXIS2_PLACEMENT_3D('',#9628,#9629,#9630);
#9632=PLANE('',#9631);
#9634=ORIENTED_EDGE('',*,*,#9633,.T.);
#9636=ORIENTED_EDGE('',*,*,#9635,.T.);
#9637=ORIENTED_EDGE('',*,*,#9619,.F.);
#9638=ORIENTED_EDGE('',*,*,#5345,.F.);
#9639=EDGE_LOOP('',(#9634,#9636,#9637,#9638));
#9640=FACE_OUTER_BOUND('',#9639,.F.);
#9642=CARTESIAN_POINT('',(-3.105E-2,-9.267273182678E-1,3.627108376488E-2));
#9643=DIRECTION('',(-9.797707021009E-1,-1.395990201398E-2,-1.996358996784E-1));
#9644=DIRECTION('',(2.001233901988E-1,-6.834534925637E-2,-9.773840299137E-1));
#9645=AXIS2_PLACEMENT_3D('',#9642,#9643,#9644);
#9646=PLANE('',#9645);
#9647=ORIENTED_EDGE('',*,*,#5343,.F.);
#9649=ORIENTED_EDGE('',*,*,#9648,.T.);
#9651=ORIENTED_EDGE('',*,*,#9650,.T.);
#9652=ORIENTED_EDGE('',*,*,#9633,.F.);
#9653=EDGE_LOOP('',(#9647,#9649,#9651,#9652));
#9654=FACE_OUTER_BOUND('',#9653,.F.);
#9656=CARTESIAN_POINT('',(-3.105E-2,-9.260053386785E-1,4.659587291588E-2));
#9657=DIRECTION('',(-1.E0,0.E0,0.E0));
#9658=DIRECTION('',(0.E0,-6.975647374413E-2,-9.975640502598E-1));
#9659=AXIS2_PLACEMENT_3D('',#9656,#9657,#9658);
#9660=PLANE('',#9659);
#9661=ORIENTED_EDGE('',*,*,#5341,.F.);
#9663=ORIENTED_EDGE('',*,*,#9662,.T.);
#9665=ORIENTED_EDGE('',*,*,#9664,.T.);
#9666=ORIENTED_EDGE('',*,*,#9648,.F.);
#9667=EDGE_LOOP('',(#9661,#9663,#9665,#9666));
#9668=FACE_OUTER_BOUND('',#9667,.F.);
#9670=CARTESIAN_POINT('',(-2.972872344609E-2,-9.255541015320E-1,
5.304886475059E-2));
#9671=DIRECTION('',(-9.797707021009E-1,1.395990201398E-2,1.996358996784E-1));
#9672=DIRECTION('',(-2.001233901988E-1,-6.834534925637E-2,-9.773840299137E-1));
#9673=AXIS2_PLACEMENT_3D('',#9670,#9671,#9672);
#9674=PLANE('',#9673);
#9675=ORIENTED_EDGE('',*,*,#5339,.F.);
#9677=ORIENTED_EDGE('',*,*,#9676,.T.);
#9679=ORIENTED_EDGE('',*,*,#9678,.T.);
#9680=ORIENTED_EDGE('',*,*,#9662,.F.);
#9681=EDGE_LOOP('',(#9675,#9677,#9679,#9680));
#9682=FACE_OUTER_BOUND('',#9681,.F.);
#9684=CARTESIAN_POINT('',(-2.576489378437E-2,-9.251028643532E-1,
5.950185704686E-2));
#9685=DIRECTION('',(-8.526533966842E-1,3.644615110264E-2,5.212042432605E-1));
#9686=DIRECTION('',(-5.224769709020E-1,-5.947809427864E-2,-8.505763758640E-1));
#9687=AXIS2_PLACEMENT_3D('',#9684,#9685,#9686);
#9688=PLANE('',#9687);
#9689=ORIENTED_EDGE('',*,*,#5337,.F.);
#9691=ORIENTED_EDGE('',*,*,#9690,.T.);
#9693=ORIENTED_EDGE('',*,*,#9692,.T.);
#9694=ORIENTED_EDGE('',*,*,#9676,.F.);
#9695=EDGE_LOOP('',(#9689,#9691,#9693,#9694));
#9696=FACE_OUTER_BOUND('',#9695,.F.);
#9698=CARTESIAN_POINT('',(-1.915851020515E-2,-9.248321220315E-1,
6.337365263232E-2));
#9699=DIRECTION('',(-5.065490256243E-1,6.014481015295E-2,8.601108570706E-1));
#9700=DIRECTION('',(-8.622111601221E-1,-3.533507380607E-2,-5.053150976569E-1));
#9701=AXIS2_PLACEMENT_3D('',#9698,#9699,#9700);
#9702=PLANE('',#9701);
#9703=ORIENTED_EDGE('',*,*,#5335,.F.);
#9705=ORIENTED_EDGE('',*,*,#9704,.T.);
#9707=ORIENTED_EDGE('',*,*,#9706,.T.);
#9708=ORIENTED_EDGE('',*,*,#9690,.F.);
#9709=EDGE_LOOP('',(#9703,#9705,#9707,#9708));
#9710=FACE_OUTER_BOUND('',#9709,.F.);
#9712=CARTESIAN_POINT('',(-1.387340445220E-2,-9.247418745909E-1,
6.466425116080E-2));
#9713=DIRECTION('',(-2.377713591533E-1,6.775593845254E-2,9.689550627201E-1));
#9714=DIRECTION('',(-9.713211522284E-1,-1.658609157188E-2,-2.371921600727E-1));
#9715=AXIS2_PLACEMENT_3D('',#9712,#9713,#9714);
#9716=PLANE('',#9715);
#9717=ORIENTED_EDGE('',*,*,#5333,.F.);
#9719=ORIENTED_EDGE('',*,*,#9718,.T.);
#9721=ORIENTED_EDGE('',*,*,#9720,.T.);
#9722=ORIENTED_EDGE('',*,*,#9704,.F.);
#9723=EDGE_LOOP('',(#9717,#9719,#9721,#9722));
#9724=FACE_OUTER_BOUND('',#9723,.F.);
#9726=CARTESIAN_POINT('',(-1.387340445220E-2,-9.252833592183E-1,
5.692066022066E-2));
#9727=DIRECTION('',(1.E0,0.E0,0.E0));
#9728=DIRECTION('',(0.E0,6.975647374413E-2,9.975640502598E-1));
#9729=AXIS2_PLACEMENT_3D('',#9726,#9727,#9728);
#9730=PLANE('',#9729);
#9731=ORIENTED_EDGE('',*,*,#5331,.T.);
#9733=ORIENTED_EDGE('',*,*,#9732,.T.);
#9735=ORIENTED_EDGE('',*,*,#9734,.T.);
#9736=ORIENTED_EDGE('',*,*,#9718,.F.);
#9737=EDGE_LOOP('',(#9731,#9733,#9735,#9736));
#9738=FACE_OUTER_BOUND('',#9737,.F.);
#9740=CARTESIAN_POINT('',(-1.783723376691E-2,-9.253736066347E-1,
5.563006203834E-2));
#9741=DIRECTION('',(3.102799981143E-1,-6.631365790557E-2,-9.483294899693E-1));
#9742=DIRECTION('',(9.506452139312E-1,2.164403854178E-2,3.095241716335E-1));
#9743=AXIS2_PLACEMENT_3D('',#9740,#9741,#9742);
#9744=PLANE('',#9743);
#9745=ORIENTED_EDGE('',*,*,#5329,.T.);
#9747=ORIENTED_EDGE('',*,*,#9746,.T.);
#9749=ORIENTED_EDGE('',*,*,#9748,.T.);
#9750=ORIENTED_EDGE('',*,*,#9732,.F.);
#9751=EDGE_LOOP('',(#9745,#9747,#9749,#9750));
#9752=FACE_OUTER_BOUND('',#9751,.F.);
#9754=CARTESIAN_POINT('',(-2.180106400698E-2,-9.256443489484E-1,
5.175826656827E-2));
#9755=DIRECTION('',(6.996247518036E-1,-4.984173059268E-2,-7.127699548629E-1));
#9756=DIRECTION('',(7.145104664480E-1,4.880335562993E-2,6.979205010712E-1));
#9757=AXIS2_PLACEMENT_3D('',#9754,#9755,#9756);
#9758=PLANE('',#9757);
#9759=ORIENTED_EDGE('',*,*,#5327,.T.);
#9761=ORIENTED_EDGE('',*,*,#9760,.T.);
#9763=ORIENTED_EDGE('',*,*,#9762,.T.);
#9764=ORIENTED_EDGE('',*,*,#9746,.F.);
#9765=EDGE_LOOP('',(#9759,#9761,#9763,#9764));
#9766=FACE_OUTER_BOUND('',#9765,.F.);
#9768=CARTESIAN_POINT('',(-2.312234044522E-2,-9.260053386785E-1,
4.659587291588E-2));
#9769=DIRECTION('',(9.689177141588E-1,-1.725658188750E-2,-2.467806183047E-1));
#9770=DIRECTION('',(2.473832314230E-1,6.758828308794E-2,9.665574793047E-1));
#9771=AXIS2_PLACEMENT_3D('',#9768,#9769,#9770);
#9772=PLANE('',#9771);
#9773=ORIENTED_EDGE('',*,*,#5325,.T.);
#9775=ORIENTED_EDGE('',*,*,#9774,.T.);
#9777=ORIENTED_EDGE('',*,*,#9776,.T.);
#9778=ORIENTED_EDGE('',*,*,#9760,.F.);
#9779=EDGE_LOOP('',(#9773,#9775,#9777,#9778));
#9780=FACE_OUTER_BOUND('',#9779,.F.);
#9782=CARTESIAN_POINT('',(-2.312234044522E-2,-9.267273182678E-1,
3.627108376488E-2));
#9783=DIRECTION('',(1.E0,0.E0,0.E0));
#9784=DIRECTION('',(0.E0,6.975647374413E-2,9.975640502598E-1));
#9785=AXIS2_PLACEMENT_3D('',#9782,#9783,#9784);
#9786=PLANE('',#9785);
#9787=ORIENTED_EDGE('',*,*,#5323,.T.);
#9789=ORIENTED_EDGE('',*,*,#9788,.T.);
#9791=ORIENTED_EDGE('',*,*,#9790,.T.);
#9792=ORIENTED_EDGE('',*,*,#9774,.F.);
#9793=EDGE_LOOP('',(#9787,#9789,#9791,#9792));
#9794=FACE_OUTER_BOUND('',#9793,.F.);
#9796=CARTESIAN_POINT('',(-2.180106400698E-2,-9.270883080625E-1,
3.110868918938E-2));
#9797=DIRECTION('',(9.689177247618E-1,1.725657899062E-2,2.467805768774E-1));
#9798=DIRECTION('',(-2.473831898946E-1,6.758828382756E-2,9.665574898819E-1));
#9799=AXIS2_PLACEMENT_3D('',#9796,#9797,#9798);
#9800=PLANE('',#9799);
#9801=ORIENTED_EDGE('',*,*,#5321,.T.);
#9803=ORIENTED_EDGE('',*,*,#9802,.T.);
#9805=ORIENTED_EDGE('',*,*,#9804,.T.);
#9806=ORIENTED_EDGE('',*,*,#9788,.F.);
#9807=EDGE_LOOP('',(#9801,#9803,#9805,#9806));
#9808=FACE_OUTER_BOUND('',#9807,.F.);
#9810=CARTESIAN_POINT('',(-1.915851020515E-2,-9.273590503762E-1,
2.723689371931E-2));
#9811=DIRECTION('',(8.265991871191E-1,3.925832021171E-2,5.614201351468E-1));
#9812=DIRECTION('',(-5.627910658975E-1,5.766064449319E-2,8.245856330440E-1));
#9813=AXIS2_PLACEMENT_3D('',#9810,#9811,#9812);
#9814=PLANE('',#9813);
#9816=ORIENTED_EDGE('',*,*,#9815,.T.);
#9818=ORIENTED_EDGE('',*,*,#9817,.T.);
#9819=ORIENTED_EDGE('',*,*,#9802,.F.);
#9820=ORIENTED_EDGE('',*,*,#5319,.T.);
#9821=EDGE_LOOP('',(#9816,#9818,#9819,#9820));
#9822=FACE_OUTER_BOUND('',#9821,.F.);
#9824=CARTESIAN_POINT('',(-1.519468089044E-2,-9.275395450799E-1,
2.465569920088E-2));
#9825=DIRECTION('',(5.466221810895E-1,5.841263128086E-2,8.353395451239E-1));
#9826=DIRECTION('',(-8.373793591563E-1,3.813043582313E-2,5.452906369295E-1));
#9827=AXIS2_PLACEMENT_3D('',#9824,#9825,#9826);
#9828=PLANE('',#9827);
#9830=ORIENTED_EDGE('',*,*,#9829,.T.);
#9832=ORIENTED_EDGE('',*,*,#9831,.T.);
#9833=ORIENTED_EDGE('',*,*,#9815,.F.);
#9834=ORIENTED_EDGE('',*,*,#5317,.T.);
#9835=EDGE_LOOP('',(#9830,#9832,#9833,#9834));
#9836=FACE_OUTER_BOUND('',#9835,.F.);
#9838=CARTESIAN_POINT('',(-1.123085157573E-2,-9.275395450799E-1,
2.465569920088E-2));
#9839=DIRECTION('',(0.E0,6.975647374413E-2,9.975640502598E-1));
#9840=DIRECTION('',(-1.E0,0.E0,0.E0));
#9841=AXIS2_PLACEMENT_3D('',#9838,#9839,#9840);
#9842=PLANE('',#9841);
#9844=ORIENTED_EDGE('',*,*,#9843,.T.);
#9846=ORIENTED_EDGE('',*,*,#9845,.T.);
#9847=ORIENTED_EDGE('',*,*,#9829,.F.);
#9848=ORIENTED_EDGE('',*,*,#5315,.T.);
#9849=EDGE_LOOP('',(#9844,#9846,#9847,#9848));
#9850=FACE_OUTER_BOUND('',#9849,.F.);
#9852=CARTESIAN_POINT('',(-7.267020410299E-3,-9.273590503762E-1,
2.723689371931E-2));
#9853=DIRECTION('',(-5.466220021285E-1,5.841263942992E-2,8.353396616610E-1));
#9854=DIRECTION('',(-8.373794759779E-1,-3.813042333944E-2,-5.452904584044E-1));
#9855=AXIS2_PLACEMENT_3D('',#9852,#9853,#9854);
#9856=PLANE('',#9855);
#9858=ORIENTED_EDGE('',*,*,#9857,.T.);
#9860=ORIENTED_EDGE('',*,*,#9859,.T.);
#9861=ORIENTED_EDGE('',*,*,#9843,.F.);
#9862=ORIENTED_EDGE('',*,*,#5313,.F.);
#9863=EDGE_LOOP('',(#9858,#9860,#9861,#9862));
#9864=FACE_OUTER_BOUND('',#9863,.F.);
#9866=CARTESIAN_POINT('',(-4.624467533827E-3,-9.270883080625E-1,
3.110868918938E-2));
#9867=DIRECTION('',(-8.265992787996E-1,3.925831081860E-2,5.614200008190E-1));
#9868=DIRECTION('',(-5.627909312417E-1,-5.766065088850E-2,-8.245857245012E-1));
#9869=AXIS2_PLACEMENT_3D('',#9866,#9867,#9868);
#9870=PLANE('',#9869);
#9872=ORIENTED_EDGE('',*,*,#9871,.T.);
#9874=ORIENTED_EDGE('',*,*,#9873,.T.);
#9875=ORIENTED_EDGE('',*,*,#9857,.F.);
#9876=ORIENTED_EDGE('',*,*,#5311,.F.);
#9877=EDGE_LOOP('',(#9872,#9874,#9875,#9876));
#9878=FACE_OUTER_BOUND('',#9877,.F.);
#9880=CARTESIAN_POINT('',(-3.303191095591E-3,-9.267273182678E-1,
3.627108376488E-2));
#9881=DIRECTION('',(-9.689177247618E-1,1.725657899062E-2,2.467805768774E-1));
#9882=DIRECTION('',(-2.473831898946E-1,-6.758828382756E-2,-9.665574898819E-1));
#9883=AXIS2_PLACEMENT_3D('',#9880,#9881,#9882);
#9884=PLANE('',#9883);
#9885=ORIENTED_EDGE('',*,*,#5309,.F.);
#9887=ORIENTED_EDGE('',*,*,#9886,.T.);
#9889=ORIENTED_EDGE('',*,*,#9888,.T.);
#9890=ORIENTED_EDGE('',*,*,#9871,.F.);
#9891=EDGE_LOOP('',(#9885,#9887,#9889,#9890));
#9892=FACE_OUTER_BOUND('',#9891,.F.);
#9894=CARTESIAN_POINT('',(-3.303191095591E-3,-9.261858336404E-1,
4.401467470502E-2));
#9895=DIRECTION('',(-1.E0,0.E0,0.E0));
#9896=DIRECTION('',(0.E0,-6.975647374413E-2,-9.975640502598E-1));
#9897=AXIS2_PLACEMENT_3D('',#9894,#9895,#9896);
#9898=PLANE('',#9897);
#9899=ORIENTED_EDGE('',*,*,#5307,.F.);
#9901=ORIENTED_EDGE('',*,*,#9900,.T.);
#9903=ORIENTED_EDGE('',*,*,#9902,.T.);
#9904=ORIENTED_EDGE('',*,*,#9886,.F.);
#9905=EDGE_LOOP('',(#9899,#9901,#9903,#9904));
#9906=FACE_OUTER_BOUND('',#9905,.F.);
#9908=CARTESIAN_POINT('',(-1.981914657354E-3,-9.258248438457E-1,
4.917706928052E-2));
#9909=DIRECTION('',(-9.689177247618E-1,1.725657899062E-2,2.467805768774E-1));
#9910=DIRECTION('',(-2.473831898946E-1,-6.758828382756E-2,-9.665574898819E-1));
#9911=AXIS2_PLACEMENT_3D('',#9908,#9909,#9910);
#9912=PLANE('',#9911);
#9913=ORIENTED_EDGE('',*,*,#5305,.F.);
#9915=ORIENTED_EDGE('',*,*,#9914,.T.);
#9917=ORIENTED_EDGE('',*,*,#9916,.T.);
#9918=ORIENTED_EDGE('',*,*,#9900,.F.);
#9919=EDGE_LOOP('',(#9913,#9915,#9917,#9918));
#9920=FACE_OUTER_BOUND('',#9919,.F.);
#9922=CARTESIAN_POINT('',(6.606382191181E-4,-9.254638541156E-1,
5.433946293291E-2));
#9923=DIRECTION('',(-8.906052758868E-1,3.172364928041E-2,4.536693208042E-1));
#9924=DIRECTION('',(-4.547771350481E-1,-6.212548354378E-2,-8.884358061964E-1));
#9925=AXIS2_PLACEMENT_3D('',#9922,#9923,#9924);
#9926=PLANE('',#9925);
#9927=ORIENTED_EDGE('',*,*,#5303,.F.);
#9929=ORIENTED_EDGE('',*,*,#9928,.T.);
#9931=ORIENTED_EDGE('',*,*,#9930,.T.);
#9932=ORIENTED_EDGE('',*,*,#9914,.F.);
#9933=EDGE_LOOP('',(#9927,#9929,#9931,#9932));
#9934=FACE_OUTER_BOUND('',#9933,.F.);
#9936=CARTESIAN_POINT('',(5.945743972063E-3,-9.251028643532E-1,
5.950185704686E-2));
#9937=DIRECTION('',(-6.996248458316E-1,4.984172417027E-2,7.127698630181E-1));
#9938=DIRECTION('',(-7.145103743789E-1,-4.880336218899E-2,-6.979205948702E-1));
#9939=AXIS2_PLACEMENT_3D('',#9936,#9937,#9938);
#9940=PLANE('',#9939);
#9941=ORIENTED_EDGE('',*,*,#5301,.F.);
#9943=ORIENTED_EDGE('',*,*,#9942,.T.);
#9945=ORIENTED_EDGE('',*,*,#9944,.T.);
#9946=ORIENTED_EDGE('',*,*,#9928,.F.);
#9947=EDGE_LOOP('',(#9941,#9943,#9945,#9946));
#9948=FACE_OUTER_BOUND('',#9947,.F.);
#9950=CARTESIAN_POINT('',(1.123084972501E-2,-9.250126169046E-1,
6.079245569073E-2));
#9951=DIRECTION('',(-2.377713792098E-1,6.775593811006E-2,9.689550578223E-1));
#9952=DIRECTION('',(-9.713211473188E-1,-1.658609297096E-2,-2.371921800804E-1));
#9953=AXIS2_PLACEMENT_3D('',#9950,#9951,#9952);
#9954=PLANE('',#9953);
#9955=ORIENTED_EDGE('',*,*,#5299,.F.);
#9957=ORIENTED_EDGE('',*,*,#9956,.T.);
#9959=ORIENTED_EDGE('',*,*,#9958,.T.);
#9960=ORIENTED_EDGE('',*,*,#9942,.F.);
#9961=EDGE_LOOP('',(#9955,#9957,#9959,#9960));
#9962=FACE_OUTER_BOUND('',#9961,.F.);
#9964=CARTESIAN_POINT('',(1.651595917940E-2,-9.250126169046E-1,
6.079245569073E-2));
#9965=DIRECTION('',(0.E0,6.975647374413E-2,9.975640502598E-1));
#9966=DIRECTION('',(-1.E0,0.E0,0.E0));
#9967=AXIS2_PLACEMENT_3D('',#9964,#9965,#9966);
#9968=PLANE('',#9967);
#9969=ORIENTED_EDGE('',*,*,#5297,.T.);
#9971=ORIENTED_EDGE('',*,*,#9970,.T.);
#9973=ORIENTED_EDGE('',*,*,#9972,.T.);
#9974=ORIENTED_EDGE('',*,*,#9956,.F.);
#9975=EDGE_LOOP('',(#9969,#9971,#9973,#9974));
#9976=FACE_OUTER_BOUND('',#9975,.F.);
#9978=CARTESIAN_POINT('',(2.180106493235E-2,-9.251028643532E-1,
5.950185704686E-2));
#9979=DIRECTION('',(2.377713792098E-1,6.775593811006E-2,9.689550578223E-1));
#9980=DIRECTION('',(-9.713211473188E-1,1.658609297096E-2,2.371921800804E-1));
#9981=AXIS2_PLACEMENT_3D('',#9978,#9979,#9980);
#9982=PLANE('',#9981);
#9983=ORIENTED_EDGE('',*,*,#5295,.T.);
#9985=ORIENTED_EDGE('',*,*,#9984,.T.);
#9987=ORIENTED_EDGE('',*,*,#9986,.T.);
#9988=ORIENTED_EDGE('',*,*,#9970,.F.);
#9989=EDGE_LOOP('',(#9983,#9985,#9987,#9988));
#9990=FACE_OUTER_BOUND('',#9989,.F.);
#9992=CARTESIAN_POINT('',(2.708617068529E-2,-9.254638541156E-1,
5.433946293291E-2));
#9993=DIRECTION('',(6.996248458316E-1,4.984172417027E-2,7.127698630181E-1));
#9994=DIRECTION('',(-7.145103743789E-1,4.880336218899E-2,6.979205948702E-1));
#9995=AXIS2_PLACEMENT_3D('',#9992,#9993,#9994);
#9996=PLANE('',#9995);
#9997=ORIENTED_EDGE('',*,*,#5293,.T.);
#9998=ORIENTED_EDGE('',*,*,#9259,.T.);
#10000=ORIENTED_EDGE('',*,*,#9999,.T.);
#10001=ORIENTED_EDGE('',*,*,#9984,.F.);
#10002=EDGE_LOOP('',(#9997,#9998,#10000,#10001));
#10003=FACE_OUTER_BOUND('',#10002,.F.);
#10005=CARTESIAN_POINT('',(0.E0,-8.150098290623E-1,5.699103904895E-2));
#10006=DIRECTION('',(0.E0,-9.975640502598E-1,6.975647374413E-2));
#10007=DIRECTION('',(0.E0,-6.975647374413E-2,-9.975640502598E-1));
#10008=AXIS2_PLACEMENT_3D('',#10005,#10006,#10007);
#10009=PLANE('',#10008);
#10010=ORIENTED_EDGE('',*,*,#9356,.F.);
#10011=ORIENTED_EDGE('',*,*,#9371,.F.);
#10012=ORIENTED_EDGE('',*,*,#9384,.F.);
#10013=ORIENTED_EDGE('',*,*,#9398,.F.);
#10014=ORIENTED_EDGE('',*,*,#9412,.F.);
#10015=ORIENTED_EDGE('',*,*,#9426,.F.);
#10016=ORIENTED_EDGE('',*,*,#9440,.F.);
#10017=ORIENTED_EDGE('',*,*,#9454,.F.);
#10018=ORIENTED_EDGE('',*,*,#9468,.F.);
#10019=ORIENTED_EDGE('',*,*,#9482,.F.);
#10020=ORIENTED_EDGE('',*,*,#9496,.F.);
#10021=ORIENTED_EDGE('',*,*,#9510,.F.);
#10022=ORIENTED_EDGE('',*,*,#9524,.F.);
#10023=ORIENTED_EDGE('',*,*,#9538,.F.);
#10024=ORIENTED_EDGE('',*,*,#9551,.F.);
#10025=ORIENTED_EDGE('',*,*,#9565,.F.);
#10026=ORIENTED_EDGE('',*,*,#9579,.F.);
#10027=ORIENTED_EDGE('',*,*,#9593,.F.);
#10028=ORIENTED_EDGE('',*,*,#9607,.F.);
#10029=ORIENTED_EDGE('',*,*,#9621,.F.);
#10030=ORIENTED_EDGE('',*,*,#9635,.F.);
#10031=ORIENTED_EDGE('',*,*,#9650,.F.);
#10032=ORIENTED_EDGE('',*,*,#9664,.F.);
#10033=ORIENTED_EDGE('',*,*,#9678,.F.);
#10034=ORIENTED_EDGE('',*,*,#9692,.F.);
#10035=ORIENTED_EDGE('',*,*,#9706,.F.);
#10036=ORIENTED_EDGE('',*,*,#9720,.F.);
#10037=ORIENTED_EDGE('',*,*,#9734,.F.);
#10038=ORIENTED_EDGE('',*,*,#9748,.F.);
#10039=ORIENTED_EDGE('',*,*,#9762,.F.);
#10040=ORIENTED_EDGE('',*,*,#9776,.F.);
#10041=ORIENTED_EDGE('',*,*,#9790,.F.);
#10042=ORIENTED_EDGE('',*,*,#9804,.F.);
#10043=ORIENTED_EDGE('',*,*,#9817,.F.);
#10044=ORIENTED_EDGE('',*,*,#9831,.F.);
#10045=ORIENTED_EDGE('',*,*,#9845,.F.);
#10046=ORIENTED_EDGE('',*,*,#9859,.F.);
#10047=ORIENTED_EDGE('',*,*,#9873,.F.);
#10048=ORIENTED_EDGE('',*,*,#9888,.F.);
#10049=ORIENTED_EDGE('',*,*,#9902,.F.);
#10050=ORIENTED_EDGE('',*,*,#9916,.F.);
#10051=ORIENTED_EDGE('',*,*,#9930,.F.);
#10052=ORIENTED_EDGE('',*,*,#9944,.F.);
#10053=ORIENTED_EDGE('',*,*,#9958,.F.);
#10054=ORIENTED_EDGE('',*,*,#9972,.F.);
#10055=ORIENTED_EDGE('',*,*,#9986,.F.);
#10056=ORIENTED_EDGE('',*,*,#9999,.F.);
#10057=ORIENTED_EDGE('',*,*,#9257,.F.);
#10058=ORIENTED_EDGE('',*,*,#9272,.F.);
#10059=ORIENTED_EDGE('',*,*,#9286,.F.);
#10060=ORIENTED_EDGE('',*,*,#9300,.F.);
#10061=ORIENTED_EDGE('',*,*,#9314,.F.);
#10062=ORIENTED_EDGE('',*,*,#9328,.F.);
#10063=ORIENTED_EDGE('',*,*,#9342,.F.);
#10064=EDGE_LOOP('',(#10010,#10011,#10012,#10013,#10014,#10015,#10016,#10017,
#10018,#10019,#10020,#10021,#10022,#10023,#10024,#10025,#10026,#10027,#10028,
#10029,#10030,#10031,#10032,#10033,#10034,#10035,#10036,#10037,#10038,#10039,
#10040,#10041,#10042,#10043,#10044,#10045,#10046,#10047,#10048,#10049,#10050,
#10051,#10052,#10053,#10054,#10055,#10056,#10057,#10058,#10059,#10060,#10061,
#10062,#10063));
#10065=FACE_OUTER_BOUND('',#10064,.F.);
#10067=CLOSED_SHELL('',(#4890,#5401,#5416,#5430,#5444,#5458,#5472,#5486,#5500,
#5513,#5537,#5552,#5580,#5594,#5622,#5650,#5663,#5678,#5693,#5707,#5721,#5735,
#5749,#5763,#5777,#5791,#5805,#5818,#5870,#5884,#5897,#5910,#5923,#5936,#5949,
#5962,#5975,#5988,#6001,#6014,#6027,#6040,#6053,#6066,#6078,#6093,#6107,#6120,
#6149,#6163,#6176,#6189,#6202,#6215,#6228,#6241,#6253,#6268,#6282,#6296,#6310,
#6324,#6338,#6352,#6366,#6380,#6393,#6473,#6487,#6500,#6513,#6526,#6539,#6552,
#6565,#6578,#6591,#6604,#6617,#6630,#6643,#6656,#6669,#6682,#6695,#6708,#6720,
#6734,#6747,#6760,#6773,#6786,#6799,#6812,#6825,#6838,#6850,#6863,#6875,#6890,
#6903,#6919,#6934,#6951,#6973,#6986,#7002,#7017,#7030,#7045,#7058,#7073,#7086,
#7102,#7117,#7134,#7153,#7168,#7181,#7197,#7211,#7223,#7235,#7250,#7264,#7278,
#7292,#7306,#7320,#7334,#7348,#7362,#7376,#7390,#7404,#7418,#7432,#7446,#7460,
#7474,#7488,#7502,#7516,#7530,#7544,#7558,#7572,#7586,#7600,#7614,#7628,#7642,
#7656,#7670,#7684,#7698,#7712,#7726,#7740,#7754,#7768,#7782,#7796,#7810,#7824,
#7838,#7852,#7866,#7880,#7894,#7908,#7922,#7936,#7950,#7964,#7978,#7991,#8053,
#8068,#8082,#8096,#8110,#8124,#8138,#8152,#8165,#8181,#8196,#8210,#8224,#8238,
#8252,#8266,#8280,#8294,#8308,#8322,#8336,#8349,#8369,#8384,#8398,#8412,#8425,
#8437,#8452,#8466,#8480,#8494,#8508,#8522,#8536,#8550,#8564,#8577,#8595,#8610,
#8624,#8638,#8652,#8666,#8680,#8694,#8708,#8722,#8736,#8750,#8764,#8778,#8792,
#8806,#8820,#8834,#8848,#8862,#8876,#8890,#8904,#8918,#8932,#8946,#8960,#8973,
#9041,#9055,#9068,#9081,#9094,#9107,#9120,#9133,#9145,#9158,#9171,#9184,#9197,
#9210,#9223,#9236,#9248,#9263,#9277,#9291,#9305,#9319,#9333,#9347,#9361,#9375,
#9389,#9403,#9417,#9431,#9445,#9459,#9473,#9487,#9501,#9515,#9529,#9543,#9557,
#9571,#9585,#9599,#9613,#9627,#9641,#9655,#9669,#9683,#9697,#9711,#9725,#9739,
#9753,#9767,#9781,#9795,#9809,#9823,#9837,#9851,#9865,#9879,#9893,#9907,#9921,
#9935,#9949,#9963,#9977,#9991,#10004,#10066));
#10068=CARTESIAN_POINT('',(-1.142E-1,0.E0,0.E0));
#10069=DIRECTION('',(1.E0,0.E0,0.E0));
#10070=DIRECTION('',(0.E0,1.E0,0.E0));
#10071=AXIS2_PLACEMENT_3D('',#10068,#10069,#10070);
#10073=CARTESIAN_POINT('',(-1.142E-1,0.E0,0.E0));
#10074=DIRECTION('',(-1.E0,0.E0,0.E0));
#10075=DIRECTION('',(0.E0,-1.E0,0.E0));
#10076=AXIS2_PLACEMENT_3D('',#10073,#10074,#10075);
#10078=CARTESIAN_POINT('',(-4.927585615695E-2,0.E0,0.E0));
#10079=DIRECTION('',(1.E0,0.E0,0.E0));
#10080=DIRECTION('',(0.E0,1.E0,0.E0));
#10081=AXIS2_PLACEMENT_3D('',#10078,#10079,#10080);
#10083=CARTESIAN_POINT('',(-1.142E-1,0.E0,0.E0));
#10084=DIRECTION('',(-1.E0,0.E0,0.E0));
#10085=DIRECTION('',(0.E0,1.E0,0.E0));
#10086=AXIS2_PLACEMENT_3D('',#10083,#10084,#10085);
#10088=DIRECTION('',(-1.E0,0.E0,0.E0));
#10089=VECTOR('',#10088,6.492414384305E-2);
#10090=CARTESIAN_POINT('',(-4.927585615695E-2,6.6045E-1,0.E0));
#10091=LINE('',#10090,#10089);
#10092=CARTESIAN_POINT('',(-4.927585615695E-2,0.E0,0.E0));
#10093=DIRECTION('',(-1.E0,0.E0,0.E0));
#10094=DIRECTION('',(0.E0,1.E0,0.E0));
#10095=AXIS2_PLACEMENT_3D('',#10092,#10093,#10094);
#10097=DIRECTION('',(-1.E0,0.E0,0.E0));
#10098=VECTOR('',#10097,6.492414384305E-2);
#10099=CARTESIAN_POINT('',(-4.927585615695E-2,-6.6045E-1,0.E0));
#10100=LINE('',#10099,#10098);
#10101=CARTESIAN_POINT('',(0.E0,7.0875E-1,0.E0));
#10102=DIRECTION('',(0.E0,0.E0,-1.E0));
#10103=DIRECTION('',(7.141428428543E-1,-7.E-1,0.E0));
#10104=AXIS2_PLACEMENT_3D('',#10101,#10102,#10103);
#10106=CARTESIAN_POINT('',(4.927585615695E-2,0.E0,0.E0));
#10107=DIRECTION('',(-1.E0,0.E0,0.E0));
#10108=DIRECTION('',(0.E0,1.E0,0.E0));
#10109=AXIS2_PLACEMENT_3D('',#10106,#10107,#10108);
#10111=CARTESIAN_POINT('',(0.E0,-7.0875E-1,0.E0));
#10112=DIRECTION('',(0.E0,0.E0,1.E0));
#10113=DIRECTION('',(7.141428428543E-1,7.E-1,0.E0));
#10114=AXIS2_PLACEMENT_3D('',#10111,#10112,#10113);
#10116=CARTESIAN_POINT('',(4.927585615695E-2,0.E0,0.E0));
#10117=DIRECTION('',(1.E0,0.E0,0.E0));
#10118=DIRECTION('',(0.E0,1.E0,0.E0));
#10119=AXIS2_PLACEMENT_3D('',#10116,#10117,#10118);
#10121=CARTESIAN_POINT('',(1.142E-1,0.E0,0.E0));
#10122=DIRECTION('',(1.E0,0.E0,0.E0));
#10123=DIRECTION('',(0.E0,1.E0,0.E0));
#10124=AXIS2_PLACEMENT_3D('',#10121,#10122,#10123);
#10126=CARTESIAN_POINT('',(1.142E-1,0.E0,0.E0));
#10127=DIRECTION('',(1.E0,0.E0,0.E0));
#10128=DIRECTION('',(0.E0,-1.E0,0.E0));
#10129=AXIS2_PLACEMENT_3D('',#10126,#10127,#10128);
#10131=DIRECTION('',(-1.E0,0.E0,0.E0));
#10132=VECTOR('',#10131,6.492414384305E-2);
#10133=CARTESIAN_POINT('',(1.142E-1,-6.6045E-1,0.E0));
#10134=LINE('',#10133,#10132);
#10135=DIRECTION('',(-1.E0,0.E0,0.E0));
#10136=VECTOR('',#10135,6.492414384305E-2);
#10137=CARTESIAN_POINT('',(1.142E-1,6.6045E-1,0.E0));
#10138=LINE('',#10137,#10136);
#10139=CARTESIAN_POINT('',(1.142E-1,0.E0,0.E0));
#10140=DIRECTION('',(-1.E0,0.E0,0.E0));
#10141=DIRECTION('',(0.E0,-1.E0,0.E0));
#10142=AXIS2_PLACEMENT_3D('',#10139,#10140,#10141);
#10144=CARTESIAN_POINT('',(4.927585615695E-2,0.E0,0.E0));
#10145=DIRECTION('',(1.E0,0.E0,0.E0));
#10146=DIRECTION('',(0.E0,1.E0,0.E0));
#10147=AXIS2_PLACEMENT_3D('',#10144,#10145,#10146);
#10149=CARTESIAN_POINT('',(1.142E-1,0.E0,0.E0));
#10150=DIRECTION('',(-1.E0,0.E0,0.E0));
#10151=DIRECTION('',(0.E0,1.E0,0.E0));
#10152=AXIS2_PLACEMENT_3D('',#10149,#10150,#10151);
#10154=DIRECTION('',(1.E0,0.E0,0.E0));
#10155=VECTOR('',#10154,6.492414384305E-2);
#10156=CARTESIAN_POINT('',(4.927585615695E-2,7.5705E-1,0.E0));
#10157=LINE('',#10156,#10155);
#10158=CARTESIAN_POINT('',(4.927585615695E-2,0.E0,0.E0));
#10159=DIRECTION('',(-1.E0,0.E0,0.E0));
#10160=DIRECTION('',(0.E0,1.E0,0.E0));
#10161=AXIS2_PLACEMENT_3D('',#10158,#10159,#10160);
#10163=DIRECTION('',(1.E0,0.E0,0.E0));
#10164=VECTOR('',#10163,6.492414384305E-2);
#10165=CARTESIAN_POINT('',(4.927585615695E-2,-7.5705E-1,0.E0));
#10166=LINE('',#10165,#10164);
#10167=CARTESIAN_POINT('',(0.E0,7.0875E-1,0.E0));
#10168=DIRECTION('',(0.E0,0.E0,-1.E0));
#10169=DIRECTION('',(-7.141428428543E-1,7.E-1,0.E0));
#10170=AXIS2_PLACEMENT_3D('',#10167,#10168,#10169);
#10172=CARTESIAN_POINT('',(-4.927585615695E-2,0.E0,0.E0));
#10173=DIRECTION('',(-1.E0,0.E0,0.E0));
#10174=DIRECTION('',(0.E0,1.E0,0.E0));
#10175=AXIS2_PLACEMENT_3D('',#10172,#10173,#10174);
#10177=CARTESIAN_POINT('',(0.E0,-7.0875E-1,0.E0));
#10178=DIRECTION('',(0.E0,0.E0,1.E0));
#10179=DIRECTION('',(-7.141428428543E-1,-7.E-1,0.E0));
#10180=AXIS2_PLACEMENT_3D('',#10177,#10178,#10179);
#10182=CARTESIAN_POINT('',(-4.927585615695E-2,0.E0,0.E0));
#10183=DIRECTION('',(1.E0,0.E0,0.E0));
#10184=DIRECTION('',(0.E0,1.E0,0.E0));
#10185=AXIS2_PLACEMENT_3D('',#10182,#10183,#10184);
#10187=CARTESIAN_POINT('',(-1.142E-1,0.E0,0.E0));
#10188=DIRECTION('',(1.E0,0.E0,0.E0));
#10189=DIRECTION('',(0.E0,-1.E0,0.E0));
#10190=AXIS2_PLACEMENT_3D('',#10187,#10188,#10189);
#10192=DIRECTION('',(1.E0,0.E0,0.E0));
#10193=VECTOR('',#10192,6.492414384305E-2);
#10194=CARTESIAN_POINT('',(-1.142E-1,-7.5705E-1,0.E0));
#10195=LINE('',#10194,#10193);
#10196=DIRECTION('',(1.E0,0.E0,0.E0));
#10197=VECTOR('',#10196,6.492414384305E-2);
#10198=CARTESIAN_POINT('',(-1.142E-1,7.5705E-1,0.E0));
#10199=LINE('',#10198,#10197);
#10200=CARTESIAN_POINT('',(4.927585615695E-2,6.6045E-1,0.E0));
#10201=CARTESIAN_POINT('',(-4.927585615695E-2,6.6045E-1,0.E0));
#10202=VERTEX_POINT('',#10200);
#10203=VERTEX_POINT('',#10201);
#10204=CARTESIAN_POINT('',(4.927585615695E-2,-6.6045E-1,0.E0));
#10205=CARTESIAN_POINT('',(-4.927585615695E-2,-6.6045E-1,0.E0));
#10206=VERTEX_POINT('',#10204);
#10207=VERTEX_POINT('',#10205);
#10208=CARTESIAN_POINT('',(-4.927585615695E-2,7.5705E-1,0.E0));
#10209=CARTESIAN_POINT('',(4.927585615695E-2,7.5705E-1,0.E0));
#10210=VERTEX_POINT('',#10208);
#10211=VERTEX_POINT('',#10209);
#10212=CARTESIAN_POINT('',(-4.927585615695E-2,-7.5705E-1,0.E0));
#10213=CARTESIAN_POINT('',(4.927585615695E-2,-7.5705E-1,0.E0));
#10214=VERTEX_POINT('',#10212);
#10215=VERTEX_POINT('',#10213);
#10216=CARTESIAN_POINT('',(1.142E-1,6.6045E-1,0.E0));
#10217=CARTESIAN_POINT('',(1.142E-1,-6.6045E-1,0.E0));
#10218=VERTEX_POINT('',#10216);
#10219=VERTEX_POINT('',#10217);
#10220=CARTESIAN_POINT('',(-1.142E-1,-6.6045E-1,0.E0));
#10221=CARTESIAN_POINT('',(-1.142E-1,6.6045E-1,0.E0));
#10222=VERTEX_POINT('',#10220);
#10223=VERTEX_POINT('',#10221);
#10224=CARTESIAN_POINT('',(1.142E-1,-7.5705E-1,0.E0));
#10225=CARTESIAN_POINT('',(1.142E-1,7.5705E-1,0.E0));
#10226=VERTEX_POINT('',#10224);
#10227=VERTEX_POINT('',#10225);
#10228=CARTESIAN_POINT('',(-1.142E-1,7.5705E-1,0.E0));
#10229=CARTESIAN_POINT('',(-1.142E-1,-7.5705E-1,0.E0));
#10230=VERTEX_POINT('',#10228);
#10231=VERTEX_POINT('',#10229);
#10232=CARTESIAN_POINT('',(-1.518E-1,0.E0,0.E0));
#10233=DIRECTION('',(1.E0,0.E0,0.E0));
#10234=DIRECTION('',(0.E0,-1.E0,0.E0));
#10235=AXIS2_PLACEMENT_3D('',#10232,#10233,#10234);
#10236=CYLINDRICAL_SURFACE('',#10235,7.5705E-1);
#10238=ORIENTED_EDGE('',*,*,#10237,.F.);
#10240=ORIENTED_EDGE('',*,*,#10239,.T.);
#10242=ORIENTED_EDGE('',*,*,#10241,.T.);
#10244=ORIENTED_EDGE('',*,*,#10243,.F.);
#10245=EDGE_LOOP('',(#10238,#10240,#10242,#10244));
#10246=FACE_OUTER_BOUND('',#10245,.F.);
#10248=CARTESIAN_POINT('',(-1.142E-1,0.E0,0.E0));
#10249=DIRECTION('',(1.E0,0.E0,0.E0));
#10250=DIRECTION('',(0.E0,0.E0,1.E0));
#10251=AXIS2_PLACEMENT_3D('',#10248,#10249,#10250);
#10252=PLANE('',#10251);
#10253=ORIENTED_EDGE('',*,*,#10237,.T.);
#10255=ORIENTED_EDGE('',*,*,#10254,.T.);
#10256=EDGE_LOOP('',(#10253,#10255));
#10257=FACE_OUTER_BOUND('',#10256,.F.);
#10259=ORIENTED_EDGE('',*,*,#10258,.T.);
#10261=ORIENTED_EDGE('',*,*,#10260,.T.);
#10262=EDGE_LOOP('',(#10259,#10261));
#10263=FACE_BOUND('',#10262,.F.);
#10265=CARTESIAN_POINT('',(-1.518E-1,0.E0,0.E0));
#10266=DIRECTION('',(1.E0,0.E0,0.E0));
#10267=DIRECTION('',(0.E0,-1.E0,0.E0));
#10268=AXIS2_PLACEMENT_3D('',#10265,#10266,#10267);
#10269=CYLINDRICAL_SURFACE('',#10268,6.6045E-1);
#10270=ORIENTED_EDGE('',*,*,#10258,.F.);
#10272=ORIENTED_EDGE('',*,*,#10271,.F.);
#10274=ORIENTED_EDGE('',*,*,#10273,.F.);
#10276=ORIENTED_EDGE('',*,*,#10275,.T.);
#10277=EDGE_LOOP('',(#10270,#10272,#10274,#10276));
#10278=FACE_OUTER_BOUND('',#10277,.F.);
#10280=CARTESIAN_POINT('',(-1.518E-1,0.E0,0.E0));
#10281=DIRECTION('',(1.E0,0.E0,0.E0));
#10282=DIRECTION('',(0.E0,-1.E0,0.E0));
#10283=AXIS2_PLACEMENT_3D('',#10280,#10281,#10282);
#10284=CYLINDRICAL_SURFACE('',#10283,6.6045E-1);
#10285=ORIENTED_EDGE('',*,*,#10260,.F.);
#10286=ORIENTED_EDGE('',*,*,#10275,.F.);
#10288=ORIENTED_EDGE('',*,*,#10287,.T.);
#10289=ORIENTED_EDGE('',*,*,#10271,.T.);
#10290=EDGE_LOOP('',(#10285,#10286,#10288,#10289));
#10291=FACE_OUTER_BOUND('',#10290,.F.);
#10293=CARTESIAN_POINT('',(0.E0,0.E0,0.E0));
#10294=DIRECTION('',(1.E0,0.E0,0.E0));
#10295=DIRECTION('',(0.E0,-1.E0,0.E0));
#10296=AXIS2_PLACEMENT_3D('',#10293,#10294,#10295);
#10297=TOROIDAL_SURFACE('',#10296,7.0875E-1,6.9E-2);
#10299=ORIENTED_EDGE('',*,*,#10298,.F.);
#10301=ORIENTED_EDGE('',*,*,#10300,.T.);
#10303=ORIENTED_EDGE('',*,*,#10302,.T.);
#10304=ORIENTED_EDGE('',*,*,#10287,.F.);
#10305=EDGE_LOOP('',(#10299,#10301,#10303,#10304));
#10306=FACE_OUTER_BOUND('',#10305,.F.);
#10308=CARTESIAN_POINT('',(0.E0,0.E0,0.E0));
#10309=DIRECTION('',(1.E0,0.E0,0.E0));
#10310=DIRECTION('',(0.E0,-1.E0,0.E0));
#10311=AXIS2_PLACEMENT_3D('',#10308,#10309,#10310);
#10312=TOROIDAL_SURFACE('',#10311,7.0875E-1,6.9E-2);
#10313=ORIENTED_EDGE('',*,*,#10298,.T.);
#10314=ORIENTED_EDGE('',*,*,#10273,.T.);
#10315=ORIENTED_EDGE('',*,*,#10302,.F.);
#10317=ORIENTED_EDGE('',*,*,#10316,.F.);
#10318=EDGE_LOOP('',(#10313,#10314,#10315,#10317));
#10319=FACE_OUTER_BOUND('',#10318,.F.);
#10321=CARTESIAN_POINT('',(-1.518E-1,0.E0,0.E0));
#10322=DIRECTION('',(1.E0,0.E0,0.E0));
#10323=DIRECTION('',(0.E0,-1.E0,0.E0));
#10324=AXIS2_PLACEMENT_3D('',#10321,#10322,#10323);
#10325=CYLINDRICAL_SURFACE('',#10324,6.6045E-1);
#10327=ORIENTED_EDGE('',*,*,#10326,.F.);
#10329=ORIENTED_EDGE('',*,*,#10328,.T.);
#10330=ORIENTED_EDGE('',*,*,#10316,.T.);
#10332=ORIENTED_EDGE('',*,*,#10331,.F.);
#10333=EDGE_LOOP('',(#10327,#10329,#10330,#10332));
#10334=FACE_OUTER_BOUND('',#10333,.F.);
#10336=CARTESIAN_POINT('',(1.142E-1,0.E0,0.E0));
#10337=DIRECTION('',(1.E0,0.E0,0.E0));
#10338=DIRECTION('',(0.E0,0.E0,1.E0));
#10339=AXIS2_PLACEMENT_3D('',#10336,#10337,#10338);
#10340=PLANE('',#10339);
#10342=ORIENTED_EDGE('',*,*,#10341,.T.);
#10344=ORIENTED_EDGE('',*,*,#10343,.T.);
#10345=EDGE_LOOP('',(#10342,#10344));
#10346=FACE_OUTER_BOUND('',#10345,.F.);
#10347=ORIENTED_EDGE('',*,*,#10326,.T.);
#10349=ORIENTED_EDGE('',*,*,#10348,.T.);
#10350=EDGE_LOOP('',(#10347,#10349));
#10351=FACE_BOUND('',#10350,.F.);
#10353=CARTESIAN_POINT('',(-1.518E-1,0.E0,0.E0));
#10354=DIRECTION('',(1.E0,0.E0,0.E0));
#10355=DIRECTION('',(0.E0,-1.E0,0.E0));
#10356=AXIS2_PLACEMENT_3D('',#10353,#10354,#10355);
#10357=CYLINDRICAL_SURFACE('',#10356,6.6045E-1);
#10358=ORIENTED_EDGE('',*,*,#10348,.F.);
#10359=ORIENTED_EDGE('',*,*,#10331,.T.);
#10360=ORIENTED_EDGE('',*,*,#10300,.F.);
#10361=ORIENTED_EDGE('',*,*,#10328,.F.);
#10362=EDGE_LOOP('',(#10358,#10359,#10360,#10361));
#10363=FACE_OUTER_BOUND('',#10362,.F.);
#10365=CARTESIAN_POINT('',(-1.518E-1,0.E0,0.E0));
#10366=DIRECTION('',(1.E0,0.E0,0.E0));
#10367=DIRECTION('',(0.E0,-1.E0,0.E0));
#10368=AXIS2_PLACEMENT_3D('',#10365,#10366,#10367);
#10369=CYLINDRICAL_SURFACE('',#10368,7.5705E-1);
#10370=ORIENTED_EDGE('',*,*,#10341,.F.);
#10372=ORIENTED_EDGE('',*,*,#10371,.F.);
#10374=ORIENTED_EDGE('',*,*,#10373,.F.);
#10376=ORIENTED_EDGE('',*,*,#10375,.T.);
#10377=EDGE_LOOP('',(#10370,#10372,#10374,#10376));
#10378=FACE_OUTER_BOUND('',#10377,.F.);
#10380=CARTESIAN_POINT('',(-1.518E-1,0.E0,0.E0));
#10381=DIRECTION('',(1.E0,0.E0,0.E0));
#10382=DIRECTION('',(0.E0,-1.E0,0.E0));
#10383=AXIS2_PLACEMENT_3D('',#10380,#10381,#10382);
#10384=CYLINDRICAL_SURFACE('',#10383,7.5705E-1);
#10385=ORIENTED_EDGE('',*,*,#10343,.F.);
#10386=ORIENTED_EDGE('',*,*,#10375,.F.);
#10388=ORIENTED_EDGE('',*,*,#10387,.T.);
#10389=ORIENTED_EDGE('',*,*,#10371,.T.);
#10390=EDGE_LOOP('',(#10385,#10386,#10388,#10389));
#10391=FACE_OUTER_BOUND('',#10390,.F.);
#10393=CARTESIAN_POINT('',(0.E0,0.E0,0.E0));
#10394=DIRECTION('',(1.E0,0.E0,0.E0));
#10395=DIRECTION('',(0.E0,-1.E0,0.E0));
#10396=AXIS2_PLACEMENT_3D('',#10393,#10394,#10395);
#10397=TOROIDAL_SURFACE('',#10396,7.0875E-1,6.9E-2);
#10399=ORIENTED_EDGE('',*,*,#10398,.F.);
#10401=ORIENTED_EDGE('',*,*,#10400,.T.);
#10403=ORIENTED_EDGE('',*,*,#10402,.T.);
#10404=ORIENTED_EDGE('',*,*,#10387,.F.);
#10405=EDGE_LOOP('',(#10399,#10401,#10403,#10404));
#10406=FACE_OUTER_BOUND('',#10405,.F.);
#10408=CARTESIAN_POINT('',(0.E0,0.E0,0.E0));
#10409=DIRECTION('',(1.E0,0.E0,0.E0));
#10410=DIRECTION('',(0.E0,-1.E0,0.E0));
#10411=AXIS2_PLACEMENT_3D('',#10408,#10409,#10410);
#10412=TOROIDAL_SURFACE('',#10411,7.0875E-1,6.9E-2);
#10413=ORIENTED_EDGE('',*,*,#10398,.T.);
#10414=ORIENTED_EDGE('',*,*,#10373,.T.);
#10415=ORIENTED_EDGE('',*,*,#10402,.F.);
#10416=ORIENTED_EDGE('',*,*,#10241,.F.);
#10417=EDGE_LOOP('',(#10413,#10414,#10415,#10416));
#10418=FACE_OUTER_BOUND('',#10417,.F.);
#10420=CARTESIAN_POINT('',(-1.518E-1,0.E0,0.E0));
#10421=DIRECTION('',(1.E0,0.E0,0.E0));
#10422=DIRECTION('',(0.E0,-1.E0,0.E0));
#10423=AXIS2_PLACEMENT_3D('',#10420,#10421,#10422);
#10424=CYLINDRICAL_SURFACE('',#10423,7.5705E-1);
#10425=ORIENTED_EDGE('',*,*,#10254,.F.);
#10426=ORIENTED_EDGE('',*,*,#10243,.T.);
#10427=ORIENTED_EDGE('',*,*,#10400,.F.);
#10428=ORIENTED_EDGE('',*,*,#10239,.F.);
#10429=EDGE_LOOP('',(#10425,#10426,#10427,#10428));
#10430=FACE_OUTER_BOUND('',#10429,.F.);
#10432=CLOSED_SHELL('',(#10247,#10264,#10279,#10292,#10307,#10320,#10335,#10352,
#10364,#10379,#10392,#10407,#10419,#10431));
#10433=ORIENTED_CLOSED_SHELL('',*,#10432,.F.);
#10434=BREP_WITH_VOIDS('',#10067,(#10433));
#10435=CARTESIAN_POINT('',(0.E0,3.159170596566E-1,-6.344469827479E-1));
#10436=DIRECTION('',(0.E0,8.951632913551E-1,4.457383557765E-1));
#10437=DIRECTION('',(0.E0,-4.457383557765E-1,8.951632913551E-1));
#10438=AXIS2_PLACEMENT_3D('',#10435,#10436,#10437);
#10440=CARTESIAN_POINT('',(6.582180489777E-2,3.066902756920E-1,
-6.159171026169E-1));
#10441=CARTESIAN_POINT('',(6.582180489777E-2,3.025333791257E-1,
-6.179869911596E-1));
#10442=CARTESIAN_POINT('',(6.483424068344E-2,2.943904048205E-1,
-6.219381383956E-1));
#10443=CARTESIAN_POINT('',(6.046914244362E-2,2.824583538908E-1,
-6.274419420675E-1));
#10444=CARTESIAN_POINT('',(5.341147093005E-2,2.715798766695E-1,
-6.322163442663E-1));
#10445=CARTESIAN_POINT('',(4.411768728477E-2,2.622995930441E-1,
-6.361123873759E-1));
#10446=CARTESIAN_POINT('',(3.285040168805E-2,2.549038333635E-1,
-6.391022943939E-1));
#10447=CARTESIAN_POINT('',(2.033620152136E-2,2.498411308783E-1,
-6.410908659926E-1));
#10448=CARTESIAN_POINT('',(6.798419336871E-3,2.472232057289E-1,
-6.421010369760E-1));
#10449=CARTESIAN_POINT('',(-6.844355498335E-3,2.472277310458E-1,
-6.420993003047E-1));
#10450=CARTESIAN_POINT('',(-2.037841791107E-2,2.498535574055E-1,
-6.410860440377E-1));
#10451=CARTESIAN_POINT('',(-3.289245135688E-2,2.549256385324E-1,
-6.390936297279E-1));
#10452=CARTESIAN_POINT('',(-4.415345223165E-2,2.623287968767E-1,
-6.361003818358E-1));
#10453=CARTESIAN_POINT('',(-5.343678400598E-2,2.716122351449E-1,
-6.322024226065E-1));
#10454=CARTESIAN_POINT('',(-6.047923702536E-2,2.824810860116E-1,
-6.274316239544E-1));
#10455=CARTESIAN_POINT('',(-6.483616815153E-2,2.944021505411E-1,
-6.219324917495E-1));
#10456=CARTESIAN_POINT('',(-6.582180489777E-2,3.025373829964E-1,
-6.179849974688E-1));
#10457=CARTESIAN_POINT('',(-6.582180489777E-2,3.066902756920E-1,
-6.159171026169E-1));
#10459=CARTESIAN_POINT('',(0.E0,3.159170596566E-1,-6.344469827479E-1));
#10460=DIRECTION('',(0.E0,-8.951632913551E-1,-4.457383557765E-1));
#10461=DIRECTION('',(0.E0,-4.457383557765E-1,8.951632913551E-1));
#10462=AXIS2_PLACEMENT_3D('',#10459,#10460,#10461);
#10464=CARTESIAN_POINT('',(0.E0,3.159170596566E-1,-6.344469827479E-1));
#10465=DIRECTION('',(0.E0,8.951632913551E-1,4.457383557765E-1));
#10466=DIRECTION('',(9.539392014169E-1,1.337215067330E-1,-2.685489874065E-1));
#10467=AXIS2_PLACEMENT_3D('',#10464,#10465,#10466);
#10469=CARTESIAN_POINT('',(0.E0,3.159170596566E-1,-6.344469827479E-1));
#10470=DIRECTION('',(0.E0,-8.951632913551E-1,-4.457383557765E-1));
#10471=DIRECTION('',(-9.539392014169E-1,1.337215067330E-1,-2.685489874065E-1));
#10472=AXIS2_PLACEMENT_3D('',#10469,#10470,#10471);
#10474=CARTESIAN_POINT('',(-6.582180489777E-2,3.251438436212E-1,
-6.529768628790E-1));
#10475=CARTESIAN_POINT('',(-6.582180489777E-2,3.209701605279E-1,
-6.550551101189E-1));
#10476=CARTESIAN_POINT('',(-6.488134254997E-2,3.127698000364E-1,
-6.590398213514E-1));
#10477=CARTESIAN_POINT('',(-6.068986213557E-2,3.006919614259E-1,
-6.646328973746E-1));
#10478=CARTESIAN_POINT('',(-5.383582322193E-2,2.895606989600E-1,
-6.695482081183E-1));
#10479=CARTESIAN_POINT('',(-4.469159790315E-2,2.799409187753E-1,
-6.736172578306E-1));
#10480=CARTESIAN_POINT('',(-3.344040605263E-2,2.721607591809E-1,
-6.767884520875E-1));
#10481=CARTESIAN_POINT('',(-2.080540164460E-2,2.667708615345E-1,
-6.789231972347E-1));
#10482=CARTESIAN_POINT('',(-6.999139880076E-3,2.639504769553E-1,
-6.800204103827E-1));
#10483=CARTESIAN_POINT('',(6.946038141633E-3,2.639443364487E-1,
-6.800227859254E-1));
#10484=CARTESIAN_POINT('',(2.077255259902E-2,2.667592935034E-1,
-6.789277347631E-1));
#10485=CARTESIAN_POINT('',(3.342470663965E-2,2.721508606276E-1,
-6.767924555108E-1));
#10486=CARTESIAN_POINT('',(4.468934448274E-2,2.799382207452E-1,
-6.736184025711E-1));
#10487=CARTESIAN_POINT('',(5.383515431096E-2,2.895597094893E-1,
-6.695486473408E-1));
#10488=CARTESIAN_POINT('',(6.068965621149E-2,3.006919616785E-1,
-6.646328772340E-1));
#10489=CARTESIAN_POINT('',(6.488013419934E-2,3.127651153710E-1,
-6.590420310945E-1));
#10490=CARTESIAN_POINT('',(6.582180489777E-2,3.209681830494E-1,
-6.550560947862E-1));
#10491=CARTESIAN_POINT('',(6.582180489777E-2,3.251438436212E-1,
-6.529768628790E-1));
#10493=CARTESIAN_POINT('',(-6.582180489777E-2,3.066902756920E-1,
-6.159171026169E-1));
#10494=CARTESIAN_POINT('',(-6.582180489777E-2,3.108471722584E-1,
-6.138472140741E-1));
#10495=CARTESIAN_POINT('',(-6.483424068344E-2,3.189074941797E-1,
-6.097300784752E-1));
#10496=CARTESIAN_POINT('',(-6.046914244362E-2,3.304902914988E-1,
-6.035248790010E-1));
#10497=CARTESIAN_POINT('',(-5.341147093005E-2,3.408560938680E-1,
-5.977208869049E-1));
#10498=CARTESIAN_POINT('',(-4.411768728477E-2,3.495578237358E-1,
-5.926629512204E-1));
#10499=CARTESIAN_POINT('',(-3.285040168805E-2,3.564007619900E-1,
-5.885628291151E-1));
#10500=CARTESIAN_POINT('',(-2.033620152136E-2,3.610386362547E-1,
-5.857210874376E-1));
#10501=CARTESIAN_POINT('',(-6.798419336871E-3,3.634224224724E-1,
-5.842407020919E-1));
#10502=CARTESIAN_POINT('',(6.844355498335E-3,3.634183094661E-1,
-5.842432667944E-1));
#10503=CARTESIAN_POINT('',(2.037841791107E-2,3.610272995959E-1,
-5.857280981433E-1));
#10504=CARTESIAN_POINT('',(3.289245135688E-2,3.563807068872E-1,
-5.885750083876E-1));
#10505=CARTESIAN_POINT('',(4.415345223165E-2,3.495306438669E-1,
-5.926790214276E-1));
#10506=CARTESIAN_POINT('',(5.343678400598E-2,3.408254838056E-1,
-5.977383198512E-1));
#10507=CARTESIAN_POINT('',(6.047923702536E-2,3.304683583034E-1,
-6.035368015727E-1));
#10508=CARTESIAN_POINT('',(6.483616815153E-2,3.188959096808E-1,
-6.097360488981E-1));
#10509=CARTESIAN_POINT('',(6.582180489777E-2,3.108431683877E-1,
-6.138492077649E-1));
#10510=CARTESIAN_POINT('',(6.582180489777E-2,3.066902756920E-1,
-6.159171026169E-1));
#10512=CARTESIAN_POINT('',(6.582180489777E-2,3.251438436212E-1,
-6.529768628790E-1));
#10513=CARTESIAN_POINT('',(6.582180489777E-2,3.290834936718E-1,
-6.510151502475E-1));
#10514=CARTESIAN_POINT('',(6.500877389345E-2,3.369085322495E-1,
-6.470334765339E-1));
#10515=CARTESIAN_POINT('',(6.075911002780E-2,3.491452639081E-1,
-6.405117658119E-1));
#10516=CARTESIAN_POINT('',(5.373619973808E-2,3.598670115641E-1,
-6.345324789230E-1));
#10517=CARTESIAN_POINT('',(4.552023653575E-2,3.680555201719E-1,
-6.298071426574E-1));
#10518=CARTESIAN_POINT('',(3.530402129788E-2,3.750939937328E-1,
-6.256364837776E-1));
#10519=CARTESIAN_POINT('',(2.209108853298E-2,3.807253155673E-1,
-6.222170082760E-1));
#10520=CARTESIAN_POINT('',(7.335415106339E-3,3.836236383646E-1,
-6.204276258578E-1));
#10521=CARTESIAN_POINT('',(-7.393012811928E-3,3.836178348142E-1,
-6.204312386555E-1));
#10522=CARTESIAN_POINT('',(-2.213125319609E-2,3.807107843921E-1,
-6.222258855911E-1));
#10523=CARTESIAN_POINT('',(-3.530774463462E-2,3.750902206302E-1,
-6.256387187069E-1));
#10524=CARTESIAN_POINT('',(-4.551547733628E-2,3.680578475273E-1,
-6.298056771631E-1));
#10525=CARTESIAN_POINT('',(-5.372302124381E-2,3.598850516784E-1,
-6.345223371423E-1));
#10526=CARTESIAN_POINT('',(-6.077159508405E-2,3.491263107510E-1,
-6.405223494316E-1));
#10527=CARTESIAN_POINT('',(-6.501380341994E-2,3.368812097216E-1,
-6.470476281406E-1));
#10528=CARTESIAN_POINT('',(-6.582180489777E-2,3.290709654E-1,
-6.510213885856E-1));
#10529=CARTESIAN_POINT('',(-6.582180489777E-2,3.251438436212E-1,
-6.529768628790E-1));
#10531=DIRECTION('',(1.E0,0.E0,0.E0));
#10532=VECTOR('',#10531,2.042819510223E-2);
#10533=CARTESIAN_POINT('',(6.582180489777E-2,6.8805E-1,0.E0));
#10534=LINE('',#10533,#10532);
#10535=DIRECTION('',(1.E0,0.E0,0.E0));
#10536=VECTOR('',#10535,1.725E-1);
#10537=CARTESIAN_POINT('',(-8.625E-2,-6.8805E-1,0.E0));
#10538=LINE('',#10537,#10536);
#10539=CARTESIAN_POINT('',(-8.625E-2,0.E0,0.E0));
#10540=DIRECTION('',(-1.E0,0.E0,0.E0));
#10541=DIRECTION('',(0.E0,1.E0,0.E0));
#10542=AXIS2_PLACEMENT_3D('',#10539,#10540,#10541);
#10544=DIRECTION('',(1.E0,0.E0,0.E0));
#10545=VECTOR('',#10544,2.042819510223E-2);
#10546=CARTESIAN_POINT('',(-8.625E-2,6.8805E-1,0.E0));
#10547=LINE('',#10546,#10545);
#10548=CARTESIAN_POINT('',(6.582180489777E-2,6.8805E-1,0.E0));
#10549=CARTESIAN_POINT('',(6.582180489777E-2,6.8805E-1,-4.643729927853E-3));
#10550=CARTESIAN_POINT('',(6.483424068344E-2,6.879572859865E-1,
-1.369419948066E-2));
#10551=CARTESIAN_POINT('',(6.046914244362E-2,6.875655162340E-1,
-2.682858986283E-2));
#10552=CARTESIAN_POINT('',(5.341147093005E-2,6.869904312706E-1,
-3.869473752300E-2));
#10553=CARTESIAN_POINT('',(4.411768728477E-2,6.863414476795E-1,
-4.873872260758E-2));
#10554=CARTESIAN_POINT('',(3.285040168805E-2,6.857213289268E-1,
-5.669185142346E-2));
#10555=CARTESIAN_POINT('',(2.033620152136E-2,6.852447845426E-1,
-6.211017947804E-2));
#10556=CARTESIAN_POINT('',(6.798419336871E-3,6.849821428734E-1,
-6.490392192443E-2));
#10557=CARTESIAN_POINT('',(-6.844355498335E-3,6.849826053763E-1,
-6.489909692593E-2));
#10558=CARTESIAN_POINT('',(-2.037841791107E-2,6.852460070854E-1,
-6.209690637674E-2));
#10559=CARTESIAN_POINT('',(-3.289245135688E-2,6.857232920360E-1,
-5.666847006269E-2));
#10560=CARTESIAN_POINT('',(-4.415345223165E-2,6.863437180290E-1,
-4.870722907896E-2));
#10561=CARTESIAN_POINT('',(-5.343678400598E-2,6.869923925253E-1,
-3.865956598598E-2));
#10562=CARTESIAN_POINT('',(-6.047923702536E-2,6.875664124161E-1,
-2.680364172396E-2));
#10563=CARTESIAN_POINT('',(-6.483616815153E-2,6.879574668344E-1,
-1.368116821601E-2));
#10564=CARTESIAN_POINT('',(-6.582180489777E-2,6.8805E-1,-4.639257145283E-3));
#10565=CARTESIAN_POINT('',(-6.582180489777E-2,6.8805E-1,0.E0));
#10567=CARTESIAN_POINT('',(0.E0,7.0875E-1,0.E0));
#10568=DIRECTION('',(0.E0,0.E0,-1.E0));
#10569=DIRECTION('',(0.E0,-1.E0,0.E0));
#10570=AXIS2_PLACEMENT_3D('',#10567,#10568,#10569);
#10572=CARTESIAN_POINT('',(0.E0,7.0875E-1,0.E0));
#10573=DIRECTION('',(0.E0,0.E0,1.E0));
#10574=DIRECTION('',(0.E0,-1.E0,0.E0));
#10575=AXIS2_PLACEMENT_3D('',#10572,#10573,#10574);
#10577=CARTESIAN_POINT('',(-6.582180489777E-2,7.2945E-1,0.E0));
#10578=CARTESIAN_POINT('',(-6.582180489777E-2,7.2945E-1,-4.662482402491E-3));
#10579=CARTESIAN_POINT('',(-6.488134254997E-2,7.293617520197E-1,
-1.377928272339E-2));
#10580=CARTESIAN_POINT('',(-6.068986213557E-2,7.289849124379E-1,
-2.708396899677E-2));
#10581=CARTESIAN_POINT('',(-5.383582322193E-2,7.284232875520E-1,
-3.923920907170E-2));
#10582=CARTESIAN_POINT('',(-4.469159790315E-2,7.277778464827E-1,
-4.966421469222E-2));
#10583=CARTESIAN_POINT('',(-3.344040605263E-2,7.271486676259E-1,
-5.804225087594E-2));
#10584=CARTESIAN_POINT('',(-2.080540164460E-2,7.266571290034E-1,
-6.381862718513E-2));
#10585=CARTESIAN_POINT('',(-6.999139880077E-3,7.263821603512E-1,
-6.683240191245E-2));
#10586=CARTESIAN_POINT('',(6.946038141632E-3,7.263815497906E-1,
-6.683895753901E-2));
#10587=CARTESIAN_POINT('',(2.077255259902E-2,7.266560345170E-1,
-6.383100501236E-2));
#10588=CARTESIAN_POINT('',(3.342470663965E-2,7.271478391786E-1,
-5.805289617683E-2));
#10589=CARTESIAN_POINT('',(4.468934448274E-2,7.277776685969E-1,
-4.966714012453E-2));
#10590=CARTESIAN_POINT('',(5.383515431096E-2,7.284232396828E-1,
-3.924029058782E-2));
#10591=CARTESIAN_POINT('',(6.068965621149E-2,7.289848945214E-1,
-2.708395979313E-2));
#10592=CARTESIAN_POINT('',(6.488013419934E-2,7.293616419656E-1,
-1.378446123117E-2));
#10593=CARTESIAN_POINT('',(6.582180489777E-2,7.2945E-1,-4.664691472652E-3));
#10594=CARTESIAN_POINT('',(6.582180489777E-2,7.2945E-1,0.E0));
#10596=CARTESIAN_POINT('',(0.E0,7.0875E-1,0.E0));
#10597=DIRECTION('',(0.E0,0.E0,1.E0));
#10598=DIRECTION('',(9.539392014169E-1,3.E-1,0.E0));
#10599=AXIS2_PLACEMENT_3D('',#10596,#10597,#10598);
#10601=CARTESIAN_POINT('',(0.E0,7.0875E-1,0.E0));
#10602=DIRECTION('',(0.E0,0.E0,-1.E0));
#10603=DIRECTION('',(-9.539392014169E-1,3.E-1,0.E0));
#10604=AXIS2_PLACEMENT_3D('',#10601,#10602,#10603);
#10606=CARTESIAN_POINT('',(-6.582180489777E-2,6.8805E-1,0.E0));
#10607=CARTESIAN_POINT('',(-6.582180489777E-2,6.8805E-1,4.644686214006E-3));
#10608=CARTESIAN_POINT('',(-6.483386304615E-2,6.879572497447E-1,
1.369690453036E-2));
#10609=CARTESIAN_POINT('',(-6.046694604698E-2,6.875653236402E-1,
2.683381959190E-2));
#10610=CARTESIAN_POINT('',(-5.340687600693E-2,6.869900728035E-1,
3.870120538031E-2));
#10611=CARTESIAN_POINT('',(-4.410949124517E-2,6.863409210979E-1,
4.874614527545E-2));
#10612=CARTESIAN_POINT('',(-3.283899259932E-2,6.857207797159E-1,
5.669843906291E-2));
#10613=CARTESIAN_POINT('',(-2.032081259579E-2,6.852443204358E-1,
6.211524990486E-2));
#10614=CARTESIAN_POINT('',(-6.779994178504E-3,6.849819492346E-1,
6.490593346323E-2));
#10615=CARTESIAN_POINT('',(6.865431560452E-3,6.849827914627E-1,
6.489716996460E-2));
#10616=CARTESIAN_POINT('',(2.040169779929E-2,6.852466718882E-1,
6.208967961627E-2));
#10617=CARTESIAN_POINT('',(3.291546797344E-2,6.857243612503E-1,
5.665579551650E-2));
#10618=CARTESIAN_POINT('',(4.417640920610E-2,6.863451563990E-1,
4.868736059718E-2));
#10619=CARTESIAN_POINT('',(5.345598842295E-2,6.869938605348E-1,
3.863402357028E-2));
#10620=CARTESIAN_POINT('',(6.049255880638E-2,6.875675709121E-1,
2.677395498703E-2));
#10621=CARTESIAN_POINT('',(6.484012412823E-2,6.879578406891E-1,
1.365793996843E-2));
#10622=CARTESIAN_POINT('',(6.582180489777E-2,6.8805E-1,4.630041285994E-3));
#10623=CARTESIAN_POINT('',(6.582180489777E-2,6.8805E-1,0.E0));
#10625=CARTESIAN_POINT('',(6.582180489777E-2,7.2945E-1,0.E0));
#10626=CARTESIAN_POINT('',(6.582180489777E-2,7.2945E-1,4.655633145422E-3));
#10627=CARTESIAN_POINT('',(6.488396574033E-2,7.293620018827E-1,
1.375948739651E-2));
#10628=CARTESIAN_POINT('',(6.070522800699E-2,7.289862690544E-1,
2.704481785866E-2));
#10629=CARTESIAN_POINT('',(5.387068770788E-2,7.284260235517E-1,
3.918742003017E-2));
#10630=CARTESIAN_POINT('',(4.475300100223E-2,7.277818592600E-1,
4.960524960474E-2));
#10631=CARTESIAN_POINT('',(3.353011508986E-2,7.271530560021E-1,
5.798773838800E-2));
#10632=CARTESIAN_POINT('',(2.091571719063E-2,7.266604559280E-1,
6.378128104739E-2));
#10633=CARTESIAN_POINT('',(7.113109932919E-3,7.263832678404E-1,
6.682056789025E-2));
#10634=CARTESIAN_POINT('',(-6.842824703597E-3,7.263804343658E-1,
6.685089897435E-2));
#10635=CARTESIAN_POINT('',(-2.068980854707E-2,7.266534754128E-1,
6.385982254526E-2));
#10636=CARTESIAN_POINT('',(-3.336340224379E-2,7.271448344279E-1,
5.809028399439E-2));
#10637=CARTESIAN_POINT('',(-4.464760525843E-2,7.277749482794E-1,
4.970701654042E-2));
#10638=CARTESIAN_POINT('',(-5.381078681906E-2,7.284213298888E-1,
3.927635976176E-2));
#10639=CARTESIAN_POINT('',(-6.067907427502E-2,7.289839595445E-1,
2.711091940343E-2));
#10640=CARTESIAN_POINT('',(-6.487820199993E-2,7.293614587046E-1,
1.379858023078E-2));
#10641=CARTESIAN_POINT('',(-6.582180489777E-2,7.2945E-1,4.669605822116E-3));
#10642=CARTESIAN_POINT('',(-6.582180489777E-2,7.2945E-1,0.E0));
#10644=CARTESIAN_POINT('',(-8.625E-2,0.E0,0.E0));
#10645=DIRECTION('',(1.E0,0.E0,0.E0));
#10646=DIRECTION('',(0.E0,1.E0,0.E0));
#10647=AXIS2_PLACEMENT_3D('',#10644,#10645,#10646);
#10649=CARTESIAN_POINT('',(-8.625E-2,0.E0,0.E0));
#10650=DIRECTION('',(-1.E0,0.E0,0.E0));
#10651=DIRECTION('',(0.E0,1.E0,0.E0));
#10652=AXIS2_PLACEMENT_3D('',#10649,#10650,#10651);
#10654=CARTESIAN_POINT('',(-8.625E-2,0.E0,0.E0));
#10655=DIRECTION('',(1.E0,0.E0,0.E0));
#10656=DIRECTION('',(0.E0,1.E0,0.E0));
#10657=AXIS2_PLACEMENT_3D('',#10654,#10655,#10656);
#10659=DIRECTION('',(-1.E0,0.E0,0.E0));
#10660=VECTOR('',#10659,2.042819510223E-2);
#10661=CARTESIAN_POINT('',(-6.582180489777E-2,7.2945E-1,0.E0));
#10662=LINE('',#10661,#10660);
#10663=DIRECTION('',(-1.E0,0.E0,0.E0));
#10664=VECTOR('',#10663,1.725E-1);
#10665=CARTESIAN_POINT('',(8.625E-2,-7.2945E-1,0.E0));
#10666=LINE('',#10665,#10664);
#10667=CARTESIAN_POINT('',(8.625E-2,0.E0,0.E0));
#10668=DIRECTION('',(-1.E0,0.E0,0.E0));
#10669=DIRECTION('',(0.E0,1.E0,0.E0));
#10670=AXIS2_PLACEMENT_3D('',#10667,#10668,#10669);
#10672=DIRECTION('',(-1.E0,0.E0,0.E0));
#10673=VECTOR('',#10672,2.042819510223E-2);
#10674=CARTESIAN_POINT('',(8.625E-2,7.2945E-1,0.E0));
#10675=LINE('',#10674,#10673);
#10676=CARTESIAN_POINT('',(8.625E-2,0.E0,0.E0));
#10677=DIRECTION('',(1.E0,0.E0,0.E0));
#10678=DIRECTION('',(0.E0,1.E0,0.E0));
#10679=AXIS2_PLACEMENT_3D('',#10676,#10677,#10678);
#10681=CARTESIAN_POINT('',(8.625E-2,0.E0,0.E0));
#10682=DIRECTION('',(-1.E0,0.E0,0.E0));
#10683=DIRECTION('',(0.E0,1.E0,0.E0));
#10684=AXIS2_PLACEMENT_3D('',#10681,#10682,#10683);
#10686=CARTESIAN_POINT('',(8.625E-2,0.E0,0.E0));
#10687=DIRECTION('',(1.E0,0.E0,0.E0));
#10688=DIRECTION('',(0.E0,1.E0,0.E0));
#10689=AXIS2_PLACEMENT_3D('',#10686,#10687,#10688);
#10691=CARTESIAN_POINT('',(-6.582180489777E-2,6.415875174417E-1,
2.485523284201E-1));
#10692=CARTESIAN_POINT('',(-6.582180489777E-2,6.399100087052E-1,
2.528824776186E-1));
#10693=CARTESIAN_POINT('',(-6.483424068344E-2,6.365541487613E-1,
2.612882969750E-1));
#10694=CARTESIAN_POINT('',(-6.046914244362E-2,6.314441452808E-1,
2.733942276984E-1));
#10695=CARTESIAN_POINT('',(-5.341147093005E-2,6.266213475708E-1,
2.842513362111E-1));
#10696=CARTESIAN_POINT('',(-4.411768728477E-2,6.223878824877E-1,
2.933826334613E-1));
#10697=CARTESIAN_POINT('',(-3.285040168805E-2,6.189366374671E-1,
3.005746924875E-1));
#10698=CARTESIAN_POINT('',(-2.033620152136E-2,6.165349472084E-1,
3.054549852408E-1));
#10699=CARTESIAN_POINT('',(-6.798419336871E-3,6.152808249692E-1,
3.079651953740E-1));
#10700=CARTESIAN_POINT('',(6.844355498335E-3,6.152829992308E-1,
3.079608632722E-1));
#10701=CARTESIAN_POINT('',(2.037841791107E-2,6.165408819928E-1,
3.054430500759E-1));
#10702=CARTESIAN_POINT('',(3.289245135688E-2,6.189469143335E-1,
3.005535991747E-1));
#10703=CARTESIAN_POINT('',(4.415345223165E-2,6.224013763003E-1,
2.933540867652E-1));
#10704=CARTESIAN_POINT('',(5.343678400598E-2,6.266358818111E-1,
2.842192482165E-1));
#10705=CARTESIAN_POINT('',(6.047923702536E-2,6.314539932529E-1,
2.733712879900E-1));
#10706=CARTESIAN_POINT('',(6.483616815153E-2,6.365590248327E-1,
2.612762110124E-1));
#10707=CARTESIAN_POINT('',(6.582180489777E-2,6.399116244606E-1,
2.528783068731E-1));
#10708=CARTESIAN_POINT('',(6.582180489777E-2,6.415875174417E-1,
2.485523284201E-1));
#10710=CARTESIAN_POINT('',(6.582180489777E-2,6.801918677390E-1,
2.635077334002E-1));
#10711=CARTESIAN_POINT('',(6.582180489777E-2,6.785075848274E-1,
2.678553687606E-1));
#10712=CARTESIAN_POINT('',(6.488134254997E-2,6.751319278982E-1,
2.763246530335E-1));
#10713=CARTESIAN_POINT('',(6.068986213557E-2,6.699743284158E-1,
2.885947733459E-1));
#10714=CARTESIAN_POINT('',(5.383582322193E-2,6.650596496288E-1,
2.997263148480E-1));
#10715=CARTESIAN_POINT('',(4.469159790315E-2,6.606918473555E-1,
3.092141828732E-1));
#10716=CARTESIAN_POINT('',(3.344040605263E-2,6.570786597939E-1,
3.167991833329E-1));
#10717=CARTESIAN_POINT('',(2.080540164460E-2,6.545336458762E-1,
3.220079295968E-1));
#10718=CARTESIAN_POINT('',(6.999139880077E-3,6.531885442401E-1,
3.247188607017E-1));
#10719=CARTESIAN_POINT('',(-6.946038141632E-3,6.531856067439E-1,
3.247247530814E-1));
#10720=CARTESIAN_POINT('',(-2.077255259902E-2,6.545281539112E-1,
3.220190762029E-1));
#10721=CARTESIAN_POINT('',(-3.342470663965E-2,6.570740417636E-1,
3.168088105107E-1));
#10722=CARTESIAN_POINT('',(-4.468934448274E-2,6.606906246939E-1,
3.092168464978E-1));
#10723=CARTESIAN_POINT('',(-5.383515431096E-2,6.650592143034E-1,
2.997273060394E-1));
#10724=CARTESIAN_POINT('',(-6.068965621149E-2,6.699743150338E-1,
2.885947582916E-1));
#10725=CARTESIAN_POINT('',(-6.488013419934E-2,6.751299545830E-1,
2.763294420920E-1));
#10726=CARTESIAN_POINT('',(-6.582180489777E-2,6.785067868192E-1,
2.678574286572E-1));
#10727=CARTESIAN_POINT('',(-6.582180489777E-2,6.801918677390E-1,
2.635077334002E-1));
#10729=CARTESIAN_POINT('',(6.582180489777E-2,6.415875174417E-1,
2.485523284201E-1));
#10730=CARTESIAN_POINT('',(6.582180489777E-2,6.432650261781E-1,
2.442221792215E-1));
#10731=CARTESIAN_POINT('',(6.483424068344E-2,6.464479796363E-1,
2.357493755357E-1));
#10732=CARTESIAN_POINT('',(6.046914244362E-2,6.508273542878E-1,
2.233603976960E-1));
#10733=CARTESIAN_POINT('',(5.341147093005E-2,6.545776504818E-1,
2.120877998825E-1));
#10734=CARTESIAN_POINT('',(4.411768728477E-2,6.576007972129E-1,
2.024876228048E-1));
#10735=CARTESIAN_POINT('',(3.285040168805E-2,6.598955552020E-1,
1.948475383157E-1));
#10736=CARTESIAN_POINT('',(2.033620152136E-2,6.614085166520E-1,
1.896229501877E-1));
#10737=CARTESIAN_POINT('',(6.798419336871E-3,6.621728267654E-1,
1.869229858261E-1));
#10738=CARTESIAN_POINT('',(-6.844355498335E-3,6.621715150460E-1,
1.869276520785E-1));
#10739=CARTESIAN_POINT('',(-2.037841791107E-2,6.614048618420E-1,
1.896357686194E-1));
#10740=CARTESIAN_POINT('',(-3.289245135688E-2,6.598889394250E-1,
1.948700499421E-1));
#10741=CARTESIAN_POINT('',(-4.415345223165E-2,6.575915374760E-1,
2.025178097905E-1));
#10742=CARTESIAN_POINT('',(-5.343678400598E-2,6.545667738727E-1,
2.121213048510E-1));
#10743=CARTESIAN_POINT('',(-6.047923702536E-2,6.508191776454E-1,
2.233839848810E-1));
#10744=CARTESIAN_POINT('',(-6.483616815153E-2,6.464434408362E-1,
2.357615921579E-1));
#10745=CARTESIAN_POINT('',(-6.582180489777E-2,6.432634104227E-1,
2.442263499670E-1));
#10746=CARTESIAN_POINT('',(-6.582180489777E-2,6.415875174417E-1,
2.485523284201E-1));
#10748=CARTESIAN_POINT('',(0.E0,6.608896925903E-1,2.560300309101E-1));
#10749=DIRECTION('',(0.E0,3.612416661872E-1,-9.324722294044E-1));
#10750=DIRECTION('',(0.E0,-9.324722294044E-1,-3.612416661872E-1));
#10751=AXIS2_PLACEMENT_3D('',#10748,#10749,#10750);
#10753=CARTESIAN_POINT('',(0.E0,6.608896925903E-1,2.560300309101E-1));
#10754=DIRECTION('',(0.E0,-3.612416661872E-1,9.324722294044E-1));
#10755=DIRECTION('',(0.E0,-9.324722294044E-1,-3.612416661872E-1));
#10756=AXIS2_PLACEMENT_3D('',#10753,#10754,#10755);
#10758=CARTESIAN_POINT('',(-6.582180489777E-2,6.801918677390E-1,
2.635077334002E-1));
#10759=CARTESIAN_POINT('',(-6.582180489777E-2,6.818761506507E-1,
2.591600980398E-1));
#10760=CARTESIAN_POINT('',(-6.488134254997E-2,6.850872299980E-1,
2.506270560721E-1));
#10761=CARTESIAN_POINT('',(-6.068986213557E-2,6.895420445905E-1,
2.380846754428E-1));
#10762=CARTESIAN_POINT('',(-5.383582322193E-2,6.934093241586E-1,
2.265473693217E-1));
#10763=CARTESIAN_POINT('',(-4.469159790315E-2,6.965734146861E-1,
2.165931808818E-1));
#10764=CARTESIAN_POINT('',(-3.344040605263E-2,6.990132186252E-1,
2.085536091850E-1));
#10765=CARTESIAN_POINT('',(-2.080540164460E-2,7.006415403125E-1,
2.029897344591E-1));
#10766=CARTESIAN_POINT('',(-6.999139880077E-3,7.014738406844E-1,
2.000801430862E-1));
#10767=CARTESIAN_POINT('',(6.946038141632E-3,7.014756395191E-1,
2.000738095865E-1));
#10768=CARTESIAN_POINT('',(2.077255259902E-2,7.006449911213E-1,
2.029777971049E-1));
#10769=CARTESIAN_POINT('',(3.342470663965E-2,6.990162916474E-1,
2.085433834679E-1));
#10770=CARTESIAN_POINT('',(4.468934448274E-2,6.965743056006E-1,
2.165903887377E-1));
#10771=CARTESIAN_POINT('',(5.383515431096E-2,6.934096702106E-1,
2.265463435456E-1));
#10772=CARTESIAN_POINT('',(6.068965621149E-2,6.895420245591E-1,
2.380846775528E-1));
#10773=CARTESIAN_POINT('',(6.488013419934E-2,6.850889980683E-1,
2.506221875013E-1));
#10774=CARTESIAN_POINT('',(6.582180489777E-2,6.818769486588E-1,
2.591580381432E-1));
#10775=CARTESIAN_POINT('',(6.582180489777E-2,6.801918677390E-1,
2.635077334002E-1));
#10777=CARTESIAN_POINT('',(0.E0,6.608896925903E-1,2.560300309101E-1));
#10778=DIRECTION('',(0.E0,-3.612416661872E-1,9.324722294044E-1));
#10779=DIRECTION('',(9.539392014169E-1,2.797416688213E-1,1.083724998561E-1));
#10780=AXIS2_PLACEMENT_3D('',#10777,#10778,#10779);
#10782=CARTESIAN_POINT('',(0.E0,6.608896925903E-1,2.560300309101E-1));
#10783=DIRECTION('',(0.E0,3.612416661872E-1,-9.324722294044E-1));
#10784=DIRECTION('',(-9.539392014169E-1,2.797416688213E-1,1.083724998561E-1));
#10785=AXIS2_PLACEMENT_3D('',#10782,#10783,#10784);
#10787=CARTESIAN_POINT('',(-6.582180489777E-2,5.084750854937E-1,
4.635362876110E-1));
#10788=CARTESIAN_POINT('',(-6.582180489777E-2,5.053466248710E-1,
4.669680454369E-1));
#10789=CARTESIAN_POINT('',(-6.483424068344E-2,4.991808464776E-1,
4.735939621144E-1));
#10790=CARTESIAN_POINT('',(-6.046914244362E-2,4.900427435546E-1,
4.830364601535E-1));
#10791=CARTESIAN_POINT('',(-5.341147093005E-2,4.816235786529E-1,
4.914182168529E-1));
#10792=CARTESIAN_POINT('',(-4.411768728477E-2,4.743773849957E-1,
4.984035939767E-1));
#10793=CARTESIAN_POINT('',(-3.285040168805E-2,4.685611234711E-1,
5.038632557892E-1));
#10794=CARTESIAN_POINT('',(-2.033620152136E-2,4.645586489155E-1,
5.075464026623E-1));
#10795=CARTESIAN_POINT('',(-6.798419336871E-3,4.624824222643E-1,
5.094340626942E-1));
#10796=CARTESIAN_POINT('',(6.844355498335E-3,4.624860146385E-1,
5.094308085635E-1));
#10797=CARTESIAN_POINT('',(2.037841791107E-2,4.645684944160E-1,
5.075374173439E-1));
#10798=CARTESIAN_POINT('',(3.289245135688E-2,4.685783261471E-1,
5.038472992932E-1));
#10799=CARTESIAN_POINT('',(4.415345223165E-2,4.744002798572E-1,
4.983818495028E-1));
#10800=CARTESIAN_POINT('',(5.343678400598E-2,4.816487229489E-1,
4.913935460621E-1));
#10801=CARTESIAN_POINT('',(6.047923702536E-2,4.900602132936E-1,
4.830186270104E-1));
#10802=CARTESIAN_POINT('',(6.483616815153E-2,4.991897592320E-1,
4.735844537301E-1));
#10803=CARTESIAN_POINT('',(6.582180489777E-2,5.053496381651E-1,
4.669647400107E-1));
#10804=CARTESIAN_POINT('',(6.582180489777E-2,5.084750854937E-1,
4.635362876110E-1));
#10806=CARTESIAN_POINT('',(6.582180489777E-2,5.390700546666E-1,
4.914272872580E-1));
#10807=CARTESIAN_POINT('',(6.582180489777E-2,5.359289605835E-1,
4.948729033298E-1));
#10808=CARTESIAN_POINT('',(6.488134254997E-2,5.297217958789E-1,
5.015508477836E-1));
#10809=CARTESIAN_POINT('',(6.068986213557E-2,5.204799988852E-1,
5.111292543958E-1));
#10810=CARTESIAN_POINT('',(5.383582322193E-2,5.118760208004E-1,
5.197337209632E-1));
#10811=CARTESIAN_POINT('',(4.469159790315E-2,5.043757532231E-1,
5.270030622422E-1));
#10812=CARTESIAN_POINT('',(3.344040605263E-2,4.982665379581E-1,
5.327706306358E-1));
#10813=CARTESIAN_POINT('',(2.080540164460E-2,4.940117669773E-1,
5.367082768089E-1));
#10814=CARTESIAN_POINT('',(6.999139880076E-3,4.917781957867E-1,
5.387502380238E-1));
#10815=CARTESIAN_POINT('',(-6.946038141632E-3,4.917733280799E-1,
5.387546713583E-1));
#10816=CARTESIAN_POINT('',(-2.077255259902E-2,4.940026192539E-1,
5.367166867829E-1));
#10817=CARTESIAN_POINT('',(-3.342470663965E-2,4.982587540353E-1,
5.327779394868E-1));
#10818=CARTESIAN_POINT('',(-4.468934448274E-2,5.043736509129E-1,
5.270051043218E-1));
#10819=CARTESIAN_POINT('',(-5.383515431096E-2,5.118752568119E-1,
5.197344879640E-1));
#10820=CARTESIAN_POINT('',(-6.068965621149E-2,5.204799918451E-1,
5.111292355240E-1));
#10821=CARTESIAN_POINT('',(-6.488013419934E-2,5.297182258098E-1,
5.015546006040E-1));
#10822=CARTESIAN_POINT('',(-6.582180489777E-2,5.359274723425E-1,
4.948745358524E-1));
#10823=CARTESIAN_POINT('',(-6.582180489777E-2,5.390700546666E-1,
4.914272872580E-1));
#10825=CARTESIAN_POINT('',(6.582180489777E-2,5.084750854937E-1,
4.635362876110E-1));
#10826=CARTESIAN_POINT('',(6.582180489777E-2,5.116035461163E-1,
4.601045297852E-1));
#10827=CARTESIAN_POINT('',(6.483424068344E-2,5.176322915443E-1,
4.533536910536E-1));
#10828=CARTESIAN_POINT('',(6.046914244362E-2,5.261913517861E-1,
4.433833258634E-1));
#10829=CARTESIAN_POINT('',(5.341147093005E-2,5.337605308555E-1,
4.342267046948E-1));
#10830=CARTESIAN_POINT('',(4.411768728477E-2,5.400475151909E-1,
4.263668927348E-1));
#10831=CARTESIAN_POINT('',(3.285040168805E-2,5.449472301396E-1,
4.200716883179E-1));
#10832=CARTESIAN_POINT('',(2.033620152136E-2,5.482453635964E-1,
4.157464496935E-1));
#10833=CARTESIAN_POINT('',(6.798419336871E-3,5.499334011764E-1,
4.135049085647E-1));
#10834=CARTESIAN_POINT('',(-6.844355498335E-3,5.499304923897E-1,
4.135087858678E-1));
#10835=CARTESIAN_POINT('',(-2.037841791107E-2,5.482373250359E-1,
4.157570822554E-1));
#10836=CARTESIAN_POINT('',(-3.289245135688E-2,5.449329289738E-1,
4.200902898900E-1));
#10837=CARTESIAN_POINT('',(-4.415345223166E-2,5.400279759464E-1,
4.263916962579E-1));
#10838=CARTESIAN_POINT('',(-5.343678400598E-2,5.337382853290E-1,
4.342540180631E-1));
#10839=CARTESIAN_POINT('',(-6.047923702536E-2,5.261752066202E-1,
4.434023665144E-1));
#10840=CARTESIAN_POINT('',(-6.483616815153E-2,5.176236460863E-1,
4.533634431108E-1));
#10841=CARTESIAN_POINT('',(-6.582180489777E-2,5.116005328222E-1,
4.601078352114E-1));
#10842=CARTESIAN_POINT('',(-6.582180489777E-2,5.084750854937E-1,
4.635362876110E-1));
#10844=CARTESIAN_POINT('',(0.E0,5.237725700801E-1,4.774817874345E-1));
#10845=DIRECTION('',(0.E0,6.736956436466E-1,-7.390089172207E-1));
#10846=DIRECTION('',(0.E0,-7.390089172207E-1,-6.736956436466E-1));
#10847=AXIS2_PLACEMENT_3D('',#10844,#10845,#10846);
#10849=CARTESIAN_POINT('',(0.E0,5.237725700801E-1,4.774817874345E-1));
#10850=DIRECTION('',(0.E0,-6.736956436466E-1,7.390089172207E-1));
#10851=DIRECTION('',(0.E0,-7.390089172207E-1,-6.736956436466E-1));
#10852=AXIS2_PLACEMENT_3D('',#10849,#10850,#10851);
#10854=CARTESIAN_POINT('',(-6.582180489777E-2,5.390700546666E-1,
4.914272872580E-1));
#10855=CARTESIAN_POINT('',(-6.582180489777E-2,5.422111487497E-1,
4.879816711862E-1));
#10856=CARTESIAN_POINT('',(-6.488134254997E-2,5.482878813656E-1,
4.811848221726E-1));
#10857=CARTESIAN_POINT('',(-6.068986213557E-2,5.569727027367E-1,
4.710986651912E-1));
#10858=CARTESIAN_POINT('',(-5.383582322193E-2,5.647465892239E-1,
4.617374701458E-1));
#10859=CARTESIAN_POINT('',(-4.469159790315E-2,5.712928833896E-1,
4.535984671935E-1));
#10860=CARTESIAN_POINT('',(-3.344040605263E-2,5.764721610832E-1,
4.469831486901E-1));
#10861=CARTESIAN_POINT('',(-2.080540164460E-2,5.800004292136E-1,
4.423832076597E-1));
#10862=CARTESIAN_POINT('',(-6.999139880077E-3,5.818275918324E-1,
4.399707560786E-1));
#10863=CARTESIAN_POINT('',(6.946038141632E-3,5.818315571198E-1,
4.399655000801E-1));
#10864=CARTESIAN_POINT('',(2.077255259902E-2,5.800079592667E-1,
4.423733229843E-1));
#10865=CARTESIAN_POINT('',(3.342470663965E-2,5.764787205461E-1,
4.469747235965E-1));
#10866=CARTESIAN_POINT('',(4.468934448274E-2,5.712947227814E-1,
4.535961854321E-1));
#10867=CARTESIAN_POINT('',(5.383515431096E-2,5.647472824608E-1,
4.617366386465E-1));
#10868=CARTESIAN_POINT('',(6.068965621149E-2,5.569726832958E-1,
4.710986599224E-1));
#10869=CARTESIAN_POINT('',(6.488013419934E-2,5.482912887727E-1,
4.811809210662E-1));
#10870=CARTESIAN_POINT('',(6.582180489777E-2,5.422126369907E-1,
4.879800386636E-1));
#10871=CARTESIAN_POINT('',(6.582180489777E-2,5.390700546666E-1,
4.914272872580E-1));
#10873=CARTESIAN_POINT('',(0.E0,5.237725700801E-1,4.774817874345E-1));
#10874=DIRECTION('',(0.E0,-6.736956436466E-1,7.390089172207E-1));
#10875=DIRECTION('',(9.539392014169E-1,2.217026751662E-1,2.021086930940E-1));
#10876=AXIS2_PLACEMENT_3D('',#10873,#10874,#10875);
#10878=CARTESIAN_POINT('',(0.E0,5.237725700801E-1,4.774817874345E-1));
#10879=DIRECTION('',(0.E0,6.736956436466E-1,-7.390089172207E-1));
#10880=DIRECTION('',(-9.539392014169E-1,2.217026751662E-1,2.021086930940E-1));
#10881=AXIS2_PLACEMENT_3D('',#10878,#10879,#10880);
#10883=CARTESIAN_POINT('',(-6.582180489777E-2,3.066902756920E-1,
6.159171026169E-1));
#10884=CARTESIAN_POINT('',(-6.582180489777E-2,3.025333791257E-1,
6.179869911596E-1));
#10885=CARTESIAN_POINT('',(-6.483424068344E-2,2.943904048205E-1,
6.219381383956E-1));
#10886=CARTESIAN_POINT('',(-6.046914244362E-2,2.824583538908E-1,
6.274419420675E-1));
#10887=CARTESIAN_POINT('',(-5.341147093005E-2,2.715798766696E-1,
6.322163442663E-1));
#10888=CARTESIAN_POINT('',(-4.411768728477E-2,2.622995930441E-1,
6.361123873759E-1));
#10889=CARTESIAN_POINT('',(-3.285040168805E-2,2.549038333635E-1,
6.391022943939E-1));
#10890=CARTESIAN_POINT('',(-2.033620152136E-2,2.498411308783E-1,
6.410908659926E-1));
#10891=CARTESIAN_POINT('',(-6.798419336871E-3,2.472232057289E-1,
6.421010369760E-1));
#10892=CARTESIAN_POINT('',(6.844355498335E-3,2.472277310458E-1,
6.420993003047E-1));
#10893=CARTESIAN_POINT('',(2.037841791107E-2,2.498535574055E-1,
6.410860440377E-1));
#10894=CARTESIAN_POINT('',(3.289245135688E-2,2.549256385324E-1,
6.390936297279E-1));
#10895=CARTESIAN_POINT('',(4.415345223165E-2,2.623287968767E-1,
6.361003818358E-1));
#10896=CARTESIAN_POINT('',(5.343678400598E-2,2.716122351449E-1,
6.322024226065E-1));
#10897=CARTESIAN_POINT('',(6.047923702536E-2,2.824810860116E-1,
6.274316239544E-1));
#10898=CARTESIAN_POINT('',(6.483616815153E-2,2.944021505411E-1,
6.219324917495E-1));
#10899=CARTESIAN_POINT('',(6.582180489777E-2,3.025373829964E-1,
6.179849974688E-1));
#10900=CARTESIAN_POINT('',(6.582180489777E-2,3.066902756920E-1,
6.159171026169E-1));
#10902=CARTESIAN_POINT('',(6.582180489777E-2,3.251438436212E-1,
6.529768628790E-1));
#10903=CARTESIAN_POINT('',(6.582180489777E-2,3.209701605279E-1,
6.550551101189E-1));
#10904=CARTESIAN_POINT('',(6.488134254997E-2,3.127698000364E-1,
6.590398213514E-1));
#10905=CARTESIAN_POINT('',(6.068986213557E-2,3.006919614259E-1,
6.646328973746E-1));
#10906=CARTESIAN_POINT('',(5.383582322193E-2,2.895606989600E-1,
6.695482081183E-1));
#10907=CARTESIAN_POINT('',(4.469159790315E-2,2.799409187753E-1,
6.736172578306E-1));
#10908=CARTESIAN_POINT('',(3.344040605263E-2,2.721607591809E-1,
6.767884520875E-1));
#10909=CARTESIAN_POINT('',(2.080540164460E-2,2.667708615345E-1,
6.789231972347E-1));
#10910=CARTESIAN_POINT('',(6.999139880076E-3,2.639504769553E-1,
6.800204103827E-1));
#10911=CARTESIAN_POINT('',(-6.946038141632E-3,2.639443364487E-1,
6.800227859254E-1));
#10912=CARTESIAN_POINT('',(-2.077255259902E-2,2.667592935034E-1,
6.789277347631E-1));
#10913=CARTESIAN_POINT('',(-3.342470663965E-2,2.721508606276E-1,
6.767924555108E-1));
#10914=CARTESIAN_POINT('',(-4.468934448274E-2,2.799382207452E-1,
6.736184025711E-1));
#10915=CARTESIAN_POINT('',(-5.383515431096E-2,2.895597094893E-1,
6.695486473408E-1));
#10916=CARTESIAN_POINT('',(-6.068965621149E-2,3.006919616785E-1,
6.646328772340E-1));
#10917=CARTESIAN_POINT('',(-6.488013419934E-2,3.127651153710E-1,
6.590420310945E-1));
#10918=CARTESIAN_POINT('',(-6.582180489777E-2,3.209681830494E-1,
6.550560947862E-1));
#10919=CARTESIAN_POINT('',(-6.582180489777E-2,3.251438436212E-1,
6.529768628790E-1));
#10921=CARTESIAN_POINT('',(6.582180489777E-2,3.066902756920E-1,
6.159171026169E-1));
#10922=CARTESIAN_POINT('',(6.582180489777E-2,3.108471722584E-1,
6.138472140741E-1));
#10923=CARTESIAN_POINT('',(6.483424068344E-2,3.189074941797E-1,
6.097300784752E-1));
#10924=CARTESIAN_POINT('',(6.046914244362E-2,3.304902914988E-1,
6.035248790010E-1));
#10925=CARTESIAN_POINT('',(5.341147093005E-2,3.408560938680E-1,
5.977208869049E-1));
#10926=CARTESIAN_POINT('',(4.411768728477E-2,3.495578237358E-1,
5.926629512204E-1));
#10927=CARTESIAN_POINT('',(3.285040168805E-2,3.564007619900E-1,
5.885628291151E-1));
#10928=CARTESIAN_POINT('',(2.033620152136E-2,3.610386362547E-1,
5.857210874376E-1));
#10929=CARTESIAN_POINT('',(6.798419336871E-3,3.634224224724E-1,
5.842407020919E-1));
#10930=CARTESIAN_POINT('',(-6.844355498335E-3,3.634183094661E-1,
5.842432667944E-1));
#10931=CARTESIAN_POINT('',(-2.037841791107E-2,3.610272995959E-1,
5.857280981433E-1));
#10932=CARTESIAN_POINT('',(-3.289245135688E-2,3.563807068872E-1,
5.885750083876E-1));
#10933=CARTESIAN_POINT('',(-4.415345223165E-2,3.495306438669E-1,
5.926790214276E-1));
#10934=CARTESIAN_POINT('',(-5.343678400598E-2,3.408254838056E-1,
5.977383198512E-1));
#10935=CARTESIAN_POINT('',(-6.047923702536E-2,3.304683583034E-1,
6.035368015727E-1));
#10936=CARTESIAN_POINT('',(-6.483616815153E-2,3.188959096808E-1,
6.097360488981E-1));
#10937=CARTESIAN_POINT('',(-6.582180489777E-2,3.108431683877E-1,
6.138492077649E-1));
#10938=CARTESIAN_POINT('',(-6.582180489777E-2,3.066902756920E-1,
6.159171026169E-1));
#10940=CARTESIAN_POINT('',(0.E0,3.159170596566E-1,6.344469827479E-1));
#10941=DIRECTION('',(0.E0,8.951632913551E-1,-4.457383557765E-1));
#10942=DIRECTION('',(0.E0,-4.457383557765E-1,-8.951632913551E-1));
#10943=AXIS2_PLACEMENT_3D('',#10940,#10941,#10942);
#10945=CARTESIAN_POINT('',(0.E0,3.159170596566E-1,6.344469827479E-1));
#10946=DIRECTION('',(0.E0,-8.951632913551E-1,4.457383557765E-1));
#10947=DIRECTION('',(0.E0,-4.457383557765E-1,-8.951632913551E-1));
#10948=AXIS2_PLACEMENT_3D('',#10945,#10946,#10947);
#10950=CARTESIAN_POINT('',(-6.582180489777E-2,3.251438436212E-1,
6.529768628790E-1));
#10951=CARTESIAN_POINT('',(-6.582180489777E-2,3.293188532555E-1,
6.508979551001E-1));
#10952=CARTESIAN_POINT('',(-6.488090671947E-2,3.374439816303E-1,
6.467534914725E-1));
#10953=CARTESIAN_POINT('',(-6.068349333060E-2,3.491962622959E-1,
6.404799894502E-1));
#10954=CARTESIAN_POINT('',(-5.381868797245E-2,3.598334503172E-1,
6.345550392659E-1));
#10955=CARTESIAN_POINT('',(-4.466927720164E-2,3.688733579101E-1,
6.293325958625E-1));
#10956=CARTESIAN_POINT('',(-3.341770462194E-2,3.760875397220E-1,
6.250378152635E-1));
#10957=CARTESIAN_POINT('',(-2.074819655541E-2,3.810475615214E-1,
6.220178151414E-1));
#10958=CARTESIAN_POINT('',(-6.879493508984E-3,3.836138754780E-1,
6.204337148068E-1));
#10959=CARTESIAN_POINT('',(6.950210558638E-3,3.835905008156E-1,
6.204481355811E-1));
#10960=CARTESIAN_POINT('',(2.060120194170E-2,3.810988584623E-1,
6.219861754183E-1));
#10961=CARTESIAN_POINT('',(3.383136486284E-2,3.759352027752E-1,
6.251319219983E-1));
#10962=CARTESIAN_POINT('',(4.513433773531E-2,3.684225680522E-1,
6.295938347409E-1));
#10963=CARTESIAN_POINT('',(5.329764435020E-2,3.603820049228E-1,
6.342393992518E-1));
#10964=CARTESIAN_POINT('',(6.061247292886E-2,3.495118216838E-1,
6.403140757619E-1));
#10965=CARTESIAN_POINT('',(6.500099091314E-2,3.370110056368E-1,
6.469817342606E-1));
#10966=CARTESIAN_POINT('',(6.582180489777E-2,3.291104426363E-1,
6.510017312576E-1));
#10967=CARTESIAN_POINT('',(6.582180489777E-2,3.251438436212E-1,
6.529768628790E-1));
#10969=CARTESIAN_POINT('',(0.E0,3.159170596566E-1,6.344469827479E-1));
#10970=DIRECTION('',(0.E0,-8.951632913551E-1,4.457383557765E-1));
#10971=DIRECTION('',(9.539392014169E-1,1.337215067330E-1,2.685489874065E-1));
#10972=AXIS2_PLACEMENT_3D('',#10969,#10970,#10971);
#10974=CARTESIAN_POINT('',(0.E0,3.159170596566E-1,6.344469827479E-1));
#10975=DIRECTION('',(0.E0,8.951632913551E-1,-4.457383557765E-1));
#10976=DIRECTION('',(-9.539392014169E-1,1.337215067330E-1,2.685489874065E-1));
#10977=AXIS2_PLACEMENT_3D('',#10974,#10975,#10976);
#10979=CARTESIAN_POINT('',(-6.582180489777E-2,6.348524472873E-2,
6.851148999998E-1));
#10980=CARTESIAN_POINT('',(-6.582180489777E-2,5.886132413408E-2,
6.855433693420E-1));
#10981=CARTESIAN_POINT('',(-6.483424068344E-2,4.984090771891E-2,
6.862861228082E-1));
#10982=CARTESIAN_POINT('',(-6.046914244362E-2,3.672639837823E-2,
6.871079129295E-1));
#10983=CARTESIAN_POINT('',(-5.341147093005E-2,2.485780746591E-2,
6.876301511549E-1));
#10984=CARTESIAN_POINT('',(-4.411768728477E-2,1.479678759972E-2,
6.879106780396E-1));
#10985=CARTESIAN_POINT('',(-3.285040168805E-2,6.820368089300E-3,
6.880270267527E-1));
#10986=CARTESIAN_POINT('',(-2.033620152136E-2,1.381183698434E-3,
6.880524554634E-1));
#10987=CARTESIAN_POINT('',(-6.798419336871E-3,-1.424874651155E-3,
6.880487082095E-1));
#10988=CARTESIAN_POINT('',(6.844355498335E-3,-1.420027560866E-3,
6.880487235448E-1));
#10989=CARTESIAN_POINT('',(2.037841791107E-2,1.394512981039E-3,
6.880524481038E-1));
#10990=CARTESIAN_POINT('',(3.289245135688E-2,6.843830842157E-3,
6.880268241277E-1));
#10991=CARTESIAN_POINT('',(4.415345223165E-2,1.482835626393E-2,
6.879100328480E-1));
#10992=CARTESIAN_POINT('',(5.343678400598E-2,2.489300992911E-2,
6.876288588232E-1));
#10993=CARTESIAN_POINT('',(6.047923702536E-2,3.675132278199E-2,
6.871065033647E-1));
#10994=CARTESIAN_POINT('',(6.483616815153E-2,4.985390008102E-2,
6.862851005112E-1));
#10995=CARTESIAN_POINT('',(6.582180489777E-2,5.886577783655E-2,
6.855429566457E-1));
#10996=CARTESIAN_POINT('',(6.582180489777E-2,6.348524472873E-2,
6.851148999998E-1));
#10998=CARTESIAN_POINT('',(6.582180489777E-2,6.730515481051E-2,
7.263382948984E-1));
#10999=CARTESIAN_POINT('',(6.582180489777E-2,6.266256173597E-2,
7.267684945007E-1));
#11000=CARTESIAN_POINT('',(6.488134254997E-2,5.357650958162E-2,
7.275218151799E-1));
#11001=CARTESIAN_POINT('',(6.068986213557E-2,4.029380838435E-2,
7.283741847050E-1));
#11002=CARTESIAN_POINT('',(5.383582322193E-2,2.813860021382E-2,
7.289364996724E-1));
#11003=CARTESIAN_POINT('',(4.469159790315E-2,1.769851204079E-2,
7.292557101069E-1));
#11004=CARTESIAN_POINT('',(3.344040605263E-2,9.298161781509E-3,
7.294022428704E-1));
#11005=CARTESIAN_POINT('',(2.080540164460E-2,3.501073012988E-3,
7.294457778307E-1));
#11006=CARTESIAN_POINT('',(6.999139880077E-3,4.747836109081E-4,
7.294500581962E-1));
#11007=CARTESIAN_POINT('',(-6.946038141632E-3,4.681996140720E-4,
7.294500551171E-1));
#11008=CARTESIAN_POINT('',(-2.077255259902E-2,3.488647000930E-3,
7.294458300950E-1));
#11009=CARTESIAN_POINT('',(-3.342470663965E-2,9.287485452119E-3,
7.294024001816E-1));
#11010=CARTESIAN_POINT('',(-4.468934448274E-2,1.769558267463E-2,
7.292558029047E-1));
#11011=CARTESIAN_POINT('',(-5.383515431096E-2,2.813751889444E-2,
7.289365517971E-1));
#11012=CARTESIAN_POINT('',(-6.068965621149E-2,4.029381589560E-2,
7.283741660157E-1));
#11013=CARTESIAN_POINT('',(-6.488013419934E-2,5.357134300994E-2,
7.275221834077E-1));
#11014=CARTESIAN_POINT('',(-6.582180489777E-2,6.266036208931E-2,
7.267686983280E-1));
#11015=CARTESIAN_POINT('',(-6.582180489777E-2,6.730515481051E-2,
7.263382948984E-1));
#11017=CARTESIAN_POINT('',(6.582180489777E-2,6.348524472873E-2,
6.851148999998E-1));
#11018=CARTESIAN_POINT('',(6.582180489777E-2,6.810916532337E-2,
6.846864306576E-1));
#11019=CARTESIAN_POINT('',(6.483424068344E-2,7.711247259869E-2,
6.837590401677E-1));
#11020=CARTESIAN_POINT('',(6.046914244362E-2,9.015468603467E-2,
6.821570529828E-1));
#11021=CARTESIAN_POINT('',(5.341147093005E-2,1.019171526547E-1,
6.804895512527E-1));
#11022=CARTESIAN_POINT('',(4.411768728477E-2,1.118584112184E-1,
6.789165940849E-1));
#11023=CARTESIAN_POINT('',(3.285040168805E-2,1.197203960489E-1,
6.775652985011E-1));
#11024=CARTESIAN_POINT('',(2.033620152136E-2,1.250716405026E-1,
6.765908467306E-1));
#11025=CARTESIAN_POINT('',(6.798419336871E-3,1.278292318203E-1,
6.760715514121E-1));
#11026=CARTESIAN_POINT('',(-6.844355498335E-3,1.278244700788E-1,
6.760724571367E-1));
#11027=CARTESIAN_POINT('',(-2.037841791107E-2,1.250585368241E-1,
6.765932887455E-1));
#11028=CARTESIAN_POINT('',(-3.289245135688E-2,1.196972955617E-1,
6.775694105958E-1));
#11029=CARTESIAN_POINT('',(-4.415345223165E-2,1.118272615170E-1,
6.789217606058E-1));
#11030=CARTESIAN_POINT('',(-5.343678400598E-2,1.018823121150E-1,
6.804947493610E-1));
#11031=CARTESIAN_POINT('',(-6.047923702536E-2,9.012992700941E-2,
6.821602472657E-1));
#11032=CARTESIAN_POINT('',(-6.483616815153E-2,7.709951360966E-2,
6.837604226176E-1));
#11033=CARTESIAN_POINT('',(-6.582180489777E-2,6.810471162090E-2,
6.846868433539E-1));
#11034=CARTESIAN_POINT('',(-6.582180489777E-2,6.348524472873E-2,
6.851148999998E-1));
#11036=CARTESIAN_POINT('',(0.E0,6.539519976962E-2,7.057265974491E-1));
#11037=DIRECTION('',(0.E0,9.957341762950E-1,-9.226835946330E-2));
#11038=DIRECTION('',(0.E0,-9.226835946330E-2,-9.957341762950E-1));
#11039=AXIS2_PLACEMENT_3D('',#11036,#11037,#11038);
#11041=CARTESIAN_POINT('',(0.E0,6.539519976962E-2,7.057265974491E-1));
#11042=DIRECTION('',(0.E0,-9.957341762950E-1,9.226835946330E-2));
#11043=DIRECTION('',(0.E0,-9.226835946330E-2,-9.957341762950E-1));
#11044=AXIS2_PLACEMENT_3D('',#11041,#11042,#11043);
#11046=CARTESIAN_POINT('',(-6.582180489777E-2,6.730515481051E-2,
7.263382948984E-1));
#11047=CARTESIAN_POINT('',(-6.582180489777E-2,7.194774788504E-2,
7.259080952961E-1));
#11048=CARTESIAN_POINT('',(-6.488134254997E-2,8.101751504665E-2,
7.249790315570E-1));
#11049=CARTESIAN_POINT('',(-6.068986213557E-2,9.423067550395E-2,
7.233761979308E-1));
#11050=CARTESIAN_POINT('',(-5.383582322193E-2,1.062822432608E-1,
7.216954247771E-1));
#11051=CARTESIAN_POINT('',(-4.469159790315E-2,1.166032238566E-1,
7.200908388795E-1));
#11052=CARTESIAN_POINT('',(-3.344040605263E-2,1.248874675140E-1,
7.186913163346E-1));
#11053=CARTESIAN_POINT('',(-2.080540164460E-2,1.305938493579E-1,
7.176688977635E-1));
#11054=CARTESIAN_POINT('',(-6.999139880076E-3,1.335693969471E-1,
7.171170260293E-1));
#11055=CARTESIAN_POINT('',(6.946038141632E-3,1.335758682731E-1,
7.171158131963E-1));
#11056=CARTESIAN_POINT('',(2.077255259902E-2,1.306060733971E-1,
7.176666658643E-1));
#11057=CARTESIAN_POINT('',(3.342470663965E-2,1.248979909645E-1,
7.186895091969E-1));
#11058=CARTESIAN_POINT('',(4.468934448274E-2,1.166061203963E-1,
7.200903918277E-1));
#11059=CARTESIAN_POINT('',(5.383515431096E-2,1.062833157465E-1,
7.216952773223E-1));
#11060=CARTESIAN_POINT('',(6.068965621149E-2,9.423066468644E-2,
7.233761809399E-1));
#11061=CARTESIAN_POINT('',(6.488013419934E-2,8.102266130931E-2,
7.249784441599E-1));
#11062=CARTESIAN_POINT('',(6.582180489777E-2,7.194994753170E-2,
7.259078914688E-1));
#11063=CARTESIAN_POINT('',(6.582180489777E-2,6.730515481051E-2,
7.263382948984E-1));
#11065=CARTESIAN_POINT('',(0.E0,6.539519976962E-2,7.057265974491E-1));
#11066=DIRECTION('',(0.E0,-9.957341762950E-1,9.226835946330E-2));
#11067=DIRECTION('',(9.539392014169E-1,2.768050783899E-2,2.987202528885E-1));
#11068=AXIS2_PLACEMENT_3D('',#11065,#11066,#11067);
#11070=CARTESIAN_POINT('',(0.E0,6.539519976962E-2,7.057265974491E-1));
#11071=DIRECTION('',(0.E0,9.957341762950E-1,-9.226835946330E-2));
#11072=DIRECTION('',(-9.539392014169E-1,2.768050783899E-2,2.987202528885E-1));
#11073=AXIS2_PLACEMENT_3D('',#11070,#11071,#11072);
#11075=CARTESIAN_POINT('',(-6.582180489777E-2,-1.882938203191E-1,
6.617841337851E-1));
#11076=CARTESIAN_POINT('',(-6.582180489777E-2,-1.933006916935E-1,
6.603595560552E-1));
#11077=CARTESIAN_POINT('',(-6.459400566106E-2,-2.029877261299E-1,
6.574830970827E-1));
#11078=CARTESIAN_POINT('',(-5.907189044017E-2,-2.169755082480E-1,
6.529926416766E-1));
#11079=CARTESIAN_POINT('',(-5.022328413042E-2,-2.291396333106E-1,
6.488092764449E-1));
#11080=CARTESIAN_POINT('',(-3.849699260952E-2,-2.390595897856E-1,
6.452067312064E-1));
#11081=CARTESIAN_POINT('',(-2.393124103200E-2,-2.463156577476E-1,
6.424580876092E-1));
#11082=CARTESIAN_POINT('',(-7.902005535824E-3,-2.499257026759E-1,
6.410540124349E-1));
#11083=CARTESIAN_POINT('',(7.899777703812E-3,-2.499255033796E-1,
6.410540915083E-1));
#11084=CARTESIAN_POINT('',(2.392173335217E-2,-2.463185616369E-1,
6.424569538467E-1));
#11085=CARTESIAN_POINT('',(3.849092458933E-2,-2.390646313355E-1,
6.452048950507E-1));
#11086=CARTESIAN_POINT('',(5.022496893182E-2,-2.291375673217E-1,
6.488099885712E-1));
#11087=CARTESIAN_POINT('',(5.906775448402E-2,-2.169824477751E-1,
6.529903188898E-1));
#11088=CARTESIAN_POINT('',(6.459461443099E-2,-2.029879136499E-1,
6.574830894764E-1));
#11089=CARTESIAN_POINT('',(6.582180489777E-2,-1.933008367502E-1,
6.603595147831E-1));
#11090=CARTESIAN_POINT('',(6.582180489777E-2,-1.882938203191E-1,
6.617841337851E-1));
#11092=CARTESIAN_POINT('',(6.582180489777E-2,-1.996234681081E-1,
7.016037154124E-1));
#11093=CARTESIAN_POINT('',(6.582180489777E-2,-2.041079632436E-1,
7.003277665370E-1));
#11094=CARTESIAN_POINT('',(6.488134254997E-2,-2.128525853698E-1,
6.977479565309E-1));
#11095=CARTESIAN_POINT('',(6.068986213557E-2,-2.255462467552E-1,
6.937445023302E-1));
#11096=CARTESIAN_POINT('',(5.383582322193E-2,-2.370837724126E-1,
6.898778777692E-1));
#11097=CARTESIAN_POINT('',(4.469159790315E-2,-2.469341768157E-1,
6.864041377879E-1));
#11098=CARTESIAN_POINT('',(3.344040605263E-2,-2.548202038894E-1,
6.835062189963E-1));
#11099=CARTESIAN_POINT('',(2.080540164460E-2,-2.602415548190E-1,
6.814526641320E-1));
#11100=CARTESIAN_POINT('',(6.999139880076E-3,-2.630650318910E-1,
6.803634336280E-1));
#11101=CARTESIAN_POINT('',(-6.946038141632E-3,-2.630711701729E-1,
6.803610523428E-1));
#11102=CARTESIAN_POINT('',(-2.077255259902E-2,-2.602531606102E-1,
6.814482240738E-1));
#11103=CARTESIAN_POINT('',(-3.342470663965E-2,-2.548302160974E-1,
6.835025089496E-1));
#11104=CARTESIAN_POINT('',(-4.468934448274E-2,-2.469369418907E-1,
6.864031661102E-1));
#11105=CARTESIAN_POINT('',(-5.383515431096E-2,-2.370847995425E-1,
6.898775357564E-1));
#11106=CARTESIAN_POINT('',(-6.068965621149E-2,-2.255462329998E-1,
6.937444876163E-1));
#11107=CARTESIAN_POINT('',(-6.488013419934E-2,-2.128575360736E-1,
6.977464335121E-1));
#11108=CARTESIAN_POINT('',(-6.582180489777E-2,-2.041100879840E-1,
7.003271619962E-1));
#11109=CARTESIAN_POINT('',(-6.582180489777E-2,-1.996234681081E-1,
7.016037154124E-1));
#11111=CARTESIAN_POINT('',(6.582180489777E-2,-1.882938203191E-1,
6.617841337851E-1));
#11112=CARTESIAN_POINT('',(6.582180489777E-2,-1.838273617945E-1,
6.630549508022E-1));
#11113=CARTESIAN_POINT('',(6.483424068344E-2,-1.750970157017E-1,
6.654425546459E-1));
#11114=CARTESIAN_POINT('',(6.046914244362E-2,-1.623568093428E-1,
6.686601369965E-1));
#11115=CARTESIAN_POINT('',(5.341147093005E-2,-1.507862647670E-1,
6.713543309810E-1));
#11116=CARTESIAN_POINT('',(4.411768728477E-2,-1.409480995629E-1,
6.734787889116E-1));
#11117=CARTESIAN_POINT('',(3.285040168805E-2,-1.331288727723E-1,
6.750588198056E-1));
#11118=CARTESIAN_POINT('',(2.033620152136E-2,-1.277869733452E-1,
6.760832630534E-1));
#11119=CARTESIAN_POINT('',(6.798419336871E-3,-1.250280049153E-1,
6.765951914723E-1));
#11120=CARTESIAN_POINT('',(-6.844355498335E-3,-1.250327722925E-1,
6.765943158959E-1));
#11121=CARTESIAN_POINT('',(-2.037841791107E-2,-1.278000743191E-1,
6.760808065698E-1));
#11122=CARTESIAN_POINT('',(-3.289245135688E-2,-1.331518987950E-1,
6.750543093612E-1));
#11123=CARTESIAN_POINT('',(-4.415345223165E-2,-1.409790121570E-1,
6.734723539787E-1));
#11124=CARTESIAN_POINT('',(-5.343678400598E-2,-1.508206303760E-1,
6.713465922181E-1));
#11125=CARTESIAN_POINT('',(-6.047923702536E-2,-1.623810503544E-1,
6.686541715851E-1));
#11126=CARTESIAN_POINT('',(-6.483616815153E-2,-1.751095989976E-1,
6.654391624152E-1));
#11127=CARTESIAN_POINT('',(-6.582180489777E-2,-1.838316638315E-1,
6.630537267671E-1));
#11128=CARTESIAN_POINT('',(-6.582180489777E-2,-1.882938203191E-1,
6.617841337851E-1));
#11130=CARTESIAN_POINT('',(0.E0,-1.939586442136E-1,6.816939245987E-1));
#11131=DIRECTION('',(0.E0,9.618256431728E-1,2.736629900721E-1));
#11132=DIRECTION('',(0.E0,2.736629900721E-1,-9.618256431728E-1));
#11133=AXIS2_PLACEMENT_3D('',#11130,#11131,#11132);
#11135=CARTESIAN_POINT('',(0.E0,-1.939586442136E-1,6.816939245987E-1));
#11136=DIRECTION('',(0.E0,-9.618256431728E-1,-2.736629900721E-1));
#11137=DIRECTION('',(0.E0,2.736629900721E-1,-9.618256431728E-1));
#11138=AXIS2_PLACEMENT_3D('',#11135,#11136,#11137);
#11140=CARTESIAN_POINT('',(-6.582180489777E-2,-1.996234681081E-1,
7.016037154124E-1));
#11141=CARTESIAN_POINT('',(-6.582180489777E-2,-1.951389729725E-1,
7.028796642878E-1));
#11142=CARTESIAN_POINT('',(-6.488134254997E-2,-1.863460504340E-1,
7.052897159532E-1));
#11143=CARTESIAN_POINT('',(-6.068986213557E-2,-1.734461349552E-1,
7.085682622076E-1));
#11144=CARTESIAN_POINT('',(-5.383582322193E-2,-1.616012174066E-1,
7.113545163344E-1));
#11145=CARTESIAN_POINT('',(-4.469159790315E-2,-1.513975463376E-1,
7.135866527724E-1));
#11146=CARTESIAN_POINT('',(-3.344040605263E-2,-1.431671533295E-1,
7.152742508468E-1));
#11147=CARTESIAN_POINT('',(-2.080540164460E-2,-1.374767705415E-1,
7.163822568076E-1));
#11148=CARTESIAN_POINT('',(-6.999139880077E-3,-1.345027959825E-1,
7.169425435101E-1));
#11149=CARTESIAN_POINT('',(6.946038141632E-3,-1.344963235249E-1,
7.169437502897E-1));
#11150=CARTESIAN_POINT('',(2.077255259902E-2,-1.374645657095E-1,
7.163845914557E-1));
#11151=CARTESIAN_POINT('',(3.342470663965E-2,-1.431566876908E-1,
7.152763672498E-1));
#11152=CARTESIAN_POINT('',(4.468934448274E-2,-1.513946839011E-1,
7.135872822598E-1));
#11153=CARTESIAN_POINT('',(5.383515431096E-2,-1.616001640767E-1,
7.113547662635E-1));
#11154=CARTESIAN_POINT('',(6.068965621149E-2,-1.734461389044E-1,
7.085682424563E-1));
#11155=CARTESIAN_POINT('',(6.488013419934E-2,-1.863410394947E-1,
7.052910272662E-1));
#11156=CARTESIAN_POINT('',(6.582180489777E-2,-1.951368482322E-1,
7.028802688286E-1));
#11157=CARTESIAN_POINT('',(6.582180489777E-2,-1.996234681081E-1,
7.016037154124E-1));
#11159=CARTESIAN_POINT('',(0.E0,-1.939586442136E-1,6.816939245987E-1));
#11160=DIRECTION('',(0.E0,-9.618256431728E-1,-2.736629900721E-1));
#11161=DIRECTION('',(9.539392014169E-1,-8.209889702163E-2,2.885476929518E-1));
#11162=AXIS2_PLACEMENT_3D('',#11159,#11160,#11161);
#11164=CARTESIAN_POINT('',(0.E0,-1.939586442136E-1,6.816939245987E-1));
#11165=DIRECTION('',(0.E0,9.618256431728E-1,2.736629900721E-1));
#11166=DIRECTION('',(-9.539392014169E-1,-8.209889702162E-2,2.885476929518E-1));
#11167=AXIS2_PLACEMENT_3D('',#11164,#11165,#11166);
#11169=CARTESIAN_POINT('',(-6.582180489777E-2,-4.146427615607E-1,
5.490757532302E-1));
#11170=CARTESIAN_POINT('',(-6.582180489777E-2,-4.183485380420E-1,
5.462772807337E-1));
#11171=CARTESIAN_POINT('',(-6.483424068344E-2,-4.255150959843E-1,
5.407491669257E-1));
#11172=CARTESIAN_POINT('',(-6.046914244362E-2,-4.357604717568E-1,
5.325212893420E-1));
#11173=CARTESIAN_POINT('',(-5.341147093005E-2,-4.448832958932E-1,
5.249114100536E-1));
#11174=CARTESIAN_POINT('',(-4.411768728477E-2,-4.525074690308E-1,
5.183406566685E-1));
#11175=CARTESIAN_POINT('',(-3.285040168805E-2,-4.584804977977E-1,
5.130529603289E-1));
#11176=CARTESIAN_POINT('',(-2.033620152136E-2,-4.625172347766E-1,
5.094073975438E-1));
#11177=CARTESIAN_POINT('',(-6.798419336871E-3,-4.645884124105E-1,
5.075141990038E-1));
#11178=CARTESIAN_POINT('',(6.844355498335E-3,-4.645848406989E-1,
5.075174758003E-1));
#11179=CARTESIAN_POINT('',(2.037841791107E-2,-4.625073793597E-1,
5.094163719845E-1));
#11180=CARTESIAN_POINT('',(3.289245135688E-2,-4.584630221065E-1,
5.130686173416E-1));
#11181=CARTESIAN_POINT('',(4.415345223165E-2,-4.524837048437E-1,
5.183614475377E-1));
#11182=CARTESIAN_POINT('',(5.343678400598E-2,-4.448564103208E-1,
5.249341707551E-1));
#11183=CARTESIAN_POINT('',(6.047923702536E-2,-4.357411027825E-1,
5.325370391233E-1));
#11184=CARTESIAN_POINT('',(6.483616815153E-2,-4.255048057958E-1,
5.407571643368E-1));
#11185=CARTESIAN_POINT('',(6.582180489777E-2,-4.183449686845E-1,
5.462799761874E-1));
#11186=CARTESIAN_POINT('',(6.582180489777E-2,-4.146427615607E-1,
5.490757532302E-1));
#11188=CARTESIAN_POINT('',(6.582180489777E-2,-4.395918355068E-1,
5.821136664396E-1));
#11189=CARTESIAN_POINT('',(6.582180489777E-2,-4.433125767859E-1,
5.793038930523E-1));
#11190=CARTESIAN_POINT('',(6.488134254997E-2,-4.505347592102E-1,
5.737393699975E-1));
#11191=CARTESIAN_POINT('',(6.068986213557E-2,-4.609250314755E-1,
5.654207807448E-1));
#11192=CARTESIAN_POINT('',(5.383582322193E-2,-4.702866678482E-1,
5.576474257279E-1));
#11193=CARTESIAN_POINT('',(4.469159790315E-2,-4.782170367837E-1,
5.508498831640E-1));
#11194=CARTESIAN_POINT('',(3.344040605263E-2,-4.845236890175E-1,
5.452988928081E-1));
#11195=CARTESIAN_POINT('',(2.080540164460E-2,-4.888371186245E-1,
5.414255920828E-1));
#11196=CARTESIAN_POINT('',(6.999139880077E-3,-4.910764571423E-1,
5.393899573245E-1));
#11197=CARTESIAN_POINT('',(-6.946038141632E-3,-4.910813207003E-1,
5.393855194390E-1));
#11198=CARTESIAN_POINT('',(-2.077255259902E-2,-4.888463367684E-1,
5.414172593564E-1));
#11199=CARTESIAN_POINT('',(-3.342470663965E-2,-4.845316849E-1,
5.452918164659E-1));
#11200=CARTESIAN_POINT('',(-4.468934448274E-2,-4.782192641289E-1,
5.508479782412E-1));
#11201=CARTESIAN_POINT('',(-5.383515431096E-2,-4.702875020690E-1,
5.576467357684E-1));
#11202=CARTESIAN_POINT('',(-6.068965621149E-2,-4.609250133337E-1,
5.654207719935E-1));
#11203=CARTESIAN_POINT('',(-6.488013419934E-2,-4.505388254262E-1,
5.737361614242E-1));
#11204=CARTESIAN_POINT('',(-6.582180489777E-2,-4.433143396620E-1,
5.793025617901E-1));
#11205=CARTESIAN_POINT('',(-6.582180489777E-2,-4.395918355068E-1,
5.821136664396E-1));
#11207=CARTESIAN_POINT('',(0.E0,-4.271172985338E-1,5.655947098349E-1));
#11208=DIRECTION('',(0.E0,-7.980172272802E-1,-6.026346363793E-1));
#11209=DIRECTION('',(0.E0,6.026346363793E-1,-7.980172272802E-1));
#11210=AXIS2_PLACEMENT_3D('',#11207,#11208,#11209);
#11212=CARTESIAN_POINT('',(6.582180489777E-2,-4.146427615607E-1,
5.490757532302E-1));
#11213=CARTESIAN_POINT('',(6.582180489777E-2,-4.109369850795E-1,
5.518742257267E-1));
#11214=CARTESIAN_POINT('',(6.483424068344E-2,-4.036586817856E-1,
5.572543647747E-1));
#11215=CARTESIAN_POINT('',(6.046914244362E-2,-3.929411179684E-1,
5.648569643351E-1));
#11216=CARTESIAN_POINT('',(5.341147093005E-2,-3.831251615963E-1,
5.715489882076E-1));
#11217=CARTESIAN_POINT('',(4.411768728477E-2,-3.747187884779E-1,
5.770839414209E-1));
#11218=CARTESIAN_POINT('',(3.285040168805E-2,-3.679983496330E-1,
5.813819068654E-1));
#11219=CARTESIAN_POINT('',(2.033620152136E-2,-3.633872483507E-1,
5.842668883942E-1));
#11220=CARTESIAN_POINT('',(6.798419336871E-3,-3.609995167830E-1,
5.857409017808E-1));
#11221=CARTESIAN_POINT('',(-6.844355498335E-3,-3.610036459352E-1,
5.857383631549E-1));
#11222=CARTESIAN_POINT('',(-2.037841791107E-2,-3.633985772608E-1,
5.842598651738E-1));
#11223=CARTESIAN_POINT('',(-3.289245135688E-2,-3.680181913992E-1,
5.813693830424E-1));
#11224=CARTESIAN_POINT('',(-4.415345223165E-2,-3.747452890475E-1,
5.770667741078E-1));
#11225=CARTESIAN_POINT('',(-5.343678400598E-2,-3.831544110088E-1,
5.715293577362E-1));
#11226=CARTESIAN_POINT('',(-6.047923702536E-2,-3.929615670834E-1,
5.648426448912E-1));
#11227=CARTESIAN_POINT('',(-6.483616815153E-2,-4.036691899445E-1,
5.572466560030E-1));
#11228=CARTESIAN_POINT('',(-6.582180489777E-2,-4.109405544370E-1,
5.518715302730E-1));
#11229=CARTESIAN_POINT('',(-6.582180489777E-2,-4.146427615607E-1,
5.490757532302E-1));
#11231=CARTESIAN_POINT('',(0.E0,-4.271172985338E-1,5.655947098349E-1));
#11232=DIRECTION('',(0.E0,7.980172272802E-1,6.026346363793E-1));
#11233=DIRECTION('',(0.E0,6.026346363793E-1,-7.980172272802E-1));
#11234=AXIS2_PLACEMENT_3D('',#11231,#11232,#11233);
#11236=CARTESIAN_POINT('',(0.E0,-4.271172985338E-1,5.655947098349E-1));
#11237=DIRECTION('',(0.E0,-7.980172272802E-1,-6.026346363793E-1));
#11238=DIRECTION('',(9.539392014169E-1,-1.807903909138E-1,2.394051681841E-1));
#11239=AXIS2_PLACEMENT_3D('',#11236,#11237,#11238);
#11241=CARTESIAN_POINT('',(0.E0,-4.271172985338E-1,5.655947098349E-1));
#11242=DIRECTION('',(0.E0,7.980172272802E-1,6.026346363793E-1));
#11243=DIRECTION('',(-9.539392014169E-1,-1.807903909138E-1,2.394051681841E-1));
#11244=AXIS2_PLACEMENT_3D('',#11241,#11242,#11243);
#11246=CARTESIAN_POINT('',(-6.582180489777E-2,-4.395918355068E-1,
5.821136664396E-1));
#11247=CARTESIAN_POINT('',(-6.582180489777E-2,-4.358710942278E-1,
5.849234398268E-1));
#11248=CARTESIAN_POINT('',(-6.488134254997E-2,-4.285425492245E-1,
5.903471160646E-1));
#11249=CARTESIAN_POINT('',(-6.068986213557E-2,-4.176980837904E-1,
5.980642563609E-1));
#11250=CARTESIAN_POINT('',(-5.383582322193E-2,-4.076595382E-1,
6.049412387094E-1));
#11251=CARTESIAN_POINT('',(-4.469159790315E-2,-3.989512389762E-1,
6.107086350882E-1));
#11252=CARTESIAN_POINT('',(-3.344040605263E-2,-3.918862567993E-1,
6.152554343106E-1));
#11253=CARTESIAN_POINT('',(-2.080540164460E-2,-3.869803907942E-1,
6.183442224586E-1));
#11254=CARTESIAN_POINT('',(-6.999139880077E-3,-3.844096410090E-1,
6.199409977742E-1));
#11255=CARTESIAN_POINT('',(6.946038141632E-3,-3.844040415611E-1,
6.199444611839E-1));
#11256=CARTESIAN_POINT('',(2.077255259902E-2,-3.869698534995E-1,
6.183508083471E-1));
#11257=CARTESIAN_POINT('',(3.342470663965E-2,-3.918772624148E-1,
6.152611884224E-1));
#11258=CARTESIAN_POINT('',(4.468934448274E-2,-3.989487972307E-1,
6.107102560991E-1));
#11259=CARTESIAN_POINT('',(5.383515431096E-2,-4.076586462839E-1,
6.049418522680E-1));
#11260=CARTESIAN_POINT('',(6.068965621149E-2,-4.176980803380E-1,
5.980642365168E-1));
#11261=CARTESIAN_POINT('',(6.488013419934E-2,-4.285383503637E-1,
5.903501489877E-1));
#11262=CARTESIAN_POINT('',(6.582180489777E-2,-4.358693313517E-1,
5.849247710890E-1));
#11263=CARTESIAN_POINT('',(6.582180489777E-2,-4.395918355068E-1,
5.821136664396E-1));
#11265=CARTESIAN_POINT('',(-6.582180489777E-2,-5.849919002388E-1,
3.622116496678E-1));
#11266=CARTESIAN_POINT('',(-6.582180489777E-2,-5.874365090285E-1,
3.582634709094E-1));
#11267=CARTESIAN_POINT('',(-6.483424068344E-2,-5.921221402472E-1,
3.505197989706E-1));
#11268=CARTESIAN_POINT('',(-6.046914244362E-2,-5.987034164274E-1,
3.391464750021E-1));
#11269=CARTESIAN_POINT('',(-5.341147093005E-2,-6.044611911147E-1,
3.287549297052E-1));
#11270=CARTESIAN_POINT('',(-4.411768728477E-2,-6.091968909368E-1,
3.198737156398E-1));
#11271=CARTESIAN_POINT('',(-3.285040168805E-2,-6.128564381513E-1,
3.127853787816E-1));
#11272=CARTESIAN_POINT('',(-2.033620152136E-2,-6.153036541068E-1,
3.079277551317E-1));
#11273=CARTESIAN_POINT('',(-6.798419336871E-3,-6.165510675376E-1,
3.054142044090E-1));
#11274=CARTESIAN_POINT('',(6.844355498335E-3,-6.165489207311E-1,
3.054185501818E-1));
#11275=CARTESIAN_POINT('',(2.037841791107E-2,-6.152977061462E-1,
3.079396837357E-1));
#11276=CARTESIAN_POINT('',(3.289245135688E-2,-6.128457985200E-1,
3.128062914590E-1));
#11277=CARTESIAN_POINT('',(4.415345223165E-2,-6.091822420204E-1,
3.199016871625E-1));
#11278=CARTESIAN_POINT('',(5.343678400598E-2,-6.044443431788E-1,
3.287858656162E-1));
#11279=CARTESIAN_POINT('',(6.047923702536E-2,-5.986910448740E-1,
3.391681581163E-1));
#11280=CARTESIAN_POINT('',(6.483616815153E-2,-5.921154339304E-1,
3.505309735792E-1));
#11281=CARTESIAN_POINT('',(6.582180489777E-2,-5.874341544119E-1,
3.582672737458E-1));
#11282=CARTESIAN_POINT('',(6.582180489777E-2,-5.849919002388E-1,
3.622116496678E-1));
#11284=CARTESIAN_POINT('',(6.582180489777E-2,-6.201908896580E-1,
3.840059412109E-1));
#11285=CARTESIAN_POINT('',(6.582180489777E-2,-6.230498070942E-1,
3.793886310135E-1));
#11286=CARTESIAN_POINT('',(6.455971312450E-2,-6.284859955334E-1,
3.703830345165E-1));
#11287=CARTESIAN_POINT('',(5.894964747460E-2,-6.360582928187E-1,
3.572065211569E-1));
#11288=CARTESIAN_POINT('',(4.998285106951E-2,-6.424396286587E-1,
3.455673856157E-1));
#11289=CARTESIAN_POINT('',(3.820331805269E-2,-6.474673936734E-1,
3.360247808379E-1));
#11290=CARTESIAN_POINT('',(2.367013741116E-2,-6.510452911166E-1,
3.290114644317E-1));
#11291=CARTESIAN_POINT('',(7.799316892122E-3,-6.527856231669E-1,
3.255280603233E-1));
#11292=CARTESIAN_POINT('',(-7.798002765742E-3,-6.527859402646E-1,
3.255274205640E-1));
#11293=CARTESIAN_POINT('',(-2.367737612554E-2,-6.510443034131E-1,
3.290134565611E-1));
#11294=CARTESIAN_POINT('',(-3.820771555201E-2,-6.474654226649E-1,
3.360285176219E-1));
#11295=CARTESIAN_POINT('',(-4.997970481630E-2,-6.424413934568E-1,
3.455641179941E-1));
#11296=CARTESIAN_POINT('',(-5.895163270224E-2,-6.360566127564E-1,
3.572095274772E-1));
#11297=CARTESIAN_POINT('',(-6.455853725229E-2,-6.284874925947E-1,
3.703804286788E-1));
#11298=CARTESIAN_POINT('',(-6.582180489777E-2,-6.230504281099E-1,
3.793876280386E-1));
#11299=CARTESIAN_POINT('',(-6.582180489777E-2,-6.201908896580E-1,
3.840059412109E-1));
#11301=CARTESIAN_POINT('',(0.E0,-6.025913949484E-1,3.731087954393E-1));
#11302=DIRECTION('',(0.E0,-5.264321628774E-1,-8.502171357296E-1));
#11303=DIRECTION('',(0.E0,8.502171357296E-1,-5.264321628774E-1));
#11304=AXIS2_PLACEMENT_3D('',#11301,#11302,#11303);
#11306=CARTESIAN_POINT('',(6.582180489777E-2,-5.849919002388E-1,
3.622116496678E-1));
#11307=CARTESIAN_POINT('',(6.582180489777E-2,-5.827191535406E-1,
3.658822616178E-1));
#11308=CARTESIAN_POINT('',(6.499202027492E-2,-5.781269419747E-1,
3.731508624946E-1));
#11309=CARTESIAN_POINT('',(6.068863177767E-2,-5.706852901050E-1,
3.844323934594E-1));
#11310=CARTESIAN_POINT('',(5.361243155203E-2,-5.639110740583E-1,
3.942764959686E-1));
#11311=CARTESIAN_POINT('',(4.523406829584E-2,-5.585517681605E-1,
4.018149830351E-1));
#11312=CARTESIAN_POINT('',(3.526890292097E-2,-5.540234010197E-1,
4.080294942201E-1));
#11313=CARTESIAN_POINT('',(2.214686801172E-2,-5.502119296204E-1,
4.131438292904E-1));
#11314=CARTESIAN_POINT('',(7.429861049113E-3,-5.482065617926E-1,
4.157915061204E-1));
#11315=CARTESIAN_POINT('',(-7.362019034205E-3,-5.482017369349E-1,
4.157978325646E-1));
#11316=CARTESIAN_POINT('',(-2.209934593656E-2,-5.502004032060E-1,
4.131591881853E-1));
#11317=CARTESIAN_POINT('',(-3.525978984944E-2,-5.540187077150E-1,
4.080359228653E-1));
#11318=CARTESIAN_POINT('',(-4.523738717263E-2,-5.585527779533E-1,
4.018137053350E-1));
#11319=CARTESIAN_POINT('',(-5.361958612489E-2,-5.639178211238E-1,
3.942667017322E-1));
#11320=CARTESIAN_POINT('',(-6.067586878272E-2,-5.706723027262E-1,
3.844513491192E-1));
#11321=CARTESIAN_POINT('',(-6.498709889176E-2,-5.781112477199E-1,
3.731753059447E-1));
#11322=CARTESIAN_POINT('',(-6.582180489777E-2,-5.827123305252E-1,
3.658932811660E-1));
#11323=CARTESIAN_POINT('',(-6.582180489777E-2,-5.849919002388E-1,
3.622116496678E-1));
#11325=CARTESIAN_POINT('',(0.E0,-6.025913949484E-1,3.731087954393E-1));
#11326=DIRECTION('',(0.E0,5.264321628774E-1,8.502171357296E-1));
#11327=DIRECTION('',(0.E0,8.502171357296E-1,-5.264321628774E-1));
#11328=AXIS2_PLACEMENT_3D('',#11325,#11326,#11327);
#11330=CARTESIAN_POINT('',(0.E0,-6.025913949484E-1,3.731087954393E-1));
#11331=DIRECTION('',(0.E0,-5.264321628774E-1,-8.502171357296E-1));
#11332=DIRECTION('',(9.539392014169E-1,-2.550651407189E-1,1.579296488632E-1));
#11333=AXIS2_PLACEMENT_3D('',#11330,#11331,#11332);
#11335=CARTESIAN_POINT('',(0.E0,-6.025913949484E-1,3.731087954393E-1));
#11336=DIRECTION('',(0.E0,5.264321628774E-1,8.502171357296E-1));
#11337=DIRECTION('',(-9.539392014169E-1,-2.550651407189E-1,1.579296488632E-1));
#11338=AXIS2_PLACEMENT_3D('',#11335,#11336,#11337);
#11340=CARTESIAN_POINT('',(-6.582180489777E-2,-6.201908896580E-1,
3.840059412109E-1));
#11341=CARTESIAN_POINT('',(-6.582180489777E-2,-6.177364089624E-1,
3.879700636445E-1));
#11342=CARTESIAN_POINT('',(-6.488134254997E-2,-6.128620021060E-1,
3.956748669252E-1));
#11343=CARTESIAN_POINT('',(-6.068986213557E-2,-6.055375918648E-1,
4.067883587043E-1));
#11344=CARTESIAN_POINT('',(-5.383582322193E-2,-5.986611794400E-1,
4.168272947015E-1));
#11345=CARTESIAN_POINT('',(-4.469159790315E-2,-5.926243561259E-1,
4.253510321820E-1));
#11346=CARTESIAN_POINT('',(-3.344040605263E-2,-5.876789497716E-1,
4.321429621227E-1));
#11347=CARTESIAN_POINT('',(-2.080540164460E-2,-5.842201649378E-1,
4.367953745030E-1));
#11348=CARTESIAN_POINT('',(-6.999139880077E-3,-5.823998339299E-1,
4.392129850772E-1));
#11349=CARTESIAN_POINT('',(6.946038141632E-3,-5.823958637281E-1,
4.392182373645E-1));
#11350=CARTESIAN_POINT('',(2.077255259902E-2,-5.842127183004E-1,
4.368053221710E-1));
#11351=CARTESIAN_POINT('',(3.342470663965E-2,-5.876726413828E-1,
4.321515768187E-1));
#11352=CARTESIAN_POINT('',(4.468934448274E-2,-5.926226648427E-1,
4.253534257898E-1));
#11353=CARTESIAN_POINT('',(5.383515431096E-2,-5.986605693959E-1,
4.168281890251E-1));
#11354=CARTESIAN_POINT('',(6.068965621149E-2,-6.055375814769E-1,
4.067883414473E-1));
#11355=CARTESIAN_POINT('',(6.488013419934E-2,-6.128591824030E-1,
3.956792118453E-1));
#11356=CARTESIAN_POINT('',(6.582180489777E-2,-6.177352460369E-1,
3.879719418338E-1));
#11357=CARTESIAN_POINT('',(6.582180489777E-2,-6.201908896580E-1,
3.840059412109E-1));
#11359=CARTESIAN_POINT('',(-6.582180489777E-2,-6.763346412375E-1,
1.264288557337E-1));
#11360=CARTESIAN_POINT('',(-6.582180489777E-2,-6.771879243726E-1,
1.218641941324E-1));
#11361=CARTESIAN_POINT('',(-6.483424068344E-2,-6.787598084077E-1,
1.129507898672E-1));
#11362=CARTESIAN_POINT('',(-6.046914244362E-2,-6.807881471793E-1,
9.996804993768E-2));
#11363=CARTESIAN_POINT('',(-5.341147093005E-2,-6.824032530411E-1,
8.819827440613E-2));
#11364=CARTESIAN_POINT('',(-4.411768728477E-2,-6.836108970452E-1,
7.820605683243E-2));
#11365=CARTESIAN_POINT('',(-3.285040168805E-2,-6.844627205778E-1,
7.027439862631E-2));
#11366=CARTESIAN_POINT('',(-2.033620152136E-2,-6.849899054347E-1,
6.486076310258E-2));
#11367=CARTESIAN_POINT('',(-6.798419336871E-3,-6.852450845664E-1,
6.206632915025E-2));
#11368=CARTESIAN_POINT('',(6.844355498335E-3,-6.852446526031E-1,
6.207115697866E-2));
#11369=CARTESIAN_POINT('',(2.037841791107E-2,-6.849886682354E-1,
6.487403484575E-2));
#11370=CARTESIAN_POINT('',(3.289245135688E-2,-6.844603539475E-1,
7.029774259533E-2));
#11371=CARTESIAN_POINT('',(4.415345223165E-2,-6.836073418170E-1,
7.823743129950E-2));
#11372=CARTESIAN_POINT('',(5.343678400598E-2,-6.823987181488E-1,
8.823320746051E-2));
#11373=CARTESIAN_POINT('',(6.047923702536E-2,-6.807844438937E-1,
9.999273796011E-2));
#11374=CARTESIAN_POINT('',(6.483616815153E-2,-6.787575916878E-1,
1.129636324805E-1));
#11375=CARTESIAN_POINT('',(6.582180489777E-2,-6.771871025010E-1,
1.218685907574E-1));
#11376=CARTESIAN_POINT('',(6.582180489777E-2,-6.763346412375E-1,
1.264288557337E-1));
#11378=CARTESIAN_POINT('',(6.582180489777E-2,-7.170297275644E-1,
1.340360857713E-1));
#11379=CARTESIAN_POINT('',(6.582180489777E-2,-7.178864564577E-1,
1.294529909919E-1));
#11380=CARTESIAN_POINT('',(6.488134254997E-2,-7.194749187300E-1,
1.204752059974E-1));
#11381=CARTESIAN_POINT('',(6.068986213557E-2,-7.215492252456E-1,
1.073278131995E-1));
#11382=CARTESIAN_POINT('',(5.383582322193E-2,-7.232306825934E-1,
9.527634088370E-2));
#11383=CARTESIAN_POINT('',(4.469159790315E-2,-7.245118211408E-1,
8.491024130939E-2));
#11384=CARTESIAN_POINT('',(3.344040605263E-2,-7.254328153587E-1,
7.655924580107E-2));
#11385=CARTESIAN_POINT('',(2.080540164460E-2,-7.260110524768E-1,
7.079090329060E-2));
#11386=CARTESIAN_POINT('',(6.999139880077E-3,-7.262945453415E-1,
6.777791844790E-2));
#11387=CARTESIAN_POINT('',(-6.946038141632E-3,-7.262951497701E-1,
6.777136225313E-2));
#11388=CARTESIAN_POINT('',(-2.077255259902E-2,-7.260122510460E-1,
7.077853510807E-2));
#11389=CARTESIAN_POINT('',(-3.342470663965E-2,-7.254339570862E-1,
7.654862952987E-2));
#11390=CARTESIAN_POINT('',(-4.468934448274E-2,-7.245121838306E-1,
8.490733300170E-2));
#11391=CARTESIAN_POINT('',(-5.383515431096E-2,-7.232308342673E-1,
9.527526898650E-2));
#11392=CARTESIAN_POINT('',(-6.068965621149E-2,-7.215492059430E-1,
1.073278189543E-1));
#11393=CARTESIAN_POINT('',(-6.488013419934E-2,-7.194757620980E-1,
1.204700954412E-1));
#11394=CARTESIAN_POINT('',(-6.582180489777E-2,-7.178868623733E-1,
1.294508195354E-1));
#11395=CARTESIAN_POINT('',(-6.582180489777E-2,-7.170297275644E-1,
1.340360857713E-1));
#11397=CARTESIAN_POINT('',(0.E0,-6.966821844010E-1,1.302324707525E-1));
#11398=DIRECTION('',(0.E0,-1.837495178166E-1,-9.829730996839E-1));
#11399=DIRECTION('',(0.E0,9.829730996839E-1,-1.837495178166E-1));
#11400=AXIS2_PLACEMENT_3D('',#11397,#11398,#11399);
#11402=CARTESIAN_POINT('',(6.582180489777E-2,-6.763346412375E-1,
1.264288557337E-1));
#11403=CARTESIAN_POINT('',(6.582180489777E-2,-6.754813581024E-1,
1.309935173350E-1));
#11404=CARTESIAN_POINT('',(6.483424068344E-2,-6.737272033048E-1,
1.398728492896E-1));
#11405=CARTESIAN_POINT('',(6.046914244362E-2,-6.709286662773E-1,
1.527116142129E-1));
#11406=CARTESIAN_POINT('',(5.341147093005E-2,-6.681829743173E-1,
1.642700465750E-1));
#11407=CARTESIAN_POINT('',(4.411768728477E-2,-6.656994634889E-1,
1.740237633048E-1));
#11408=CARTESIAN_POINT('',(3.285040168805E-2,-6.636285198514E-1,
1.817275284674E-1));
#11409=CARTESIAN_POINT('',(2.033620152136E-2,-6.621644743735E-1,
1.869660343895E-1));
#11410=CARTESIAN_POINT('',(6.798419336871E-3,-6.613929558503E-1,
1.896639477816E-1));
#11411=CARTESIAN_POINT('',(-6.844355498335E-3,-6.613942970694E-1,
1.896592899226E-1));
#11412=CARTESIAN_POINT('',(-2.037841791107E-2,-6.621681150261E-1,
1.869532119296E-1));
#11413=CARTESIAN_POINT('',(-3.289245135688E-2,-6.636347458486E-1,
1.817049059391E-1));
#11414=CARTESIAN_POINT('',(-4.415345223165E-2,-6.657074821021E-1,
1.739932231890E-1));
#11415=CARTESIAN_POINT('',(-5.343678400598E-2,-6.681913649309E-1,
1.642358342798E-1));
#11416=CARTESIAN_POINT('',(-6.047923702536E-2,-6.709341314086E-1,
1.526872555365E-1));
#11417=CARTESIAN_POINT('',(-6.483616815153E-2,-6.737297755621E-1,
1.398600731377E-1));
#11418=CARTESIAN_POINT('',(-6.582180489777E-2,-6.754821799740E-1,
1.309891207100E-1));
#11419=CARTESIAN_POINT('',(-6.582180489777E-2,-6.763346412375E-1,
1.264288557337E-1));
#11421=CARTESIAN_POINT('',(0.E0,-6.966821844010E-1,1.302324707525E-1));
#11422=DIRECTION('',(0.E0,1.837495178166E-1,9.829730996839E-1));
#11423=DIRECTION('',(0.E0,9.829730996839E-1,-1.837495178166E-1));
#11424=AXIS2_PLACEMENT_3D('',#11421,#11422,#11423);
#11426=CARTESIAN_POINT('',(0.E0,-6.966821844010E-1,1.302324707525E-1));
#11427=DIRECTION('',(0.E0,-1.837495178166E-1,-9.829730996839E-1));
#11428=DIRECTION('',(9.539392014169E-1,-2.948919299052E-1,5.512485534497E-2));
#11429=AXIS2_PLACEMENT_3D('',#11426,#11427,#11428);
#11431=CARTESIAN_POINT('',(0.E0,-6.966821844010E-1,1.302324707525E-1));
#11432=DIRECTION('',(0.E0,1.837495178166E-1,9.829730996839E-1));
#11433=DIRECTION('',(-9.539392014169E-1,-2.948919299052E-1,5.512485534497E-2));
#11434=AXIS2_PLACEMENT_3D('',#11431,#11432,#11433);
#11436=CARTESIAN_POINT('',(-6.582180489777E-2,-7.170297275644E-1,
1.340360857713E-1));
#11437=CARTESIAN_POINT('',(-6.582180489777E-2,-7.161729986711E-1,
1.386191805507E-1));
#11438=CARTESIAN_POINT('',(-6.488134254997E-2,-7.144110456174E-1,
1.475645344975E-1));
#11439=CARTESIAN_POINT('',(-6.068986213557E-2,-7.115958927582E-1,
1.605734391125E-1));
#11440=CARTESIAN_POINT('',(-5.383582322193E-2,-7.088103111005E-1,
1.724185148244E-1));
#11441=CARTESIAN_POINT('',(-4.469159790315E-2,-7.062602701359E-1,
1.825474154282E-1));
#11442=CARTESIAN_POINT('',(-3.344040605263E-2,-7.041023441358E-1,
1.906671883134E-1));
#11443=CARTESIAN_POINT('',(-2.080540164460E-2,-7.025577685309E-1,
1.962548908541E-1));
#11444=CARTESIAN_POINT('',(-6.999139880077E-3,-7.017337020896E-1,
1.991668249823E-1));
#11445=CARTESIAN_POINT('',(6.946038141632E-3,-7.017318973318E-1,
1.991731567966E-1));
#11446=CARTESIAN_POINT('',(2.077255259902E-2,-7.025544182605E-1,
1.962668568139E-1));
#11447=CARTESIAN_POINT('',(3.342470663965E-2,-7.040995737255E-1,
1.906775001310E-1));
#11448=CARTESIAN_POINT('',(4.468934448274E-2,-7.062595577322E-1,
1.825502583630E-1));
#11449=CARTESIAN_POINT('',(5.383515431096E-2,-7.088100653183E-1,
1.724195691297E-1));
#11450=CARTESIAN_POINT('',(6.068965621149E-2,-7.115958768379E-1,
1.605734267734E-1));
#11451=CARTESIAN_POINT('',(6.488013419934E-2,-7.144099858889E-1,
1.475696046090E-1));
#11452=CARTESIAN_POINT('',(6.582180489777E-2,-7.161725927556E-1,
1.386213520072E-1));
#11453=CARTESIAN_POINT('',(6.582180489777E-2,-7.170297275644E-1,
1.340360857713E-1));
#11455=CARTESIAN_POINT('',(-6.582180489777E-2,-6.763346412375E-1,
-1.264288557337E-1));
#11456=CARTESIAN_POINT('',(-6.582180489777E-2,-6.754813581024E-1,
-1.309935173350E-1));
#11457=CARTESIAN_POINT('',(-6.483424068344E-2,-6.737272033048E-1,
-1.398728492896E-1));
#11458=CARTESIAN_POINT('',(-6.046914244362E-2,-6.709286662773E-1,
-1.527116142129E-1));
#11459=CARTESIAN_POINT('',(-5.341147093005E-2,-6.681829743173E-1,
-1.642700465750E-1));
#11460=CARTESIAN_POINT('',(-4.411768728477E-2,-6.656994634889E-1,
-1.740237633048E-1));
#11461=CARTESIAN_POINT('',(-3.285040168805E-2,-6.636285198514E-1,
-1.817275284674E-1));
#11462=CARTESIAN_POINT('',(-2.033620152136E-2,-6.621644743735E-1,
-1.869660343895E-1));
#11463=CARTESIAN_POINT('',(-6.798419336871E-3,-6.613929558503E-1,
-1.896639477816E-1));
#11464=CARTESIAN_POINT('',(6.844355498335E-3,-6.613942970694E-1,
-1.896592899226E-1));
#11465=CARTESIAN_POINT('',(2.037841791107E-2,-6.621681150261E-1,
-1.869532119296E-1));
#11466=CARTESIAN_POINT('',(3.289245135688E-2,-6.636347458486E-1,
-1.817049059391E-1));
#11467=CARTESIAN_POINT('',(4.415345223165E-2,-6.657074821021E-1,
-1.739932231890E-1));
#11468=CARTESIAN_POINT('',(5.343678400598E-2,-6.681913649309E-1,
-1.642358342798E-1));
#11469=CARTESIAN_POINT('',(6.047923702536E-2,-6.709341314086E-1,
-1.526872555365E-1));
#11470=CARTESIAN_POINT('',(6.483616815153E-2,-6.737297755621E-1,
-1.398600731377E-1));
#11471=CARTESIAN_POINT('',(6.582180489777E-2,-6.754821799740E-1,
-1.309891207100E-1));
#11472=CARTESIAN_POINT('',(6.582180489777E-2,-6.763346412375E-1,
-1.264288557337E-1));
#11474=CARTESIAN_POINT('',(6.582180489777E-2,-7.170297275644E-1,
-1.340360857713E-1));
#11475=CARTESIAN_POINT('',(6.582180489777E-2,-7.161729986711E-1,
-1.386191805507E-1));
#11476=CARTESIAN_POINT('',(6.488134254997E-2,-7.144110456174E-1,
-1.475645344975E-1));
#11477=CARTESIAN_POINT('',(6.068986213557E-2,-7.115958927582E-1,
-1.605734391125E-1));
#11478=CARTESIAN_POINT('',(5.383582322193E-2,-7.088103111005E-1,
-1.724185148244E-1));
#11479=CARTESIAN_POINT('',(4.469159790315E-2,-7.062602701359E-1,
-1.825474154282E-1));
#11480=CARTESIAN_POINT('',(3.344040605263E-2,-7.041023441358E-1,
-1.906671883134E-1));
#11481=CARTESIAN_POINT('',(2.080540164460E-2,-7.025577685309E-1,
-1.962548908541E-1));
#11482=CARTESIAN_POINT('',(6.999139880077E-3,-7.017337020896E-1,
-1.991668249823E-1));
#11483=CARTESIAN_POINT('',(-6.946038141632E-3,-7.017318973318E-1,
-1.991731567966E-1));
#11484=CARTESIAN_POINT('',(-2.077255259902E-2,-7.025544182605E-1,
-1.962668568139E-1));
#11485=CARTESIAN_POINT('',(-3.342470663965E-2,-7.040995737255E-1,
-1.906775001310E-1));
#11486=CARTESIAN_POINT('',(-4.468934448274E-2,-7.062595577322E-1,
-1.825502583630E-1));
#11487=CARTESIAN_POINT('',(-5.383515431096E-2,-7.088100653183E-1,
-1.724195691297E-1));
#11488=CARTESIAN_POINT('',(-6.068965621149E-2,-7.115958768379E-1,
-1.605734267734E-1));
#11489=CARTESIAN_POINT('',(-6.488013419934E-2,-7.144099858889E-1,
-1.475696046090E-1));
#11490=CARTESIAN_POINT('',(-6.582180489777E-2,-7.161725927556E-1,
-1.386213520072E-1));
#11491=CARTESIAN_POINT('',(-6.582180489777E-2,-7.170297275644E-1,
-1.340360857713E-1));
#11493=CARTESIAN_POINT('',(6.582180489777E-2,-6.763346412375E-1,
-1.264288557337E-1));
#11494=CARTESIAN_POINT('',(6.582180489777E-2,-6.771879243726E-1,
-1.218641941324E-1));
#11495=CARTESIAN_POINT('',(6.483424068344E-2,-6.787598084077E-1,
-1.129507898672E-1));
#11496=CARTESIAN_POINT('',(6.046914244362E-2,-6.807881471793E-1,
-9.996804993768E-2));
#11497=CARTESIAN_POINT('',(5.341147093005E-2,-6.824032530411E-1,
-8.819827440613E-2));
#11498=CARTESIAN_POINT('',(4.411768728477E-2,-6.836108970452E-1,
-7.820605683243E-2));
#11499=CARTESIAN_POINT('',(3.285040168805E-2,-6.844627205778E-1,
-7.027439862631E-2));
#11500=CARTESIAN_POINT('',(2.033620152136E-2,-6.849899054347E-1,
-6.486076310258E-2));
#11501=CARTESIAN_POINT('',(6.798419336871E-3,-6.852450845664E-1,
-6.206632915025E-2));
#11502=CARTESIAN_POINT('',(-6.844355498335E-3,-6.852446526031E-1,
-6.207115697866E-2));
#11503=CARTESIAN_POINT('',(-2.037841791107E-2,-6.849886682354E-1,
-6.487403484575E-2));
#11504=CARTESIAN_POINT('',(-3.289245135688E-2,-6.844603539475E-1,
-7.029774259533E-2));
#11505=CARTESIAN_POINT('',(-4.415345223166E-2,-6.836073418170E-1,
-7.823743129950E-2));
#11506=CARTESIAN_POINT('',(-5.343678400598E-2,-6.823987181488E-1,
-8.823320746051E-2));
#11507=CARTESIAN_POINT('',(-6.047923702536E-2,-6.807844438937E-1,
-9.999273796011E-2));
#11508=CARTESIAN_POINT('',(-6.483616815153E-2,-6.787575916878E-1,
-1.129636324806E-1));
#11509=CARTESIAN_POINT('',(-6.582180489777E-2,-6.771871025010E-1,
-1.218685907574E-1));
#11510=CARTESIAN_POINT('',(-6.582180489777E-2,-6.763346412375E-1,
-1.264288557337E-1));
#11512=CARTESIAN_POINT('',(0.E0,-6.966821844010E-1,-1.302324707525E-1));
#11513=DIRECTION('',(0.E0,-1.837495178166E-1,9.829730996839E-1));
#11514=DIRECTION('',(0.E0,9.829730996839E-1,1.837495178166E-1));
#11515=AXIS2_PLACEMENT_3D('',#11512,#11513,#11514);
#11517=CARTESIAN_POINT('',(0.E0,-6.966821844010E-1,-1.302324707525E-1));
#11518=DIRECTION('',(0.E0,1.837495178166E-1,-9.829730996839E-1));
#11519=DIRECTION('',(0.E0,9.829730996839E-1,1.837495178166E-1));
#11520=AXIS2_PLACEMENT_3D('',#11517,#11518,#11519);
#11522=CARTESIAN_POINT('',(-6.582180489777E-2,-7.170297275644E-1,
-1.340360857713E-1));
#11523=CARTESIAN_POINT('',(-6.582180489777E-2,-7.178864564577E-1,
-1.294529909919E-1));
#11524=CARTESIAN_POINT('',(-6.488134254997E-2,-7.194749187300E-1,
-1.204752059974E-1));
#11525=CARTESIAN_POINT('',(-6.068986213557E-2,-7.215492252456E-1,
-1.073278131995E-1));
#11526=CARTESIAN_POINT('',(-5.383582322193E-2,-7.232306825934E-1,
-9.527634088370E-2));
#11527=CARTESIAN_POINT('',(-4.469159790315E-2,-7.245118211408E-1,
-8.491024130939E-2));
#11528=CARTESIAN_POINT('',(-3.344040605263E-2,-7.254328153587E-1,
-7.655924580107E-2));
#11529=CARTESIAN_POINT('',(-2.080540164460E-2,-7.260110524768E-1,
-7.079090329060E-2));
#11530=CARTESIAN_POINT('',(-6.999139880077E-3,-7.262945453415E-1,
-6.777791844790E-2));
#11531=CARTESIAN_POINT('',(6.946038141632E-3,-7.262951497701E-1,
-6.777136225313E-2));
#11532=CARTESIAN_POINT('',(2.077255259902E-2,-7.260122510460E-1,
-7.077853510807E-2));
#11533=CARTESIAN_POINT('',(3.342470663965E-2,-7.254339570862E-1,
-7.654862952987E-2));
#11534=CARTESIAN_POINT('',(4.468934448274E-2,-7.245121838306E-1,
-8.490733300170E-2));
#11535=CARTESIAN_POINT('',(5.383515431096E-2,-7.232308342673E-1,
-9.527526898650E-2));
#11536=CARTESIAN_POINT('',(6.068965621149E-2,-7.215492059430E-1,
-1.073278189543E-1));
#11537=CARTESIAN_POINT('',(6.488013419934E-2,-7.194757620980E-1,
-1.204700954412E-1));
#11538=CARTESIAN_POINT('',(6.582180489777E-2,-7.178868623733E-1,
-1.294508195354E-1));
#11539=CARTESIAN_POINT('',(6.582180489777E-2,-7.170297275644E-1,
-1.340360857713E-1));
#11541=CARTESIAN_POINT('',(0.E0,-6.966821844010E-1,-1.302324707525E-1));
#11542=DIRECTION('',(0.E0,1.837495178166E-1,-9.829730996839E-1));
#11543=DIRECTION('',(9.539392014169E-1,-2.948919299052E-1,-5.512485534497E-2));
#11544=AXIS2_PLACEMENT_3D('',#11541,#11542,#11543);
#11546=CARTESIAN_POINT('',(0.E0,-6.966821844010E-1,-1.302324707525E-1));
#11547=DIRECTION('',(0.E0,-1.837495178166E-1,9.829730996839E-1));
#11548=DIRECTION('',(-9.539392014169E-1,-2.948919299052E-1,-5.512485534497E-2));
#11549=AXIS2_PLACEMENT_3D('',#11546,#11547,#11548);
#11551=CARTESIAN_POINT('',(-6.582180489777E-2,-5.849919002388E-1,
-3.622116496678E-1));
#11552=CARTESIAN_POINT('',(-6.582180489777E-2,-5.822501873083E-1,
-3.666396680890E-1));
#11553=CARTESIAN_POINT('',(-6.460945453192E-2,-5.768036993469E-1,
-3.752188461807E-1));
#11554=CARTESIAN_POINT('',(-5.882631465242E-2,-5.683706279536E-1,
-3.878616713310E-1));
#11555=CARTESIAN_POINT('',(-4.959518694402E-2,-5.609297995938E-1,
-3.985153685477E-1));
#11556=CARTESIAN_POINT('',(-3.799285219065E-2,-5.549702850554E-1,
-4.067516118126E-1));
#11557=CARTESIAN_POINT('',(-2.366000878971E-2,-5.504771295041E-1,
-4.127933174874E-1));
#11558=CARTESIAN_POINT('',(-7.837953622778E-3,-5.481890521727E-1,
-4.158146684389E-1));
#11559=CARTESIAN_POINT('',(7.859271217513E-3,-5.481907947171E-1,
-4.158123845375E-1));
#11560=CARTESIAN_POINT('',(2.367197381478E-2,-5.504804007084E-1,
-4.127889433086E-1));
#11561=CARTESIAN_POINT('',(3.799658753835E-2,-5.549718612022E-1,
-4.067494761840E-1));
#11562=CARTESIAN_POINT('',(4.959899625652E-2,-5.609326441367E-1,
-3.985113161739E-1));
#11563=CARTESIAN_POINT('',(5.882218691825E-2,-5.683672015424E-1,
-3.878665859225E-1));
#11564=CARTESIAN_POINT('',(6.460798037929E-2,-5.767996057293E-1,
-3.752251797394E-1));
#11565=CARTESIAN_POINT('',(6.582180489777E-2,-5.822483813385E-1,
-3.666425848303E-1));
#11566=CARTESIAN_POINT('',(6.582180489777E-2,-5.849919002388E-1,
-3.622116496678E-1));
#11568=CARTESIAN_POINT('',(6.582180489777E-2,-6.201908896580E-1,
-3.840059412109E-1));
#11569=CARTESIAN_POINT('',(6.582180489777E-2,-6.177364089624E-1,
-3.879700636445E-1));
#11570=CARTESIAN_POINT('',(6.488134254997E-2,-6.128620021060E-1,
-3.956748669253E-1));
#11571=CARTESIAN_POINT('',(6.068986213557E-2,-6.055375918648E-1,
-4.067883587043E-1));
#11572=CARTESIAN_POINT('',(5.383582322193E-2,-5.986611794400E-1,
-4.168272947015E-1));
#11573=CARTESIAN_POINT('',(4.469159790315E-2,-5.926243561259E-1,
-4.253510321820E-1));
#11574=CARTESIAN_POINT('',(3.344040605263E-2,-5.876789497716E-1,
-4.321429621227E-1));
#11575=CARTESIAN_POINT('',(2.080540164460E-2,-5.842201649378E-1,
-4.367953745030E-1));
#11576=CARTESIAN_POINT('',(6.999139880077E-3,-5.823998339299E-1,
-4.392129850772E-1));
#11577=CARTESIAN_POINT('',(-6.946038141632E-3,-5.823958637281E-1,
-4.392182373645E-1));
#11578=CARTESIAN_POINT('',(-2.077255259902E-2,-5.842127183004E-1,
-4.368053221710E-1));
#11579=CARTESIAN_POINT('',(-3.342470663965E-2,-5.876726413828E-1,
-4.321515768187E-1));
#11580=CARTESIAN_POINT('',(-4.468934448274E-2,-5.926226648427E-1,
-4.253534257898E-1));
#11581=CARTESIAN_POINT('',(-5.383515431096E-2,-5.986605693959E-1,
-4.168281890251E-1));
#11582=CARTESIAN_POINT('',(-6.068965621149E-2,-6.055375814769E-1,
-4.067883414473E-1));
#11583=CARTESIAN_POINT('',(-6.488013419934E-2,-6.128591824030E-1,
-3.956792118453E-1));
#11584=CARTESIAN_POINT('',(-6.582180489777E-2,-6.177352460369E-1,
-3.879719418338E-1));
#11585=CARTESIAN_POINT('',(-6.582180489777E-2,-6.201908896580E-1,
-3.840059412109E-1));
#11587=CARTESIAN_POINT('',(6.582180489777E-2,-5.849919002388E-1,
-3.622116496678E-1));
#11588=CARTESIAN_POINT('',(6.582180489777E-2,-5.874365090285E-1,
-3.582634709094E-1));
#11589=CARTESIAN_POINT('',(6.483424068344E-2,-5.921221402472E-1,
-3.505197989706E-1));
#11590=CARTESIAN_POINT('',(6.046914244362E-2,-5.987034164274E-1,
-3.391464750021E-1));
#11591=CARTESIAN_POINT('',(5.341147093005E-2,-6.044611911147E-1,
-3.287549297052E-1));
#11592=CARTESIAN_POINT('',(4.411768728477E-2,-6.091968909368E-1,
-3.198737156398E-1));
#11593=CARTESIAN_POINT('',(3.285040168805E-2,-6.128564381513E-1,
-3.127853787816E-1));
#11594=CARTESIAN_POINT('',(2.033620152136E-2,-6.153036541068E-1,
-3.079277551317E-1));
#11595=CARTESIAN_POINT('',(6.798419336871E-3,-6.165510675376E-1,
-3.054142044090E-1));
#11596=CARTESIAN_POINT('',(-6.844355498335E-3,-6.165489207311E-1,
-3.054185501818E-1));
#11597=CARTESIAN_POINT('',(-2.037841791107E-2,-6.152977061462E-1,
-3.079396837357E-1));
#11598=CARTESIAN_POINT('',(-3.289245135688E-2,-6.128457985200E-1,
-3.128062914590E-1));
#11599=CARTESIAN_POINT('',(-4.415345223165E-2,-6.091822420204E-1,
-3.199016871625E-1));
#11600=CARTESIAN_POINT('',(-5.343678400598E-2,-6.044443431788E-1,
-3.287858656162E-1));
#11601=CARTESIAN_POINT('',(-6.047923702536E-2,-5.986910448740E-1,
-3.391681581163E-1));
#11602=CARTESIAN_POINT('',(-6.483616815153E-2,-5.921154339304E-1,
-3.505309735792E-1));
#11603=CARTESIAN_POINT('',(-6.582180489777E-2,-5.874341544119E-1,
-3.582672737458E-1));
#11604=CARTESIAN_POINT('',(-6.582180489777E-2,-5.849919002388E-1,
-3.622116496678E-1));
#11606=CARTESIAN_POINT('',(0.E0,-6.025913949484E-1,-3.731087954393E-1));
#11607=DIRECTION('',(0.E0,-5.264321628774E-1,8.502171357296E-1));
#11608=DIRECTION('',(0.E0,8.502171357296E-1,5.264321628774E-1));
#11609=AXIS2_PLACEMENT_3D('',#11606,#11607,#11608);
#11611=CARTESIAN_POINT('',(0.E0,-6.025913949484E-1,-3.731087954393E-1));
#11612=DIRECTION('',(0.E0,5.264321628774E-1,-8.502171357296E-1));
#11613=DIRECTION('',(0.E0,8.502171357296E-1,5.264321628774E-1));
#11614=AXIS2_PLACEMENT_3D('',#11611,#11612,#11613);
#11616=CARTESIAN_POINT('',(-6.582180489777E-2,-6.201908896580E-1,
-3.840059412109E-1));
#11617=CARTESIAN_POINT('',(-6.582180489777E-2,-6.230479747925E-1,
-3.793915902823E-1));
#11618=CARTESIAN_POINT('',(-6.455902409636E-2,-6.284818733504E-1,
-3.703896521110E-1));
#11619=CARTESIAN_POINT('',(-5.896823255556E-2,-6.360413568467E-1,
-3.572367852822E-1));
#11620=CARTESIAN_POINT('',(-4.998267443355E-2,-6.424412418611E-1,
-3.455646735261E-1));
#11621=CARTESIAN_POINT('',(-3.820894746877E-2,-6.474649577656E-1,
-3.360293498740E-1));
#11622=CARTESIAN_POINT('',(-2.367345509121E-2,-6.510450111807E-1,
-3.290120794120E-1));
#11623=CARTESIAN_POINT('',(-7.801149887578E-3,-6.527855519627E-1,
-3.255281919630E-1));
#11624=CARTESIAN_POINT('',(7.798393834473E-3,-6.527859458691E-1,
-3.255273977989E-1));
#11625=CARTESIAN_POINT('',(2.367928611407E-2,-6.510442627485E-1,
-3.290135949601E-1));
#11626=CARTESIAN_POINT('',(3.821209446438E-2,-6.474634083403E-1,
-3.360322737749E-1));
#11627=CARTESIAN_POINT('',(4.997868587112E-2,-6.424434573573E-1,
-3.455605626385E-1));
#11628=CARTESIAN_POINT('',(5.896954124432E-2,-6.360403637709E-1,
-3.572385725864E-1));
#11629=CARTESIAN_POINT('',(6.455783922762E-2,-6.284835714917E-1,
-3.703867181292E-1));
#11630=CARTESIAN_POINT('',(6.582180489777E-2,-6.230486667668E-1,
-3.793904727054E-1));
#11631=CARTESIAN_POINT('',(6.582180489777E-2,-6.201908896580E-1,
-3.840059412109E-1));
#11633=CARTESIAN_POINT('',(0.E0,-6.025913949484E-1,-3.731087954393E-1));
#11634=DIRECTION('',(0.E0,5.264321628774E-1,-8.502171357296E-1));
#11635=DIRECTION('',(9.539392014169E-1,-2.550651407189E-1,-1.579296488632E-1));
#11636=AXIS2_PLACEMENT_3D('',#11633,#11634,#11635);
#11638=CARTESIAN_POINT('',(0.E0,-6.025913949484E-1,-3.731087954393E-1));
#11639=DIRECTION('',(0.E0,-5.264321628774E-1,8.502171357296E-1));
#11640=DIRECTION('',(-9.539392014169E-1,-2.550651407189E-1,-1.579296488632E-1));
#11641=AXIS2_PLACEMENT_3D('',#11638,#11639,#11640);
#11643=CARTESIAN_POINT('',(-6.582180489777E-2,6.415875174417E-1,
-2.485523284201E-1));
#11644=CARTESIAN_POINT('',(-6.582180489777E-2,6.432650261781E-1,
-2.442221792215E-1));
#11645=CARTESIAN_POINT('',(-6.483424068344E-2,6.464479796363E-1,
-2.357493755357E-1));
#11646=CARTESIAN_POINT('',(-6.046914244362E-2,6.508273542878E-1,
-2.233603976960E-1));
#11647=CARTESIAN_POINT('',(-5.341147093005E-2,6.545776504818E-1,
-2.120877998825E-1));
#11648=CARTESIAN_POINT('',(-4.411768728477E-2,6.576007972129E-1,
-2.024876228048E-1));
#11649=CARTESIAN_POINT('',(-3.285040168805E-2,6.598955552020E-1,
-1.948475383157E-1));
#11650=CARTESIAN_POINT('',(-2.033620152136E-2,6.614085166520E-1,
-1.896229501877E-1));
#11651=CARTESIAN_POINT('',(-6.798419336871E-3,6.621728267654E-1,
-1.869229858261E-1));
#11652=CARTESIAN_POINT('',(6.844355498335E-3,6.621715150460E-1,
-1.869276520785E-1));
#11653=CARTESIAN_POINT('',(2.037841791107E-2,6.614048618420E-1,
-1.896357686194E-1));
#11654=CARTESIAN_POINT('',(3.289245135688E-2,6.598889394250E-1,
-1.948700499421E-1));
#11655=CARTESIAN_POINT('',(4.415345223165E-2,6.575915374760E-1,
-2.025178097905E-1));
#11656=CARTESIAN_POINT('',(5.343678400598E-2,6.545667738727E-1,
-2.121213048510E-1));
#11657=CARTESIAN_POINT('',(6.047923702536E-2,6.508191776454E-1,
-2.233839848810E-1));
#11658=CARTESIAN_POINT('',(6.483616815153E-2,6.464434408362E-1,
-2.357615921579E-1));
#11659=CARTESIAN_POINT('',(6.582180489777E-2,6.432634104227E-1,
-2.442263499670E-1));
#11660=CARTESIAN_POINT('',(6.582180489777E-2,6.415875174417E-1,
-2.485523284201E-1));
#11662=CARTESIAN_POINT('',(6.582180489777E-2,6.801918677390E-1,
-2.635077334002E-1));
#11663=CARTESIAN_POINT('',(6.582180489777E-2,6.818761506507E-1,
-2.591600980398E-1));
#11664=CARTESIAN_POINT('',(6.488134254997E-2,6.850872299980E-1,
-2.506270560721E-1));
#11665=CARTESIAN_POINT('',(6.068986213557E-2,6.895420445905E-1,
-2.380846754428E-1));
#11666=CARTESIAN_POINT('',(5.383582322193E-2,6.934093241586E-1,
-2.265473693217E-1));
#11667=CARTESIAN_POINT('',(4.469159790315E-2,6.965734146861E-1,
-2.165931808818E-1));
#11668=CARTESIAN_POINT('',(3.344040605263E-2,6.990132186252E-1,
-2.085536091850E-1));
#11669=CARTESIAN_POINT('',(2.080540164460E-2,7.006415403125E-1,
-2.029897344591E-1));
#11670=CARTESIAN_POINT('',(6.999139880076E-3,7.014738406844E-1,
-2.000801430862E-1));
#11671=CARTESIAN_POINT('',(-6.946038141633E-3,7.014756395191E-1,
-2.000738095865E-1));
#11672=CARTESIAN_POINT('',(-2.077255259902E-2,7.006449911213E-1,
-2.029777971049E-1));
#11673=CARTESIAN_POINT('',(-3.342470663965E-2,6.990162916474E-1,
-2.085433834679E-1));
#11674=CARTESIAN_POINT('',(-4.468934448274E-2,6.965743056006E-1,
-2.165903887377E-1));
#11675=CARTESIAN_POINT('',(-5.383515431096E-2,6.934096702106E-1,
-2.265463435456E-1));
#11676=CARTESIAN_POINT('',(-6.068965621149E-2,6.895420245591E-1,
-2.380846775528E-1));
#11677=CARTESIAN_POINT('',(-6.488013419934E-2,6.850889980683E-1,
-2.506221875013E-1));
#11678=CARTESIAN_POINT('',(-6.582180489777E-2,6.818769486588E-1,
-2.591580381432E-1));
#11679=CARTESIAN_POINT('',(-6.582180489777E-2,6.801918677390E-1,
-2.635077334002E-1));
#11681=CARTESIAN_POINT('',(6.582180489777E-2,6.415875174417E-1,
-2.485523284201E-1));
#11682=CARTESIAN_POINT('',(6.582180489777E-2,6.399100087052E-1,
-2.528824776186E-1));
#11683=CARTESIAN_POINT('',(6.483424068344E-2,6.365541487613E-1,
-2.612882969750E-1));
#11684=CARTESIAN_POINT('',(6.046914244362E-2,6.314441452808E-1,
-2.733942276984E-1));
#11685=CARTESIAN_POINT('',(5.341147093005E-2,6.266213475708E-1,
-2.842513362111E-1));
#11686=CARTESIAN_POINT('',(4.411768728477E-2,6.223878824877E-1,
-2.933826334613E-1));
#11687=CARTESIAN_POINT('',(3.285040168805E-2,6.189366374671E-1,
-3.005746924875E-1));
#11688=CARTESIAN_POINT('',(2.033620152136E-2,6.165349472084E-1,
-3.054549852408E-1));
#11689=CARTESIAN_POINT('',(6.798419336871E-3,6.152808249692E-1,
-3.079651953740E-1));
#11690=CARTESIAN_POINT('',(-6.844355498335E-3,6.152829992308E-1,
-3.079608632722E-1));
#11691=CARTESIAN_POINT('',(-2.037841791107E-2,6.165408819928E-1,
-3.054430500759E-1));
#11692=CARTESIAN_POINT('',(-3.289245135688E-2,6.189469143335E-1,
-3.005535991747E-1));
#11693=CARTESIAN_POINT('',(-4.415345223165E-2,6.224013763003E-1,
-2.933540867652E-1));
#11694=CARTESIAN_POINT('',(-5.343678400598E-2,6.266358818111E-1,
-2.842192482165E-1));
#11695=CARTESIAN_POINT('',(-6.047923702536E-2,6.314539932529E-1,
-2.733712879900E-1));
#11696=CARTESIAN_POINT('',(-6.483616815153E-2,6.365590248327E-1,
-2.612762110124E-1));
#11697=CARTESIAN_POINT('',(-6.582180489777E-2,6.399116244606E-1,
-2.528783068731E-1));
#11698=CARTESIAN_POINT('',(-6.582180489777E-2,6.415875174417E-1,
-2.485523284201E-1));
#11700=CARTESIAN_POINT('',(0.E0,6.608896925903E-1,-2.560300309101E-1));
#11701=DIRECTION('',(0.E0,-3.612416661872E-1,-9.324722294044E-1));
#11702=DIRECTION('',(0.E0,-9.324722294044E-1,3.612416661872E-1));
#11703=AXIS2_PLACEMENT_3D('',#11700,#11701,#11702);
#11705=CARTESIAN_POINT('',(0.E0,6.608896925903E-1,-2.560300309101E-1));
#11706=DIRECTION('',(0.E0,3.612416661872E-1,9.324722294044E-1));
#11707=DIRECTION('',(0.E0,-9.324722294044E-1,3.612416661872E-1));
#11708=AXIS2_PLACEMENT_3D('',#11705,#11706,#11707);
#11710=CARTESIAN_POINT('',(-6.582180489777E-2,6.801918677390E-1,
-2.635077334002E-1));
#11711=CARTESIAN_POINT('',(-6.582180489777E-2,6.785075848274E-1,
-2.678553687606E-1));
#11712=CARTESIAN_POINT('',(-6.488134254997E-2,6.751319278982E-1,
-2.763246530335E-1));
#11713=CARTESIAN_POINT('',(-6.068986213557E-2,6.699743284158E-1,
-2.885947733459E-1));
#11714=CARTESIAN_POINT('',(-5.383582322193E-2,6.650596496288E-1,
-2.997263148480E-1));
#11715=CARTESIAN_POINT('',(-4.469159790315E-2,6.606918473555E-1,
-3.092141828732E-1));
#11716=CARTESIAN_POINT('',(-3.344040605263E-2,6.570786597939E-1,
-3.167991833329E-1));
#11717=CARTESIAN_POINT('',(-2.080540164460E-2,6.545336458762E-1,
-3.220079295968E-1));
#11718=CARTESIAN_POINT('',(-6.999139880076E-3,6.531885442401E-1,
-3.247188607017E-1));
#11719=CARTESIAN_POINT('',(6.946038141633E-3,6.531856067439E-1,
-3.247247530814E-1));
#11720=CARTESIAN_POINT('',(2.077255259902E-2,6.545281539112E-1,
-3.220190762029E-1));
#11721=CARTESIAN_POINT('',(3.342470663965E-2,6.570740417636E-1,
-3.168088105107E-1));
#11722=CARTESIAN_POINT('',(4.468934448274E-2,6.606906246939E-1,
-3.092168464978E-1));
#11723=CARTESIAN_POINT('',(5.383515431096E-2,6.650592143034E-1,
-2.997273060394E-1));
#11724=CARTESIAN_POINT('',(6.068965621149E-2,6.699743150338E-1,
-2.885947582916E-1));
#11725=CARTESIAN_POINT('',(6.488013419934E-2,6.751299545830E-1,
-2.763294420920E-1));
#11726=CARTESIAN_POINT('',(6.582180489777E-2,6.785067868192E-1,
-2.678574286572E-1));
#11727=CARTESIAN_POINT('',(6.582180489777E-2,6.801918677390E-1,
-2.635077334002E-1));
#11729=CARTESIAN_POINT('',(0.E0,6.608896925903E-1,-2.560300309101E-1));
#11730=DIRECTION('',(0.E0,3.612416661872E-1,9.324722294044E-1));
#11731=DIRECTION('',(9.539392014169E-1,2.797416688213E-1,-1.083724998561E-1));
#11732=AXIS2_PLACEMENT_3D('',#11729,#11730,#11731);
#11734=CARTESIAN_POINT('',(0.E0,6.608896925903E-1,-2.560300309101E-1));
#11735=DIRECTION('',(0.E0,-3.612416661872E-1,-9.324722294044E-1));
#11736=DIRECTION('',(-9.539392014169E-1,2.797416688213E-1,-1.083724998561E-1));
#11737=AXIS2_PLACEMENT_3D('',#11734,#11735,#11736);
#11739=CARTESIAN_POINT('',(-6.582180489777E-2,6.348524472873E-2,
-6.851148999998E-1));
#11740=CARTESIAN_POINT('',(-6.582180489777E-2,6.810916532337E-2,
-6.846864306576E-1));
#11741=CARTESIAN_POINT('',(-6.483424068344E-2,7.711247259869E-2,
-6.837590401677E-1));
#11742=CARTESIAN_POINT('',(-6.046914244362E-2,9.015468603467E-2,
-6.821570529828E-1));
#11743=CARTESIAN_POINT('',(-5.341147093005E-2,1.019171526547E-1,
-6.804895512527E-1));
#11744=CARTESIAN_POINT('',(-4.411768728477E-2,1.118584112184E-1,
-6.789165940849E-1));
#11745=CARTESIAN_POINT('',(-3.285040168805E-2,1.197203960489E-1,
-6.775652985011E-1));
#11746=CARTESIAN_POINT('',(-2.033620152136E-2,1.250716405026E-1,
-6.765908467306E-1));
#11747=CARTESIAN_POINT('',(-6.798419336872E-3,1.278292318203E-1,
-6.760715514121E-1));
#11748=CARTESIAN_POINT('',(6.844355498334E-3,1.278244700788E-1,
-6.760724571367E-1));
#11749=CARTESIAN_POINT('',(2.037841791107E-2,1.250585368241E-1,
-6.765932887455E-1));
#11750=CARTESIAN_POINT('',(3.289245135688E-2,1.196972955617E-1,
-6.775694105958E-1));
#11751=CARTESIAN_POINT('',(4.415345223166E-2,1.118272615170E-1,
-6.789217606058E-1));
#11752=CARTESIAN_POINT('',(5.343678400597E-2,1.018823121150E-1,
-6.804947493610E-1));
#11753=CARTESIAN_POINT('',(6.047923702536E-2,9.012992700941E-2,
-6.821602472657E-1));
#11754=CARTESIAN_POINT('',(6.483616815153E-2,7.709951360966E-2,
-6.837604226176E-1));
#11755=CARTESIAN_POINT('',(6.582180489777E-2,6.810471162090E-2,
-6.846868433539E-1));
#11756=CARTESIAN_POINT('',(6.582180489777E-2,6.348524472873E-2,
-6.851148999998E-1));
#11758=CARTESIAN_POINT('',(6.582180489777E-2,6.730515481051E-2,
-7.263382948984E-1));
#11759=CARTESIAN_POINT('',(6.582180489777E-2,7.194774788504E-2,
-7.259080952961E-1));
#11760=CARTESIAN_POINT('',(6.488134254997E-2,8.101751504665E-2,
-7.249790315570E-1));
#11761=CARTESIAN_POINT('',(6.068986213557E-2,9.423067550395E-2,
-7.233761979308E-1));
#11762=CARTESIAN_POINT('',(5.383582322193E-2,1.062822432608E-1,
-7.216954247771E-1));
#11763=CARTESIAN_POINT('',(4.469159790315E-2,1.166032238566E-1,
-7.200908388795E-1));
#11764=CARTESIAN_POINT('',(3.344040605263E-2,1.248874675140E-1,
-7.186913163346E-1));
#11765=CARTESIAN_POINT('',(2.080540164460E-2,1.305938493579E-1,
-7.176688977635E-1));
#11766=CARTESIAN_POINT('',(6.999139880077E-3,1.335693969471E-1,
-7.171170260293E-1));
#11767=CARTESIAN_POINT('',(-6.946038141632E-3,1.335758682731E-1,
-7.171158131963E-1));
#11768=CARTESIAN_POINT('',(-2.077255259902E-2,1.306060733971E-1,
-7.176666658643E-1));
#11769=CARTESIAN_POINT('',(-3.342470663965E-2,1.248979909645E-1,
-7.186895091969E-1));
#11770=CARTESIAN_POINT('',(-4.468934448274E-2,1.166061203963E-1,
-7.200903918277E-1));
#11771=CARTESIAN_POINT('',(-5.383515431096E-2,1.062833157465E-1,
-7.216952773223E-1));
#11772=CARTESIAN_POINT('',(-6.068965621149E-2,9.423066468644E-2,
-7.233761809399E-1));
#11773=CARTESIAN_POINT('',(-6.488013419934E-2,8.102266130931E-2,
-7.249784441599E-1));
#11774=CARTESIAN_POINT('',(-6.582180489777E-2,7.194994753170E-2,
-7.259078914688E-1));
#11775=CARTESIAN_POINT('',(-6.582180489777E-2,6.730515481051E-2,
-7.263382948984E-1));
#11777=CARTESIAN_POINT('',(0.E0,6.539519976962E-2,-7.057265974491E-1));
#11778=DIRECTION('',(0.E0,9.957341762950E-1,9.226835946330E-2));
#11779=DIRECTION('',(0.E0,-9.226835946330E-2,9.957341762950E-1));
#11780=AXIS2_PLACEMENT_3D('',#11777,#11778,#11779);
#11782=CARTESIAN_POINT('',(6.582180489777E-2,6.348524472873E-2,
-6.851148999998E-1));
#11783=CARTESIAN_POINT('',(6.582180489777E-2,5.886132413408E-2,
-6.855433693420E-1));
#11784=CARTESIAN_POINT('',(6.483424068344E-2,4.984090771891E-2,
-6.862861228082E-1));
#11785=CARTESIAN_POINT('',(6.046914244362E-2,3.672639837823E-2,
-6.871079129295E-1));
#11786=CARTESIAN_POINT('',(5.341147093005E-2,2.485780746591E-2,
-6.876301511549E-1));
#11787=CARTESIAN_POINT('',(4.411768728477E-2,1.479678759972E-2,
-6.879106780396E-1));
#11788=CARTESIAN_POINT('',(3.285040168805E-2,6.820368089300E-3,
-6.880270267527E-1));
#11789=CARTESIAN_POINT('',(2.033620152136E-2,1.381183698435E-3,
-6.880524554634E-1));
#11790=CARTESIAN_POINT('',(6.798419336871E-3,-1.424874651155E-3,
-6.880487082095E-1));
#11791=CARTESIAN_POINT('',(-6.844355498335E-3,-1.420027560866E-3,
-6.880487235448E-1));
#11792=CARTESIAN_POINT('',(-2.037841791107E-2,1.394512981039E-3,
-6.880524481038E-1));
#11793=CARTESIAN_POINT('',(-3.289245135688E-2,6.843830842157E-3,
-6.880268241277E-1));
#11794=CARTESIAN_POINT('',(-4.415345223165E-2,1.482835626393E-2,
-6.879100328480E-1));
#11795=CARTESIAN_POINT('',(-5.343678400598E-2,2.489300992911E-2,
-6.876288588232E-1));
#11796=CARTESIAN_POINT('',(-6.047923702536E-2,3.675132278199E-2,
-6.871065033647E-1));
#11797=CARTESIAN_POINT('',(-6.483616815153E-2,4.985390008102E-2,
-6.862851005112E-1));
#11798=CARTESIAN_POINT('',(-6.582180489777E-2,5.886577783655E-2,
-6.855429566457E-1));
#11799=CARTESIAN_POINT('',(-6.582180489777E-2,6.348524472873E-2,
-6.851148999998E-1));
#11801=CARTESIAN_POINT('',(0.E0,6.539519976962E-2,-7.057265974491E-1));
#11802=DIRECTION('',(0.E0,-9.957341762950E-1,-9.226835946330E-2));
#11803=DIRECTION('',(0.E0,-9.226835946330E-2,9.957341762950E-1));
#11804=AXIS2_PLACEMENT_3D('',#11801,#11802,#11803);
#11806=CARTESIAN_POINT('',(0.E0,6.539519976962E-2,-7.057265974491E-1));
#11807=DIRECTION('',(0.E0,9.957341762950E-1,9.226835946330E-2));
#11808=DIRECTION('',(9.539392014169E-1,2.768050783899E-2,-2.987202528885E-1));
#11809=AXIS2_PLACEMENT_3D('',#11806,#11807,#11808);
#11811=CARTESIAN_POINT('',(0.E0,6.539519976962E-2,-7.057265974491E-1));
#11812=DIRECTION('',(0.E0,-9.957341762950E-1,-9.226835946330E-2));
#11813=DIRECTION('',(-9.539392014169E-1,2.768050783899E-2,-2.987202528885E-1));
#11814=AXIS2_PLACEMENT_3D('',#11811,#11812,#11813);
#11816=CARTESIAN_POINT('',(-6.582180489777E-2,6.730515481051E-2,
-7.263382948984E-1));
#11817=CARTESIAN_POINT('',(-6.582180489777E-2,6.260302832196E-2,
-7.267740110839E-1));
#11818=CARTESIAN_POINT('',(-6.485249059565E-2,5.351722112542E-2,
-7.275246349149E-1));
#11819=CARTESIAN_POINT('',(-6.081145061783E-2,4.069000684987E-2,
-7.283487120336E-1));
#11820=CARTESIAN_POINT('',(-5.447243033382E-2,2.915571136531E-2,
-7.288935051915E-1));
#11821=CARTESIAN_POINT('',(-4.619421334480E-2,1.923523995709E-2,
-7.292150035535E-1));
#11822=CARTESIAN_POINT('',(-3.616238032460E-2,1.108760718505E-2,
-7.293774197665E-1));
#11823=CARTESIAN_POINT('',(-2.460317992321E-2,4.948672140167E-3,
-7.294386980285E-1));
#11824=CARTESIAN_POINT('',(-1.165173809009E-2,1.230049185793E-3,
-7.294499805731E-1));
#11825=CARTESIAN_POINT('',(2.806583450656E-4,2.621516054004E-4,
-7.294496542108E-1));
#11826=CARTESIAN_POINT('',(1.220049203487E-2,1.334472737922E-3,
-7.294499111977E-1));
#11827=CARTESIAN_POINT('',(2.504786422100E-2,5.138313431552E-3,
-7.294375275500E-1));
#11828=CARTESIAN_POINT('',(3.648087610390E-2,1.130676312676E-2,
-7.293740972320E-1));
#11829=CARTESIAN_POINT('',(4.640553862903E-2,1.945239991566E-2,
-7.292091764260E-1));
#11830=CARTESIAN_POINT('',(5.458830039651E-2,2.933704855499E-2,
-7.288859593472E-1));
#11831=CARTESIAN_POINT('',(6.085086125886E-2,4.079903263122E-2,
-7.283421443738E-1));
#11832=CARTESIAN_POINT('',(6.485479262995E-2,5.354842143702E-2,
-7.275219718462E-1));
#11833=CARTESIAN_POINT('',(6.582180489777E-2,6.261049238347E-2,
-7.267733194368E-1));
#11834=CARTESIAN_POINT('',(6.582180489777E-2,6.730515481051E-2,
-7.263382948984E-1));
#11836=CARTESIAN_POINT('',(-6.582180489777E-2,5.084750854937E-1,
-4.635362876110E-1));
#11837=CARTESIAN_POINT('',(-6.582180489777E-2,5.116035461163E-1,
-4.601045297852E-1));
#11838=CARTESIAN_POINT('',(-6.483424068344E-2,5.176322915443E-1,
-4.533536910536E-1));
#11839=CARTESIAN_POINT('',(-6.046914244362E-2,5.261913517861E-1,
-4.433833258634E-1));
#11840=CARTESIAN_POINT('',(-5.341147093005E-2,5.337605308555E-1,
-4.342267046948E-1));
#11841=CARTESIAN_POINT('',(-4.411768728477E-2,5.400475151909E-1,
-4.263668927348E-1));
#11842=CARTESIAN_POINT('',(-3.285040168805E-2,5.449472301396E-1,
-4.200716883179E-1));
#11843=CARTESIAN_POINT('',(-2.033620152136E-2,5.482453635964E-1,
-4.157464496935E-1));
#11844=CARTESIAN_POINT('',(-6.798419336871E-3,5.499334011764E-1,
-4.135049085647E-1));
#11845=CARTESIAN_POINT('',(6.844355498335E-3,5.499304923897E-1,
-4.135087858678E-1));
#11846=CARTESIAN_POINT('',(2.037841791107E-2,5.482373250359E-1,
-4.157570822554E-1));
#11847=CARTESIAN_POINT('',(3.289245135688E-2,5.449329289738E-1,
-4.200902898900E-1));
#11848=CARTESIAN_POINT('',(4.415345223165E-2,5.400279759464E-1,
-4.263916962579E-1));
#11849=CARTESIAN_POINT('',(5.343678400598E-2,5.337382853290E-1,
-4.342540180631E-1));
#11850=CARTESIAN_POINT('',(6.047923702536E-2,5.261752066202E-1,
-4.434023665144E-1));
#11851=CARTESIAN_POINT('',(6.483616815153E-2,5.176236460863E-1,
-4.533634431108E-1));
#11852=CARTESIAN_POINT('',(6.582180489777E-2,5.116005328222E-1,
-4.601078352114E-1));
#11853=CARTESIAN_POINT('',(6.582180489777E-2,5.084750854937E-1,
-4.635362876110E-1));
#11855=CARTESIAN_POINT('',(6.582180489777E-2,5.390700546666E-1,
-4.914272872580E-1));
#11856=CARTESIAN_POINT('',(6.582180489777E-2,5.422111487497E-1,
-4.879816711862E-1));
#11857=CARTESIAN_POINT('',(6.488134254997E-2,5.482878813656E-1,
-4.811848221726E-1));
#11858=CARTESIAN_POINT('',(6.068986213557E-2,5.569727027367E-1,
-4.710986651912E-1));
#11859=CARTESIAN_POINT('',(5.383582322193E-2,5.647465892239E-1,
-4.617374701458E-1));
#11860=CARTESIAN_POINT('',(4.469159790315E-2,5.712928833896E-1,
-4.535984671935E-1));
#11861=CARTESIAN_POINT('',(3.344040605263E-2,5.764721610832E-1,
-4.469831486901E-1));
#11862=CARTESIAN_POINT('',(2.080540164460E-2,5.800004292136E-1,
-4.423832076597E-1));
#11863=CARTESIAN_POINT('',(6.999139880076E-3,5.818275918324E-1,
-4.399707560786E-1));
#11864=CARTESIAN_POINT('',(-6.946038141633E-3,5.818315571198E-1,
-4.399655000801E-1));
#11865=CARTESIAN_POINT('',(-2.077255259902E-2,5.800079592667E-1,
-4.423733229843E-1));
#11866=CARTESIAN_POINT('',(-3.342470663965E-2,5.764787205461E-1,
-4.469747235965E-1));
#11867=CARTESIAN_POINT('',(-4.468934448274E-2,5.712947227814E-1,
-4.535961854321E-1));
#11868=CARTESIAN_POINT('',(-5.383515431096E-2,5.647472824608E-1,
-4.617366386465E-1));
#11869=CARTESIAN_POINT('',(-6.068965621149E-2,5.569726832958E-1,
-4.710986599224E-1));
#11870=CARTESIAN_POINT('',(-6.488013419934E-2,5.482912887727E-1,
-4.811809210662E-1));
#11871=CARTESIAN_POINT('',(-6.582180489777E-2,5.422126369907E-1,
-4.879800386636E-1));
#11872=CARTESIAN_POINT('',(-6.582180489777E-2,5.390700546666E-1,
-4.914272872580E-1));
#11874=CARTESIAN_POINT('',(0.E0,5.237725700801E-1,-4.774817874345E-1));
#11875=DIRECTION('',(0.E0,6.736956436466E-1,7.390089172207E-1));
#11876=DIRECTION('',(0.E0,-7.390089172207E-1,6.736956436466E-1));
#11877=AXIS2_PLACEMENT_3D('',#11874,#11875,#11876);
#11879=CARTESIAN_POINT('',(6.582180489777E-2,5.084750854937E-1,
-4.635362876110E-1));
#11880=CARTESIAN_POINT('',(6.582180489777E-2,5.053466248710E-1,
-4.669680454369E-1));
#11881=CARTESIAN_POINT('',(6.483424068344E-2,4.991808464776E-1,
-4.735939621144E-1));
#11882=CARTESIAN_POINT('',(6.046914244362E-2,4.900427435546E-1,
-4.830364601535E-1));
#11883=CARTESIAN_POINT('',(5.341147093005E-2,4.816235786529E-1,
-4.914182168529E-1));
#11884=CARTESIAN_POINT('',(4.411768728477E-2,4.743773849957E-1,
-4.984035939767E-1));
#11885=CARTESIAN_POINT('',(3.285040168805E-2,4.685611234711E-1,
-5.038632557892E-1));
#11886=CARTESIAN_POINT('',(2.033620152136E-2,4.645586489155E-1,
-5.075464026623E-1));
#11887=CARTESIAN_POINT('',(6.798419336871E-3,4.624824222643E-1,
-5.094340626942E-1));
#11888=CARTESIAN_POINT('',(-6.844355498335E-3,4.624860146385E-1,
-5.094308085635E-1));
#11889=CARTESIAN_POINT('',(-2.037841791107E-2,4.645684944160E-1,
-5.075374173439E-1));
#11890=CARTESIAN_POINT('',(-3.289245135688E-2,4.685783261471E-1,
-5.038472992932E-1));
#11891=CARTESIAN_POINT('',(-4.415345223165E-2,4.744002798572E-1,
-4.983818495028E-1));
#11892=CARTESIAN_POINT('',(-5.343678400598E-2,4.816487229489E-1,
-4.913935460621E-1));
#11893=CARTESIAN_POINT('',(-6.047923702536E-2,4.900602132936E-1,
-4.830186270104E-1));
#11894=CARTESIAN_POINT('',(-6.483616815153E-2,4.991897592320E-1,
-4.735844537301E-1));
#11895=CARTESIAN_POINT('',(-6.582180489777E-2,5.053496381651E-1,
-4.669647400107E-1));
#11896=CARTESIAN_POINT('',(-6.582180489777E-2,5.084750854937E-1,
-4.635362876110E-1));
#11898=CARTESIAN_POINT('',(0.E0,5.237725700801E-1,-4.774817874345E-1));
#11899=DIRECTION('',(0.E0,-6.736956436466E-1,-7.390089172207E-1));
#11900=DIRECTION('',(0.E0,-7.390089172207E-1,6.736956436466E-1));
#11901=AXIS2_PLACEMENT_3D('',#11898,#11899,#11900);
#11903=CARTESIAN_POINT('',(0.E0,5.237725700801E-1,-4.774817874345E-1));
#11904=DIRECTION('',(0.E0,6.736956436466E-1,7.390089172207E-1));
#11905=DIRECTION('',(9.539392014169E-1,2.217026751662E-1,-2.021086930940E-1));
#11906=AXIS2_PLACEMENT_3D('',#11903,#11904,#11905);
#11908=CARTESIAN_POINT('',(0.E0,5.237725700801E-1,-4.774817874345E-1));
#11909=DIRECTION('',(0.E0,-6.736956436466E-1,-7.390089172207E-1));
#11910=DIRECTION('',(-9.539392014169E-1,2.217026751662E-1,-2.021086930940E-1));
#11911=AXIS2_PLACEMENT_3D('',#11908,#11909,#11910);
#11913=CARTESIAN_POINT('',(-6.582180489777E-2,5.390700546666E-1,
-4.914272872580E-1));
#11914=CARTESIAN_POINT('',(-6.582180489777E-2,5.359289605835E-1,
-4.948729033298E-1));
#11915=CARTESIAN_POINT('',(-6.488134254997E-2,5.297217958789E-1,
-5.015508477836E-1));
#11916=CARTESIAN_POINT('',(-6.068986213557E-2,5.204799988852E-1,
-5.111292543958E-1));
#11917=CARTESIAN_POINT('',(-5.383582322193E-2,5.118760208004E-1,
-5.197337209632E-1));
#11918=CARTESIAN_POINT('',(-4.469159790315E-2,5.043757532231E-1,
-5.270030622422E-1));
#11919=CARTESIAN_POINT('',(-3.344040605263E-2,4.982665379581E-1,
-5.327706306358E-1));
#11920=CARTESIAN_POINT('',(-2.080540164460E-2,4.940117669773E-1,
-5.367082768089E-1));
#11921=CARTESIAN_POINT('',(-6.999139880076E-3,4.917781957867E-1,
-5.387502380238E-1));
#11922=CARTESIAN_POINT('',(6.946038141633E-3,4.917733280799E-1,
-5.387546713583E-1));
#11923=CARTESIAN_POINT('',(2.077255259902E-2,4.940026192539E-1,
-5.367166867829E-1));
#11924=CARTESIAN_POINT('',(3.342470663965E-2,4.982587540353E-1,
-5.327779394868E-1));
#11925=CARTESIAN_POINT('',(4.468934448274E-2,5.043736509129E-1,
-5.270051043218E-1));
#11926=CARTESIAN_POINT('',(5.383515431096E-2,5.118752568119E-1,
-5.197344879640E-1));
#11927=CARTESIAN_POINT('',(6.068965621149E-2,5.204799918451E-1,
-5.111292355240E-1));
#11928=CARTESIAN_POINT('',(6.488013419934E-2,5.297182258098E-1,
-5.015546006040E-1));
#11929=CARTESIAN_POINT('',(6.582180489777E-2,5.359274723425E-1,
-4.948745358524E-1));
#11930=CARTESIAN_POINT('',(6.582180489777E-2,5.390700546666E-1,
-4.914272872580E-1));
#11932=CARTESIAN_POINT('',(-6.582180489777E-2,-4.146427615607E-1,
-5.490757532302E-1));
#11933=CARTESIAN_POINT('',(-6.582180489777E-2,-4.109369850795E-1,
-5.518742257267E-1));
#11934=CARTESIAN_POINT('',(-6.483424068344E-2,-4.036586817856E-1,
-5.572543647747E-1));
#11935=CARTESIAN_POINT('',(-6.046914244362E-2,-3.929411179684E-1,
-5.648569643351E-1));
#11936=CARTESIAN_POINT('',(-5.341147093005E-2,-3.831251615963E-1,
-5.715489882076E-1));
#11937=CARTESIAN_POINT('',(-4.411768728477E-2,-3.747187884779E-1,
-5.770839414209E-1));
#11938=CARTESIAN_POINT('',(-3.285040168805E-2,-3.679983496330E-1,
-5.813819068654E-1));
#11939=CARTESIAN_POINT('',(-2.033620152136E-2,-3.633872483507E-1,
-5.842668883942E-1));
#11940=CARTESIAN_POINT('',(-6.798419336871E-3,-3.609995167830E-1,
-5.857409017808E-1));
#11941=CARTESIAN_POINT('',(6.844355498335E-3,-3.610036459352E-1,
-5.857383631549E-1));
#11942=CARTESIAN_POINT('',(2.037841791107E-2,-3.633985772608E-1,
-5.842598651738E-1));
#11943=CARTESIAN_POINT('',(3.289245135688E-2,-3.680181913992E-1,
-5.813693830424E-1));
#11944=CARTESIAN_POINT('',(4.415345223165E-2,-3.747452890475E-1,
-5.770667741078E-1));
#11945=CARTESIAN_POINT('',(5.343678400598E-2,-3.831544110088E-1,
-5.715293577362E-1));
#11946=CARTESIAN_POINT('',(6.047923702536E-2,-3.929615670834E-1,
-5.648426448912E-1));
#11947=CARTESIAN_POINT('',(6.483616815153E-2,-4.036691899445E-1,
-5.572466560030E-1));
#11948=CARTESIAN_POINT('',(6.582180489777E-2,-4.109405544370E-1,
-5.518715302730E-1));
#11949=CARTESIAN_POINT('',(6.582180489777E-2,-4.146427615607E-1,
-5.490757532302E-1));
#11951=CARTESIAN_POINT('',(6.582180489777E-2,-4.395918355068E-1,
-5.821136664396E-1));
#11952=CARTESIAN_POINT('',(6.582180489777E-2,-4.358710942278E-1,
-5.849234398268E-1));
#11953=CARTESIAN_POINT('',(6.488134254997E-2,-4.285425492245E-1,
-5.903471160646E-1));
#11954=CARTESIAN_POINT('',(6.068986213557E-2,-4.176980837904E-1,
-5.980642563609E-1));
#11955=CARTESIAN_POINT('',(5.383582322193E-2,-4.076595382E-1,
-6.049412387094E-1));
#11956=CARTESIAN_POINT('',(4.469159790315E-2,-3.989512389762E-1,
-6.107086350882E-1));
#11957=CARTESIAN_POINT('',(3.344040605263E-2,-3.918862567993E-1,
-6.152554343106E-1));
#11958=CARTESIAN_POINT('',(2.080540164460E-2,-3.869803907942E-1,
-6.183442224586E-1));
#11959=CARTESIAN_POINT('',(6.999139880076E-3,-3.844096410090E-1,
-6.199409977742E-1));
#11960=CARTESIAN_POINT('',(-6.946038141632E-3,-3.844040415611E-1,
-6.199444611839E-1));
#11961=CARTESIAN_POINT('',(-2.077255259902E-2,-3.869698534995E-1,
-6.183508083471E-1));
#11962=CARTESIAN_POINT('',(-3.342470663965E-2,-3.918772624148E-1,
-6.152611884224E-1));
#11963=CARTESIAN_POINT('',(-4.468934448274E-2,-3.989487972307E-1,
-6.107102560991E-1));
#11964=CARTESIAN_POINT('',(-5.383515431096E-2,-4.076586462839E-1,
-6.049418522680E-1));
#11965=CARTESIAN_POINT('',(-6.068965621149E-2,-4.176980803380E-1,
-5.980642365168E-1));
#11966=CARTESIAN_POINT('',(-6.488013419934E-2,-4.285383503637E-1,
-5.903501489877E-1));
#11967=CARTESIAN_POINT('',(-6.582180489777E-2,-4.358693313517E-1,
-5.849247710890E-1));
#11968=CARTESIAN_POINT('',(-6.582180489777E-2,-4.395918355068E-1,
-5.821136664396E-1));
#11970=CARTESIAN_POINT('',(0.E0,-4.271172985338E-1,-5.655947098349E-1));
#11971=DIRECTION('',(0.E0,7.980172272802E-1,-6.026346363793E-1));
#11972=DIRECTION('',(0.E0,6.026346363793E-1,7.980172272802E-1));
#11973=AXIS2_PLACEMENT_3D('',#11970,#11971,#11972);
#11975=CARTESIAN_POINT('',(6.582180489777E-2,-4.146427615607E-1,
-5.490757532302E-1));
#11976=CARTESIAN_POINT('',(6.582180489777E-2,-4.183485380420E-1,
-5.462772807337E-1));
#11977=CARTESIAN_POINT('',(6.483424068344E-2,-4.255150959843E-1,
-5.407491669257E-1));
#11978=CARTESIAN_POINT('',(6.046914244362E-2,-4.357604717568E-1,
-5.325212893420E-1));
#11979=CARTESIAN_POINT('',(5.341147093005E-2,-4.448832958932E-1,
-5.249114100536E-1));
#11980=CARTESIAN_POINT('',(4.411768728477E-2,-4.525074690308E-1,
-5.183406566685E-1));
#11981=CARTESIAN_POINT('',(3.285040168805E-2,-4.584804977977E-1,
-5.130529603289E-1));
#11982=CARTESIAN_POINT('',(2.033620152136E-2,-4.625172347766E-1,
-5.094073975438E-1));
#11983=CARTESIAN_POINT('',(6.798419336870E-3,-4.645884124105E-1,
-5.075141990038E-1));
#11984=CARTESIAN_POINT('',(-6.844355498336E-3,-4.645848406989E-1,
-5.075174758003E-1));
#11985=CARTESIAN_POINT('',(-2.037841791107E-2,-4.625073793597E-1,
-5.094163719845E-1));
#11986=CARTESIAN_POINT('',(-3.289245135688E-2,-4.584630221065E-1,
-5.130686173416E-1));
#11987=CARTESIAN_POINT('',(-4.415345223166E-2,-4.524837048437E-1,
-5.183614475377E-1));
#11988=CARTESIAN_POINT('',(-5.343678400598E-2,-4.448564103208E-1,
-5.249341707551E-1));
#11989=CARTESIAN_POINT('',(-6.047923702536E-2,-4.357411027825E-1,
-5.325370391233E-1));
#11990=CARTESIAN_POINT('',(-6.483616815153E-2,-4.255048057958E-1,
-5.407571643368E-1));
#11991=CARTESIAN_POINT('',(-6.582180489777E-2,-4.183449686845E-1,
-5.462799761874E-1));
#11992=CARTESIAN_POINT('',(-6.582180489777E-2,-4.146427615607E-1,
-5.490757532302E-1));
#11994=CARTESIAN_POINT('',(0.E0,-4.271172985338E-1,-5.655947098349E-1));
#11995=DIRECTION('',(0.E0,-7.980172272802E-1,6.026346363793E-1));
#11996=DIRECTION('',(0.E0,6.026346363793E-1,7.980172272802E-1));
#11997=AXIS2_PLACEMENT_3D('',#11994,#11995,#11996);
#11999=CARTESIAN_POINT('',(0.E0,-4.271172985338E-1,-5.655947098349E-1));
#12000=DIRECTION('',(0.E0,7.980172272802E-1,-6.026346363793E-1));
#12001=DIRECTION('',(9.539392014169E-1,-1.807903909138E-1,-2.394051681841E-1));
#12002=AXIS2_PLACEMENT_3D('',#11999,#12000,#12001);
#12004=CARTESIAN_POINT('',(0.E0,-4.271172985338E-1,-5.655947098349E-1));
#12005=DIRECTION('',(0.E0,-7.980172272802E-1,6.026346363793E-1));
#12006=DIRECTION('',(-9.539392014169E-1,-1.807903909138E-1,-2.394051681841E-1));
#12007=AXIS2_PLACEMENT_3D('',#12004,#12005,#12006);
#12009=CARTESIAN_POINT('',(-6.582180489777E-2,-4.395918355068E-1,
-5.821136664396E-1));
#12010=CARTESIAN_POINT('',(-6.582180489777E-2,-4.433125767859E-1,
-5.793038930523E-1));
#12011=CARTESIAN_POINT('',(-6.488134254997E-2,-4.505347592102E-1,
-5.737393699975E-1));
#12012=CARTESIAN_POINT('',(-6.068986213557E-2,-4.609250314755E-1,
-5.654207807448E-1));
#12013=CARTESIAN_POINT('',(-5.383582322193E-2,-4.702866678482E-1,
-5.576474257279E-1));
#12014=CARTESIAN_POINT('',(-4.469159790315E-2,-4.782170367837E-1,
-5.508498831640E-1));
#12015=CARTESIAN_POINT('',(-3.344040605263E-2,-4.845236890175E-1,
-5.452988928081E-1));
#12016=CARTESIAN_POINT('',(-2.080540164460E-2,-4.888371186245E-1,
-5.414255920828E-1));
#12017=CARTESIAN_POINT('',(-6.999139880077E-3,-4.910764571423E-1,
-5.393899573245E-1));
#12018=CARTESIAN_POINT('',(6.946038141632E-3,-4.910813207003E-1,
-5.393855194390E-1));
#12019=CARTESIAN_POINT('',(2.077255259902E-2,-4.888463367684E-1,
-5.414172593564E-1));
#12020=CARTESIAN_POINT('',(3.342470663965E-2,-4.845316849E-1,
-5.452918164659E-1));
#12021=CARTESIAN_POINT('',(4.468934448274E-2,-4.782192641289E-1,
-5.508479782412E-1));
#12022=CARTESIAN_POINT('',(5.383515431096E-2,-4.702875020690E-1,
-5.576467357684E-1));
#12023=CARTESIAN_POINT('',(6.068965621149E-2,-4.609250133337E-1,
-5.654207719935E-1));
#12024=CARTESIAN_POINT('',(6.488013419934E-2,-4.505388254262E-1,
-5.737361614242E-1));
#12025=CARTESIAN_POINT('',(6.582180489777E-2,-4.433143396620E-1,
-5.793025617901E-1));
#12026=CARTESIAN_POINT('',(6.582180489777E-2,-4.395918355068E-1,
-5.821136664396E-1));
#12028=CARTESIAN_POINT('',(-6.582180489777E-2,-1.882938203191E-1,
-6.617841337851E-1));
#12029=CARTESIAN_POINT('',(-6.582180489777E-2,-1.838273617945E-1,
-6.630549508022E-1));
#12030=CARTESIAN_POINT('',(-6.483424068344E-2,-1.750970157017E-1,
-6.654425546459E-1));
#12031=CARTESIAN_POINT('',(-6.046914244362E-2,-1.623568093428E-1,
-6.686601369965E-1));
#12032=CARTESIAN_POINT('',(-5.341147093005E-2,-1.507862647670E-1,
-6.713543309810E-1));
#12033=CARTESIAN_POINT('',(-4.411768728477E-2,-1.409480995629E-1,
-6.734787889116E-1));
#12034=CARTESIAN_POINT('',(-3.285040168805E-2,-1.331288727723E-1,
-6.750588198056E-1));
#12035=CARTESIAN_POINT('',(-2.033620152136E-2,-1.277869733452E-1,
-6.760832630534E-1));
#12036=CARTESIAN_POINT('',(-6.798419336870E-3,-1.250280049153E-1,
-6.765951914723E-1));
#12037=CARTESIAN_POINT('',(6.844355498335E-3,-1.250327722925E-1,
-6.765943158959E-1));
#12038=CARTESIAN_POINT('',(2.037841791107E-2,-1.278000743191E-1,
-6.760808065698E-1));
#12039=CARTESIAN_POINT('',(3.289245135688E-2,-1.331518987950E-1,
-6.750543093612E-1));
#12040=CARTESIAN_POINT('',(4.415345223165E-2,-1.409790121570E-1,
-6.734723539787E-1));
#12041=CARTESIAN_POINT('',(5.343678400598E-2,-1.508206303760E-1,
-6.713465922181E-1));
#12042=CARTESIAN_POINT('',(6.047923702536E-2,-1.623810503544E-1,
-6.686541715851E-1));
#12043=CARTESIAN_POINT('',(6.483616815153E-2,-1.751095989976E-1,
-6.654391624152E-1));
#12044=CARTESIAN_POINT('',(6.582180489777E-2,-1.838316638315E-1,
-6.630537267671E-1));
#12045=CARTESIAN_POINT('',(6.582180489777E-2,-1.882938203191E-1,
-6.617841337851E-1));
#12047=CARTESIAN_POINT('',(6.582180489777E-2,-1.996234681081E-1,
-7.016037154124E-1));
#12048=CARTESIAN_POINT('',(6.582180489777E-2,-1.951389729725E-1,
-7.028796642878E-1));
#12049=CARTESIAN_POINT('',(6.488134254997E-2,-1.863460504340E-1,
-7.052897159532E-1));
#12050=CARTESIAN_POINT('',(6.068986213557E-2,-1.734461349552E-1,
-7.085682622076E-1));
#12051=CARTESIAN_POINT('',(5.383582322193E-2,-1.616012174066E-1,
-7.113545163344E-1));
#12052=CARTESIAN_POINT('',(4.469159790315E-2,-1.513975463376E-1,
-7.135866527724E-1));
#12053=CARTESIAN_POINT('',(3.344040605263E-2,-1.431671533295E-1,
-7.152742508468E-1));
#12054=CARTESIAN_POINT('',(2.080540164460E-2,-1.374767705415E-1,
-7.163822568076E-1));
#12055=CARTESIAN_POINT('',(6.999139880077E-3,-1.345027959825E-1,
-7.169425435101E-1));
#12056=CARTESIAN_POINT('',(-6.946038141633E-3,-1.344963235249E-1,
-7.169437502897E-1));
#12057=CARTESIAN_POINT('',(-2.077255259902E-2,-1.374645657095E-1,
-7.163845914557E-1));
#12058=CARTESIAN_POINT('',(-3.342470663965E-2,-1.431566876908E-1,
-7.152763672498E-1));
#12059=CARTESIAN_POINT('',(-4.468934448274E-2,-1.513946839011E-1,
-7.135872822598E-1));
#12060=CARTESIAN_POINT('',(-5.383515431096E-2,-1.616001640767E-1,
-7.113547662635E-1));
#12061=CARTESIAN_POINT('',(-6.068965621149E-2,-1.734461389044E-1,
-7.085682424563E-1));
#12062=CARTESIAN_POINT('',(-6.488013419934E-2,-1.863410394947E-1,
-7.052910272662E-1));
#12063=CARTESIAN_POINT('',(-6.582180489777E-2,-1.951368482322E-1,
-7.028802688286E-1));
#12064=CARTESIAN_POINT('',(-6.582180489777E-2,-1.996234681081E-1,
-7.016037154124E-1));
#12066=CARTESIAN_POINT('',(0.E0,-1.939586442136E-1,-6.816939245987E-1));
#12067=DIRECTION('',(0.E0,9.618256431728E-1,-2.736629900721E-1));
#12068=DIRECTION('',(0.E0,2.736629900721E-1,9.618256431728E-1));
#12069=AXIS2_PLACEMENT_3D('',#12066,#12067,#12068);
#12071=CARTESIAN_POINT('',(6.582180489777E-2,-1.882938203191E-1,
-6.617841337851E-1));
#12072=CARTESIAN_POINT('',(6.582180489777E-2,-1.932964305527E-1,
-6.603607684543E-1));
#12073=CARTESIAN_POINT('',(6.459265599647E-2,-2.029777990036E-1,
-6.574858538412E-1));
#12074=CARTESIAN_POINT('',(5.909993732446E-2,-2.169257126565E-1,
-6.530092359372E-1));
#12075=CARTESIAN_POINT('',(5.022790652115E-2,-2.291388703914E-1,
-6.488097693791E-1));
#12076=CARTESIAN_POINT('',(3.850679322383E-2,-2.390519824888E-1,
-6.452094773573E-1));
#12077=CARTESIAN_POINT('',(2.393664496455E-2,-2.463146240664E-1,
-6.424585252941E-1));
#12078=CARTESIAN_POINT('',(7.903425328555E-3,-2.499257757021E-1,
-6.410539767737E-1));
#12079=CARTESIAN_POINT('',(-7.903058179427E-3,-2.499253732336E-1,
-6.410541353817E-1));
#12080=CARTESIAN_POINT('',(-2.392894287405E-2,-2.463168970352E-1,
-6.424576351938E-1));
#12081=CARTESIAN_POINT('',(-3.850229853339E-2,-2.390559690748E-1,
-6.452080329297E-1));
#12082=CARTESIAN_POINT('',(-5.023065875434E-2,-2.291356617552E-1,
-6.488108871522E-1));
#12083=CARTESIAN_POINT('',(-5.909662811935E-2,-2.169311205224E-1,
-6.530074219825E-1));
#12084=CARTESIAN_POINT('',(-6.459341890039E-2,-2.029770601578E-1,
-6.574861255761E-1));
#12085=CARTESIAN_POINT('',(-6.582180489777E-2,-1.932962111809E-1,
-6.603608308710E-1));
#12086=CARTESIAN_POINT('',(-6.582180489777E-2,-1.882938203191E-1,
-6.617841337851E-1));
#12088=CARTESIAN_POINT('',(0.E0,-1.939586442136E-1,-6.816939245987E-1));
#12089=DIRECTION('',(0.E0,-9.618256431728E-1,2.736629900721E-1));
#12090=DIRECTION('',(0.E0,2.736629900721E-1,9.618256431728E-1));
#12091=AXIS2_PLACEMENT_3D('',#12088,#12089,#12090);
#12093=CARTESIAN_POINT('',(0.E0,-1.939586442136E-1,-6.816939245987E-1));
#12094=DIRECTION('',(0.E0,9.618256431728E-1,-2.736629900721E-1));
#12095=DIRECTION('',(9.539392014169E-1,-8.209889702162E-2,-2.885476929518E-1));
#12096=AXIS2_PLACEMENT_3D('',#12093,#12094,#12095);
#12098=CARTESIAN_POINT('',(0.E0,-1.939586442136E-1,-6.816939245987E-1));
#12099=DIRECTION('',(0.E0,-9.618256431728E-1,2.736629900721E-1));
#12100=DIRECTION('',(-9.539392014169E-1,-8.209889702163E-2,-2.885476929518E-1));
#12101=AXIS2_PLACEMENT_3D('',#12098,#12099,#12100);
#12103=CARTESIAN_POINT('',(-6.582180489777E-2,-1.996234681081E-1,
-7.016037154124E-1));
#12104=CARTESIAN_POINT('',(-6.582180489777E-2,-2.041079632436E-1,
-7.003277665370E-1));
#12105=CARTESIAN_POINT('',(-6.488134254997E-2,-2.128525853698E-1,
-6.977479565309E-1));
#12106=CARTESIAN_POINT('',(-6.068986213557E-2,-2.255462467552E-1,
-6.937445023302E-1));
#12107=CARTESIAN_POINT('',(-5.383582322193E-2,-2.370837724126E-1,
-6.898778777692E-1));
#12108=CARTESIAN_POINT('',(-4.469159790315E-2,-2.469341768157E-1,
-6.864041377879E-1));
#12109=CARTESIAN_POINT('',(-3.344040605263E-2,-2.548202038894E-1,
-6.835062189963E-1));
#12110=CARTESIAN_POINT('',(-2.080540164460E-2,-2.602415548190E-1,
-6.814526641320E-1));
#12111=CARTESIAN_POINT('',(-6.999139880077E-3,-2.630650318910E-1,
-6.803634336280E-1));
#12112=CARTESIAN_POINT('',(6.946038141631E-3,-2.630711701729E-1,
-6.803610523428E-1));
#12113=CARTESIAN_POINT('',(2.077255259902E-2,-2.602531606102E-1,
-6.814482240738E-1));
#12114=CARTESIAN_POINT('',(3.342470663965E-2,-2.548302160974E-1,
-6.835025089496E-1));
#12115=CARTESIAN_POINT('',(4.468934448274E-2,-2.469369418907E-1,
-6.864031661102E-1));
#12116=CARTESIAN_POINT('',(5.383515431096E-2,-2.370847995425E-1,
-6.898775357564E-1));
#12117=CARTESIAN_POINT('',(6.068965621149E-2,-2.255462329998E-1,
-6.937444876163E-1));
#12118=CARTESIAN_POINT('',(6.488013419934E-2,-2.128575360736E-1,
-6.977464335121E-1));
#12119=CARTESIAN_POINT('',(6.582180489777E-2,-2.041100879840E-1,
-7.003271619962E-1));
#12120=CARTESIAN_POINT('',(6.582180489777E-2,-1.996234681081E-1,
-7.016037154124E-1));
#12122=CARTESIAN_POINT('',(-8.625E-2,-6.8805E-1,0.E0));
#12123=CARTESIAN_POINT('',(8.625E-2,-6.8805E-1,0.E0));
#12124=VERTEX_POINT('',#12122);
#12125=VERTEX_POINT('',#12123);
#12126=CARTESIAN_POINT('',(8.625E-2,-7.2945E-1,0.E0));
#12127=CARTESIAN_POINT('',(-8.625E-2,-7.2945E-1,0.E0));
#12128=VERTEX_POINT('',#12126);
#12129=VERTEX_POINT('',#12127);
#12130=CARTESIAN_POINT('',(-8.625E-2,7.2945E-1,0.E0));
#12131=VERTEX_POINT('',#12130);
#12132=CARTESIAN_POINT('',(-8.625E-2,6.8805E-1,0.E0));
#12133=VERTEX_POINT('',#12132);
#12134=CARTESIAN_POINT('',(8.625E-2,6.8805E-1,0.E0));
#12135=VERTEX_POINT('',#12134);
#12136=CARTESIAN_POINT('',(8.625E-2,7.2945E-1,0.E0));
#12137=VERTEX_POINT('',#12136);
#12138=VERTEX_POINT('',#10606);
#12139=VERTEX_POINT('',#10623);
#12140=VERTEX_POINT('',#10625);
#12141=VERTEX_POINT('',#10642);
#12142=CARTESIAN_POINT('',(0.E0,6.3975E-1,0.E0));
#12143=VERTEX_POINT('',#12142);
#12144=CARTESIAN_POINT('',(0.E0,7.7775E-1,0.E0));
#12145=VERTEX_POINT('',#12144);
#12146=VERTEX_POINT('',#10691);
#12147=VERTEX_POINT('',#10708);
#12148=VERTEX_POINT('',#10710);
#12149=VERTEX_POINT('',#10727);
#12150=VERTEX_POINT('',#10787);
#12151=VERTEX_POINT('',#10804);
#12152=VERTEX_POINT('',#10806);
#12153=VERTEX_POINT('',#10823);
#12154=VERTEX_POINT('',#10883);
#12155=VERTEX_POINT('',#10900);
#12156=VERTEX_POINT('',#10902);
#12157=VERTEX_POINT('',#10919);
#12158=VERTEX_POINT('',#10979);
#12159=VERTEX_POINT('',#10996);
#12160=VERTEX_POINT('',#10998);
#12161=VERTEX_POINT('',#11015);
#12162=VERTEX_POINT('',#11075);
#12163=VERTEX_POINT('',#11090);
#12164=VERTEX_POINT('',#11092);
#12165=VERTEX_POINT('',#11109);
#12166=VERTEX_POINT('',#11455);
#12167=VERTEX_POINT('',#11472);
#12168=VERTEX_POINT('',#11474);
#12169=VERTEX_POINT('',#11491);
#12170=CARTESIAN_POINT('',(0.E0,5.965491087614E-1,2.311043559432E-1));
#12171=VERTEX_POINT('',#12170);
#12172=CARTESIAN_POINT('',(0.E0,7.252302764192E-1,2.809557058771E-1));
#12173=VERTEX_POINT('',#12172);
#12174=CARTESIAN_POINT('',(0.E0,4.727809547919E-1,4.309967880229E-1));
#12175=VERTEX_POINT('',#12174);
#12176=CARTESIAN_POINT('',(0.E0,5.747641853684E-1,5.239667868461E-1));
#12177=VERTEX_POINT('',#12176);
#12178=CARTESIAN_POINT('',(0.E0,2.851611131080E-1,5.726807156444E-1));
#12179=VERTEX_POINT('',#12178);
#12180=CARTESIAN_POINT('',(0.E0,3.466730062052E-1,6.962132498514E-1));
#12181=VERTEX_POINT('',#12180);
#12182=CARTESIAN_POINT('',(0.E0,5.902868296665E-2,6.370209392847E-1));
#12183=VERTEX_POINT('',#12182);
#12184=CARTESIAN_POINT('',(0.E0,7.176171657258E-2,7.744322556135E-1));
#12185=VERTEX_POINT('',#12184);
#12186=CARTESIAN_POINT('',(0.E0,-1.750758978986E-1,6.153279552198E-1));
#12187=VERTEX_POINT('',#12186);
#12188=CARTESIAN_POINT('',(0.E0,-2.128413905286E-1,7.480598939777E-1));
#12189=VERTEX_POINT('',#12188);
#12190=CARTESIAN_POINT('',(0.E0,-3.855355086236E-1,5.105315211525E-1));
#12191=CARTESIAN_POINT('',(6.582180489777E-2,-4.146427615607E-1,
5.490757532302E-1));
#12192=VERTEX_POINT('',#12190);
#12193=VERTEX_POINT('',#12191);
#12194=CARTESIAN_POINT('',(6.582180489777E-2,-4.395918355068E-1,
5.821136664396E-1));
#12195=CARTESIAN_POINT('',(0.E0,-4.686990884440E-1,6.206578985172E-1));
#12196=VERTEX_POINT('',#12194);
#12197=VERTEX_POINT('',#12195);
#12198=CARTESIAN_POINT('',(-6.582180489777E-2,-4.146427615607E-1,
5.490757532302E-1));
#12199=VERTEX_POINT('',#12198);
#12200=CARTESIAN_POINT('',(-6.582180489777E-2,-4.395918355068E-1,
5.821136664396E-1));
#12201=VERTEX_POINT('',#12200);
#12202=CARTESIAN_POINT('',(0.E0,-5.439264125830E-1,3.367849762008E-1));
#12203=CARTESIAN_POINT('',(6.582180489777E-2,-5.849919002388E-1,
3.622116496678E-1));
#12204=VERTEX_POINT('',#12202);
#12205=VERTEX_POINT('',#12203);
#12206=CARTESIAN_POINT('',(6.582180489777E-2,-6.201908896580E-1,
3.840059412109E-1));
#12207=CARTESIAN_POINT('',(0.E0,-6.612563773137E-1,4.094326146779E-1));
#12208=VERTEX_POINT('',#12206);
#12209=VERTEX_POINT('',#12207);
#12210=CARTESIAN_POINT('',(-6.582180489777E-2,-5.849919002388E-1,
3.622116496678E-1));
#12211=VERTEX_POINT('',#12210);
#12212=CARTESIAN_POINT('',(-6.582180489777E-2,-6.201908896580E-1,
3.840059412109E-1));
#12213=VERTEX_POINT('',#12212);
#12214=CARTESIAN_POINT('',(0.E0,-6.288570405228E-1,1.175537540232E-1));
#12215=CARTESIAN_POINT('',(6.582180489777E-2,-6.763346412375E-1,
1.264288557337E-1));
#12216=VERTEX_POINT('',#12214);
#12217=VERTEX_POINT('',#12215);
#12218=CARTESIAN_POINT('',(6.582180489777E-2,-7.170297275644E-1,
1.340360857713E-1));
#12219=CARTESIAN_POINT('',(0.E0,-7.645073282792E-1,1.429111874818E-1));
#12220=VERTEX_POINT('',#12218);
#12221=VERTEX_POINT('',#12219);
#12222=CARTESIAN_POINT('',(-6.582180489777E-2,-6.763346412375E-1,
1.264288557337E-1));
#12223=VERTEX_POINT('',#12222);
#12224=CARTESIAN_POINT('',(-6.582180489777E-2,-7.170297275644E-1,
1.340360857713E-1));
#12225=VERTEX_POINT('',#12224);
#12226=CARTESIAN_POINT('',(0.E0,-6.288570405228E-1,-1.175537540232E-1));
#12227=VERTEX_POINT('',#12226);
#12228=CARTESIAN_POINT('',(0.E0,-7.645073282792E-1,-1.429111874818E-1));
#12229=VERTEX_POINT('',#12228);
#12230=CARTESIAN_POINT('',(0.E0,-3.855355086236E-1,-5.105315211525E-1));
#12231=CARTESIAN_POINT('',(6.582180489777E-2,-4.146427615607E-1,
-5.490757532302E-1));
#12232=VERTEX_POINT('',#12230);
#12233=VERTEX_POINT('',#12231);
#12234=CARTESIAN_POINT('',(6.582180489777E-2,-4.395918355068E-1,
-5.821136664396E-1));
#12235=CARTESIAN_POINT('',(0.E0,-4.686990884440E-1,-6.206578985172E-1));
#12236=VERTEX_POINT('',#12234);
#12237=VERTEX_POINT('',#12235);
#12238=CARTESIAN_POINT('',(-6.582180489777E-2,-4.146427615607E-1,
-5.490757532302E-1));
#12239=VERTEX_POINT('',#12238);
#12240=CARTESIAN_POINT('',(-6.582180489777E-2,-4.395918355068E-1,
-5.821136664396E-1));
#12241=VERTEX_POINT('',#12240);
#12242=CARTESIAN_POINT('',(0.E0,-1.750758978986E-1,-6.153279552198E-1));
#12243=CARTESIAN_POINT('',(6.582180489777E-2,-1.882938203191E-1,
-6.617841337851E-1));
#12244=VERTEX_POINT('',#12242);
#12245=VERTEX_POINT('',#12243);
#12246=CARTESIAN_POINT('',(6.582180489777E-2,-1.996234681081E-1,
-7.016037154124E-1));
#12247=CARTESIAN_POINT('',(0.E0,-2.128413905286E-1,-7.480598939777E-1));
#12248=VERTEX_POINT('',#12246);
#12249=VERTEX_POINT('',#12247);
#12250=CARTESIAN_POINT('',(-6.582180489777E-2,-1.882938203191E-1,
-6.617841337851E-1));
#12251=VERTEX_POINT('',#12250);
#12252=CARTESIAN_POINT('',(-6.582180489777E-2,-1.996234681081E-1,
-7.016037154124E-1));
#12253=VERTEX_POINT('',#12252);
#12254=CARTESIAN_POINT('',(0.E0,5.902868296665E-2,-6.370209392847E-1));
#12255=CARTESIAN_POINT('',(6.582180489777E-2,6.348524472873E-2,
-6.851148999998E-1));
#12256=VERTEX_POINT('',#12254);
#12257=VERTEX_POINT('',#12255);
#12258=CARTESIAN_POINT('',(6.582180489777E-2,6.730515481051E-2,
-7.263382948984E-1));
#12259=CARTESIAN_POINT('',(0.E0,7.176171657258E-2,-7.744322556135E-1));
#12260=VERTEX_POINT('',#12258);
#12261=VERTEX_POINT('',#12259);
#12262=CARTESIAN_POINT('',(-6.582180489777E-2,6.348524472873E-2,
-6.851148999998E-1));
#12263=VERTEX_POINT('',#12262);
#12264=CARTESIAN_POINT('',(-6.582180489777E-2,6.730515481051E-2,
-7.263382948984E-1));
#12265=VERTEX_POINT('',#12264);
#12266=VERTEX_POINT('',#11551);
#12267=VERTEX_POINT('',#11566);
#12268=VERTEX_POINT('',#11568);
#12269=VERTEX_POINT('',#11585);
#12270=CARTESIAN_POINT('',(0.E0,-5.439264125830E-1,-3.367849762008E-1));
#12271=VERTEX_POINT('',#12270);
#12272=CARTESIAN_POINT('',(0.E0,-6.612563773137E-1,-4.094326146779E-1));
#12273=VERTEX_POINT('',#12272);
#12274=CARTESIAN_POINT('',(0.E0,2.851611131080E-1,-5.726807156444E-1));
#12275=CARTESIAN_POINT('',(6.582180489777E-2,3.066902756920E-1,
-6.159171026169E-1));
#12276=VERTEX_POINT('',#12274);
#12277=VERTEX_POINT('',#12275);
#12278=CARTESIAN_POINT('',(6.582180489777E-2,3.251438436212E-1,
-6.529768628790E-1));
#12279=CARTESIAN_POINT('',(0.E0,3.466730062052E-1,-6.962132498514E-1));
#12280=VERTEX_POINT('',#12278);
#12281=VERTEX_POINT('',#12279);
#12282=CARTESIAN_POINT('',(-6.582180489777E-2,3.066902756920E-1,
-6.159171026169E-1));
#12283=VERTEX_POINT('',#12282);
#12284=CARTESIAN_POINT('',(-6.582180489777E-2,3.251438436212E-1,
-6.529768628790E-1));
#12285=VERTEX_POINT('',#12284);
#12286=VERTEX_POINT('',#11643);
#12287=VERTEX_POINT('',#11660);
#12288=VERTEX_POINT('',#11662);
#12289=VERTEX_POINT('',#11679);
#12290=CARTESIAN_POINT('',(0.E0,4.727809547919E-1,-4.309967880229E-1));
#12291=CARTESIAN_POINT('',(6.582180489777E-2,5.084750854937E-1,
-4.635362876110E-1));
#12292=VERTEX_POINT('',#12290);
#12293=VERTEX_POINT('',#12291);
#12294=CARTESIAN_POINT('',(6.582180489777E-2,5.390700546666E-1,
-4.914272872580E-1));
#12295=CARTESIAN_POINT('',(0.E0,5.747641853684E-1,-5.239667868461E-1));
#12296=VERTEX_POINT('',#12294);
#12297=VERTEX_POINT('',#12295);
#12298=CARTESIAN_POINT('',(-6.582180489777E-2,5.084750854937E-1,
-4.635362876110E-1));
#12299=VERTEX_POINT('',#12298);
#12300=CARTESIAN_POINT('',(-6.582180489777E-2,5.390700546666E-1,
-4.914272872580E-1));
#12301=VERTEX_POINT('',#12300);
#12302=CARTESIAN_POINT('',(0.E0,5.965491087614E-1,-2.311043559432E-1));
#12303=VERTEX_POINT('',#12302);
#12304=CARTESIAN_POINT('',(0.E0,7.252302764192E-1,-2.809557058771E-1));
#12305=VERTEX_POINT('',#12304);
#12306=CARTESIAN_POINT('',(0.E0,3.159170596566E-1,-6.344469827479E-1));
#12307=DIRECTION('',(0.E0,-4.457383557765E-1,8.951632913551E-1));
#12308=DIRECTION('',(-1.E0,0.E0,0.E0));
#12309=AXIS2_PLACEMENT_3D('',#12306,#12307,#12308);
#12310=SPHERICAL_SURFACE('',#12309,6.9E-2);
#12312=ORIENTED_EDGE('',*,*,#12311,.T.);
#12314=ORIENTED_EDGE('',*,*,#12313,.T.);
#12316=ORIENTED_EDGE('',*,*,#12315,.F.);
#12317=EDGE_LOOP('',(#12312,#12314,#12316));
#12318=FACE_OUTER_BOUND('',#12317,.F.);
#12320=CARTESIAN_POINT('',(0.E0,3.159170596566E-1,-6.344469827479E-1));
#12321=DIRECTION('',(0.E0,-4.457383557765E-1,8.951632913551E-1));
#12322=DIRECTION('',(-1.E0,0.E0,0.E0));
#12323=AXIS2_PLACEMENT_3D('',#12320,#12321,#12322);
#12324=SPHERICAL_SURFACE('',#12323,6.9E-2);
#12326=ORIENTED_EDGE('',*,*,#12325,.T.);
#12328=ORIENTED_EDGE('',*,*,#12327,.F.);
#12330=ORIENTED_EDGE('',*,*,#12329,.T.);
#12331=EDGE_LOOP('',(#12326,#12328,#12330));
#12332=FACE_OUTER_BOUND('',#12331,.F.);
#12334=CARTESIAN_POINT('',(0.E0,3.159170596566E-1,-6.344469827479E-1));
#12335=DIRECTION('',(0.E0,-4.457383557765E-1,8.951632913551E-1));
#12336=DIRECTION('',(-1.E0,0.E0,0.E0));
#12337=AXIS2_PLACEMENT_3D('',#12334,#12335,#12336);
#12338=SPHERICAL_SURFACE('',#12337,6.9E-2);
#12339=ORIENTED_EDGE('',*,*,#12311,.F.);
#12340=ORIENTED_EDGE('',*,*,#12315,.T.);
#12342=ORIENTED_EDGE('',*,*,#12341,.T.);
#12343=EDGE_LOOP('',(#12339,#12340,#12342));
#12344=FACE_OUTER_BOUND('',#12343,.F.);
#12346=CARTESIAN_POINT('',(0.E0,3.159170596566E-1,-6.344469827479E-1));
#12347=DIRECTION('',(0.E0,-4.457383557765E-1,8.951632913551E-1));
#12348=DIRECTION('',(-1.E0,0.E0,0.E0));
#12349=AXIS2_PLACEMENT_3D('',#12346,#12347,#12348);
#12350=SPHERICAL_SURFACE('',#12349,6.9E-2);
#12351=ORIENTED_EDGE('',*,*,#12325,.F.);
#12353=ORIENTED_EDGE('',*,*,#12352,.T.);
#12354=ORIENTED_EDGE('',*,*,#12327,.T.);
#12355=EDGE_LOOP('',(#12351,#12353,#12354));
#12356=FACE_OUTER_BOUND('',#12355,.F.);
#12358=CARTESIAN_POINT('',(-9.4875E-2,0.E0,0.E0));
#12359=DIRECTION('',(1.E0,0.E0,0.E0));
#12360=DIRECTION('',(0.E0,-1.E0,0.E0));
#12361=AXIS2_PLACEMENT_3D('',#12358,#12359,#12360);
#12362=CYLINDRICAL_SURFACE('',#12361,6.8805E-1);
#12364=ORIENTED_EDGE('',*,*,#12363,.F.);
#12366=ORIENTED_EDGE('',*,*,#12365,.T.);
#12368=ORIENTED_EDGE('',*,*,#12367,.T.);
#12370=ORIENTED_EDGE('',*,*,#12369,.F.);
#12372=ORIENTED_EDGE('',*,*,#12371,.F.);
#12374=ORIENTED_EDGE('',*,*,#12373,.T.);
#12375=EDGE_LOOP('',(#12364,#12366,#12368,#12370,#12372,#12374));
#12376=FACE_OUTER_BOUND('',#12375,.F.);
#12378=ORIENTED_EDGE('',*,*,#12377,.F.);
#12380=ORIENTED_EDGE('',*,*,#12379,.F.);
#12381=EDGE_LOOP('',(#12378,#12380));
#12382=FACE_BOUND('',#12381,.F.);
#12384=ORIENTED_EDGE('',*,*,#12383,.F.);
#12386=ORIENTED_EDGE('',*,*,#12385,.F.);
#12387=EDGE_LOOP('',(#12384,#12386));
#12388=FACE_BOUND('',#12387,.F.);
#12390=ORIENTED_EDGE('',*,*,#12389,.F.);
#12392=ORIENTED_EDGE('',*,*,#12391,.F.);
#12393=EDGE_LOOP('',(#12390,#12392));
#12394=FACE_BOUND('',#12393,.F.);
#12396=ORIENTED_EDGE('',*,*,#12395,.F.);
#12398=ORIENTED_EDGE('',*,*,#12397,.F.);
#12399=EDGE_LOOP('',(#12396,#12398));
#12400=FACE_BOUND('',#12399,.F.);
#12401=ORIENTED_EDGE('',*,*,#12341,.F.);
#12402=ORIENTED_EDGE('',*,*,#12313,.F.);
#12403=EDGE_LOOP('',(#12401,#12402));
#12404=FACE_BOUND('',#12403,.F.);
#12406=ORIENTED_EDGE('',*,*,#12405,.F.);
#12408=ORIENTED_EDGE('',*,*,#12407,.F.);
#12409=EDGE_LOOP('',(#12406,#12408));
#12410=FACE_BOUND('',#12409,.F.);
#12412=ORIENTED_EDGE('',*,*,#12411,.F.);
#12414=ORIENTED_EDGE('',*,*,#12413,.F.);
#12415=EDGE_LOOP('',(#12412,#12414));
#12416=FACE_BOUND('',#12415,.F.);
#12418=ORIENTED_EDGE('',*,*,#12417,.F.);
#12420=ORIENTED_EDGE('',*,*,#12419,.F.);
#12421=EDGE_LOOP('',(#12418,#12420));
#12422=FACE_BOUND('',#12421,.F.);
#12424=FILL_AREA_STYLE_COLOUR('',#20);
#12425=FILL_AREA_STYLE('',(#12424));
#12426=SURFACE_STYLE_FILL_AREA(#12425);
#12427=SURFACE_SIDE_STYLE('',(#12426));
#12428=SURFACE_STYLE_USAGE(.POSITIVE.,#12427);
#12429=PRESENTATION_STYLE_ASSIGNMENT((#12428));
#12430=STYLED_ITEM('',(#12429),#12423);
#12431=CARTESIAN_POINT('',(0.E0,7.0875E-1,0.E0));
#12432=DIRECTION('',(0.E0,-1.E0,0.E0));
#12433=DIRECTION('',(-1.E0,0.E0,0.E0));
#12434=AXIS2_PLACEMENT_3D('',#12431,#12432,#12433);
#12435=SPHERICAL_SURFACE('',#12434,6.9E-2);
#12436=ORIENTED_EDGE('',*,*,#12363,.T.);
#12438=ORIENTED_EDGE('',*,*,#12437,.F.);
#12440=ORIENTED_EDGE('',*,*,#12439,.T.);
#12441=EDGE_LOOP('',(#12436,#12438,#12440));
#12442=FACE_OUTER_BOUND('',#12441,.F.);
#12444=CARTESIAN_POINT('',(0.E0,7.0875E-1,0.E0));
#12445=DIRECTION('',(0.E0,-1.E0,0.E0));
#12446=DIRECTION('',(-1.E0,0.E0,0.E0));
#12447=AXIS2_PLACEMENT_3D('',#12444,#12445,#12446);
#12448=SPHERICAL_SURFACE('',#12447,6.9E-2);
#12450=ORIENTED_EDGE('',*,*,#12449,.T.);
#12452=ORIENTED_EDGE('',*,*,#12451,.T.);
#12454=ORIENTED_EDGE('',*,*,#12453,.F.);
#12455=EDGE_LOOP('',(#12450,#12452,#12454));
#12456=FACE_OUTER_BOUND('',#12455,.F.);
#12458=CARTESIAN_POINT('',(0.E0,7.0875E-1,0.E0));
#12459=DIRECTION('',(0.E0,-1.E0,0.E0));
#12460=DIRECTION('',(-1.E0,0.E0,0.E0));
#12461=AXIS2_PLACEMENT_3D('',#12458,#12459,#12460);
#12462=SPHERICAL_SURFACE('',#12461,6.9E-2);
#12464=ORIENTED_EDGE('',*,*,#12463,.T.);
#12465=ORIENTED_EDGE('',*,*,#12439,.F.);
#12466=ORIENTED_EDGE('',*,*,#12437,.T.);
#12467=EDGE_LOOP('',(#12464,#12465,#12466));
#12468=FACE_OUTER_BOUND('',#12467,.F.);
#12470=CARTESIAN_POINT('',(0.E0,7.0875E-1,0.E0));
#12471=DIRECTION('',(0.E0,-1.E0,0.E0));
#12472=DIRECTION('',(-1.E0,0.E0,0.E0));
#12473=AXIS2_PLACEMENT_3D('',#12470,#12471,#12472);
#12474=SPHERICAL_SURFACE('',#12473,6.9E-2);
#12476=ORIENTED_EDGE('',*,*,#12475,.T.);
#12477=ORIENTED_EDGE('',*,*,#12453,.T.);
#12478=ORIENTED_EDGE('',*,*,#12451,.F.);
#12479=EDGE_LOOP('',(#12476,#12477,#12478));
#12480=FACE_OUTER_BOUND('',#12479,.F.);
#12482=CARTESIAN_POINT('',(-9.4875E-2,0.E0,0.E0));
#12483=DIRECTION('',(1.E0,0.E0,0.E0));
#12484=DIRECTION('',(0.E0,-1.E0,0.E0));
#12485=AXIS2_PLACEMENT_3D('',#12482,#12483,#12484);
#12486=CYLINDRICAL_SURFACE('',#12485,6.8805E-1);
#12487=ORIENTED_EDGE('',*,*,#12463,.F.);
#12488=ORIENTED_EDGE('',*,*,#12373,.F.);
#12490=ORIENTED_EDGE('',*,*,#12489,.T.);
#12491=ORIENTED_EDGE('',*,*,#12369,.T.);
#12493=ORIENTED_EDGE('',*,*,#12492,.F.);
#12494=ORIENTED_EDGE('',*,*,#12365,.F.);
#12495=EDGE_LOOP('',(#12487,#12488,#12490,#12491,#12493,#12494));
#12496=FACE_OUTER_BOUND('',#12495,.F.);
#12498=ORIENTED_EDGE('',*,*,#12497,.F.);
#12500=ORIENTED_EDGE('',*,*,#12499,.F.);
#12501=EDGE_LOOP('',(#12498,#12500));
#12502=FACE_BOUND('',#12501,.F.);
#12504=ORIENTED_EDGE('',*,*,#12503,.F.);
#12506=ORIENTED_EDGE('',*,*,#12505,.F.);
#12507=EDGE_LOOP('',(#12504,#12506));
#12508=FACE_BOUND('',#12507,.F.);
#12510=ORIENTED_EDGE('',*,*,#12509,.F.);
#12512=ORIENTED_EDGE('',*,*,#12511,.F.);
#12513=EDGE_LOOP('',(#12510,#12512));
#12514=FACE_BOUND('',#12513,.F.);
#12516=ORIENTED_EDGE('',*,*,#12515,.F.);
#12518=ORIENTED_EDGE('',*,*,#12517,.F.);
#12519=EDGE_LOOP('',(#12516,#12518));
#12520=FACE_BOUND('',#12519,.F.);
#12522=ORIENTED_EDGE('',*,*,#12521,.F.);
#12524=ORIENTED_EDGE('',*,*,#12523,.F.);
#12525=EDGE_LOOP('',(#12522,#12524));
#12526=FACE_BOUND('',#12525,.F.);
#12528=ORIENTED_EDGE('',*,*,#12527,.F.);
#12530=ORIENTED_EDGE('',*,*,#12529,.F.);
#12531=EDGE_LOOP('',(#12528,#12530));
#12532=FACE_BOUND('',#12531,.F.);
#12534=ORIENTED_EDGE('',*,*,#12533,.F.);
#12536=ORIENTED_EDGE('',*,*,#12535,.F.);
#12537=EDGE_LOOP('',(#12534,#12536));
#12538=FACE_BOUND('',#12537,.F.);
#12540=ORIENTED_EDGE('',*,*,#12539,.F.);
#12542=ORIENTED_EDGE('',*,*,#12541,.F.);
#12543=EDGE_LOOP('',(#12540,#12542));
#12544=FACE_BOUND('',#12543,.F.);
#12546=FILL_AREA_STYLE_COLOUR('',#20);
#12547=FILL_AREA_STYLE('',(#12546));
#12548=SURFACE_STYLE_FILL_AREA(#12547);
#12549=SURFACE_SIDE_STYLE('',(#12548));
#12550=SURFACE_STYLE_USAGE(.POSITIVE.,#12549);
#12551=PRESENTATION_STYLE_ASSIGNMENT((#12550));
#12552=STYLED_ITEM('',(#12551),#12545);
#12553=CARTESIAN_POINT('',(-8.625E-2,0.E0,0.E0));
#12554=DIRECTION('',(1.E0,0.E0,0.E0));
#12555=DIRECTION('',(0.E0,-1.E0,0.E0));
#12556=AXIS2_PLACEMENT_3D('',#12553,#12554,#12555);
#12557=PLANE('',#12556);
#12559=ORIENTED_EDGE('',*,*,#12558,.F.);
#12561=ORIENTED_EDGE('',*,*,#12560,.T.);
#12562=EDGE_LOOP('',(#12559,#12561));
#12563=FACE_OUTER_BOUND('',#12562,.F.);
#12564=ORIENTED_EDGE('',*,*,#12489,.F.);
#12565=ORIENTED_EDGE('',*,*,#12371,.T.);
#12566=EDGE_LOOP('',(#12564,#12565));
#12567=FACE_BOUND('',#12566,.F.);
#12569=FILL_AREA_STYLE_COLOUR('',#20);
#12570=FILL_AREA_STYLE('',(#12569));
#12571=SURFACE_STYLE_FILL_AREA(#12570);
#12572=SURFACE_SIDE_STYLE('',(#12571));
#12573=SURFACE_STYLE_USAGE(.POSITIVE.,#12572);
#12574=PRESENTATION_STYLE_ASSIGNMENT((#12573));
#12575=STYLED_ITEM('',(#12574),#12568);
#12576=CARTESIAN_POINT('',(-9.4875E-2,0.E0,0.E0));
#12577=DIRECTION('',(1.E0,0.E0,0.E0));
#12578=DIRECTION('',(0.E0,-1.E0,0.E0));
#12579=AXIS2_PLACEMENT_3D('',#12576,#12577,#12578);
#12580=CYLINDRICAL_SURFACE('',#12579,7.2945E-1);
#12581=ORIENTED_EDGE('',*,*,#12449,.F.);
#12583=ORIENTED_EDGE('',*,*,#12582,.T.);
#12584=ORIENTED_EDGE('',*,*,#12558,.T.);
#12586=ORIENTED_EDGE('',*,*,#12585,.F.);
#12588=ORIENTED_EDGE('',*,*,#12587,.F.);
#12590=ORIENTED_EDGE('',*,*,#12589,.T.);
#12591=EDGE_LOOP('',(#12581,#12583,#12584,#12586,#12588,#12590));
#12592=FACE_OUTER_BOUND('',#12591,.F.);
#12594=ORIENTED_EDGE('',*,*,#12593,.F.);
#12596=ORIENTED_EDGE('',*,*,#12595,.F.);
#12597=EDGE_LOOP('',(#12594,#12596));
#12598=FACE_BOUND('',#12597,.F.);
#12600=ORIENTED_EDGE('',*,*,#12599,.F.);
#12602=ORIENTED_EDGE('',*,*,#12601,.F.);
#12603=EDGE_LOOP('',(#12600,#12602));
#12604=FACE_BOUND('',#12603,.F.);
#12606=ORIENTED_EDGE('',*,*,#12605,.F.);
#12608=ORIENTED_EDGE('',*,*,#12607,.F.);
#12609=EDGE_LOOP('',(#12606,#12608));
#12610=FACE_BOUND('',#12609,.F.);
#12612=ORIENTED_EDGE('',*,*,#12611,.F.);
#12614=ORIENTED_EDGE('',*,*,#12613,.F.);
#12615=EDGE_LOOP('',(#12612,#12614));
#12616=FACE_BOUND('',#12615,.F.);
#12617=ORIENTED_EDGE('',*,*,#12352,.F.);
#12618=ORIENTED_EDGE('',*,*,#12329,.F.);
#12619=EDGE_LOOP('',(#12617,#12618));
#12620=FACE_BOUND('',#12619,.F.);
#12622=ORIENTED_EDGE('',*,*,#12621,.F.);
#12624=ORIENTED_EDGE('',*,*,#12623,.F.);
#12625=EDGE_LOOP('',(#12622,#12624));
#12626=FACE_BOUND('',#12625,.F.);
#12628=ORIENTED_EDGE('',*,*,#12627,.F.);
#12630=ORIENTED_EDGE('',*,*,#12629,.F.);
#12631=EDGE_LOOP('',(#12628,#12630));
#12632=FACE_BOUND('',#12631,.F.);
#12634=ORIENTED_EDGE('',*,*,#12633,.F.);
#12636=ORIENTED_EDGE('',*,*,#12635,.F.);
#12637=EDGE_LOOP('',(#12634,#12636));
#12638=FACE_BOUND('',#12637,.F.);
#12640=FILL_AREA_STYLE_COLOUR('',#20);
#12641=FILL_AREA_STYLE('',(#12640));
#12642=SURFACE_STYLE_FILL_AREA(#12641);
#12643=SURFACE_SIDE_STYLE('',(#12642));
#12644=SURFACE_STYLE_USAGE(.POSITIVE.,#12643);
#12645=PRESENTATION_STYLE_ASSIGNMENT((#12644));
#12646=STYLED_ITEM('',(#12645),#12639);
#12647=CARTESIAN_POINT('',(-9.4875E-2,0.E0,0.E0));
#12648=DIRECTION('',(1.E0,0.E0,0.E0));
#12649=DIRECTION('',(0.E0,-1.E0,0.E0));
#12650=AXIS2_PLACEMENT_3D('',#12647,#12648,#12649);
#12651=CYLINDRICAL_SURFACE('',#12650,7.2945E-1);
#12652=ORIENTED_EDGE('',*,*,#12475,.F.);
#12653=ORIENTED_EDGE('',*,*,#12589,.F.);
#12655=ORIENTED_EDGE('',*,*,#12654,.T.);
#12656=ORIENTED_EDGE('',*,*,#12585,.T.);
#12657=ORIENTED_EDGE('',*,*,#12560,.F.);
#12658=ORIENTED_EDGE('',*,*,#12582,.F.);
#12659=EDGE_LOOP('',(#12652,#12653,#12655,#12656,#12657,#12658));
#12660=FACE_OUTER_BOUND('',#12659,.F.);
#12662=ORIENTED_EDGE('',*,*,#12661,.F.);
#12664=ORIENTED_EDGE('',*,*,#12663,.F.);
#12665=EDGE_LOOP('',(#12662,#12664));
#12666=FACE_BOUND('',#12665,.F.);
#12668=ORIENTED_EDGE('',*,*,#12667,.F.);
#12670=ORIENTED_EDGE('',*,*,#12669,.F.);
#12671=EDGE_LOOP('',(#12668,#12670));
#12672=FACE_BOUND('',#12671,.F.);
#12674=ORIENTED_EDGE('',*,*,#12673,.F.);
#12676=ORIENTED_EDGE('',*,*,#12675,.F.);
#12677=EDGE_LOOP('',(#12674,#12676));
#12678=FACE_BOUND('',#12677,.F.);
#12680=ORIENTED_EDGE('',*,*,#12679,.F.);
#12682=ORIENTED_EDGE('',*,*,#12681,.F.);
#12683=EDGE_LOOP('',(#12680,#12682));
#12684=FACE_BOUND('',#12683,.F.);
#12686=ORIENTED_EDGE('',*,*,#12685,.F.);
#12688=ORIENTED_EDGE('',*,*,#12687,.F.);
#12689=EDGE_LOOP('',(#12686,#12688));
#12690=FACE_BOUND('',#12689,.F.);
#12692=ORIENTED_EDGE('',*,*,#12691,.F.);
#12694=ORIENTED_EDGE('',*,*,#12693,.F.);
#12695=EDGE_LOOP('',(#12692,#12694));
#12696=FACE_BOUND('',#12695,.F.);
#12698=ORIENTED_EDGE('',*,*,#12697,.F.);
#12700=ORIENTED_EDGE('',*,*,#12699,.F.);
#12701=EDGE_LOOP('',(#12698,#12700));
#12702=FACE_BOUND('',#12701,.F.);
#12704=ORIENTED_EDGE('',*,*,#12703,.F.);
#12706=ORIENTED_EDGE('',*,*,#12705,.F.);
#12707=EDGE_LOOP('',(#12704,#12706));
#12708=FACE_BOUND('',#12707,.F.);
#12710=FILL_AREA_STYLE_COLOUR('',#20);
#12711=FILL_AREA_STYLE('',(#12710));
#12712=SURFACE_STYLE_FILL_AREA(#12711);
#12713=SURFACE_SIDE_STYLE('',(#12712));
#12714=SURFACE_STYLE_USAGE(.POSITIVE.,#12713);
#12715=PRESENTATION_STYLE_ASSIGNMENT((#12714));
#12716=STYLED_ITEM('',(#12715),#12709);
#12717=CARTESIAN_POINT('',(8.625E-2,0.E0,0.E0));
#12718=DIRECTION('',(1.E0,0.E0,0.E0));
#12719=DIRECTION('',(0.E0,-1.E0,0.E0));
#12720=AXIS2_PLACEMENT_3D('',#12717,#12718,#12719);
#12721=PLANE('',#12720);
#12722=ORIENTED_EDGE('',*,*,#12654,.F.);
#12723=ORIENTED_EDGE('',*,*,#12587,.T.);
#12724=EDGE_LOOP('',(#12722,#12723));
#12725=FACE_OUTER_BOUND('',#12724,.F.);
#12726=ORIENTED_EDGE('',*,*,#12367,.F.);
#12727=ORIENTED_EDGE('',*,*,#12492,.T.);
#12728=EDGE_LOOP('',(#12726,#12727));
#12729=FACE_BOUND('',#12728,.F.);
#12731=FILL_AREA_STYLE_COLOUR('',#20);
#12732=FILL_AREA_STYLE('',(#12731));
#12733=SURFACE_STYLE_FILL_AREA(#12732);
#12734=SURFACE_SIDE_STYLE('',(#12733));
#12735=SURFACE_STYLE_USAGE(.POSITIVE.,#12734);
#12736=PRESENTATION_STYLE_ASSIGNMENT((#12735));
#12737=STYLED_ITEM('',(#12736),#12730);
#12738=CARTESIAN_POINT('',(0.E0,6.608896925903E-1,2.560300309101E-1));
#12739=DIRECTION('',(0.E0,-9.324722294044E-1,-3.612416661872E-1));
#12740=DIRECTION('',(-1.E0,0.E0,0.E0));
#12741=AXIS2_PLACEMENT_3D('',#12738,#12739,#12740);
#12742=SPHERICAL_SURFACE('',#12741,6.9E-2);
#12743=ORIENTED_EDGE('',*,*,#12497,.T.);
#12745=ORIENTED_EDGE('',*,*,#12744,.F.);
#12747=ORIENTED_EDGE('',*,*,#12746,.T.);
#12748=EDGE_LOOP('',(#12743,#12745,#12747));
#12749=FACE_OUTER_BOUND('',#12748,.F.);
#12751=CARTESIAN_POINT('',(0.E0,6.608896925903E-1,2.560300309101E-1));
#12752=DIRECTION('',(0.E0,-9.324722294044E-1,-3.612416661872E-1));
#12753=DIRECTION('',(-1.E0,0.E0,0.E0));
#12754=AXIS2_PLACEMENT_3D('',#12751,#12752,#12753);
#12755=SPHERICAL_SURFACE('',#12754,6.9E-2);
#12756=ORIENTED_EDGE('',*,*,#12661,.T.);
#12758=ORIENTED_EDGE('',*,*,#12757,.T.);
#12760=ORIENTED_EDGE('',*,*,#12759,.F.);
#12761=EDGE_LOOP('',(#12756,#12758,#12760));
#12762=FACE_OUTER_BOUND('',#12761,.F.);
#12764=CARTESIAN_POINT('',(0.E0,6.608896925903E-1,2.560300309101E-1));
#12765=DIRECTION('',(0.E0,-9.324722294044E-1,-3.612416661872E-1));
#12766=DIRECTION('',(-1.E0,0.E0,0.E0));
#12767=AXIS2_PLACEMENT_3D('',#12764,#12765,#12766);
#12768=SPHERICAL_SURFACE('',#12767,6.9E-2);
#12769=ORIENTED_EDGE('',*,*,#12499,.T.);
#12770=ORIENTED_EDGE('',*,*,#12746,.F.);
#12771=ORIENTED_EDGE('',*,*,#12744,.T.);
#12772=EDGE_LOOP('',(#12769,#12770,#12771));
#12773=FACE_OUTER_BOUND('',#12772,.F.);
#12775=CARTESIAN_POINT('',(0.E0,6.608896925903E-1,2.560300309101E-1));
#12776=DIRECTION('',(0.E0,-9.324722294044E-1,-3.612416661872E-1));
#12777=DIRECTION('',(-1.E0,0.E0,0.E0));
#12778=AXIS2_PLACEMENT_3D('',#12775,#12776,#12777);
#12779=SPHERICAL_SURFACE('',#12778,6.9E-2);
#12780=ORIENTED_EDGE('',*,*,#12663,.T.);
#12781=ORIENTED_EDGE('',*,*,#12759,.T.);
#12782=ORIENTED_EDGE('',*,*,#12757,.F.);
#12783=EDGE_LOOP('',(#12780,#12781,#12782));
#12784=FACE_OUTER_BOUND('',#12783,.F.);
#12786=CARTESIAN_POINT('',(0.E0,5.237725700801E-1,4.774817874345E-1));
#12787=DIRECTION('',(0.E0,-7.390089172207E-1,-6.736956436466E-1));
#12788=DIRECTION('',(-1.E0,0.E0,0.E0));
#12789=AXIS2_PLACEMENT_3D('',#12786,#12787,#12788);
#12790=SPHERICAL_SURFACE('',#12789,6.9E-2);
#12791=ORIENTED_EDGE('',*,*,#12503,.T.);
#12793=ORIENTED_EDGE('',*,*,#12792,.F.);
#12795=ORIENTED_EDGE('',*,*,#12794,.T.);
#12796=EDGE_LOOP('',(#12791,#12793,#12795));
#12797=FACE_OUTER_BOUND('',#12796,.F.);
#12799=CARTESIAN_POINT('',(0.E0,5.237725700801E-1,4.774817874345E-1));
#12800=DIRECTION('',(0.E0,-7.390089172207E-1,-6.736956436466E-1));
#12801=DIRECTION('',(-1.E0,0.E0,0.E0));
#12802=AXIS2_PLACEMENT_3D('',#12799,#12800,#12801);
#12803=SPHERICAL_SURFACE('',#12802,6.9E-2);
#12804=ORIENTED_EDGE('',*,*,#12667,.T.);
#12806=ORIENTED_EDGE('',*,*,#12805,.T.);
#12808=ORIENTED_EDGE('',*,*,#12807,.F.);
#12809=EDGE_LOOP('',(#12804,#12806,#12808));
#12810=FACE_OUTER_BOUND('',#12809,.F.);
#12812=CARTESIAN_POINT('',(0.E0,5.237725700801E-1,4.774817874345E-1));
#12813=DIRECTION('',(0.E0,-7.390089172207E-1,-6.736956436466E-1));
#12814=DIRECTION('',(-1.E0,0.E0,0.E0));
#12815=AXIS2_PLACEMENT_3D('',#12812,#12813,#12814);
#12816=SPHERICAL_SURFACE('',#12815,6.9E-2);
#12817=ORIENTED_EDGE('',*,*,#12505,.T.);
#12818=ORIENTED_EDGE('',*,*,#12794,.F.);
#12819=ORIENTED_EDGE('',*,*,#12792,.T.);
#12820=EDGE_LOOP('',(#12817,#12818,#12819));
#12821=FACE_OUTER_BOUND('',#12820,.F.);
#12823=CARTESIAN_POINT('',(0.E0,5.237725700801E-1,4.774817874345E-1));
#12824=DIRECTION('',(0.E0,-7.390089172207E-1,-6.736956436466E-1));
#12825=DIRECTION('',(-1.E0,0.E0,0.E0));
#12826=AXIS2_PLACEMENT_3D('',#12823,#12824,#12825);
#12827=SPHERICAL_SURFACE('',#12826,6.9E-2);
#12828=ORIENTED_EDGE('',*,*,#12669,.T.);
#12829=ORIENTED_EDGE('',*,*,#12807,.T.);
#12830=ORIENTED_EDGE('',*,*,#12805,.F.);
#12831=EDGE_LOOP('',(#12828,#12829,#12830));
#12832=FACE_OUTER_BOUND('',#12831,.F.);
#12834=CARTESIAN_POINT('',(0.E0,3.159170596566E-1,6.344469827479E-1));
#12835=DIRECTION('',(0.E0,-4.457383557765E-1,-8.951632913551E-1));
#12836=DIRECTION('',(-1.E0,0.E0,0.E0));
#12837=AXIS2_PLACEMENT_3D('',#12834,#12835,#12836);
#12838=SPHERICAL_SURFACE('',#12837,6.9E-2);
#12839=ORIENTED_EDGE('',*,*,#12509,.T.);
#12841=ORIENTED_EDGE('',*,*,#12840,.F.);
#12843=ORIENTED_EDGE('',*,*,#12842,.T.);
#12844=EDGE_LOOP('',(#12839,#12841,#12843));
#12845=FACE_OUTER_BOUND('',#12844,.F.);
#12847=CARTESIAN_POINT('',(0.E0,3.159170596566E-1,6.344469827479E-1));
#12848=DIRECTION('',(0.E0,-4.457383557765E-1,-8.951632913551E-1));
#12849=DIRECTION('',(-1.E0,0.E0,0.E0));
#12850=AXIS2_PLACEMENT_3D('',#12847,#12848,#12849);
#12851=SPHERICAL_SURFACE('',#12850,6.9E-2);
#12852=ORIENTED_EDGE('',*,*,#12673,.T.);
#12854=ORIENTED_EDGE('',*,*,#12853,.T.);
#12856=ORIENTED_EDGE('',*,*,#12855,.F.);
#12857=EDGE_LOOP('',(#12852,#12854,#12856));
#12858=FACE_OUTER_BOUND('',#12857,.F.);
#12860=CARTESIAN_POINT('',(0.E0,3.159170596566E-1,6.344469827479E-1));
#12861=DIRECTION('',(0.E0,-4.457383557765E-1,-8.951632913551E-1));
#12862=DIRECTION('',(-1.E0,0.E0,0.E0));
#12863=AXIS2_PLACEMENT_3D('',#12860,#12861,#12862);
#12864=SPHERICAL_SURFACE('',#12863,6.9E-2);
#12865=ORIENTED_EDGE('',*,*,#12511,.T.);
#12866=ORIENTED_EDGE('',*,*,#12842,.F.);
#12867=ORIENTED_EDGE('',*,*,#12840,.T.);
#12868=EDGE_LOOP('',(#12865,#12866,#12867));
#12869=FACE_OUTER_BOUND('',#12868,.F.);
#12871=CARTESIAN_POINT('',(0.E0,3.159170596566E-1,6.344469827479E-1));
#12872=DIRECTION('',(0.E0,-4.457383557765E-1,-8.951632913551E-1));
#12873=DIRECTION('',(-1.E0,0.E0,0.E0));
#12874=AXIS2_PLACEMENT_3D('',#12871,#12872,#12873);
#12875=SPHERICAL_SURFACE('',#12874,6.9E-2);
#12876=ORIENTED_EDGE('',*,*,#12675,.T.);
#12877=ORIENTED_EDGE('',*,*,#12855,.T.);
#12878=ORIENTED_EDGE('',*,*,#12853,.F.);
#12879=EDGE_LOOP('',(#12876,#12877,#12878));
#12880=FACE_OUTER_BOUND('',#12879,.F.);
#12882=CARTESIAN_POINT('',(0.E0,6.539519976962E-2,7.057265974491E-1));
#12883=DIRECTION('',(0.E0,-9.226835946330E-2,-9.957341762950E-1));
#12884=DIRECTION('',(-1.E0,0.E0,0.E0));
#12885=AXIS2_PLACEMENT_3D('',#12882,#12883,#12884);
#12886=SPHERICAL_SURFACE('',#12885,6.9E-2);
#12887=ORIENTED_EDGE('',*,*,#12515,.T.);
#12889=ORIENTED_EDGE('',*,*,#12888,.F.);
#12891=ORIENTED_EDGE('',*,*,#12890,.T.);
#12892=EDGE_LOOP('',(#12887,#12889,#12891));
#12893=FACE_OUTER_BOUND('',#12892,.F.);
#12895=CARTESIAN_POINT('',(0.E0,6.539519976962E-2,7.057265974491E-1));
#12896=DIRECTION('',(0.E0,-9.226835946330E-2,-9.957341762950E-1));
#12897=DIRECTION('',(-1.E0,0.E0,0.E0));
#12898=AXIS2_PLACEMENT_3D('',#12895,#12896,#12897);
#12899=SPHERICAL_SURFACE('',#12898,6.9E-2);
#12900=ORIENTED_EDGE('',*,*,#12679,.T.);
#12902=ORIENTED_EDGE('',*,*,#12901,.T.);
#12904=ORIENTED_EDGE('',*,*,#12903,.F.);
#12905=EDGE_LOOP('',(#12900,#12902,#12904));
#12906=FACE_OUTER_BOUND('',#12905,.F.);
#12908=CARTESIAN_POINT('',(0.E0,6.539519976962E-2,7.057265974491E-1));
#12909=DIRECTION('',(0.E0,-9.226835946330E-2,-9.957341762950E-1));
#12910=DIRECTION('',(-1.E0,0.E0,0.E0));
#12911=AXIS2_PLACEMENT_3D('',#12908,#12909,#12910);
#12912=SPHERICAL_SURFACE('',#12911,6.9E-2);
#12913=ORIENTED_EDGE('',*,*,#12517,.T.);
#12914=ORIENTED_EDGE('',*,*,#12890,.F.);
#12915=ORIENTED_EDGE('',*,*,#12888,.T.);
#12916=EDGE_LOOP('',(#12913,#12914,#12915));
#12917=FACE_OUTER_BOUND('',#12916,.F.);
#12919=CARTESIAN_POINT('',(0.E0,6.539519976962E-2,7.057265974491E-1));
#12920=DIRECTION('',(0.E0,-9.226835946330E-2,-9.957341762950E-1));
#12921=DIRECTION('',(-1.E0,0.E0,0.E0));
#12922=AXIS2_PLACEMENT_3D('',#12919,#12920,#12921);
#12923=SPHERICAL_SURFACE('',#12922,6.9E-2);
#12924=ORIENTED_EDGE('',*,*,#12681,.T.);
#12925=ORIENTED_EDGE('',*,*,#12903,.T.);
#12926=ORIENTED_EDGE('',*,*,#12901,.F.);
#12927=EDGE_LOOP('',(#12924,#12925,#12926));
#12928=FACE_OUTER_BOUND('',#12927,.F.);
#12930=CARTESIAN_POINT('',(0.E0,-1.939586442136E-1,6.816939245987E-1));
#12931=DIRECTION('',(0.E0,2.736629900721E-1,-9.618256431728E-1));
#12932=DIRECTION('',(-1.E0,0.E0,0.E0));
#12933=AXIS2_PLACEMENT_3D('',#12930,#12931,#12932);
#12934=SPHERICAL_SURFACE('',#12933,6.9E-2);
#12935=ORIENTED_EDGE('',*,*,#12521,.T.);
#12937=ORIENTED_EDGE('',*,*,#12936,.F.);
#12939=ORIENTED_EDGE('',*,*,#12938,.T.);
#12940=EDGE_LOOP('',(#12935,#12937,#12939));
#12941=FACE_OUTER_BOUND('',#12940,.F.);
#12943=CARTESIAN_POINT('',(0.E0,-1.939586442136E-1,6.816939245987E-1));
#12944=DIRECTION('',(0.E0,2.736629900721E-1,-9.618256431728E-1));
#12945=DIRECTION('',(-1.E0,0.E0,0.E0));
#12946=AXIS2_PLACEMENT_3D('',#12943,#12944,#12945);
#12947=SPHERICAL_SURFACE('',#12946,6.9E-2);
#12948=ORIENTED_EDGE('',*,*,#12685,.T.);
#12950=ORIENTED_EDGE('',*,*,#12949,.T.);
#12952=ORIENTED_EDGE('',*,*,#12951,.F.);
#12953=EDGE_LOOP('',(#12948,#12950,#12952));
#12954=FACE_OUTER_BOUND('',#12953,.F.);
#12956=CARTESIAN_POINT('',(0.E0,-1.939586442136E-1,6.816939245987E-1));
#12957=DIRECTION('',(0.E0,2.736629900721E-1,-9.618256431728E-1));
#12958=DIRECTION('',(-1.E0,0.E0,0.E0));
#12959=AXIS2_PLACEMENT_3D('',#12956,#12957,#12958);
#12960=SPHERICAL_SURFACE('',#12959,6.9E-2);
#12961=ORIENTED_EDGE('',*,*,#12523,.T.);
#12962=ORIENTED_EDGE('',*,*,#12938,.F.);
#12963=ORIENTED_EDGE('',*,*,#12936,.T.);
#12964=EDGE_LOOP('',(#12961,#12962,#12963));
#12965=FACE_OUTER_BOUND('',#12964,.F.);
#12967=CARTESIAN_POINT('',(0.E0,-1.939586442136E-1,6.816939245987E-1));
#12968=DIRECTION('',(0.E0,2.736629900721E-1,-9.618256431728E-1));
#12969=DIRECTION('',(-1.E0,0.E0,0.E0));
#12970=AXIS2_PLACEMENT_3D('',#12967,#12968,#12969);
#12971=SPHERICAL_SURFACE('',#12970,6.9E-2);
#12972=ORIENTED_EDGE('',*,*,#12687,.T.);
#12973=ORIENTED_EDGE('',*,*,#12951,.T.);
#12974=ORIENTED_EDGE('',*,*,#12949,.F.);
#12975=EDGE_LOOP('',(#12972,#12973,#12974));
#12976=FACE_OUTER_BOUND('',#12975,.F.);
#12978=CARTESIAN_POINT('',(0.E0,-4.271172985338E-1,5.655947098349E-1));
#12979=DIRECTION('',(0.E0,6.026346363793E-1,-7.980172272802E-1));
#12980=DIRECTION('',(-1.E0,0.E0,0.E0));
#12981=AXIS2_PLACEMENT_3D('',#12978,#12979,#12980);
#12982=SPHERICAL_SURFACE('',#12981,6.9E-2);
#12984=ORIENTED_EDGE('',*,*,#12983,.F.);
#12986=ORIENTED_EDGE('',*,*,#12985,.T.);
#12987=ORIENTED_EDGE('',*,*,#12527,.T.);
#12988=EDGE_LOOP('',(#12984,#12986,#12987));
#12989=FACE_OUTER_BOUND('',#12988,.F.);
#12991=CARTESIAN_POINT('',(0.E0,-4.271172985338E-1,5.655947098349E-1));
#12992=DIRECTION('',(0.E0,6.026346363793E-1,-7.980172272802E-1));
#12993=DIRECTION('',(-1.E0,0.E0,0.E0));
#12994=AXIS2_PLACEMENT_3D('',#12991,#12992,#12993);
#12995=SPHERICAL_SURFACE('',#12994,6.9E-2);
#12997=ORIENTED_EDGE('',*,*,#12996,.F.);
#12998=ORIENTED_EDGE('',*,*,#12691,.T.);
#13000=ORIENTED_EDGE('',*,*,#12999,.T.);
#13001=EDGE_LOOP('',(#12997,#12998,#13000));
#13002=FACE_OUTER_BOUND('',#13001,.F.);
#13004=CARTESIAN_POINT('',(0.E0,-4.271172985338E-1,5.655947098349E-1));
#13005=DIRECTION('',(0.E0,6.026346363793E-1,-7.980172272802E-1));
#13006=DIRECTION('',(-1.E0,0.E0,0.E0));
#13007=AXIS2_PLACEMENT_3D('',#13004,#13005,#13006);
#13008=SPHERICAL_SURFACE('',#13007,6.9E-2);
#13009=ORIENTED_EDGE('',*,*,#12983,.T.);
#13010=ORIENTED_EDGE('',*,*,#12529,.T.);
#13011=ORIENTED_EDGE('',*,*,#12985,.F.);
#13012=EDGE_LOOP('',(#13009,#13010,#13011));
#13013=FACE_OUTER_BOUND('',#13012,.F.);
#13015=CARTESIAN_POINT('',(0.E0,-4.271172985338E-1,5.655947098349E-1));
#13016=DIRECTION('',(0.E0,6.026346363793E-1,-7.980172272802E-1));
#13017=DIRECTION('',(-1.E0,0.E0,0.E0));
#13018=AXIS2_PLACEMENT_3D('',#13015,#13016,#13017);
#13019=SPHERICAL_SURFACE('',#13018,6.9E-2);
#13020=ORIENTED_EDGE('',*,*,#12996,.T.);
#13021=ORIENTED_EDGE('',*,*,#12999,.F.);
#13022=ORIENTED_EDGE('',*,*,#12693,.T.);
#13023=EDGE_LOOP('',(#13020,#13021,#13022));
#13024=FACE_OUTER_BOUND('',#13023,.F.);
#13026=CARTESIAN_POINT('',(0.E0,-6.025913949484E-1,3.731087954393E-1));
#13027=DIRECTION('',(0.E0,8.502171357296E-1,-5.264321628774E-1));
#13028=DIRECTION('',(-1.E0,0.E0,0.E0));
#13029=AXIS2_PLACEMENT_3D('',#13026,#13027,#13028);
#13030=SPHERICAL_SURFACE('',#13029,6.9E-2);
#13032=ORIENTED_EDGE('',*,*,#13031,.F.);
#13034=ORIENTED_EDGE('',*,*,#13033,.T.);
#13035=ORIENTED_EDGE('',*,*,#12533,.T.);
#13036=EDGE_LOOP('',(#13032,#13034,#13035));
#13037=FACE_OUTER_BOUND('',#13036,.F.);
#13039=CARTESIAN_POINT('',(0.E0,-6.025913949484E-1,3.731087954393E-1));
#13040=DIRECTION('',(0.E0,8.502171357296E-1,-5.264321628774E-1));
#13041=DIRECTION('',(-1.E0,0.E0,0.E0));
#13042=AXIS2_PLACEMENT_3D('',#13039,#13040,#13041);
#13043=SPHERICAL_SURFACE('',#13042,6.9E-2);
#13045=ORIENTED_EDGE('',*,*,#13044,.F.);
#13046=ORIENTED_EDGE('',*,*,#12697,.T.);
#13048=ORIENTED_EDGE('',*,*,#13047,.T.);
#13049=EDGE_LOOP('',(#13045,#13046,#13048));
#13050=FACE_OUTER_BOUND('',#13049,.F.);
#13052=CARTESIAN_POINT('',(0.E0,-6.025913949484E-1,3.731087954393E-1));
#13053=DIRECTION('',(0.E0,8.502171357296E-1,-5.264321628774E-1));
#13054=DIRECTION('',(-1.E0,0.E0,0.E0));
#13055=AXIS2_PLACEMENT_3D('',#13052,#13053,#13054);
#13056=SPHERICAL_SURFACE('',#13055,6.9E-2);
#13057=ORIENTED_EDGE('',*,*,#13031,.T.);
#13058=ORIENTED_EDGE('',*,*,#12535,.T.);
#13059=ORIENTED_EDGE('',*,*,#13033,.F.);
#13060=EDGE_LOOP('',(#13057,#13058,#13059));
#13061=FACE_OUTER_BOUND('',#13060,.F.);
#13063=CARTESIAN_POINT('',(0.E0,-6.025913949484E-1,3.731087954393E-1));
#13064=DIRECTION('',(0.E0,8.502171357296E-1,-5.264321628774E-1));
#13065=DIRECTION('',(-1.E0,0.E0,0.E0));
#13066=AXIS2_PLACEMENT_3D('',#13063,#13064,#13065);
#13067=SPHERICAL_SURFACE('',#13066,6.9E-2);
#13068=ORIENTED_EDGE('',*,*,#13044,.T.);
#13069=ORIENTED_EDGE('',*,*,#13047,.F.);
#13070=ORIENTED_EDGE('',*,*,#12699,.T.);
#13071=EDGE_LOOP('',(#13068,#13069,#13070));
#13072=FACE_OUTER_BOUND('',#13071,.F.);
#13074=CARTESIAN_POINT('',(0.E0,-6.966821844010E-1,1.302324707525E-1));
#13075=DIRECTION('',(0.E0,9.829730996839E-1,-1.837495178166E-1));
#13076=DIRECTION('',(-1.E0,0.E0,0.E0));
#13077=AXIS2_PLACEMENT_3D('',#13074,#13075,#13076);
#13078=SPHERICAL_SURFACE('',#13077,6.9E-2);
#13080=ORIENTED_EDGE('',*,*,#13079,.F.);
#13082=ORIENTED_EDGE('',*,*,#13081,.T.);
#13083=ORIENTED_EDGE('',*,*,#12539,.T.);
#13084=EDGE_LOOP('',(#13080,#13082,#13083));
#13085=FACE_OUTER_BOUND('',#13084,.F.);
#13087=CARTESIAN_POINT('',(0.E0,-6.966821844010E-1,1.302324707525E-1));
#13088=DIRECTION('',(0.E0,9.829730996839E-1,-1.837495178166E-1));
#13089=DIRECTION('',(-1.E0,0.E0,0.E0));
#13090=AXIS2_PLACEMENT_3D('',#13087,#13088,#13089);
#13091=SPHERICAL_SURFACE('',#13090,6.9E-2);
#13093=ORIENTED_EDGE('',*,*,#13092,.F.);
#13094=ORIENTED_EDGE('',*,*,#12703,.T.);
#13096=ORIENTED_EDGE('',*,*,#13095,.T.);
#13097=EDGE_LOOP('',(#13093,#13094,#13096));
#13098=FACE_OUTER_BOUND('',#13097,.F.);
#13100=CARTESIAN_POINT('',(0.E0,-6.966821844010E-1,1.302324707525E-1));
#13101=DIRECTION('',(0.E0,9.829730996839E-1,-1.837495178166E-1));
#13102=DIRECTION('',(-1.E0,0.E0,0.E0));
#13103=AXIS2_PLACEMENT_3D('',#13100,#13101,#13102);
#13104=SPHERICAL_SURFACE('',#13103,6.9E-2);
#13105=ORIENTED_EDGE('',*,*,#13079,.T.);
#13106=ORIENTED_EDGE('',*,*,#12541,.T.);
#13107=ORIENTED_EDGE('',*,*,#13081,.F.);
#13108=EDGE_LOOP('',(#13105,#13106,#13107));
#13109=FACE_OUTER_BOUND('',#13108,.F.);
#13111=CARTESIAN_POINT('',(0.E0,-6.966821844010E-1,1.302324707525E-1));
#13112=DIRECTION('',(0.E0,9.829730996839E-1,-1.837495178166E-1));
#13113=DIRECTION('',(-1.E0,0.E0,0.E0));
#13114=AXIS2_PLACEMENT_3D('',#13111,#13112,#13113);
#13115=SPHERICAL_SURFACE('',#13114,6.9E-2);
#13116=ORIENTED_EDGE('',*,*,#13092,.T.);
#13117=ORIENTED_EDGE('',*,*,#13095,.F.);
#13118=ORIENTED_EDGE('',*,*,#12705,.T.);
#13119=EDGE_LOOP('',(#13116,#13117,#13118));
#13120=FACE_OUTER_BOUND('',#13119,.F.);
#13122=CARTESIAN_POINT('',(0.E0,-6.966821844010E-1,-1.302324707525E-1));
#13123=DIRECTION('',(0.E0,9.829730996839E-1,1.837495178166E-1));
#13124=DIRECTION('',(-1.E0,0.E0,0.E0));
#13125=AXIS2_PLACEMENT_3D('',#13122,#13123,#13124);
#13126=SPHERICAL_SURFACE('',#13125,6.9E-2);
#13127=ORIENTED_EDGE('',*,*,#12377,.T.);
#13129=ORIENTED_EDGE('',*,*,#13128,.F.);
#13131=ORIENTED_EDGE('',*,*,#13130,.T.);
#13132=EDGE_LOOP('',(#13127,#13129,#13131));
#13133=FACE_OUTER_BOUND('',#13132,.F.);
#13135=CARTESIAN_POINT('',(0.E0,-6.966821844010E-1,-1.302324707525E-1));
#13136=DIRECTION('',(0.E0,9.829730996839E-1,1.837495178166E-1));
#13137=DIRECTION('',(-1.E0,0.E0,0.E0));
#13138=AXIS2_PLACEMENT_3D('',#13135,#13136,#13137);
#13139=SPHERICAL_SURFACE('',#13138,6.9E-2);
#13140=ORIENTED_EDGE('',*,*,#12593,.T.);
#13142=ORIENTED_EDGE('',*,*,#13141,.T.);
#13144=ORIENTED_EDGE('',*,*,#13143,.F.);
#13145=EDGE_LOOP('',(#13140,#13142,#13144));
#13146=FACE_OUTER_BOUND('',#13145,.F.);
#13148=CARTESIAN_POINT('',(0.E0,-6.966821844010E-1,-1.302324707525E-1));
#13149=DIRECTION('',(0.E0,9.829730996839E-1,1.837495178166E-1));
#13150=DIRECTION('',(-1.E0,0.E0,0.E0));
#13151=AXIS2_PLACEMENT_3D('',#13148,#13149,#13150);
#13152=SPHERICAL_SURFACE('',#13151,6.9E-2);
#13153=ORIENTED_EDGE('',*,*,#12379,.T.);
#13154=ORIENTED_EDGE('',*,*,#13130,.F.);
#13155=ORIENTED_EDGE('',*,*,#13128,.T.);
#13156=EDGE_LOOP('',(#13153,#13154,#13155));
#13157=FACE_OUTER_BOUND('',#13156,.F.);
#13159=CARTESIAN_POINT('',(0.E0,-6.966821844010E-1,-1.302324707525E-1));
#13160=DIRECTION('',(0.E0,9.829730996839E-1,1.837495178166E-1));
#13161=DIRECTION('',(-1.E0,0.E0,0.E0));
#13162=AXIS2_PLACEMENT_3D('',#13159,#13160,#13161);
#13163=SPHERICAL_SURFACE('',#13162,6.9E-2);
#13164=ORIENTED_EDGE('',*,*,#12595,.T.);
#13165=ORIENTED_EDGE('',*,*,#13143,.T.);
#13166=ORIENTED_EDGE('',*,*,#13141,.F.);
#13167=EDGE_LOOP('',(#13164,#13165,#13166));
#13168=FACE_OUTER_BOUND('',#13167,.F.);
#13170=CARTESIAN_POINT('',(0.E0,-6.025913949484E-1,-3.731087954393E-1));
#13171=DIRECTION('',(0.E0,8.502171357296E-1,5.264321628774E-1));
#13172=DIRECTION('',(-1.E0,0.E0,0.E0));
#13173=AXIS2_PLACEMENT_3D('',#13170,#13171,#13172);
#13174=SPHERICAL_SURFACE('',#13173,6.9E-2);
#13175=ORIENTED_EDGE('',*,*,#12383,.T.);
#13177=ORIENTED_EDGE('',*,*,#13176,.F.);
#13179=ORIENTED_EDGE('',*,*,#13178,.T.);
#13180=EDGE_LOOP('',(#13175,#13177,#13179));
#13181=FACE_OUTER_BOUND('',#13180,.F.);
#13183=CARTESIAN_POINT('',(0.E0,-6.025913949484E-1,-3.731087954393E-1));
#13184=DIRECTION('',(0.E0,8.502171357296E-1,5.264321628774E-1));
#13185=DIRECTION('',(-1.E0,0.E0,0.E0));
#13186=AXIS2_PLACEMENT_3D('',#13183,#13184,#13185);
#13187=SPHERICAL_SURFACE('',#13186,6.9E-2);
#13188=ORIENTED_EDGE('',*,*,#12599,.T.);
#13190=ORIENTED_EDGE('',*,*,#13189,.T.);
#13192=ORIENTED_EDGE('',*,*,#13191,.F.);
#13193=EDGE_LOOP('',(#13188,#13190,#13192));
#13194=FACE_OUTER_BOUND('',#13193,.F.);
#13196=CARTESIAN_POINT('',(0.E0,-6.025913949484E-1,-3.731087954393E-1));
#13197=DIRECTION('',(0.E0,8.502171357296E-1,5.264321628774E-1));
#13198=DIRECTION('',(-1.E0,0.E0,0.E0));
#13199=AXIS2_PLACEMENT_3D('',#13196,#13197,#13198);
#13200=SPHERICAL_SURFACE('',#13199,6.9E-2);
#13201=ORIENTED_EDGE('',*,*,#12385,.T.);
#13202=ORIENTED_EDGE('',*,*,#13178,.F.);
#13203=ORIENTED_EDGE('',*,*,#13176,.T.);
#13204=EDGE_LOOP('',(#13201,#13202,#13203));
#13205=FACE_OUTER_BOUND('',#13204,.F.);
#13207=CARTESIAN_POINT('',(0.E0,-6.025913949484E-1,-3.731087954393E-1));
#13208=DIRECTION('',(0.E0,8.502171357296E-1,5.264321628774E-1));
#13209=DIRECTION('',(-1.E0,0.E0,0.E0));
#13210=AXIS2_PLACEMENT_3D('',#13207,#13208,#13209);
#13211=SPHERICAL_SURFACE('',#13210,6.9E-2);
#13212=ORIENTED_EDGE('',*,*,#12601,.T.);
#13213=ORIENTED_EDGE('',*,*,#13191,.T.);
#13214=ORIENTED_EDGE('',*,*,#13189,.F.);
#13215=EDGE_LOOP('',(#13212,#13213,#13214));
#13216=FACE_OUTER_BOUND('',#13215,.F.);
#13218=CARTESIAN_POINT('',(0.E0,6.608896925903E-1,-2.560300309101E-1));
#13219=DIRECTION('',(0.E0,-9.324722294044E-1,3.612416661872E-1));
#13220=DIRECTION('',(-1.E0,0.E0,0.E0));
#13221=AXIS2_PLACEMENT_3D('',#13218,#13219,#13220);
#13222=SPHERICAL_SURFACE('',#13221,6.9E-2);
#13223=ORIENTED_EDGE('',*,*,#12389,.T.);
#13225=ORIENTED_EDGE('',*,*,#13224,.F.);
#13227=ORIENTED_EDGE('',*,*,#13226,.T.);
#13228=EDGE_LOOP('',(#13223,#13225,#13227));
#13229=FACE_OUTER_BOUND('',#13228,.F.);
#13231=CARTESIAN_POINT('',(0.E0,6.608896925903E-1,-2.560300309101E-1));
#13232=DIRECTION('',(0.E0,-9.324722294044E-1,3.612416661872E-1));
#13233=DIRECTION('',(-1.E0,0.E0,0.E0));
#13234=AXIS2_PLACEMENT_3D('',#13231,#13232,#13233);
#13235=SPHERICAL_SURFACE('',#13234,6.9E-2);
#13236=ORIENTED_EDGE('',*,*,#12605,.T.);
#13238=ORIENTED_EDGE('',*,*,#13237,.T.);
#13240=ORIENTED_EDGE('',*,*,#13239,.F.);
#13241=EDGE_LOOP('',(#13236,#13238,#13240));
#13242=FACE_OUTER_BOUND('',#13241,.F.);
#13244=CARTESIAN_POINT('',(0.E0,6.608896925903E-1,-2.560300309101E-1));
#13245=DIRECTION('',(0.E0,-9.324722294044E-1,3.612416661872E-1));
#13246=DIRECTION('',(-1.E0,0.E0,0.E0));
#13247=AXIS2_PLACEMENT_3D('',#13244,#13245,#13246);
#13248=SPHERICAL_SURFACE('',#13247,6.9E-2);
#13249=ORIENTED_EDGE('',*,*,#12391,.T.);
#13250=ORIENTED_EDGE('',*,*,#13226,.F.);
#13251=ORIENTED_EDGE('',*,*,#13224,.T.);
#13252=EDGE_LOOP('',(#13249,#13250,#13251));
#13253=FACE_OUTER_BOUND('',#13252,.F.);
#13255=CARTESIAN_POINT('',(0.E0,6.608896925903E-1,-2.560300309101E-1));
#13256=DIRECTION('',(0.E0,-9.324722294044E-1,3.612416661872E-1));
#13257=DIRECTION('',(-1.E0,0.E0,0.E0));
#13258=AXIS2_PLACEMENT_3D('',#13255,#13256,#13257);
#13259=SPHERICAL_SURFACE('',#13258,6.9E-2);
#13260=ORIENTED_EDGE('',*,*,#12607,.T.);
#13261=ORIENTED_EDGE('',*,*,#13239,.T.);
#13262=ORIENTED_EDGE('',*,*,#13237,.F.);
#13263=EDGE_LOOP('',(#13260,#13261,#13262));
#13264=FACE_OUTER_BOUND('',#13263,.F.);
#13266=CARTESIAN_POINT('',(0.E0,6.539519976962E-2,-7.057265974491E-1));
#13267=DIRECTION('',(0.E0,-9.226835946330E-2,9.957341762950E-1));
#13268=DIRECTION('',(-1.E0,0.E0,0.E0));
#13269=AXIS2_PLACEMENT_3D('',#13266,#13267,#13268);
#13270=SPHERICAL_SURFACE('',#13269,6.9E-2);
#13272=ORIENTED_EDGE('',*,*,#13271,.F.);
#13274=ORIENTED_EDGE('',*,*,#13273,.T.);
#13275=ORIENTED_EDGE('',*,*,#12395,.T.);
#13276=EDGE_LOOP('',(#13272,#13274,#13275));
#13277=FACE_OUTER_BOUND('',#13276,.F.);
#13279=CARTESIAN_POINT('',(0.E0,6.539519976962E-2,-7.057265974491E-1));
#13280=DIRECTION('',(0.E0,-9.226835946330E-2,9.957341762950E-1));
#13281=DIRECTION('',(-1.E0,0.E0,0.E0));
#13282=AXIS2_PLACEMENT_3D('',#13279,#13280,#13281);
#13283=SPHERICAL_SURFACE('',#13282,6.9E-2);
#13285=ORIENTED_EDGE('',*,*,#13284,.F.);
#13286=ORIENTED_EDGE('',*,*,#12611,.T.);
#13288=ORIENTED_EDGE('',*,*,#13287,.T.);
#13289=EDGE_LOOP('',(#13285,#13286,#13288));
#13290=FACE_OUTER_BOUND('',#13289,.F.);
#13292=CARTESIAN_POINT('',(0.E0,6.539519976962E-2,-7.057265974491E-1));
#13293=DIRECTION('',(0.E0,-9.226835946330E-2,9.957341762950E-1));
#13294=DIRECTION('',(-1.E0,0.E0,0.E0));
#13295=AXIS2_PLACEMENT_3D('',#13292,#13293,#13294);
#13296=SPHERICAL_SURFACE('',#13295,6.9E-2);
#13297=ORIENTED_EDGE('',*,*,#13271,.T.);
#13298=ORIENTED_EDGE('',*,*,#12397,.T.);
#13299=ORIENTED_EDGE('',*,*,#13273,.F.);
#13300=EDGE_LOOP('',(#13297,#13298,#13299));
#13301=FACE_OUTER_BOUND('',#13300,.F.);
#13303=CARTESIAN_POINT('',(0.E0,6.539519976962E-2,-7.057265974491E-1));
#13304=DIRECTION('',(0.E0,-9.226835946330E-2,9.957341762950E-1));
#13305=DIRECTION('',(-1.E0,0.E0,0.E0));
#13306=AXIS2_PLACEMENT_3D('',#13303,#13304,#13305);
#13307=SPHERICAL_SURFACE('',#13306,6.9E-2);
#13308=ORIENTED_EDGE('',*,*,#13284,.T.);
#13309=ORIENTED_EDGE('',*,*,#13287,.F.);
#13310=ORIENTED_EDGE('',*,*,#12613,.T.);
#13311=EDGE_LOOP('',(#13308,#13309,#13310));
#13312=FACE_OUTER_BOUND('',#13311,.F.);
#13314=CARTESIAN_POINT('',(0.E0,5.237725700801E-1,-4.774817874345E-1));
#13315=DIRECTION('',(0.E0,-7.390089172207E-1,6.736956436466E-1));
#13316=DIRECTION('',(-1.E0,0.E0,0.E0));
#13317=AXIS2_PLACEMENT_3D('',#13314,#13315,#13316);
#13318=SPHERICAL_SURFACE('',#13317,6.9E-2);
#13320=ORIENTED_EDGE('',*,*,#13319,.F.);
#13322=ORIENTED_EDGE('',*,*,#13321,.T.);
#13323=ORIENTED_EDGE('',*,*,#12405,.T.);
#13324=EDGE_LOOP('',(#13320,#13322,#13323));
#13325=FACE_OUTER_BOUND('',#13324,.F.);
#13327=CARTESIAN_POINT('',(0.E0,5.237725700801E-1,-4.774817874345E-1));
#13328=DIRECTION('',(0.E0,-7.390089172207E-1,6.736956436466E-1));
#13329=DIRECTION('',(-1.E0,0.E0,0.E0));
#13330=AXIS2_PLACEMENT_3D('',#13327,#13328,#13329);
#13331=SPHERICAL_SURFACE('',#13330,6.9E-2);
#13333=ORIENTED_EDGE('',*,*,#13332,.F.);
#13334=ORIENTED_EDGE('',*,*,#12621,.T.);
#13336=ORIENTED_EDGE('',*,*,#13335,.T.);
#13337=EDGE_LOOP('',(#13333,#13334,#13336));
#13338=FACE_OUTER_BOUND('',#13337,.F.);
#13340=CARTESIAN_POINT('',(0.E0,5.237725700801E-1,-4.774817874345E-1));
#13341=DIRECTION('',(0.E0,-7.390089172207E-1,6.736956436466E-1));
#13342=DIRECTION('',(-1.E0,0.E0,0.E0));
#13343=AXIS2_PLACEMENT_3D('',#13340,#13341,#13342);
#13344=SPHERICAL_SURFACE('',#13343,6.9E-2);
#13345=ORIENTED_EDGE('',*,*,#13319,.T.);
#13346=ORIENTED_EDGE('',*,*,#12407,.T.);
#13347=ORIENTED_EDGE('',*,*,#13321,.F.);
#13348=EDGE_LOOP('',(#13345,#13346,#13347));
#13349=FACE_OUTER_BOUND('',#13348,.F.);
#13351=CARTESIAN_POINT('',(0.E0,5.237725700801E-1,-4.774817874345E-1));
#13352=DIRECTION('',(0.E0,-7.390089172207E-1,6.736956436466E-1));
#13353=DIRECTION('',(-1.E0,0.E0,0.E0));
#13354=AXIS2_PLACEMENT_3D('',#13351,#13352,#13353);
#13355=SPHERICAL_SURFACE('',#13354,6.9E-2);
#13356=ORIENTED_EDGE('',*,*,#13332,.T.);
#13357=ORIENTED_EDGE('',*,*,#13335,.F.);
#13358=ORIENTED_EDGE('',*,*,#12623,.T.);
#13359=EDGE_LOOP('',(#13356,#13357,#13358));
#13360=FACE_OUTER_BOUND('',#13359,.F.);
#13362=CARTESIAN_POINT('',(0.E0,-4.271172985338E-1,-5.655947098349E-1));
#13363=DIRECTION('',(0.E0,6.026346363793E-1,7.980172272802E-1));
#13364=DIRECTION('',(-1.E0,0.E0,0.E0));
#13365=AXIS2_PLACEMENT_3D('',#13362,#13363,#13364);
#13366=SPHERICAL_SURFACE('',#13365,6.9E-2);
#13368=ORIENTED_EDGE('',*,*,#13367,.F.);
#13370=ORIENTED_EDGE('',*,*,#13369,.T.);
#13371=ORIENTED_EDGE('',*,*,#12411,.T.);
#13372=EDGE_LOOP('',(#13368,#13370,#13371));
#13373=FACE_OUTER_BOUND('',#13372,.F.);
#13375=CARTESIAN_POINT('',(0.E0,-4.271172985338E-1,-5.655947098349E-1));
#13376=DIRECTION('',(0.E0,6.026346363793E-1,7.980172272802E-1));
#13377=DIRECTION('',(-1.E0,0.E0,0.E0));
#13378=AXIS2_PLACEMENT_3D('',#13375,#13376,#13377);
#13379=SPHERICAL_SURFACE('',#13378,6.9E-2);
#13381=ORIENTED_EDGE('',*,*,#13380,.F.);
#13382=ORIENTED_EDGE('',*,*,#12627,.T.);
#13384=ORIENTED_EDGE('',*,*,#13383,.T.);
#13385=EDGE_LOOP('',(#13381,#13382,#13384));
#13386=FACE_OUTER_BOUND('',#13385,.F.);
#13388=CARTESIAN_POINT('',(0.E0,-4.271172985338E-1,-5.655947098349E-1));
#13389=DIRECTION('',(0.E0,6.026346363793E-1,7.980172272802E-1));
#13390=DIRECTION('',(-1.E0,0.E0,0.E0));
#13391=AXIS2_PLACEMENT_3D('',#13388,#13389,#13390);
#13392=SPHERICAL_SURFACE('',#13391,6.9E-2);
#13393=ORIENTED_EDGE('',*,*,#13367,.T.);
#13394=ORIENTED_EDGE('',*,*,#12413,.T.);
#13395=ORIENTED_EDGE('',*,*,#13369,.F.);
#13396=EDGE_LOOP('',(#13393,#13394,#13395));
#13397=FACE_OUTER_BOUND('',#13396,.F.);
#13399=CARTESIAN_POINT('',(0.E0,-4.271172985338E-1,-5.655947098349E-1));
#13400=DIRECTION('',(0.E0,6.026346363793E-1,7.980172272802E-1));
#13401=DIRECTION('',(-1.E0,0.E0,0.E0));
#13402=AXIS2_PLACEMENT_3D('',#13399,#13400,#13401);
#13403=SPHERICAL_SURFACE('',#13402,6.9E-2);
#13404=ORIENTED_EDGE('',*,*,#13380,.T.);
#13405=ORIENTED_EDGE('',*,*,#13383,.F.);
#13406=ORIENTED_EDGE('',*,*,#12629,.T.);
#13407=EDGE_LOOP('',(#13404,#13405,#13406));
#13408=FACE_OUTER_BOUND('',#13407,.F.);
#13410=CARTESIAN_POINT('',(0.E0,-1.939586442136E-1,-6.816939245987E-1));
#13411=DIRECTION('',(0.E0,2.736629900721E-1,9.618256431728E-1));
#13412=DIRECTION('',(-1.E0,0.E0,0.E0));
#13413=AXIS2_PLACEMENT_3D('',#13410,#13411,#13412);
#13414=SPHERICAL_SURFACE('',#13413,6.9E-2);
#13416=ORIENTED_EDGE('',*,*,#13415,.F.);
#13418=ORIENTED_EDGE('',*,*,#13417,.T.);
#13419=ORIENTED_EDGE('',*,*,#12417,.T.);
#13420=EDGE_LOOP('',(#13416,#13418,#13419));
#13421=FACE_OUTER_BOUND('',#13420,.F.);
#13423=CARTESIAN_POINT('',(0.E0,-1.939586442136E-1,-6.816939245987E-1));
#13424=DIRECTION('',(0.E0,2.736629900721E-1,9.618256431728E-1));
#13425=DIRECTION('',(-1.E0,0.E0,0.E0));
#13426=AXIS2_PLACEMENT_3D('',#13423,#13424,#13425);
#13427=SPHERICAL_SURFACE('',#13426,6.9E-2);
#13429=ORIENTED_EDGE('',*,*,#13428,.F.);
#13430=ORIENTED_EDGE('',*,*,#12633,.T.);
#13432=ORIENTED_EDGE('',*,*,#13431,.T.);
#13433=EDGE_LOOP('',(#13429,#13430,#13432));
#13434=FACE_OUTER_BOUND('',#13433,.F.);
#13436=CARTESIAN_POINT('',(0.E0,-1.939586442136E-1,-6.816939245987E-1));
#13437=DIRECTION('',(0.E0,2.736629900721E-1,9.618256431728E-1));
#13438=DIRECTION('',(-1.E0,0.E0,0.E0));
#13439=AXIS2_PLACEMENT_3D('',#13436,#13437,#13438);
#13440=SPHERICAL_SURFACE('',#13439,6.9E-2);
#13441=ORIENTED_EDGE('',*,*,#13415,.T.);
#13442=ORIENTED_EDGE('',*,*,#12419,.T.);
#13443=ORIENTED_EDGE('',*,*,#13417,.F.);
#13444=EDGE_LOOP('',(#13441,#13442,#13443));
#13445=FACE_OUTER_BOUND('',#13444,.F.);
#13447=CARTESIAN_POINT('',(0.E0,-1.939586442136E-1,-6.816939245987E-1));
#13448=DIRECTION('',(0.E0,2.736629900721E-1,9.618256431728E-1));
#13449=DIRECTION('',(-1.E0,0.E0,0.E0));
#13450=AXIS2_PLACEMENT_3D('',#13447,#13448,#13449);
#13451=SPHERICAL_SURFACE('',#13450,6.9E-2);
#13452=ORIENTED_EDGE('',*,*,#13428,.T.);
#13453=ORIENTED_EDGE('',*,*,#13431,.F.);
#13454=ORIENTED_EDGE('',*,*,#12635,.T.);
#13455=EDGE_LOOP('',(#13452,#13453,#13454));
#13456=FACE_OUTER_BOUND('',#13455,.F.);
#13458=CLOSED_SHELL('',(#12319,#12333,#12345,#12357,#12423,#12443,#12457,#12469,
#12481,#12545,#12568,#12639,#12709,#12730,#12750,#12763,#12774,#12785,#12798,
#12811,#12822,#12833,#12846,#12859,#12870,#12881,#12894,#12907,#12918,#12929,
#12942,#12955,#12966,#12977,#12990,#13003,#13014,#13025,#13038,#13051,#13062,
#13073,#13086,#13099,#13110,#13121,#13134,#13147,#13158,#13169,#13182,#13195,
#13206,#13217,#13230,#13243,#13254,#13265,#13278,#13291,#13302,#13313,#13326,
#13339,#13350,#13361,#13374,#13387,#13398,#13409,#13422,#13435,#13446,#13457));
#13459=MANIFOLD_SOLID_BREP('',#13458);
#13460=CARTESIAN_POINT('',(5.E-3,0.E0,0.E0));
#13461=DIRECTION('',(1.E0,0.E0,0.E0));
#13462=DIRECTION('',(0.E0,0.E0,-1.E0));
#13463=AXIS2_PLACEMENT_3D('',#13460,#13461,#13462);
#13465=CARTESIAN_POINT('',(-5.E-3,0.E0,0.E0));
#13466=DIRECTION('',(-1.E0,0.E0,0.E0));
#13467=DIRECTION('',(0.E0,0.E0,1.E0));
#13468=AXIS2_PLACEMENT_3D('',#13465,#13466,#13467);
#13470=DIRECTION('',(-1.E0,0.E0,0.E0));
#13471=VECTOR('',#13470,1.E-2);
#13472=CARTESIAN_POINT('',(5.E-3,0.E0,-8.22E-1));
#13473=LINE('',#13472,#13471);
#13474=CARTESIAN_POINT('',(5.E-3,0.E0,0.E0));
#13475=DIRECTION('',(1.E0,0.E0,0.E0));
#13476=DIRECTION('',(0.E0,0.E0,1.E0));
#13477=AXIS2_PLACEMENT_3D('',#13474,#13475,#13476);
#13479=CARTESIAN_POINT('',(-5.E-3,0.E0,0.E0));
#13480=DIRECTION('',(-1.E0,0.E0,0.E0));
#13481=DIRECTION('',(0.E0,0.E0,-1.E0));
#13482=AXIS2_PLACEMENT_3D('',#13479,#13480,#13481);
#13484=DIRECTION('',(-1.E0,0.E0,0.E0));
#13485=VECTOR('',#13484,1.E-2);
#13486=CARTESIAN_POINT('',(5.E-3,0.E0,8.22E-1));
#13487=LINE('',#13486,#13485);
#13488=CARTESIAN_POINT('',(5.E-3,0.E0,8.22E-1));
#13489=CARTESIAN_POINT('',(5.E-3,0.E0,-8.22E-1));
#13490=VERTEX_POINT('',#13488);
#13491=VERTEX_POINT('',#13489);
#13492=CARTESIAN_POINT('',(-5.E-3,0.E0,8.22E-1));
#13493=CARTESIAN_POINT('',(-5.E-3,0.E0,-8.22E-1));
#13494=VERTEX_POINT('',#13492);
#13495=VERTEX_POINT('',#13493);
#13496=CARTESIAN_POINT('',(5.E-3,0.E0,0.E0));
#13497=DIRECTION('',(1.E0,0.E0,0.E0));
#13498=DIRECTION('',(0.E0,0.E0,1.E0));
#13499=AXIS2_PLACEMENT_3D('',#13496,#13497,#13498);
#13500=CYLINDRICAL_SURFACE('',#13499,8.22E-1);
#13502=ORIENTED_EDGE('',*,*,#13501,.T.);
#13504=ORIENTED_EDGE('',*,*,#13503,.T.);
#13506=ORIENTED_EDGE('',*,*,#13505,.T.);
#13508=ORIENTED_EDGE('',*,*,#13507,.F.);
#13509=EDGE_LOOP('',(#13502,#13504,#13506,#13508));
#13510=FACE_OUTER_BOUND('',#13509,.F.);
#13512=CARTESIAN_POINT('',(5.E-3,0.E0,0.E0));
#13513=DIRECTION('',(1.E0,0.E0,0.E0));
#13514=DIRECTION('',(0.E0,0.E0,1.E0));
#13515=AXIS2_PLACEMENT_3D('',#13512,#13513,#13514);
#13516=CYLINDRICAL_SURFACE('',#13515,8.22E-1);
#13518=ORIENTED_EDGE('',*,*,#13517,.T.);
#13519=ORIENTED_EDGE('',*,*,#13507,.T.);
#13521=ORIENTED_EDGE('',*,*,#13520,.T.);
#13522=ORIENTED_EDGE('',*,*,#13503,.F.);
#13523=EDGE_LOOP('',(#13518,#13519,#13521,#13522));
#13524=FACE_OUTER_BOUND('',#13523,.F.);
#13526=OPEN_SHELL('',(#13511,#13525));
#13527=SHELL_BASED_SURFACE_MODEL('',(#13526));
#13528=PRESENTATION_LAYER_ASSIGNMENT('06___PRT_ALL_SURFS','',(#13526));
#13529=INVISIBILITY((#13528));
#13531=LENGTH_MEASURE_WITH_UNIT(LENGTH_MEASURE(2.54E1),#13530);
#13532=(CONVERSION_BASED_UNIT('INCH',#13531)LENGTH_UNIT()NAMED_UNIT(*));
#13534=PLANE_ANGLE_MEASURE_WITH_UNIT(PLANE_ANGLE_MEASURE(1.745329251994E-2),
#13533);
#13535=(CONVERSION_BASED_UNIT('DEGREE',#13534)NAMED_UNIT(*)PLANE_ANGLE_UNIT());
#13537=UNCERTAINTY_MEASURE_WITH_UNIT(LENGTH_MEASURE(2.355425880274E-4),#13532,
'distance_accuracy_value',
'Maximum model space distance between geometric entities at asserted connectivities');
#13541=CARTESIAN_POINT('',(0.E0,0.E0,0.E0));
#13542=DIRECTION('',(0.E0,0.E0,1.E0));
#13543=DIRECTION('',(1.E0,0.E0,0.E0));
#13546=SHAPE_REPRESENTATION_RELATIONSHIP('','',#13545,#13539);
#13547=SHAPE_REPRESENTATION_RELATIONSHIP('','',#13545,#13540);
#13548=MECHANICAL_DESIGN_GEOMETRIC_PRESENTATION_REPRESENTATION('',(#6958,#7141,
#12430,#12552,#12575,#12646,#12716,#12737),#13538);
#13549=APPLICATION_CONTEXT('automotive_design');
#13550=APPLICATION_PROTOCOL_DEFINITION('international standard',
'automotive_design',2001,#13549);
#13551=PRODUCT_DEFINITION_CONTEXT('part definition',#13549,'design');
#13552=PRODUCT_CONTEXT('',#13549,'mechanical');
#13553=PRODUCT('6806-2RS','6806-2RS','NOT SPECIFIED',(#13552));
#13554=PRODUCT_DEFINITION_FORMATION('82','LAST_VERSION',#13553);
#13562=LENGTH_MEASURE_WITH_UNIT(LENGTH_MEASURE(2.54E1),#13561);
#13563=(CONVERSION_BASED_UNIT('INCH',#13562)LENGTH_UNIT()NAMED_UNIT(*));
#13564=DERIVED_UNIT_ELEMENT(#13563,2.E0);
#13565=DERIVED_UNIT((#13564));
#13566=MEASURE_REPRESENTATION_ITEM('surface area measure',AREA_MEASURE(
5.164778322502E-2),#13565);
#13571=LENGTH_MEASURE_WITH_UNIT(LENGTH_MEASURE(2.54E1),#13570);
#13572=(CONVERSION_BASED_UNIT('INCH',#13571)LENGTH_UNIT()NAMED_UNIT(*));
#13573=DERIVED_UNIT_ELEMENT(#13572,2.E0);
#13574=DERIVED_UNIT((#13573));
#13575=MEASURE_REPRESENTATION_ITEM('surface area measure',AREA_MEASURE(
9.938289755975E0),#13574);
#13580=LENGTH_MEASURE_WITH_UNIT(LENGTH_MEASURE(2.54E1),#13579);
#13581=(CONVERSION_BASED_UNIT('INCH',#13580)LENGTH_UNIT()NAMED_UNIT(*));
#13582=DERIVED_UNIT_ELEMENT(#13581,3.E0);
#13583=DERIVED_UNIT((#13582));
#13584=MEASURE_REPRESENTATION_ITEM('volume measure',VOLUME_MEASURE(
2.121551626034E-1),#13583);
#13588=CARTESIAN_POINT('centre point',(-1.899067504116E-7,3.525780022449E-5,
-2.793350497794E-4));
#13593=PRODUCT_RELATED_PRODUCT_CATEGORY('part','',(#13553));
#13595=GENERAL_PROPERTY('','DESCRIPTION','user defined attribute');
#13596=GENERAL_PROPERTY_ASSOCIATION('user defined attribute','',#13595,#13594);
#13597=DESCRIPTIVE_REPRESENTATION_ITEM('DESCRIPTION','');
#13601=GENERAL_PROPERTY('','MODELED_BY','user defined attribute');
#13602=GENERAL_PROPERTY_ASSOCIATION('user defined attribute','',#13601,#13600);
#13603=DESCRIPTIVE_REPRESENTATION_ITEM('MODELED_BY','');
#1=COLOUR_RGB('',0.E0,0.E0,5.01961E-1);
#2=COLOUR_RGB('',0.E0,9.4118E-2,9.76471E-1);
#3=DRAUGHTING_PRE_DEFINED_COLOUR('green');
#4=COLOUR_RGB('',1.1E-2,1.2E-2,1.E0);
#5=COLOUR_RGB('',6.2745E-2,3.68627E-1,1.41176E-1);
#6=COLOUR_RGB('',1.1E-1,1.2E-1,1.3E-1);
#7=COLOUR_RGB('',1.80392E-1,2.07843E-1,1.80392E-1);
#8=COLOUR_RGB('',1.80392E-1,6.E-1,5.72549E-1);
#9=COLOUR_RGB('',2.E-1,2.E-1,2.1E-1);
#10=COLOUR_RGB('',2.31373E-1,6.94118E-1,2.62745E-1);
#11=COLOUR_RGB('',2.4E-1,2.4E-1,2.4E-1);
#12=COLOUR_RGB('',3.3E-1,5.6E-1,5.8E-1);
#13=COLOUR_RGB('',3.4902E-1,3.4902E-1,3.4902E-1);
#14=COLOUR_RGB('',3.52941E-1,3.4902E-1,3.41176E-1);
#15=COLOUR_RGB('',3.92157E-1,0.E0,3.92157E-1);
#16=COLOUR_RGB('',3.92E-1,1.2E-2,1.2E-2);
#17=COLOUR_RGB('',3.96078E-1,4.03922E-1,3.84314E-1);
#18=COLOUR_RGB('',4.1E-1,0.E0,2.2E-1);
#19=COLOUR_RGB('',4.23529E-1,4.23529E-1,4.23529E-1);
#20=COLOUR_RGB('',4.6E-1,3.3E-1,1.1E-1);
#21=COLOUR_RGB('',4.58824E-1,4.54902E-1,2.90196E-1);
#22=COLOUR_RGB('',4.62745E-1,4.5098E-1,4.31373E-1);
#23=COLOUR_RGB('',4.62745E-1,5.09804E-1,5.01961E-1);
#24=COLOUR_RGB('',4.86275E-1,2.78431E-1,0.E0);
#25=COLOUR_RGB('',5.E-1,7.05882E-1,7.05882E-1);
#26=COLOUR_RGB('',5.05882E-1,4.78431E-1,4.07843E-1);
#27=COLOUR_RGB('',5.05882E-1,4.90196E-1,3.68627E-1);
#28=COLOUR_RGB('',5.17647E-1,6.5098E-1,7.56863E-1);
#29=COLOUR_RGB('',5.2E-1,6.8E-1,6.5E-1);
#30=COLOUR_RGB('',5.23922E-1,6.23922E-1,6.33333E-1);
#31=COLOUR_RGB('',5.33333E-1,6.70588E-1,8.27451E-1);
#32=COLOUR_RGB('',5.56863E-1,5.05882E-1,3.72549E-1);
#33=COLOUR_RGB('',5.64706E-1,9.33333E-1,5.64706E-1);
#34=COLOUR_RGB('',5.76471E-1,4.43137E-1,2.5098E-1);
#35=COLOUR_RGB('',5.80392E-1,5.84314E-1,5.60784E-1);
#36=COLOUR_RGB('',5.84314E-1,5.56863E-1,4.86275E-1);
#37=COLOUR_RGB('',6.E-1,6.6E-1,6.66667E-1);
#38=COLOUR_RGB('',6.E-1,8.E-1,1.E0);
#39=COLOUR_RGB('',6.07843E-1,6.11765E-1,5.92157E-1);
#40=COLOUR_RGB('',6.11765E-1,5.37255E-1,5.01961E-1);
#41=COLOUR_RGB('',6.11765E-1,5.52941E-1,3.05882E-1);
#42=COLOUR_RGB('',6.27451E-1,6.31373E-1,6.11765E-1);
#43=COLOUR_RGB('',6.27451E-1,6.35294E-1,6.27451E-1);
#44=COLOUR_RGB('',6.27451E-1,7.09804E-1,6.27451E-1);
#45=COLOUR_RGB('',6.39216E-1,4.E-1,2.07843E-1);
#46=COLOUR_RGB('',6.39216E-1,6.5098E-1,6.98039E-1);
#47=COLOUR_RGB('',6.54902E-1,6.58824E-1,6.70588E-1);
#48=COLOUR_RGB('',6.66667E-1,4.66667E-1,3.37255E-1);
#49=COLOUR_RGB('',6.66667E-1,6.66667E-1,6.66667E-1);
#50=COLOUR_RGB('',6.66667E-1,6.98039E-1,7.2549E-1);
#51=COLOUR_RGB('',6.78431E-1,5.96078E-1,4.27451E-1);
#52=COLOUR_RGB('',6.78431E-1,6.07843E-1,3.84314E-1);
#53=COLOUR_RGB('',6.78431E-1,7.01961E-1,6.94118E-1);
#54=COLOUR_RGB('',6.86275E-1,7.21569E-1,7.2549E-1);
#55=COLOUR_RGB('',6.952E-1,7.426E-1,7.9E-1);
#56=COLOUR_RGB('',6.98039E-1,0.E0,9.29412E-1);
#57=COLOUR_RGB('',7.E-1,7.E-1,7.E-1);
#58=COLOUR_RGB('',7.01961E-1,6.94118E-1,6.90196E-1);
#59=COLOUR_RGB('',7.05882E-1,6.7451E-1,6.62745E-1);
#60=COLOUR_RGB('',7.05882E-1,6.86275E-1,6.70588E-1);
#61=COLOUR_RGB('',7.09804E-1,7.17647E-1,7.09804E-1);
#62=COLOUR_RGB('',7.17647E-1,6.23529E-1,4.94118E-1);
#63=COLOUR_RGB('',7.2E-1,8.2E-1,8.3E-1);
#64=COLOUR_RGB('',7.29412E-1,7.68627E-1,7.84314E-1);
#65=COLOUR_RGB('',7.33333E-1,6.5098E-1,5.37255E-1);
#66=COLOUR_RGB('',7.33333E-1,6.82353E-1,4.7451E-1);
#67=COLOUR_RGB('',7.45098E-1,6.35294E-1,5.96078E-1);
#68=COLOUR_RGB('',7.45098E-1,7.09804E-1,1.E-1);
#69=COLOUR_RGB('',7.49804E-1,7.49804E-1,7.49804E-1);
#70=COLOUR_RGB('',7.5E-1,7.8E-1,8.15686E-1);
#71=COLOUR_RGB('',7.68627E-1,7.72549E-1,7.88235E-1);
#72=COLOUR_RGB('',7.76471E-1,6.15686E-1,4.11765E-1);
#73=COLOUR_RGB('',7.76471E-1,7.76471E-1,7.76471E-1);
#74=COLOUR_RGB('',7.80392E-1,7.4902E-1,7.05882E-1);
#75=COLOUR_RGB('',7.84314E-1,7.84314E-1,7.84314E-1);
#76=COLOUR_RGB('',7.92157E-1,7.84314E-1,8.03922E-1);
#77=COLOUR_RGB('',7.92157E-1,8.43137E-1,8.78431E-1);
#78=COLOUR_RGB('',8.E-1,5.84314E-1,3.76471E-1);
#79=COLOUR_RGB('',8.E-1,7.52941E-1,6.23529E-1);
#80=COLOUR_RGB('',8.E-1,7.88235E-1,8.47059E-1);
#81=COLOUR_RGB('',8.15686E-1,6.98039E-1,3.37255E-1);
#82=COLOUR_RGB('',8.2E-1,5.8E-1,4.66667E-1);
#83=COLOUR_RGB('',8.27451E-1,0.E0,0.E0);
#84=COLOUR_RGB('',8.27451E-1,8.31373E-1,8.35294E-1);
#85=COLOUR_RGB('',8.5098E-1,7.09804E-1,6.66667E-1);
#86=COLOUR_RGB('',8.54902E-1,7.21569E-1,4.70588E-1);
#87=COLOUR_RGB('',8.54902E-1,7.84314E-1,6.03922E-1);
#88=COLOUR_RGB('',8.54902E-1,8.54902E-1,8.54902E-1);
#89=COLOUR_RGB('',8.70588E-1,7.01961E-1,5.80392E-1);
#90=COLOUR_RGB('',8.8E-1,5.E-1,2.E-1);
#91=COLOUR_RGB('',8.78431E-1,7.33333E-1,3.29412E-1);
#92=COLOUR_RGB('',8.8E-1,8.3E-1,5.09804E-1);
#93=COLOUR_RGB('',8.8E-1,9.1E-1,9.1E-1);
#94=COLOUR_RGB('',8.784E-1,9.49E-1,1.E0);
#95=COLOUR_RGB('',9.E-1,7.8E-1,3.4E-1);
#96=COLOUR_RGB('',9.1E-1,8.62745E-1,8.3E-1);
#97=COLOUR_RGB('',9.09804E-1,8.94118E-1,8.5098E-1);
#98=COLOUR_RGB('',9.2E-1,5.3E-1,2.5E-1);
#99=COLOUR_RGB('',9.2549E-1,6.35294E-1,2.86275E-1);
#100=COLOUR_RGB('',9.3E-1,9.2E-1,9.3E-1);
#101=COLOUR_RGB('',9.45098E-1,6.58824E-1,4.39216E-1);
#102=COLOUR_RGB('',9.6E-1,9.6E-1,9.6E-1);
#103=COLOUR_RGB('',9.68627E-1,9.68627E-1,5.37255E-1);
#104=COLOUR_RGB('',9.8E-1,6.27E-1,0.E0);
#105=COLOUR_RGB('',9.8E-1,7.3E-1,7.7E-1);
#106=COLOUR_RGB('',9.80392E-1,8.07843E-1,8.7451E-1);
#107=COLOUR_RGB('',9.88235E-1,4.E-1,0.E0);
#108=DRAUGHTING_PRE_DEFINED_COLOUR('red');
#109=COLOUR_RGB('',1.E0,7.5E-1,7.E-2);
#110=COLOUR_RGB('',1.E0,7.52941E-1,7.96078E-1);
#111=COLOUR_RGB('',1.E0,7.96078E-1,2.11765E-1);
#112=COLOUR_RGB('',1.E0,8.E-1,8.3E-1);
#113=COLOUR_RGB('',1.E0,8.15686E-1,2.94118E-1);
#114=COLOUR_RGB('',1.E0,8.43137E-1,0.E0);
#115=COLOUR_RGB('',1.E0,9.4902E-1,0.E0);
#116=DRAUGHTING_PRE_DEFINED_COLOUR('yellow');
#117=COLOUR_RGB('',1.E0,1.E0,9.49E-1);
#118=DRAUGHTING_PRE_DEFINED_COLOUR('white');
#127=CIRCLE('',#126,8.27E-1);
#132=B_SPLINE_CURVE_WITH_KNOTS('',3,(#128,#129,#130,#131),.UNSPECIFIED.,.F.,.F.,
(4,4),(0.E0,1.E0),.UNSPECIFIED.);
#137=CIRCLE('',#136,8.27E-1);
#142=CIRCLE('',#141,8.27E-1);
#147=B_SPLINE_CURVE_WITH_KNOTS('',3,(#143,#144,#145,#146),.UNSPECIFIED.,.F.,.F.,
(4,4),(0.E0,1.E0),.UNSPECIFIED.);
#152=CIRCLE('',#151,8.27E-1);
#157=B_SPLINE_CURVE_WITH_KNOTS('',3,(#153,#154,#155,#156),.UNSPECIFIED.,.F.,.F.,
(4,4),(0.E0,1.E0),.UNSPECIFIED.);
#162=CIRCLE('',#161,8.27E-1);
#167=B_SPLINE_CURVE_WITH_KNOTS('',3,(#163,#164,#165,#166),.UNSPECIFIED.,.F.,.F.,
(4,4),(0.E0,1.E0),.UNSPECIFIED.);
#172=B_SPLINE_CURVE_WITH_KNOTS('',3,(#168,#169,#170,#171),.UNSPECIFIED.,.F.,.F.,
(4,4),(0.E0,1.E0),.UNSPECIFIED.);
#177=B_SPLINE_CURVE_WITH_KNOTS('',3,(#173,#174,#175,#176),.UNSPECIFIED.,.F.,.F.,
(4,4),(0.E0,1.E0),.UNSPECIFIED.);
#182=B_SPLINE_CURVE_WITH_KNOTS('',3,(#178,#179,#180,#181),.UNSPECIFIED.,.F.,.F.,
(4,4),(0.E0,1.E0),.UNSPECIFIED.);
#191=B_SPLINE_CURVE_WITH_KNOTS('',3,(#187,#188,#189,#190),.UNSPECIFIED.,.F.,.F.,
(4,4),(0.E0,1.E0),.UNSPECIFIED.);
#196=B_SPLINE_CURVE_WITH_KNOTS('',3,(#192,#193,#194,#195),.UNSPECIFIED.,.F.,.F.,
(4,4),(0.E0,1.E0),.UNSPECIFIED.);
#201=B_SPLINE_CURVE_WITH_KNOTS('',3,(#197,#198,#199,#200),.UNSPECIFIED.,.F.,.F.,
(4,4),(0.E0,1.E0),.UNSPECIFIED.);
#206=B_SPLINE_CURVE_WITH_KNOTS('',3,(#202,#203,#204,#205),.UNSPECIFIED.,.F.,.F.,
(4,4),(0.E0,1.E0),.UNSPECIFIED.);
#211=CIRCLE('',#210,8.27E-1);
#216=B_SPLINE_CURVE_WITH_KNOTS('',3,(#212,#213,#214,#215),.UNSPECIFIED.,.F.,.F.,
(4,4),(0.E0,1.E0),.UNSPECIFIED.);
#221=B_SPLINE_CURVE_WITH_KNOTS('',3,(#217,#218,#219,#220),.UNSPECIFIED.,.F.,.F.,
(4,4),(0.E0,1.E0),.UNSPECIFIED.);
#226=B_SPLINE_CURVE_WITH_KNOTS('',3,(#222,#223,#224,#225),.UNSPECIFIED.,.F.,.F.,
(4,4),(0.E0,1.E0),.UNSPECIFIED.);
#235=B_SPLINE_CURVE_WITH_KNOTS('',3,(#231,#232,#233,#234),.UNSPECIFIED.,.F.,.F.,
(4,4),(0.E0,1.E0),.UNSPECIFIED.);
#240=B_SPLINE_CURVE_WITH_KNOTS('',3,(#236,#237,#238,#239),.UNSPECIFIED.,.F.,.F.,
(4,4),(0.E0,1.E0),.UNSPECIFIED.);
#245=B_SPLINE_CURVE_WITH_KNOTS('',3,(#241,#242,#243,#244),.UNSPECIFIED.,.F.,.F.,
(4,4),(0.E0,1.E0),.UNSPECIFIED.);
#250=CIRCLE('',#249,8.27E-1);
#255=B_SPLINE_CURVE_WITH_KNOTS('',3,(#251,#252,#253,#254),.UNSPECIFIED.,.F.,.F.,
(4,4),(0.E0,1.E0),.UNSPECIFIED.);
#260=B_SPLINE_CURVE_WITH_KNOTS('',3,(#256,#257,#258,#259),.UNSPECIFIED.,.F.,.F.,
(4,4),(0.E0,1.E0),.UNSPECIFIED.);
#265=B_SPLINE_CURVE_WITH_KNOTS('',3,(#261,#262,#263,#264),.UNSPECIFIED.,.F.,.F.,
(4,4),(0.E0,1.E0),.UNSPECIFIED.);
#270=CIRCLE('',#269,8.27E-1);
#275=B_SPLINE_CURVE_WITH_KNOTS('',3,(#271,#272,#273,#274),.UNSPECIFIED.,.F.,.F.,
(4,4),(0.E0,1.E0),.UNSPECIFIED.);
#280=B_SPLINE_CURVE_WITH_KNOTS('',3,(#276,#277,#278,#279),.UNSPECIFIED.,.F.,.F.,
(4,4),(0.E0,1.E0),.UNSPECIFIED.);
#285=B_SPLINE_CURVE_WITH_KNOTS('',3,(#281,#282,#283,#284),.UNSPECIFIED.,.F.,.F.,
(4,4),(0.E0,1.E0),.UNSPECIFIED.);
#290=B_SPLINE_CURVE_WITH_KNOTS('',3,(#286,#287,#288,#289),.UNSPECIFIED.,.F.,.F.,
(4,4),(0.E0,1.E0),.UNSPECIFIED.);
#295=CIRCLE('',#294,8.27E-1);
#300=B_SPLINE_CURVE_WITH_KNOTS('',3,(#296,#297,#298,#299),.UNSPECIFIED.,.F.,.F.,
(4,4),(0.E0,1.E0),.UNSPECIFIED.);
#305=B_SPLINE_CURVE_WITH_KNOTS('',3,(#301,#302,#303,#304),.UNSPECIFIED.,.F.,.F.,
(4,4),(0.E0,1.E0),.UNSPECIFIED.);
#310=B_SPLINE_CURVE_WITH_KNOTS('',3,(#306,#307,#308,#309),.UNSPECIFIED.,.F.,.F.,
(4,4),(0.E0,1.E0),.UNSPECIFIED.);
#315=B_SPLINE_CURVE_WITH_KNOTS('',3,(#311,#312,#313,#314),.UNSPECIFIED.,.F.,.F.,
(4,4),(0.E0,1.E0),.UNSPECIFIED.);
#324=B_SPLINE_CURVE_WITH_KNOTS('',3,(#320,#321,#322,#323),.UNSPECIFIED.,.F.,.F.,
(4,4),(0.E0,1.E0),.UNSPECIFIED.);
#329=B_SPLINE_CURVE_WITH_KNOTS('',3,(#325,#326,#327,#328),.UNSPECIFIED.,.F.,.F.,
(4,4),(0.E0,1.E0),.UNSPECIFIED.);
#334=B_SPLINE_CURVE_WITH_KNOTS('',3,(#330,#331,#332,#333),.UNSPECIFIED.,.F.,.F.,
(4,4),(0.E0,1.E0),.UNSPECIFIED.);
#339=B_SPLINE_CURVE_WITH_KNOTS('',3,(#335,#336,#337,#338),.UNSPECIFIED.,.F.,.F.,
(4,4),(0.E0,1.E0),.UNSPECIFIED.);
#344=CIRCLE('',#343,8.27E-1);
#349=B_SPLINE_CURVE_WITH_KNOTS('',3,(#345,#346,#347,#348),.UNSPECIFIED.,.F.,.F.,
(4,4),(0.E0,1.E0),.UNSPECIFIED.);
#354=B_SPLINE_CURVE_WITH_KNOTS('',3,(#350,#351,#352,#353),.UNSPECIFIED.,.F.,.F.,
(4,4),(0.E0,1.E0),.UNSPECIFIED.);
#359=B_SPLINE_CURVE_WITH_KNOTS('',3,(#355,#356,#357,#358),.UNSPECIFIED.,.F.,.F.,
(4,4),(0.E0,1.E0),.UNSPECIFIED.);
#368=B_SPLINE_CURVE_WITH_KNOTS('',3,(#364,#365,#366,#367),.UNSPECIFIED.,.F.,.F.,
(4,4),(0.E0,1.E0),.UNSPECIFIED.);
#373=B_SPLINE_CURVE_WITH_KNOTS('',3,(#369,#370,#371,#372),.UNSPECIFIED.,.F.,.F.,
(4,4),(0.E0,1.E0),.UNSPECIFIED.);
#378=B_SPLINE_CURVE_WITH_KNOTS('',3,(#374,#375,#376,#377),.UNSPECIFIED.,.F.,.F.,
(4,4),(0.E0,1.E0),.UNSPECIFIED.);
#383=CIRCLE('',#382,8.27E-1);
#388=B_SPLINE_CURVE_WITH_KNOTS('',3,(#384,#385,#386,#387),.UNSPECIFIED.,.F.,.F.,
(4,4),(0.E0,1.E0),.UNSPECIFIED.);
#393=B_SPLINE_CURVE_WITH_KNOTS('',3,(#389,#390,#391,#392),.UNSPECIFIED.,.F.,.F.,
(4,4),(0.E0,1.E0),.UNSPECIFIED.);
#398=B_SPLINE_CURVE_WITH_KNOTS('',3,(#394,#395,#396,#397),.UNSPECIFIED.,.F.,.F.,
(4,4),(0.E0,1.E0),.UNSPECIFIED.);
#403=CIRCLE('',#402,8.27E-1);
#408=B_SPLINE_CURVE_WITH_KNOTS('',3,(#404,#405,#406,#407),.UNSPECIFIED.,.F.,.F.,
(4,4),(0.E0,1.E0),.UNSPECIFIED.);
#413=B_SPLINE_CURVE_WITH_KNOTS('',3,(#409,#410,#411,#412),.UNSPECIFIED.,.F.,.F.,
(4,4),(0.E0,1.E0),.UNSPECIFIED.);
#418=B_SPLINE_CURVE_WITH_KNOTS('',3,(#414,#415,#416,#417),.UNSPECIFIED.,.F.,.F.,
(4,4),(0.E0,1.E0),.UNSPECIFIED.);
#423=B_SPLINE_CURVE_WITH_KNOTS('',3,(#419,#420,#421,#422),.UNSPECIFIED.,.F.,.F.,
(4,4),(0.E0,1.E0),.UNSPECIFIED.);
#428=CIRCLE('',#427,8.27E-1);
#433=B_SPLINE_CURVE_WITH_KNOTS('',3,(#429,#430,#431,#432),.UNSPECIFIED.,.F.,.F.,
(4,4),(0.E0,1.E0),.UNSPECIFIED.);
#438=CIRCLE('',#437,8.27E-1);
#447=CIRCLE('',#446,8.27E-1);
#456=CIRCLE('',#455,8.27E-1);
#465=CIRCLE('',#464,8.27E-1);
#474=B_SPLINE_CURVE_WITH_KNOTS('',3,(#470,#471,#472,#473),.UNSPECIFIED.,.F.,.F.,
(4,4),(0.E0,1.E0),.UNSPECIFIED.);
#479=B_SPLINE_CURVE_WITH_KNOTS('',3,(#475,#476,#477,#478),.UNSPECIFIED.,.F.,.F.,
(4,4),(0.E0,1.E0),.UNSPECIFIED.);
#484=B_SPLINE_CURVE_WITH_KNOTS('',3,(#480,#481,#482,#483),.UNSPECIFIED.,.F.,.F.,
(4,4),(0.E0,1.E0),.UNSPECIFIED.);
#489=B_SPLINE_CURVE_WITH_KNOTS('',3,(#485,#486,#487,#488),.UNSPECIFIED.,.F.,.F.,
(4,4),(0.E0,1.E0),.UNSPECIFIED.);
#498=B_SPLINE_CURVE_WITH_KNOTS('',3,(#494,#495,#496,#497),.UNSPECIFIED.,.F.,.F.,
(4,4),(0.E0,1.E0),.UNSPECIFIED.);
#503=B_SPLINE_CURVE_WITH_KNOTS('',3,(#499,#500,#501,#502),.UNSPECIFIED.,.F.,.F.,
(4,4),(0.E0,1.E0),.UNSPECIFIED.);
#508=B_SPLINE_CURVE_WITH_KNOTS('',3,(#504,#505,#506,#507),.UNSPECIFIED.,.F.,.F.,
(4,4),(0.E0,1.E0),.UNSPECIFIED.);
#513=B_SPLINE_CURVE_WITH_KNOTS('',3,(#509,#510,#511,#512),.UNSPECIFIED.,.F.,.F.,
(4,4),(0.E0,1.E0),.UNSPECIFIED.);
#518=B_SPLINE_CURVE_WITH_KNOTS('',3,(#514,#515,#516,#517),.UNSPECIFIED.,.F.,.F.,
(4,4),(0.E0,1.E0),.UNSPECIFIED.);
#523=B_SPLINE_CURVE_WITH_KNOTS('',3,(#519,#520,#521,#522),.UNSPECIFIED.,.F.,.F.,
(4,4),(0.E0,1.E0),.UNSPECIFIED.);
#532=B_SPLINE_CURVE_WITH_KNOTS('',3,(#528,#529,#530,#531),.UNSPECIFIED.,.F.,.F.,
(4,4),(0.E0,1.E0),.UNSPECIFIED.);
#537=B_SPLINE_CURVE_WITH_KNOTS('',3,(#533,#534,#535,#536),.UNSPECIFIED.,.F.,.F.,
(4,4),(0.E0,1.E0),.UNSPECIFIED.);
#542=B_SPLINE_CURVE_WITH_KNOTS('',3,(#538,#539,#540,#541),.UNSPECIFIED.,.F.,.F.,
(4,4),(0.E0,1.E0),.UNSPECIFIED.);
#547=B_SPLINE_CURVE_WITH_KNOTS('',3,(#543,#544,#545,#546),.UNSPECIFIED.,.F.,.F.,
(4,4),(0.E0,1.E0),.UNSPECIFIED.);
#552=CIRCLE('',#551,8.27E-1);
#561=CIRCLE('',#560,8.27E-1);
#566=CIRCLE('',#565,8.27E-1);
#575=CIRCLE('',#574,8.27E-1);
#584=CIRCLE('',#583,8.27E-1);
#593=CIRCLE('',#592,8.27E-1);
#602=CIRCLE('',#601,8.27E-1);
#611=CIRCLE('',#610,8.27E-1);
#620=CIRCLE('',#619,8.27E-1);
#625=B_SPLINE_CURVE_WITH_KNOTS('',3,(#621,#622,#623,#624),.UNSPECIFIED.,.F.,.F.,
(4,4),(0.E0,1.E0),.UNSPECIFIED.);
#630=CIRCLE('',#629,8.27E-1);
#635=B_SPLINE_CURVE_WITH_KNOTS('',3,(#631,#632,#633,#634),.UNSPECIFIED.,.F.,.F.,
(4,4),(0.E0,1.E0),.UNSPECIFIED.);
#640=CIRCLE('',#639,8.27E-1);
#645=B_SPLINE_CURVE_WITH_KNOTS('',3,(#641,#642,#643,#644),.UNSPECIFIED.,.F.,.F.,
(4,4),(0.E0,1.E0),.UNSPECIFIED.);
#650=CIRCLE('',#649,8.27E-1);
#655=B_SPLINE_CURVE_WITH_KNOTS('',3,(#651,#652,#653,#654),.UNSPECIFIED.,.F.,.F.,
(4,4),(0.E0,1.E0),.UNSPECIFIED.);
#664=B_SPLINE_CURVE_WITH_KNOTS('',3,(#660,#661,#662,#663),.UNSPECIFIED.,.F.,.F.,
(4,4),(0.E0,1.E0),.UNSPECIFIED.);
#669=B_SPLINE_CURVE_WITH_KNOTS('',3,(#665,#666,#667,#668),.UNSPECIFIED.,.F.,.F.,
(4,4),(0.E0,1.E0),.UNSPECIFIED.);
#674=B_SPLINE_CURVE_WITH_KNOTS('',3,(#670,#671,#672,#673),.UNSPECIFIED.,.F.,.F.,
(4,4),(0.E0,1.E0),.UNSPECIFIED.);
#679=B_SPLINE_CURVE_WITH_KNOTS('',3,(#675,#676,#677,#678),.UNSPECIFIED.,.F.,.F.,
(4,4),(0.E0,1.E0),.UNSPECIFIED.);
#684=CIRCLE('',#683,8.27E-1);
#693=CIRCLE('',#692,8.27E-1);
#702=CIRCLE('',#701,8.27E-1);
#707=B_SPLINE_CURVE_WITH_KNOTS('',3,(#703,#704,#705,#706),.UNSPECIFIED.,.F.,.F.,
(4,4),(0.E0,1.E0),.UNSPECIFIED.);
#712=CIRCLE('',#711,8.27E-1);
#717=B_SPLINE_CURVE_WITH_KNOTS('',3,(#713,#714,#715,#716),.UNSPECIFIED.,.F.,.F.,
(4,4),(0.E0,1.E0),.UNSPECIFIED.);
#722=B_SPLINE_CURVE_WITH_KNOTS('',3,(#718,#719,#720,#721),.UNSPECIFIED.,.F.,.F.,
(4,4),(0.E0,1.E0),.UNSPECIFIED.);
#727=B_SPLINE_CURVE_WITH_KNOTS('',3,(#723,#724,#725,#726),.UNSPECIFIED.,.F.,.F.,
(4,4),(0.E0,1.E0),.UNSPECIFIED.);
#732=B_SPLINE_CURVE_WITH_KNOTS('',3,(#728,#729,#730,#731),.UNSPECIFIED.,.F.,.F.,
(4,4),(0.E0,1.E0),.UNSPECIFIED.);
#741=CIRCLE('',#740,8.27E-1);
#750=CIRCLE('',#749,8.27E-1);
#755=CIRCLE('',#754,8.27E-1);
#764=CIRCLE('',#763,8.27E-1);
#773=B_SPLINE_CURVE_WITH_KNOTS('',3,(#769,#770,#771,#772),.UNSPECIFIED.,.F.,.F.,
(4,4),(0.E0,1.E0),.UNSPECIFIED.);
#778=CIRCLE('',#777,8.27E-1);
#787=CIRCLE('',#786,8.27E-1);
#796=B_SPLINE_CURVE_WITH_KNOTS('',3,(#792,#793,#794,#795),.UNSPECIFIED.,.F.,.F.,
(4,4),(0.E0,1.E0),.UNSPECIFIED.);
#801=B_SPLINE_CURVE_WITH_KNOTS('',3,(#797,#798,#799,#800),.UNSPECIFIED.,.F.,.F.,
(4,4),(0.E0,1.E0),.UNSPECIFIED.);
#806=B_SPLINE_CURVE_WITH_KNOTS('',3,(#802,#803,#804,#805),.UNSPECIFIED.,.F.,.F.,
(4,4),(0.E0,1.E0),.UNSPECIFIED.);
#811=B_SPLINE_CURVE_WITH_KNOTS('',3,(#807,#808,#809,#810),.UNSPECIFIED.,.F.,.F.,
(4,4),(0.E0,1.E0),.UNSPECIFIED.);
#816=CIRCLE('',#815,8.27E-1);
#821=B_SPLINE_CURVE_WITH_KNOTS('',3,(#817,#818,#819,#820),.UNSPECIFIED.,.F.,.F.,
(4,4),(0.E0,1.E0),.UNSPECIFIED.);
#826=B_SPLINE_CURVE_WITH_KNOTS('',3,(#822,#823,#824,#825),.UNSPECIFIED.,.F.,.F.,
(4,4),(0.E0,1.E0),.UNSPECIFIED.);
#831=B_SPLINE_CURVE_WITH_KNOTS('',3,(#827,#828,#829,#830),.UNSPECIFIED.,.F.,.F.,
(4,4),(0.E0,1.E0),.UNSPECIFIED.);
#836=B_SPLINE_CURVE_WITH_KNOTS('',3,(#832,#833,#834,#835),.UNSPECIFIED.,.F.,.F.,
(4,4),(0.E0,1.E0),.UNSPECIFIED.);
#845=CIRCLE('',#844,8.27E-1);
#854=CIRCLE('',#853,8.27E-1);
#863=B_SPLINE_CURVE_WITH_KNOTS('',3,(#859,#860,#861,#862),.UNSPECIFIED.,.F.,.F.,
(4,4),(0.E0,1.E0),.UNSPECIFIED.);
#868=B_SPLINE_CURVE_WITH_KNOTS('',3,(#864,#865,#866,#867),.UNSPECIFIED.,.F.,.F.,
(4,4),(0.E0,1.E0),.UNSPECIFIED.);
#873=B_SPLINE_CURVE_WITH_KNOTS('',3,(#869,#870,#871,#872),.UNSPECIFIED.,.F.,.F.,
(4,4),(0.E0,1.E0),.UNSPECIFIED.);
#878=CIRCLE('',#877,8.27E-1);
#883=B_SPLINE_CURVE_WITH_KNOTS('',3,(#879,#880,#881,#882),.UNSPECIFIED.,.F.,.F.,
(4,4),(0.E0,1.E0),.UNSPECIFIED.);
#888=B_SPLINE_CURVE_WITH_KNOTS('',3,(#884,#885,#886,#887),.UNSPECIFIED.,.F.,.F.,
(4,4),(0.E0,1.E0),.UNSPECIFIED.);
#893=B_SPLINE_CURVE_WITH_KNOTS('',3,(#889,#890,#891,#892),.UNSPECIFIED.,.F.,.F.,
(4,4),(0.E0,1.E0),.UNSPECIFIED.);
#898=B_SPLINE_CURVE_WITH_KNOTS('',3,(#894,#895,#896,#897),.UNSPECIFIED.,.F.,.F.,
(4,4),(0.E0,1.E0),.UNSPECIFIED.);
#907=B_SPLINE_CURVE_WITH_KNOTS('',3,(#903,#904,#905,#906),.UNSPECIFIED.,.F.,.F.,
(4,4),(0.E0,1.E0),.UNSPECIFIED.);
#912=B_SPLINE_CURVE_WITH_KNOTS('',3,(#908,#909,#910,#911),.UNSPECIFIED.,.F.,.F.,
(4,4),(0.E0,1.E0),.UNSPECIFIED.);
#917=B_SPLINE_CURVE_WITH_KNOTS('',3,(#913,#914,#915,#916),.UNSPECIFIED.,.F.,.F.,
(4,4),(0.E0,1.E0),.UNSPECIFIED.);
#922=B_SPLINE_CURVE_WITH_KNOTS('',3,(#918,#919,#920,#921),.UNSPECIFIED.,.F.,.F.,
(4,4),(0.E0,1.E0),.UNSPECIFIED.);
#927=CIRCLE('',#926,8.27E-1);
#932=B_SPLINE_CURVE_WITH_KNOTS('',3,(#928,#929,#930,#931),.UNSPECIFIED.,.F.,.F.,
(4,4),(0.E0,1.E0),.UNSPECIFIED.);
#937=B_SPLINE_CURVE_WITH_KNOTS('',3,(#933,#934,#935,#936),.UNSPECIFIED.,.F.,.F.,
(4,4),(0.E0,1.E0),.UNSPECIFIED.);
#942=B_SPLINE_CURVE_WITH_KNOTS('',3,(#938,#939,#940,#941),.UNSPECIFIED.,.F.,.F.,
(4,4),(0.E0,1.E0),.UNSPECIFIED.);
#947=CIRCLE('',#946,8.27E-1);
#952=B_SPLINE_CURVE_WITH_KNOTS('',3,(#948,#949,#950,#951),.UNSPECIFIED.,.F.,.F.,
(4,4),(0.E0,1.E0),.UNSPECIFIED.);
#957=B_SPLINE_CURVE_WITH_KNOTS('',3,(#953,#954,#955,#956),.UNSPECIFIED.,.F.,.F.,
(4,4),(0.E0,1.E0),.UNSPECIFIED.);
#962=B_SPLINE_CURVE_WITH_KNOTS('',3,(#958,#959,#960,#961),.UNSPECIFIED.,.F.,.F.,
(4,4),(0.E0,1.E0),.UNSPECIFIED.);
#967=B_SPLINE_CURVE_WITH_KNOTS('',3,(#963,#964,#965,#966),.UNSPECIFIED.,.F.,.F.,
(4,4),(0.E0,1.E0),.UNSPECIFIED.);
#972=CIRCLE('',#971,8.27E-1);
#977=B_SPLINE_CURVE_WITH_KNOTS('',3,(#973,#974,#975,#976),.UNSPECIFIED.,.F.,.F.,
(4,4),(0.E0,1.E0),.UNSPECIFIED.);
#982=B_SPLINE_CURVE_WITH_KNOTS('',3,(#978,#979,#980,#981),.UNSPECIFIED.,.F.,.F.,
(4,4),(0.E0,1.E0),.UNSPECIFIED.);
#987=B_SPLINE_CURVE_WITH_KNOTS('',3,(#983,#984,#985,#986),.UNSPECIFIED.,.F.,.F.,
(4,4),(0.E0,1.E0),.UNSPECIFIED.);
#992=B_SPLINE_CURVE_WITH_KNOTS('',3,(#988,#989,#990,#991),.UNSPECIFIED.,.F.,.F.,
(4,4),(0.E0,1.E0),.UNSPECIFIED.);
#997=B_SPLINE_CURVE_WITH_KNOTS('',3,(#993,#994,#995,#996),.UNSPECIFIED.,.F.,.F.,
(4,4),(0.E0,1.E0),.UNSPECIFIED.);
#1006=B_SPLINE_CURVE_WITH_KNOTS('',3,(#1002,#1003,#1004,#1005),.UNSPECIFIED.,
.F.,.F.,(4,4),(0.E0,1.E0),.UNSPECIFIED.);
#1011=B_SPLINE_CURVE_WITH_KNOTS('',3,(#1007,#1008,#1009,#1010),.UNSPECIFIED.,
.F.,.F.,(4,4),(0.E0,1.E0),.UNSPECIFIED.);
#1016=B_SPLINE_CURVE_WITH_KNOTS('',3,(#1012,#1013,#1014,#1015),.UNSPECIFIED.,
.F.,.F.,(4,4),(0.E0,1.E0),.UNSPECIFIED.);
#1021=B_SPLINE_CURVE_WITH_KNOTS('',3,(#1017,#1018,#1019,#1020),.UNSPECIFIED.,
.F.,.F.,(4,4),(0.E0,1.E0),.UNSPECIFIED.);
#1026=B_SPLINE_CURVE_WITH_KNOTS('',3,(#1022,#1023,#1024,#1025),.UNSPECIFIED.,
.F.,.F.,(4,4),(0.E0,1.E0),.UNSPECIFIED.);
#1035=B_SPLINE_CURVE_WITH_KNOTS('',3,(#1031,#1032,#1033,#1034),.UNSPECIFIED.,
.F.,.F.,(4,4),(0.E0,1.E0),.UNSPECIFIED.);
#1040=B_SPLINE_CURVE_WITH_KNOTS('',3,(#1036,#1037,#1038,#1039),.UNSPECIFIED.,
.F.,.F.,(4,4),(0.E0,1.E0),.UNSPECIFIED.);
#1045=B_SPLINE_CURVE_WITH_KNOTS('',3,(#1041,#1042,#1043,#1044),.UNSPECIFIED.,
.F.,.F.,(4,4),(0.E0,1.E0),.UNSPECIFIED.);
#1050=B_SPLINE_CURVE_WITH_KNOTS('',3,(#1046,#1047,#1048,#1049),.UNSPECIFIED.,
.F.,.F.,(4,4),(0.E0,1.E0),.UNSPECIFIED.);
#1055=CIRCLE('',#1054,8.27E-1);
#1060=B_SPLINE_CURVE_WITH_KNOTS('',3,(#1056,#1057,#1058,#1059),.UNSPECIFIED.,
.F.,.F.,(4,4),(0.E0,1.E0),.UNSPECIFIED.);
#1065=B_SPLINE_CURVE_WITH_KNOTS('',3,(#1061,#1062,#1063,#1064),.UNSPECIFIED.,
.F.,.F.,(4,4),(0.E0,1.E0),.UNSPECIFIED.);
#1070=B_SPLINE_CURVE_WITH_KNOTS('',3,(#1066,#1067,#1068,#1069),.UNSPECIFIED.,
.F.,.F.,(4,4),(0.E0,1.E0),.UNSPECIFIED.);
#1079=B_SPLINE_CURVE_WITH_KNOTS('',3,(#1075,#1076,#1077,#1078),.UNSPECIFIED.,
.F.,.F.,(4,4),(0.E0,1.E0),.UNSPECIFIED.);
#1084=B_SPLINE_CURVE_WITH_KNOTS('',3,(#1080,#1081,#1082,#1083),.UNSPECIFIED.,
.F.,.F.,(4,4),(0.E0,1.E0),.UNSPECIFIED.);
#1089=B_SPLINE_CURVE_WITH_KNOTS('',3,(#1085,#1086,#1087,#1088),.UNSPECIFIED.,
.F.,.F.,(4,4),(0.E0,1.E0),.UNSPECIFIED.);
#1094=CIRCLE('',#1093,8.27E-1);
#1099=B_SPLINE_CURVE_WITH_KNOTS('',3,(#1095,#1096,#1097,#1098),.UNSPECIFIED.,
.F.,.F.,(4,4),(0.E0,1.E0),.UNSPECIFIED.);
#1104=B_SPLINE_CURVE_WITH_KNOTS('',3,(#1100,#1101,#1102,#1103),.UNSPECIFIED.,
.F.,.F.,(4,4),(0.E0,1.E0),.UNSPECIFIED.);
#1109=B_SPLINE_CURVE_WITH_KNOTS('',3,(#1105,#1106,#1107,#1108),.UNSPECIFIED.,
.F.,.F.,(4,4),(0.E0,1.E0),.UNSPECIFIED.);
#1114=CIRCLE('',#1113,8.27E-1);
#1119=B_SPLINE_CURVE_WITH_KNOTS('',3,(#1115,#1116,#1117,#1118),.UNSPECIFIED.,
.F.,.F.,(4,4),(0.E0,1.E0),.UNSPECIFIED.);
#1124=B_SPLINE_CURVE_WITH_KNOTS('',3,(#1120,#1121,#1122,#1123),.UNSPECIFIED.,
.F.,.F.,(4,4),(0.E0,1.E0),.UNSPECIFIED.);
#1129=B_SPLINE_CURVE_WITH_KNOTS('',3,(#1125,#1126,#1127,#1128),.UNSPECIFIED.,
.F.,.F.,(4,4),(0.E0,1.E0),.UNSPECIFIED.);
#1134=B_SPLINE_CURVE_WITH_KNOTS('',3,(#1130,#1131,#1132,#1133),.UNSPECIFIED.,
.F.,.F.,(4,4),(0.E0,1.E0),.UNSPECIFIED.);
#1139=CIRCLE('',#1138,8.27E-1);
#1144=B_SPLINE_CURVE_WITH_KNOTS('',3,(#1140,#1141,#1142,#1143),.UNSPECIFIED.,
.F.,.F.,(4,4),(0.E0,1.E0),.UNSPECIFIED.);
#1149=B_SPLINE_CURVE_WITH_KNOTS('',3,(#1145,#1146,#1147,#1148),.UNSPECIFIED.,
.F.,.F.,(4,4),(0.E0,1.E0),.UNSPECIFIED.);
#1154=B_SPLINE_CURVE_WITH_KNOTS('',3,(#1150,#1151,#1152,#1153),.UNSPECIFIED.,
.F.,.F.,(4,4),(0.E0,1.E0),.UNSPECIFIED.);
#1159=B_SPLINE_CURVE_WITH_KNOTS('',3,(#1155,#1156,#1157,#1158),.UNSPECIFIED.,
.F.,.F.,(4,4),(0.E0,1.E0),.UNSPECIFIED.);
#1168=B_SPLINE_CURVE_WITH_KNOTS('',3,(#1164,#1165,#1166,#1167),.UNSPECIFIED.,
.F.,.F.,(4,4),(0.E0,1.E0),.UNSPECIFIED.);
#1173=B_SPLINE_CURVE_WITH_KNOTS('',3,(#1169,#1170,#1171,#1172),.UNSPECIFIED.,
.F.,.F.,(4,4),(0.E0,1.E0),.UNSPECIFIED.);
#1178=B_SPLINE_CURVE_WITH_KNOTS('',3,(#1174,#1175,#1176,#1177),.UNSPECIFIED.,
.F.,.F.,(4,4),(0.E0,1.E0),.UNSPECIFIED.);
#1183=B_SPLINE_CURVE_WITH_KNOTS('',3,(#1179,#1180,#1181,#1182),.UNSPECIFIED.,
.F.,.F.,(4,4),(0.E0,1.E0),.UNSPECIFIED.);
#1188=CIRCLE('',#1187,8.27E-1);
#1193=B_SPLINE_CURVE_WITH_KNOTS('',3,(#1189,#1190,#1191,#1192),.UNSPECIFIED.,
.F.,.F.,(4,4),(0.E0,1.E0),.UNSPECIFIED.);
#1198=B_SPLINE_CURVE_WITH_KNOTS('',3,(#1194,#1195,#1196,#1197),.UNSPECIFIED.,
.F.,.F.,(4,4),(0.E0,1.E0),.UNSPECIFIED.);
#1203=B_SPLINE_CURVE_WITH_KNOTS('',3,(#1199,#1200,#1201,#1202),.UNSPECIFIED.,
.F.,.F.,(4,4),(0.E0,1.E0),.UNSPECIFIED.);
#1212=B_SPLINE_CURVE_WITH_KNOTS('',3,(#1208,#1209,#1210,#1211),.UNSPECIFIED.,
.F.,.F.,(4,4),(0.E0,1.E0),.UNSPECIFIED.);
#1217=B_SPLINE_CURVE_WITH_KNOTS('',3,(#1213,#1214,#1215,#1216),.UNSPECIFIED.,
.F.,.F.,(4,4),(0.E0,1.E0),.UNSPECIFIED.);
#1222=B_SPLINE_CURVE_WITH_KNOTS('',3,(#1218,#1219,#1220,#1221),.UNSPECIFIED.,
.F.,.F.,(4,4),(0.E0,1.E0),.UNSPECIFIED.);
#1227=CIRCLE('',#1226,8.27E-1);
#1232=B_SPLINE_CURVE_WITH_KNOTS('',3,(#1228,#1229,#1230,#1231),.UNSPECIFIED.,
.F.,.F.,(4,4),(0.E0,1.E0),.UNSPECIFIED.);
#1237=B_SPLINE_CURVE_WITH_KNOTS('',3,(#1233,#1234,#1235,#1236),.UNSPECIFIED.,
.F.,.F.,(4,4),(0.E0,1.E0),.UNSPECIFIED.);
#1242=B_SPLINE_CURVE_WITH_KNOTS('',3,(#1238,#1239,#1240,#1241),.UNSPECIFIED.,
.F.,.F.,(4,4),(0.E0,1.E0),.UNSPECIFIED.);
#1247=CIRCLE('',#1246,8.27E-1);
#1252=B_SPLINE_CURVE_WITH_KNOTS('',3,(#1248,#1249,#1250,#1251),.UNSPECIFIED.,
.F.,.F.,(4,4),(0.E0,1.E0),.UNSPECIFIED.);
#1257=B_SPLINE_CURVE_WITH_KNOTS('',3,(#1253,#1254,#1255,#1256),.UNSPECIFIED.,
.F.,.F.,(4,4),(0.E0,1.E0),.UNSPECIFIED.);
#1262=B_SPLINE_CURVE_WITH_KNOTS('',3,(#1258,#1259,#1260,#1261),.UNSPECIFIED.,
.F.,.F.,(4,4),(0.E0,1.E0),.UNSPECIFIED.);
#1267=B_SPLINE_CURVE_WITH_KNOTS('',3,(#1263,#1264,#1265,#1266),.UNSPECIFIED.,
.F.,.F.,(4,4),(0.E0,1.E0),.UNSPECIFIED.);
#1272=CIRCLE('',#1271,8.27E-1);
#1277=B_SPLINE_CURVE_WITH_KNOTS('',3,(#1273,#1274,#1275,#1276),.UNSPECIFIED.,
.F.,.F.,(4,4),(0.E0,1.E0),.UNSPECIFIED.);
#1362=B_SPLINE_CURVE_WITH_KNOTS('',3,(#1358,#1359,#1360,#1361),.UNSPECIFIED.,
.F.,.F.,(4,4),(0.E0,1.E0),.UNSPECIFIED.);
#1367=CIRCLE('',#1366,8.27E-1);
#1376=CIRCLE('',#1375,8.27E-1);
#1381=B_SPLINE_CURVE_WITH_KNOTS('',3,(#1377,#1378,#1379,#1380),.UNSPECIFIED.,
.F.,.F.,(4,4),(0.E0,1.E0),.UNSPECIFIED.);
#1386=B_SPLINE_CURVE_WITH_KNOTS('',3,(#1382,#1383,#1384,#1385),.UNSPECIFIED.,
.F.,.F.,(4,4),(0.E0,1.E0),.UNSPECIFIED.);
#1391=B_SPLINE_CURVE_WITH_KNOTS('',3,(#1387,#1388,#1389,#1390),.UNSPECIFIED.,
.F.,.F.,(4,4),(0.E0,1.E0),.UNSPECIFIED.);
#1400=B_SPLINE_CURVE_WITH_KNOTS('',3,(#1396,#1397,#1398,#1399),.UNSPECIFIED.,
.F.,.F.,(4,4),(0.E0,1.E0),.UNSPECIFIED.);
#1405=B_SPLINE_CURVE_WITH_KNOTS('',3,(#1401,#1402,#1403,#1404),.UNSPECIFIED.,
.F.,.F.,(4,4),(0.E0,1.E0),.UNSPECIFIED.);
#1410=B_SPLINE_CURVE_WITH_KNOTS('',3,(#1406,#1407,#1408,#1409),.UNSPECIFIED.,
.F.,.F.,(4,4),(0.E0,1.E0),.UNSPECIFIED.);
#1415=CIRCLE('',#1414,8.27E-1);
#1420=B_SPLINE_CURVE_WITH_KNOTS('',3,(#1416,#1417,#1418,#1419),.UNSPECIFIED.,
.F.,.F.,(4,4),(0.E0,1.E0),.UNSPECIFIED.);
#1429=B_SPLINE_CURVE_WITH_KNOTS('',3,(#1425,#1426,#1427,#1428),.UNSPECIFIED.,
.F.,.F.,(4,4),(0.E0,1.E0),.UNSPECIFIED.);
#1434=B_SPLINE_CURVE_WITH_KNOTS('',3,(#1430,#1431,#1432,#1433),.UNSPECIFIED.,
.F.,.F.,(4,4),(0.E0,1.E0),.UNSPECIFIED.);
#1439=B_SPLINE_CURVE_WITH_KNOTS('',3,(#1435,#1436,#1437,#1438),.UNSPECIFIED.,
.F.,.F.,(4,4),(0.E0,1.E0),.UNSPECIFIED.);
#1444=CIRCLE('',#1443,8.27E-1);
#1453=CIRCLE('',#1452,8.27E-1);
#1458=B_SPLINE_CURVE_WITH_KNOTS('',3,(#1454,#1455,#1456,#1457),.UNSPECIFIED.,
.F.,.F.,(4,4),(0.E0,1.E0),.UNSPECIFIED.);
#1463=B_SPLINE_CURVE_WITH_KNOTS('',3,(#1459,#1460,#1461,#1462),.UNSPECIFIED.,
.F.,.F.,(4,4),(0.E0,1.E0),.UNSPECIFIED.);
#1468=B_SPLINE_CURVE_WITH_KNOTS('',3,(#1464,#1465,#1466,#1467),.UNSPECIFIED.,
.F.,.F.,(4,4),(0.E0,1.E0),.UNSPECIFIED.);
#1477=CIRCLE('',#1476,8.27E-1);
#1482=B_SPLINE_CURVE_WITH_KNOTS('',3,(#1478,#1479,#1480,#1481),.UNSPECIFIED.,
.F.,.F.,(4,4),(0.E0,1.E0),.UNSPECIFIED.);
#1487=B_SPLINE_CURVE_WITH_KNOTS('',3,(#1483,#1484,#1485,#1486),.UNSPECIFIED.,
.F.,.F.,(4,4),(0.E0,1.E0),.UNSPECIFIED.);
#1492=B_SPLINE_CURVE_WITH_KNOTS('',3,(#1488,#1489,#1490,#1491),.UNSPECIFIED.,
.F.,.F.,(4,4),(0.E0,1.E0),.UNSPECIFIED.);
#1501=B_SPLINE_CURVE_WITH_KNOTS('',3,(#1497,#1498,#1499,#1500),.UNSPECIFIED.,
.F.,.F.,(4,4),(0.E0,1.E0),.UNSPECIFIED.);
#1506=B_SPLINE_CURVE_WITH_KNOTS('',3,(#1502,#1503,#1504,#1505),.UNSPECIFIED.,
.F.,.F.,(4,4),(0.E0,1.E0),.UNSPECIFIED.);
#1511=B_SPLINE_CURVE_WITH_KNOTS('',3,(#1507,#1508,#1509,#1510),.UNSPECIFIED.,
.F.,.F.,(4,4),(0.E0,1.E0),.UNSPECIFIED.);
#1516=CIRCLE('',#1515,8.27E-1);
#1521=B_SPLINE_CURVE_WITH_KNOTS('',3,(#1517,#1518,#1519,#1520),.UNSPECIFIED.,
.F.,.F.,(4,4),(0.E0,1.E0),.UNSPECIFIED.);
#1526=CIRCLE('',#1525,8.27E-1);
#1531=B_SPLINE_CURVE_WITH_KNOTS('',3,(#1527,#1528,#1529,#1530),.UNSPECIFIED.,
.F.,.F.,(4,4),(0.E0,1.E0),.UNSPECIFIED.);
#1548=CIRCLE('',#1547,8.27E-1);
#2169=CIRCLE('',#2168,1.38E-2);
#2174=CIRCLE('',#2173,1.38E-2);
#2179=CIRCLE('',#2178,8.27E-1);
#2184=CIRCLE('',#2183,8.27E-1);
#2189=CIRCLE('',#2188,8.132E-1);
#2194=CIRCLE('',#2193,8.132E-1);
#2199=CIRCLE('',#2198,7.5705E-1);
#2204=CIRCLE('',#2203,7.5705E-1);
#2209=CIRCLE('',#2208,6.6045E-1);
#2214=CIRCLE('',#2213,6.6045E-1);
#2227=CIRCLE('',#2226,6.6045E-1);
#2232=CIRCLE('',#2231,6.6045E-1);
#2237=CIRCLE('',#2236,6.043E-1);
#2242=CIRCLE('',#2241,1.38E-2);
#2247=CIRCLE('',#2246,1.38E-2);
#2252=CIRCLE('',#2251,6.043E-1);
#2265=CIRCLE('',#2264,5.905E-1);
#2270=CIRCLE('',#2269,5.905E-1);
#2275=CIRCLE('',#2274,5.905E-1);
#2280=CIRCLE('',#2279,1.38E-2);
#2285=CIRCLE('',#2284,1.38E-2);
#2290=CIRCLE('',#2289,5.905E-1);
#2295=CIRCLE('',#2294,6.043E-1);
#2300=CIRCLE('',#2299,6.043E-1);
#2305=CIRCLE('',#2304,6.6045E-1);
#2310=CIRCLE('',#2309,6.6045E-1);
#2315=CIRCLE('',#2314,6.6045E-1);
#2324=CIRCLE('',#2323,6.6045E-1);
#2333=CIRCLE('',#2332,7.5705E-1);
#2338=CIRCLE('',#2337,7.5705E-1);
#2351=CIRCLE('',#2350,7.5705E-1);
#2356=CIRCLE('',#2355,7.5705E-1);
#2361=CIRCLE('',#2360,8.132E-1);
#2366=CIRCLE('',#2365,1.38E-2);
#2371=CIRCLE('',#2370,1.38E-2);
#2376=CIRCLE('',#2375,8.132E-1);
#2381=CIRCLE('',#2380,7.5705E-1);
#2390=CIRCLE('',#2389,7.5705E-1);
#4880=EDGE_CURVE('',#4661,#4660,#883,.T.);
#4882=EDGE_CURVE('',#4660,#4593,#122,.T.);
#4884=EDGE_CURVE('',#4593,#4595,#3350,.T.);
#4886=EDGE_CURVE('',#4661,#4595,#3206,.T.);
#4890=ADVANCED_FACE('',(#4889),#4879,.F.);
#4896=EDGE_CURVE('',#3967,#3968,#127,.T.);
#4898=EDGE_CURVE('',#3969,#3967,#132,.T.);
#4900=EDGE_CURVE('',#3906,#3969,#1535,.T.);
#4902=EDGE_CURVE('',#3906,#3914,#137,.T.);
#4904=EDGE_CURVE('',#3914,#3916,#1543,.T.);
#4906=EDGE_CURVE('',#3909,#3916,#2184,.T.);
#4908=EDGE_CURVE('',#3969,#3909,#1539,.T.);
#4910=EDGE_CURVE('',#3969,#3971,#142,.T.);
#4912=EDGE_CURVE('',#3971,#3972,#147,.T.);
#4914=EDGE_CURVE('',#3972,#3974,#152,.T.);
#4916=EDGE_CURVE('',#3974,#3975,#157,.T.);
#4918=EDGE_CURVE('',#3975,#3977,#162,.T.);
#4920=EDGE_CURVE('',#3968,#3977,#167,.T.);
#4924=EDGE_CURVE('',#4000,#4001,#172,.T.);
#4926=EDGE_CURVE('',#4373,#4000,#177,.T.);
#4928=EDGE_CURVE('',#4374,#4373,#182,.T.);
#4930=EDGE_CURVE('',#4376,#4374,#186,.T.);
#4932=EDGE_CURVE('',#4376,#4377,#191,.T.);
#4934=EDGE_CURVE('',#4377,#4378,#196,.T.);
#4936=EDGE_CURVE('',#4378,#4379,#201,.T.);
#4938=EDGE_CURVE('',#4379,#4380,#206,.T.);
#4940=EDGE_CURVE('',#4380,#4382,#211,.T.);
#4942=EDGE_CURVE('',#4382,#4383,#216,.T.);
#4944=EDGE_CURVE('',#4383,#4384,#221,.T.);
#4946=EDGE_CURVE('',#4384,#4385,#226,.T.);
#4948=EDGE_CURVE('',#4387,#4385,#230,.T.);
#4950=EDGE_CURVE('',#4388,#4387,#235,.T.);
#4952=EDGE_CURVE('',#4389,#4388,#240,.T.);
#4954=EDGE_CURVE('',#4390,#4389,#245,.T.);
#4956=EDGE_CURVE('',#4392,#4390,#250,.T.);
#4958=EDGE_CURVE('',#4393,#4392,#255,.T.);
#4960=EDGE_CURVE('',#4394,#4393,#260,.T.);
#4962=EDGE_CURVE('',#4395,#4394,#265,.T.);
#4964=EDGE_CURVE('',#4397,#4395,#270,.T.);
#4966=EDGE_CURVE('',#4397,#4398,#275,.T.);
#4968=EDGE_CURVE('',#4398,#4399,#280,.T.);
#4970=EDGE_CURVE('',#4399,#4400,#285,.T.);
#4972=EDGE_CURVE('',#4400,#4401,#290,.T.);
#4974=EDGE_CURVE('',#4401,#4403,#295,.T.);
#4976=EDGE_CURVE('',#4403,#4404,#300,.T.);
#4978=EDGE_CURVE('',#4404,#4405,#305,.T.);
#4980=EDGE_CURVE('',#4405,#4406,#310,.T.);
#4982=EDGE_CURVE('',#4406,#4407,#315,.T.);
#4984=EDGE_CURVE('',#4407,#4409,#319,.T.);
#4986=EDGE_CURVE('',#4410,#4409,#324,.T.);
#4988=EDGE_CURVE('',#4411,#4410,#329,.T.);
#4990=EDGE_CURVE('',#4412,#4411,#334,.T.);
#4992=EDGE_CURVE('',#4413,#4412,#339,.T.);
#4994=EDGE_CURVE('',#4415,#4413,#344,.T.);
#4996=EDGE_CURVE('',#4416,#4415,#349,.T.);
#4998=EDGE_CURVE('',#4417,#4416,#354,.T.);
#5000=EDGE_CURVE('',#4418,#4417,#359,.T.);
#5002=EDGE_CURVE('',#4418,#4420,#363,.T.);
#5004=EDGE_CURVE('',#4420,#4421,#368,.T.);
#5006=EDGE_CURVE('',#4421,#4422,#373,.T.);
#5008=EDGE_CURVE('',#4422,#4423,#378,.T.);
#5010=EDGE_CURVE('',#4423,#4425,#383,.T.);
#5012=EDGE_CURVE('',#4425,#4426,#388,.T.);
#5014=EDGE_CURVE('',#4426,#4427,#393,.T.);
#5016=EDGE_CURVE('',#4427,#4010,#398,.T.);
#5018=EDGE_CURVE('',#4008,#4010,#403,.T.);
#5020=EDGE_CURVE('',#4008,#4007,#408,.T.);
#5022=EDGE_CURVE('',#4007,#4006,#413,.T.);
#5024=EDGE_CURVE('',#4006,#4005,#418,.T.);
#5026=EDGE_CURVE('',#4005,#4004,#423,.T.);
#5028=EDGE_CURVE('',#4004,#4002,#428,.T.);
#5030=EDGE_CURVE('',#4001,#4002,#433,.T.);
#5034=EDGE_CURVE('',#4029,#4030,#438,.T.);
#5036=EDGE_CURVE('',#4032,#4029,#442,.T.);
#5038=EDGE_CURVE('',#4032,#4034,#447,.T.);
#5040=EDGE_CURVE('',#4034,#4036,#451,.T.);
#5042=EDGE_CURVE('',#4036,#4038,#456,.T.);
#5044=EDGE_CURVE('',#4038,#4040,#460,.T.);
#5046=EDGE_CURVE('',#4040,#4042,#465,.T.);
#5048=EDGE_CURVE('',#4030,#4042,#469,.T.);
#5052=EDGE_CURVE('',#4069,#4070,#474,.T.);
#5054=EDGE_CURVE('',#4071,#4069,#479,.T.);
#5056=EDGE_CURVE('',#4071,#4072,#484,.T.);
#5058=EDGE_CURVE('',#4072,#4073,#489,.T.);
#5060=EDGE_CURVE('',#4073,#4075,#493,.T.);
#5062=EDGE_CURVE('',#4075,#4076,#498,.T.);
#5064=EDGE_CURVE('',#4076,#4077,#503,.T.);
#5066=EDGE_CURVE('',#4078,#4077,#508,.T.);
#5068=EDGE_CURVE('',#4078,#4480,#513,.T.);
#5070=EDGE_CURVE('',#4480,#4481,#518,.T.);
#5072=EDGE_CURVE('',#4481,#4482,#523,.T.);
#5074=EDGE_CURVE('',#4482,#4484,#527,.T.);
#5076=EDGE_CURVE('',#4485,#4484,#532,.T.);
#5078=EDGE_CURVE('',#4486,#4485,#537,.T.);
#5080=EDGE_CURVE('',#4487,#4486,#542,.T.);
#5082=EDGE_CURVE('',#4488,#4487,#547,.T.);
#5084=EDGE_CURVE('',#4490,#4488,#552,.T.);
#5086=EDGE_CURVE('',#4492,#4490,#556,.T.);
#5088=EDGE_CURVE('',#4492,#4070,#561,.T.);
#5092=EDGE_CURVE('',#4106,#4107,#566,.T.);
#5094=EDGE_CURVE('',#4109,#4106,#570,.T.);
#5096=EDGE_CURVE('',#4109,#4111,#575,.T.);
#5098=EDGE_CURVE('',#4111,#4113,#579,.T.);
#5100=EDGE_CURVE('',#4113,#4115,#584,.T.);
#5102=EDGE_CURVE('',#4115,#4117,#588,.T.);
#5104=EDGE_CURVE('',#4117,#4119,#593,.T.);
#5106=EDGE_CURVE('',#4121,#4119,#597,.T.);
#5108=EDGE_CURVE('',#4523,#4121,#602,.T.);
#5110=EDGE_CURVE('',#4523,#4525,#606,.T.);
#5112=EDGE_CURVE('',#4525,#4527,#611,.T.);
#5114=EDGE_CURVE('',#4527,#4107,#615,.T.);
#5118=EDGE_CURVE('',#4146,#4147,#620,.T.);
#5120=EDGE_CURVE('',#4148,#4146,#625,.T.);
#5122=EDGE_CURVE('',#4148,#4150,#630,.T.);
#5124=EDGE_CURVE('',#4150,#4151,#635,.T.);
#5126=EDGE_CURVE('',#4151,#4153,#640,.T.);
#5128=EDGE_CURVE('',#4153,#4154,#645,.T.);
#5130=EDGE_CURVE('',#4154,#4156,#650,.T.);
#5132=EDGE_CURVE('',#4147,#4156,#655,.T.);
#5136=EDGE_CURVE('',#4189,#4190,#659,.T.);
#5138=EDGE_CURVE('',#4554,#4189,#664,.T.);
#5140=EDGE_CURVE('',#4555,#4554,#669,.T.);
#5142=EDGE_CURVE('',#4556,#4555,#674,.T.);
#5144=EDGE_CURVE('',#4557,#4556,#679,.T.);
#5146=EDGE_CURVE('',#4559,#4557,#684,.T.);
#5148=EDGE_CURVE('',#4561,#4559,#688,.T.);
#5150=EDGE_CURVE('',#4561,#4563,#693,.T.);
#5152=EDGE_CURVE('',#4563,#4199,#697,.T.);
#5154=EDGE_CURVE('',#4197,#4199,#702,.T.);
#5156=EDGE_CURVE('',#4197,#4196,#707,.T.);
#5158=EDGE_CURVE('',#4196,#4194,#712,.T.);
#5160=EDGE_CURVE('',#4194,#4193,#717,.T.);
#5162=EDGE_CURVE('',#4193,#4192,#722,.T.);
#5164=EDGE_CURVE('',#4192,#4191,#727,.T.);
#5166=EDGE_CURVE('',#4190,#4191,#732,.T.);
#5170=EDGE_CURVE('',#4214,#4215,#736,.T.);
#5172=EDGE_CURVE('',#4215,#4217,#741,.T.);
#5174=EDGE_CURVE('',#4217,#4219,#745,.T.);
#5176=EDGE_CURVE('',#4214,#4219,#750,.T.);
#5180=EDGE_CURVE('',#4240,#4241,#755,.T.);
#5182=EDGE_CURVE('',#4243,#4240,#759,.T.);
#5184=EDGE_CURVE('',#4243,#4245,#764,.T.);
#5186=EDGE_CURVE('',#4245,#4247,#768,.T.);
#5188=EDGE_CURVE('',#4247,#4248,#773,.T.);
#5190=EDGE_CURVE('',#4248,#4250,#778,.T.);
#5192=EDGE_CURVE('',#4250,#4252,#782,.T.);
#5194=EDGE_CURVE('',#4254,#4252,#787,.T.);
#5196=EDGE_CURVE('',#4575,#4254,#791,.T.);
#5198=EDGE_CURVE('',#4241,#4575,#796,.T.);
#5202=EDGE_CURVE('',#4273,#4274,#801,.T.);
#5204=EDGE_CURVE('',#4275,#4273,#806,.T.);
#5206=EDGE_CURVE('',#4275,#4276,#811,.T.);
#5208=EDGE_CURVE('',#4276,#4278,#816,.T.);
#5210=EDGE_CURVE('',#4278,#4279,#821,.T.);
#5212=EDGE_CURVE('',#4279,#4280,#826,.T.);
#5214=EDGE_CURVE('',#4280,#4281,#831,.T.);
#5216=EDGE_CURVE('',#4282,#4281,#836,.T.);
#5218=EDGE_CURVE('',#4282,#4647,#840,.T.);
#5220=EDGE_CURVE('',#4649,#4647,#845,.T.);
#5222=EDGE_CURVE('',#4651,#4649,#849,.T.);
#5224=EDGE_CURVE('',#4651,#4653,#854,.T.);
#5226=EDGE_CURVE('',#4655,#4653,#858,.T.);
#5228=EDGE_CURVE('',#4656,#4655,#863,.T.);
#5230=EDGE_CURVE('',#4657,#4656,#868,.T.);
#5232=EDGE_CURVE('',#4658,#4657,#873,.T.);
#5234=EDGE_CURVE('',#4660,#4658,#878,.T.);
#5237=EDGE_CURVE('',#4662,#4661,#888,.T.);
#5239=EDGE_CURVE('',#4663,#4662,#893,.T.);
#5241=EDGE_CURVE('',#4664,#4663,#898,.T.);
#5243=EDGE_CURVE('',#4664,#4666,#902,.T.);
#5245=EDGE_CURVE('',#4666,#4667,#907,.T.);
#5247=EDGE_CURVE('',#4667,#4668,#912,.T.);
#5249=EDGE_CURVE('',#4668,#4669,#917,.T.);
#5251=EDGE_CURVE('',#4669,#4670,#922,.T.);
#5253=EDGE_CURVE('',#4670,#4672,#927,.T.);
#5255=EDGE_CURVE('',#4672,#4673,#932,.T.);
#5257=EDGE_CURVE('',#4673,#4674,#937,.T.);
#5259=EDGE_CURVE('',#4674,#4675,#942,.T.);
#5261=EDGE_CURVE('',#4675,#4677,#947,.T.);
#5263=EDGE_CURVE('',#4678,#4677,#952,.T.);
#5265=EDGE_CURVE('',#4679,#4678,#957,.T.);
#5267=EDGE_CURVE('',#4680,#4679,#962,.T.);
#5269=EDGE_CURVE('',#4681,#4680,#967,.T.);
#5271=EDGE_CURVE('',#4683,#4681,#972,.T.);
#5273=EDGE_CURVE('',#4684,#4683,#977,.T.);
#5275=EDGE_CURVE('',#4685,#4684,#982,.T.);
#5277=EDGE_CURVE('',#4686,#4685,#987,.T.);
#5279=EDGE_CURVE('',#4687,#4686,#992,.T.);
#5281=EDGE_CURVE('',#4688,#4687,#997,.T.);
#5283=EDGE_CURVE('',#4690,#4688,#1001,.T.);
#5285=EDGE_CURVE('',#4690,#4691,#1006,.T.);
#5287=EDGE_CURVE('',#4691,#4274,#1011,.T.);
#5291=EDGE_CURVE('',#4710,#4711,#1016,.T.);
#5293=EDGE_CURVE('',#4812,#4710,#1021,.T.);
#5295=EDGE_CURVE('',#4813,#4812,#1026,.T.);
#5297=EDGE_CURVE('',#4815,#4813,#1030,.T.);
#5299=EDGE_CURVE('',#4815,#4816,#1035,.T.);
#5301=EDGE_CURVE('',#4816,#4817,#1040,.T.);
#5303=EDGE_CURVE('',#4817,#4818,#1045,.T.);
#5305=EDGE_CURVE('',#4818,#4819,#1050,.T.);
#5307=EDGE_CURVE('',#4819,#4821,#1055,.T.);
#5309=EDGE_CURVE('',#4821,#4822,#1060,.T.);
#5311=EDGE_CURVE('',#4822,#4856,#1065,.T.);
#5313=EDGE_CURVE('',#4856,#4858,#1070,.T.);
#5315=EDGE_CURVE('',#4860,#4858,#1074,.T.);
#5317=EDGE_CURVE('',#4862,#4860,#1079,.T.);
#5319=EDGE_CURVE('',#4824,#4862,#1084,.T.);
#5321=EDGE_CURVE('',#4823,#4824,#1089,.T.);
#5323=EDGE_CURVE('',#4826,#4823,#1094,.T.);
#5325=EDGE_CURVE('',#4827,#4826,#1099,.T.);
#5327=EDGE_CURVE('',#4828,#4827,#1104,.T.);
#5329=EDGE_CURVE('',#4829,#4828,#1109,.T.);
#5331=EDGE_CURVE('',#4831,#4829,#1114,.T.);
#5333=EDGE_CURVE('',#4831,#4832,#1119,.T.);
#5335=EDGE_CURVE('',#4832,#4833,#1124,.T.);
#5337=EDGE_CURVE('',#4833,#4834,#1129,.T.);
#5339=EDGE_CURVE('',#4834,#4835,#1134,.T.);
#5341=EDGE_CURVE('',#4835,#4837,#1139,.T.);
#5343=EDGE_CURVE('',#4837,#4838,#1144,.T.);
#5345=EDGE_CURVE('',#4838,#4864,#1149,.T.);
#5347=EDGE_CURVE('',#4864,#4866,#1154,.T.);
#5349=EDGE_CURVE('',#4866,#4868,#1159,.T.);
#5351=EDGE_CURVE('',#4868,#4870,#1163,.T.);
#5353=EDGE_CURVE('',#4872,#4870,#1168,.T.);
#5355=EDGE_CURVE('',#4874,#4872,#1173,.T.);
#5357=EDGE_CURVE('',#4840,#4874,#1178,.T.);
#5359=EDGE_CURVE('',#4839,#4840,#1183,.T.);
#5361=EDGE_CURVE('',#4842,#4839,#1188,.T.);
#5363=EDGE_CURVE('',#4843,#4842,#1193,.T.);
#5365=EDGE_CURVE('',#4844,#4843,#1198,.T.);
#5367=EDGE_CURVE('',#4845,#4844,#1203,.T.);
#5369=EDGE_CURVE('',#4845,#4847,#1207,.T.);
#5371=EDGE_CURVE('',#4847,#4848,#1212,.T.);
#5373=EDGE_CURVE('',#4848,#4849,#1217,.T.);
#5375=EDGE_CURVE('',#4849,#4850,#1222,.T.);
#5377=EDGE_CURVE('',#4850,#4852,#1227,.T.);
#5379=EDGE_CURVE('',#4852,#4853,#1232,.T.);
#5381=EDGE_CURVE('',#4853,#4854,#1237,.T.);
#5383=EDGE_CURVE('',#4854,#4720,#1242,.T.);
#5385=EDGE_CURVE('',#4719,#4720,#1247,.T.);
#5387=EDGE_CURVE('',#4721,#4719,#1252,.T.);
#5389=EDGE_CURVE('',#4716,#4721,#1257,.T.);
#5391=EDGE_CURVE('',#4716,#4715,#1262,.T.);
#5393=EDGE_CURVE('',#4715,#4714,#1267,.T.);
#5395=EDGE_CURVE('',#4714,#4712,#1272,.T.);
#5397=EDGE_CURVE('',#4711,#4712,#1277,.T.);
#5401=ADVANCED_FACE('',(#4923,#5033,#5051,#5091,#5117,#5135,#5169,#5179,#5201,
#5290,#5400),#4895,.T.);
#5408=EDGE_CURVE('',#3968,#3945,#1281,.T.);
#5410=EDGE_CURVE('',#3945,#3946,#1313,.T.);
#5412=EDGE_CURVE('',#3967,#3946,#1309,.T.);
#5416=ADVANCED_FACE('',(#5415),#5406,.F.);
#5423=EDGE_CURVE('',#3977,#3958,#1285,.T.);
#5425=EDGE_CURVE('',#3958,#3945,#1317,.T.);
#5430=ADVANCED_FACE('',(#5429),#5421,.F.);
#5437=EDGE_CURVE('',#3975,#3956,#1289,.T.);
#5439=EDGE_CURVE('',#3956,#3958,#1321,.T.);
#5444=ADVANCED_FACE('',(#5443),#5435,.F.);
#5451=EDGE_CURVE('',#3974,#3954,#1293,.T.);
#5453=EDGE_CURVE('',#3954,#3956,#1325,.T.);
#5458=ADVANCED_FACE('',(#5457),#5449,.F.);
#5465=EDGE_CURVE('',#3972,#3952,#1297,.T.);
#5467=EDGE_CURVE('',#3952,#3954,#1329,.T.);
#5472=ADVANCED_FACE('',(#5471),#5463,.F.);
#5479=EDGE_CURVE('',#3971,#3950,#1301,.T.);
#5481=EDGE_CURVE('',#3950,#3952,#1333,.T.);
#5486=ADVANCED_FACE('',(#5485),#5477,.F.);
#5493=EDGE_CURVE('',#3969,#3948,#1305,.T.);
#5495=EDGE_CURVE('',#3948,#3950,#1337,.T.);
#5500=ADVANCED_FACE('',(#5499),#5491,.F.);
#5508=EDGE_CURVE('',#3946,#3948,#1341,.T.);
#5513=ADVANCED_FACE('',(#5512),#5505,.F.);
#5529=EDGE_CURVE('',#3961,#3962,#1345,.T.);
#5531=EDGE_CURVE('',#3964,#3961,#1349,.T.);
#5533=EDGE_CURVE('',#3962,#3964,#1353,.T.);
#5537=ADVANCED_FACE('',(#5528,#5536),#5518,.T.);
#5543=EDGE_CURVE('',#3978,#3979,#1521,.T.);
#5545=EDGE_CURVE('',#3978,#3961,#1357,.T.);
#5548=EDGE_CURVE('',#3979,#3962,#2160,.T.);
#5552=ADVANCED_FACE('',(#5551),#5542,.F.);
#5558=EDGE_CURVE('',#4200,#4201,#1362,.T.);
#5560=EDGE_CURVE('',#4565,#4201,#1367,.T.);
#5562=EDGE_CURVE('',#4565,#4567,#1371,.T.);
#5564=EDGE_CURVE('',#4567,#4569,#1376,.T.);
#5566=EDGE_CURVE('',#4569,#4570,#1381,.T.);
#5568=EDGE_CURVE('',#4570,#4571,#1386,.T.);
#5570=EDGE_CURVE('',#4571,#4572,#1391,.T.);
#5572=EDGE_CURVE('',#4203,#4572,#1395,.T.);
#5574=EDGE_CURVE('',#4203,#4202,#1400,.T.);
#5576=EDGE_CURVE('',#4200,#4202,#1405,.T.);
#5580=ADVANCED_FACE('',(#5579),#5557,.T.);
#5586=EDGE_CURVE('',#4157,#4158,#1410,.T.);
#5588=EDGE_CURVE('',#4160,#4158,#1415,.T.);
#5590=EDGE_CURVE('',#4160,#4157,#1420,.T.);
#5594=ADVANCED_FACE('',(#5593),#5585,.T.);
#5600=EDGE_CURVE('',#4503,#4504,#1424,.T.);
#5602=EDGE_CURVE('',#4505,#4503,#1429,.T.);
#5604=EDGE_CURVE('',#4506,#4505,#1434,.T.);
#5606=EDGE_CURVE('',#4507,#4506,#1439,.T.);
#5608=EDGE_CURVE('',#4509,#4507,#1444,.T.);
#5610=EDGE_CURVE('',#4509,#4511,#1448,.T.);
#5612=EDGE_CURVE('',#4511,#4513,#1453,.T.);
#5614=EDGE_CURVE('',#4513,#4514,#1458,.T.);
#5616=EDGE_CURVE('',#4514,#4515,#1463,.T.);
#5618=EDGE_CURVE('',#4515,#4504,#1468,.T.);
#5622=ADVANCED_FACE('',(#5621),#5599,.T.);
#5628=EDGE_CURVE('',#4081,#4082,#1472,.T.);
#5630=EDGE_CURVE('',#4082,#4494,#1477,.T.);
#5632=EDGE_CURVE('',#4494,#4495,#1482,.T.);
#5634=EDGE_CURVE('',#4495,#4496,#1487,.T.);
#5636=EDGE_CURVE('',#4496,#4497,#1492,.T.);
#5638=EDGE_CURVE('',#4499,#4497,#1496,.T.);
#5640=EDGE_CURVE('',#4500,#4499,#1501,.T.);
#5642=EDGE_CURVE('',#4085,#4500,#1506,.T.);
#5644=EDGE_CURVE('',#4085,#4084,#1511,.T.);
#5646=EDGE_CURVE('',#4081,#4084,#1516,.T.);
#5650=ADVANCED_FACE('',(#5649),#5627,.T.);
#5657=EDGE_CURVE('',#3981,#3979,#1526,.T.);
#5659=EDGE_CURVE('',#3981,#3978,#1531,.T.);
#5663=ADVANCED_FACE('',(#5662),#5655,.T.);
#5671=EDGE_CURVE('',#3909,#3916,#2179,.T.);
#5674=EDGE_CURVE('',#3906,#3914,#1548,.T.);
#5678=ADVANCED_FACE('',(#5677),#5668,.T.);
#5685=EDGE_CURVE('',#4200,#4181,#1552,.T.);
#5687=EDGE_CURVE('',#4181,#4182,#1660,.T.);
#5689=EDGE_CURVE('',#4201,#4182,#1588,.T.);
#5693=ADVANCED_FACE('',(#5692),#5683,.F.);
#5700=EDGE_CURVE('',#4202,#4184,#1556,.T.);
#5702=EDGE_CURVE('',#4184,#4181,#1664,.T.);
#5707=ADVANCED_FACE('',(#5706),#5698,.F.);
#5714=EDGE_CURVE('',#4203,#4186,#1560,.T.);
#5716=EDGE_CURVE('',#4186,#4184,#1668,.T.);
#5721=ADVANCED_FACE('',(#5720),#5712,.F.);
#5728=EDGE_CURVE('',#4572,#4553,#1564,.T.);
#5730=EDGE_CURVE('',#4553,#4186,#1672,.T.);
#5735=ADVANCED_FACE('',(#5734),#5726,.F.);
#5742=EDGE_CURVE('',#4571,#4551,#1568,.T.);
#5744=EDGE_CURVE('',#4551,#4553,#1676,.T.);
#5749=ADVANCED_FACE('',(#5748),#5740,.F.);
#5756=EDGE_CURVE('',#4570,#4549,#1572,.T.);
#5758=EDGE_CURVE('',#4549,#4551,#1680,.T.);
#5763=ADVANCED_FACE('',(#5762),#5754,.F.);
#5770=EDGE_CURVE('',#4569,#4547,#1576,.T.);
#5772=EDGE_CURVE('',#4547,#4549,#1684,.T.);
#5777=ADVANCED_FACE('',(#5776),#5768,.F.);
#5784=EDGE_CURVE('',#4567,#4545,#1580,.T.);
#5786=EDGE_CURVE('',#4545,#4547,#1688,.T.);
#5791=ADVANCED_FACE('',(#5790),#5782,.F.);
#5798=EDGE_CURVE('',#4565,#4543,#1584,.T.);
#5800=EDGE_CURVE('',#4543,#4545,#1692,.T.);
#5805=ADVANCED_FACE('',(#5804),#5796,.F.);
#5813=EDGE_CURVE('',#4182,#4543,#1656,.T.);
#5818=ADVANCED_FACE('',(#5817),#5810,.F.);
#5824=EDGE_CURVE('',#4178,#4176,#1592,.T.);
#5826=EDGE_CURVE('',#4541,#4178,#1596,.T.);
#5828=EDGE_CURVE('',#4539,#4541,#1600,.T.);
#5830=EDGE_CURVE('',#4537,#4539,#1604,.T.);
#5832=EDGE_CURVE('',#4535,#4537,#1608,.T.);
#5834=EDGE_CURVE('',#4533,#4535,#1612,.T.);
#5836=EDGE_CURVE('',#4531,#4533,#1616,.T.);
#5838=EDGE_CURVE('',#4529,#4531,#1620,.T.);
#5840=EDGE_CURVE('',#4164,#4529,#1624,.T.);
#5842=EDGE_CURVE('',#4163,#4164,#1628,.T.);
#5844=EDGE_CURVE('',#4166,#4163,#1632,.T.);
#5846=EDGE_CURVE('',#4168,#4166,#1636,.T.);
#5848=EDGE_CURVE('',#4170,#4168,#1640,.T.);
#5850=EDGE_CURVE('',#4172,#4170,#1644,.T.);
#5852=EDGE_CURVE('',#4174,#4172,#1648,.T.);
#5854=EDGE_CURVE('',#4176,#4174,#1652,.T.);
#5870=ADVANCED_FACE('',(#5857,#5869),#5823,.T.);
#5877=EDGE_CURVE('',#4199,#4178,#1696,.T.);
#5880=EDGE_CURVE('',#4197,#4176,#1756,.T.);
#5884=ADVANCED_FACE('',(#5883),#5875,.F.);
#5891=EDGE_CURVE('',#4563,#4541,#1700,.T.);
#5897=ADVANCED_FACE('',(#5896),#5889,.F.);
#5904=EDGE_CURVE('',#4561,#4539,#1704,.T.);
#5910=ADVANCED_FACE('',(#5909),#5902,.F.);
#5917=EDGE_CURVE('',#4559,#4537,#1708,.T.);
#5923=ADVANCED_FACE('',(#5922),#5915,.F.);
#5930=EDGE_CURVE('',#4557,#4535,#1712,.T.);
#5936=ADVANCED_FACE('',(#5935),#5928,.F.);
#5943=EDGE_CURVE('',#4556,#4533,#1716,.T.);
#5949=ADVANCED_FACE('',(#5948),#5941,.F.);
#5956=EDGE_CURVE('',#4555,#4531,#1720,.T.);
#5962=ADVANCED_FACE('',(#5961),#5954,.F.);
#5969=EDGE_CURVE('',#4554,#4529,#1724,.T.);
#5975=ADVANCED_FACE('',(#5974),#5967,.F.);
#5982=EDGE_CURVE('',#4189,#4164,#1728,.T.);
#5988=ADVANCED_FACE('',(#5987),#5980,.F.);
#5995=EDGE_CURVE('',#4190,#4163,#1732,.T.);
#6001=ADVANCED_FACE('',(#6000),#5993,.F.);
#6008=EDGE_CURVE('',#4191,#4166,#1736,.T.);
#6014=ADVANCED_FACE('',(#6013),#6006,.F.);
#6021=EDGE_CURVE('',#4192,#4168,#1740,.T.);
#6027=ADVANCED_FACE('',(#6026),#6019,.F.);
#6034=EDGE_CURVE('',#4193,#4170,#1744,.T.);
#6040=ADVANCED_FACE('',(#6039),#6032,.F.);
#6047=EDGE_CURVE('',#4194,#4172,#1748,.T.);
#6053=ADVANCED_FACE('',(#6052),#6045,.F.);
#6060=EDGE_CURVE('',#4196,#4174,#1752,.T.);
#6066=ADVANCED_FACE('',(#6065),#6058,.F.);
#6078=ADVANCED_FACE('',(#6077),#6071,.F.);
#6085=EDGE_CURVE('',#4157,#4140,#1760,.T.);
#6087=EDGE_CURVE('',#4140,#4141,#1804,.T.);
#6089=EDGE_CURVE('',#4158,#4141,#1768,.T.);
#6093=ADVANCED_FACE('',(#6092),#6083,.F.);
#6100=EDGE_CURVE('',#4160,#4143,#1764,.T.);
#6102=EDGE_CURVE('',#4143,#4140,#1808,.T.);
#6107=ADVANCED_FACE('',(#6106),#6098,.F.);
#6115=EDGE_CURVE('',#4141,#4143,#1812,.T.);
#6120=ADVANCED_FACE('',(#6119),#6112,.F.);
#6126=EDGE_CURVE('',#4124,#4125,#1772,.T.);
#6128=EDGE_CURVE('',#4137,#4124,#1776,.T.);
#6130=EDGE_CURVE('',#4135,#4137,#1780,.T.);
#6132=EDGE_CURVE('',#4133,#4135,#1784,.T.);
#6134=EDGE_CURVE('',#4131,#4133,#1788,.T.);
#6136=EDGE_CURVE('',#4129,#4131,#1792,.T.);
#6138=EDGE_CURVE('',#4127,#4129,#1796,.T.);
#6140=EDGE_CURVE('',#4125,#4127,#1800,.T.);
#6149=ADVANCED_FACE('',(#6143,#6148),#6125,.T.);
#6156=EDGE_CURVE('',#4147,#4124,#1816,.T.);
#6159=EDGE_CURVE('',#4146,#4125,#1844,.T.);
#6163=ADVANCED_FACE('',(#6162),#6154,.F.);
#6170=EDGE_CURVE('',#4156,#4137,#1820,.T.);
#6176=ADVANCED_FACE('',(#6175),#6168,.F.);
#6183=EDGE_CURVE('',#4154,#4135,#1824,.T.);
#6189=ADVANCED_FACE('',(#6188),#6181,.F.);
#6196=EDGE_CURVE('',#4153,#4133,#1828,.T.);
#6202=ADVANCED_FACE('',(#6201),#6194,.F.);
#6209=EDGE_CURVE('',#4151,#4131,#1832,.T.);
#6215=ADVANCED_FACE('',(#6214),#6207,.F.);
#6222=EDGE_CURVE('',#4150,#4129,#1836,.T.);
#6228=ADVANCED_FACE('',(#6227),#6220,.F.);
#6235=EDGE_CURVE('',#4148,#4127,#1840,.T.);
#6241=ADVANCED_FACE('',(#6240),#6233,.F.);
#6253=ADVANCED_FACE('',(#6252),#6246,.F.);
#6260=EDGE_CURVE('',#4504,#4462,#1848,.T.);
#6262=EDGE_CURVE('',#4462,#4463,#2004,.T.);
#6264=EDGE_CURVE('',#4503,#4463,#1884,.T.);
#6268=ADVANCED_FACE('',(#6267),#6258,.F.);
#6275=EDGE_CURVE('',#4515,#4479,#1852,.T.);
#6277=EDGE_CURVE('',#4479,#4462,#2008,.T.);
#6282=ADVANCED_FACE('',(#6281),#6273,.F.);
#6289=EDGE_CURVE('',#4514,#4477,#1856,.T.);
#6291=EDGE_CURVE('',#4477,#4479,#2012,.T.);
#6296=ADVANCED_FACE('',(#6295),#6287,.F.);
#6303=EDGE_CURVE('',#4513,#4475,#1860,.T.);
#6305=EDGE_CURVE('',#4475,#4477,#2016,.T.);
#6310=ADVANCED_FACE('',(#6309),#6301,.F.);
#6317=EDGE_CURVE('',#4511,#4473,#1864,.T.);
#6319=EDGE_CURVE('',#4473,#4475,#2020,.T.);
#6324=ADVANCED_FACE('',(#6323),#6315,.F.);
#6331=EDGE_CURVE('',#4509,#4471,#1868,.T.);
#6333=EDGE_CURVE('',#4471,#4473,#2024,.T.);
#6338=ADVANCED_FACE('',(#6337),#6329,.F.);
#6345=EDGE_CURVE('',#4507,#4469,#1872,.T.);
#6347=EDGE_CURVE('',#4469,#4471,#2028,.T.);
#6352=ADVANCED_FACE('',(#6351),#6343,.F.);
#6359=EDGE_CURVE('',#4506,#4467,#1876,.T.);
#6361=EDGE_CURVE('',#4467,#4469,#2032,.T.);
#6366=ADVANCED_FACE('',(#6365),#6357,.F.);
#6373=EDGE_CURVE('',#4505,#4465,#1880,.T.);
#6375=EDGE_CURVE('',#4465,#4467,#2036,.T.);
#6380=ADVANCED_FACE('',(#6379),#6371,.F.);
#6388=EDGE_CURVE('',#4463,#4465,#2040,.T.);
#6393=ADVANCED_FACE('',(#6392),#6385,.F.);
#6399=EDGE_CURVE('',#4060,#4429,#1888,.T.);
#6401=EDGE_CURVE('',#4058,#4060,#1892,.T.);
#6403=EDGE_CURVE('',#4056,#4058,#1896,.T.);
#6405=EDGE_CURVE('',#4054,#4056,#1900,.T.);
#6407=EDGE_CURVE('',#4052,#4054,#1904,.T.);
#6409=EDGE_CURVE('',#4050,#4052,#1908,.T.);
#6411=EDGE_CURVE('',#4048,#4050,#1912,.T.);
#6413=EDGE_CURVE('',#4046,#4048,#1916,.T.);
#6415=EDGE_CURVE('',#4045,#4046,#1920,.T.);
#6417=EDGE_CURVE('',#4447,#4045,#1924,.T.);
#6419=EDGE_CURVE('',#4445,#4447,#1928,.T.);
#6421=EDGE_CURVE('',#4443,#4445,#1932,.T.);
#6423=EDGE_CURVE('',#4441,#4443,#1936,.T.);
#6425=EDGE_CURVE('',#4439,#4441,#1940,.T.);
#6427=EDGE_CURVE('',#4437,#4439,#1944,.T.);
#6429=EDGE_CURVE('',#4435,#4437,#1948,.T.);
#6431=EDGE_CURVE('',#4433,#4435,#1952,.T.);
#6433=EDGE_CURVE('',#4431,#4433,#1956,.T.);
#6435=EDGE_CURVE('',#4429,#4431,#1960,.T.);
#6439=EDGE_CURVE('',#4064,#4449,#1964,.T.);
#6441=EDGE_CURVE('',#4063,#4064,#1968,.T.);
#6443=EDGE_CURVE('',#4066,#4063,#1972,.T.);
#6445=EDGE_CURVE('',#4068,#4066,#1976,.T.);
#6447=EDGE_CURVE('',#4459,#4068,#1980,.T.);
#6449=EDGE_CURVE('',#4457,#4459,#1984,.T.);
#6451=EDGE_CURVE('',#4455,#4457,#1988,.T.);
#6453=EDGE_CURVE('',#4453,#4455,#1992,.T.);
#6455=EDGE_CURVE('',#4451,#4453,#1996,.T.);
#6457=EDGE_CURVE('',#4449,#4451,#2000,.T.);
#6473=ADVANCED_FACE('',(#6438,#6460,#6472),#6398,.T.);
#6480=EDGE_CURVE('',#4078,#4060,#2044,.T.);
#6483=EDGE_CURVE('',#4480,#4429,#2116,.T.);
#6487=ADVANCED_FACE('',(#6486),#6478,.F.);
#6494=EDGE_CURVE('',#4077,#4058,#2048,.T.);
#6500=ADVANCED_FACE('',(#6499),#6492,.F.);
#6507=EDGE_CURVE('',#4076,#4056,#2052,.T.);
#6513=ADVANCED_FACE('',(#6512),#6505,.F.);
#6520=EDGE_CURVE('',#4075,#4054,#2056,.T.);
#6526=ADVANCED_FACE('',(#6525),#6518,.F.);
#6533=EDGE_CURVE('',#4073,#4052,#2060,.T.);
#6539=ADVANCED_FACE('',(#6538),#6531,.F.);
#6546=EDGE_CURVE('',#4072,#4050,#2064,.T.);
#6552=ADVANCED_FACE('',(#6551),#6544,.F.);
#6559=EDGE_CURVE('',#4071,#4048,#2068,.T.);
#6565=ADVANCED_FACE('',(#6564),#6557,.F.);
#6572=EDGE_CURVE('',#4069,#4046,#2072,.T.);
#6578=ADVANCED_FACE('',(#6577),#6570,.F.);
#6585=EDGE_CURVE('',#4070,#4045,#2076,.T.);
#6591=ADVANCED_FACE('',(#6590),#6583,.F.);
#6598=EDGE_CURVE('',#4492,#4447,#2080,.T.);
#6604=ADVANCED_FACE('',(#6603),#6596,.F.);
#6611=EDGE_CURVE('',#4490,#4445,#2084,.T.);
#6617=ADVANCED_FACE('',(#6616),#6609,.F.);
#6624=EDGE_CURVE('',#4488,#4443,#2088,.T.);
#6630=ADVANCED_FACE('',(#6629),#6622,.F.);
#6637=EDGE_CURVE('',#4487,#4441,#2092,.T.);
#6643=ADVANCED_FACE('',(#6642),#6635,.F.);
#6650=EDGE_CURVE('',#4486,#4439,#2096,.T.);
#6656=ADVANCED_FACE('',(#6655),#6648,.F.);
#6663=EDGE_CURVE('',#4485,#4437,#2100,.T.);
#6669=ADVANCED_FACE('',(#6668),#6661,.F.);
#6676=EDGE_CURVE('',#4484,#4435,#2104,.T.);
#6682=ADVANCED_FACE('',(#6681),#6674,.F.);
#6689=EDGE_CURVE('',#4482,#4433,#2108,.T.);
#6695=ADVANCED_FACE('',(#6694),#6687,.F.);
#6702=EDGE_CURVE('',#4481,#4431,#2112,.T.);
#6708=ADVANCED_FACE('',(#6707),#6700,.F.);
#6720=ADVANCED_FACE('',(#6719),#6713,.F.);
#6727=EDGE_CURVE('',#4082,#4064,#2120,.T.);
#6730=EDGE_CURVE('',#4494,#4449,#2156,.T.);
#6734=ADVANCED_FACE('',(#6733),#6725,.F.);
#6741=EDGE_CURVE('',#4081,#4063,#2124,.T.);
#6747=ADVANCED_FACE('',(#6746),#6739,.F.);
#6754=EDGE_CURVE('',#4084,#4066,#2128,.T.);
#6760=ADVANCED_FACE('',(#6759),#6752,.F.);
#6767=EDGE_CURVE('',#4085,#4068,#2132,.T.);
#6773=ADVANCED_FACE('',(#6772),#6765,.F.);
#6780=EDGE_CURVE('',#4500,#4459,#2136,.T.);
#6786=ADVANCED_FACE('',(#6785),#6778,.F.);
#6793=EDGE_CURVE('',#4499,#4457,#2140,.T.);
#6799=ADVANCED_FACE('',(#6798),#6791,.F.);
#6806=EDGE_CURVE('',#4497,#4455,#2144,.T.);
#6812=ADVANCED_FACE('',(#6811),#6804,.F.);
#6819=EDGE_CURVE('',#4496,#4453,#2148,.T.);
#6825=ADVANCED_FACE('',(#6824),#6817,.F.);
#6832=EDGE_CURVE('',#4495,#4451,#2152,.T.);
#6838=ADVANCED_FACE('',(#6837),#6830,.F.);
#6850=ADVANCED_FACE('',(#6849),#6843,.F.);
#6859=EDGE_CURVE('',#3981,#3964,#2164,.T.);
#6863=ADVANCED_FACE('',(#6862),#6855,.F.);
#6875=ADVANCED_FACE('',(#6874),#6868,.F.);
#6881=EDGE_CURVE('',#3909,#3910,#2169,.T.);
#6883=EDGE_CURVE('',#3910,#3918,#2189,.T.);
#6885=EDGE_CURVE('',#3916,#3918,#2174,.T.);
#6890=ADVANCED_FACE('',(#6889),#6880,.T.);
#6899=EDGE_CURVE('',#3910,#3918,#2194,.T.);
#6903=ADVANCED_FACE('',(#6902),#6895,.T.);
#6913=EDGE_CURVE('',#3925,#3926,#2204,.T.);
#6915=EDGE_CURVE('',#3925,#3926,#2390,.T.);
#6919=ADVANCED_FACE('',(#6912,#6918),#6908,.F.);
#6925=EDGE_CURVE('',#3941,#3942,#2199,.T.);
#6927=EDGE_CURVE('',#3925,#3942,#2394,.T.);
#6930=EDGE_CURVE('',#3926,#3941,#2385,.T.);
#6934=ADVANCED_FACE('',(#6933),#6924,.F.);
#6941=EDGE_CURVE('',#3942,#3941,#2381,.T.);
#6945=EDGE_CURVE('',#3933,#3934,#2209,.T.);
#6947=EDGE_CURVE('',#3934,#3933,#2214,.T.);
#6951=ADVANCED_FACE('',(#6944,#6950),#6939,.F.);
#6965=EDGE_CURVE('',#3934,#3902,#2222,.T.);
#6967=EDGE_CURVE('',#3901,#3902,#2232,.T.);
#6969=EDGE_CURVE('',#3933,#3901,#2218,.T.);
#6973=ADVANCED_FACE('',(#6972),#6963,.T.);
#6981=EDGE_CURVE('',#3901,#3902,#2227,.T.);
#6986=ADVANCED_FACE('',(#6985),#6978,.T.);
#6996=EDGE_CURVE('',#3886,#3894,#2237,.T.);
#6998=EDGE_CURVE('',#3886,#3894,#2252,.T.);
#7002=ADVANCED_FACE('',(#6995,#7001),#6991,.F.);
#7008=EDGE_CURVE('',#3886,#3881,#2242,.T.);
#7011=EDGE_CURVE('',#3894,#3889,#2247,.T.);
#7013=EDGE_CURVE('',#3881,#3889,#2270,.T.);
#7017=ADVANCED_FACE('',(#7016),#7007,.T.);
#7024=EDGE_CURVE('',#3881,#3889,#2265,.T.);
#7030=ADVANCED_FACE('',(#7029),#7022,.T.);
#7036=EDGE_CURVE('',#3881,#3882,#2256,.T.);
#7038=EDGE_CURVE('',#3882,#3890,#2290,.T.);
#7040=EDGE_CURVE('',#3889,#3890,#2260,.T.);
#7045=ADVANCED_FACE('',(#7044),#7035,.F.);
#7054=EDGE_CURVE('',#3882,#3890,#2275,.T.);
#7058=ADVANCED_FACE('',(#7057),#7050,.F.);
#7064=EDGE_CURVE('',#3882,#3884,#2280,.T.);
#7067=EDGE_CURVE('',#3890,#3892,#2285,.T.);
#7069=EDGE_CURVE('',#3884,#3892,#2300,.T.);
#7073=ADVANCED_FACE('',(#7072),#7063,.T.);
#7080=EDGE_CURVE('',#3884,#3892,#2295,.T.);
#7086=ADVANCED_FACE('',(#7085),#7078,.T.);
#7092=EDGE_CURVE('',#3897,#3898,#2310,.T.);
#7094=EDGE_CURVE('',#3897,#3898,#2324,.T.);
#7102=ADVANCED_FACE('',(#7097,#7101),#7091,.T.);
#7108=EDGE_CURVE('',#3929,#3930,#2305,.T.);
#7110=EDGE_CURVE('',#3897,#3930,#2328,.T.);
#7113=EDGE_CURVE('',#3898,#3929,#2319,.T.);
#7117=ADVANCED_FACE('',(#7116),#7107,.T.);
#7123=EDGE_CURVE('',#3937,#3938,#2333,.T.);
#7125=EDGE_CURVE('',#3938,#3937,#2338,.T.);
#7130=EDGE_CURVE('',#3930,#3929,#2315,.T.);
#7134=ADVANCED_FACE('',(#7128,#7133),#7122,.T.);
#7153=ADVANCED_FACE('',(#7152),#7146,.T.);
#7160=EDGE_CURVE('',#3938,#3922,#2346,.T.);
#7162=EDGE_CURVE('',#3921,#3922,#2356,.T.);
#7164=EDGE_CURVE('',#3937,#3921,#2342,.T.);
#7168=ADVANCED_FACE('',(#7167),#7158,.F.);
#7176=EDGE_CURVE('',#3921,#3922,#2351,.T.);
#7181=ADVANCED_FACE('',(#7180),#7173,.F.);
#7187=EDGE_CURVE('',#3905,#3913,#2361,.T.);
#7189=EDGE_CURVE('',#3905,#3913,#2376,.T.);
#7197=ADVANCED_FACE('',(#7192,#7196),#7186,.T.);
#7203=EDGE_CURVE('',#3905,#3906,#2366,.T.);
#7206=EDGE_CURVE('',#3913,#3914,#2371,.T.);
#7211=ADVANCED_FACE('',(#7210),#7202,.T.);
#7223=ADVANCED_FACE('',(#7222),#7216,.T.);
#7235=ADVANCED_FACE('',(#7234),#7228,.F.);
#7242=EDGE_CURVE('',#4001,#3984,#2398,.T.);
#7244=EDGE_CURVE('',#3984,#3985,#2802,.T.);
#7246=EDGE_CURVE('',#4000,#3985,#2610,.T.);
#7250=ADVANCED_FACE('',(#7249),#7240,.F.);
#7257=EDGE_CURVE('',#4002,#3987,#2402,.T.);
#7259=EDGE_CURVE('',#3987,#3984,#2806,.T.);
#7264=ADVANCED_FACE('',(#7263),#7255,.F.);
#7271=EDGE_CURVE('',#4004,#3989,#2406,.T.);
#7273=EDGE_CURVE('',#3989,#3987,#2810,.T.);
#7278=ADVANCED_FACE('',(#7277),#7269,.F.);
#7285=EDGE_CURVE('',#4005,#3991,#2410,.T.);
#7287=EDGE_CURVE('',#3991,#3989,#2814,.T.);
#7292=ADVANCED_FACE('',(#7291),#7283,.F.);
#7299=EDGE_CURVE('',#4006,#3993,#2414,.T.);
#7301=EDGE_CURVE('',#3993,#3991,#2818,.T.);
#7306=ADVANCED_FACE('',(#7305),#7297,.F.);
#7313=EDGE_CURVE('',#4007,#3995,#2418,.T.);
#7315=EDGE_CURVE('',#3995,#3993,#2822,.T.);
#7320=ADVANCED_FACE('',(#7319),#7311,.F.);
#7327=EDGE_CURVE('',#4008,#3997,#2422,.T.);
#7329=EDGE_CURVE('',#3997,#3995,#2826,.T.);
#7334=ADVANCED_FACE('',(#7333),#7325,.F.);
#7341=EDGE_CURVE('',#4010,#3999,#2426,.T.);
#7343=EDGE_CURVE('',#3999,#3997,#2614,.T.);
#7348=ADVANCED_FACE('',(#7347),#7339,.F.);
#7355=EDGE_CURVE('',#4427,#4372,#2430,.T.);
#7357=EDGE_CURVE('',#4372,#3999,#2618,.T.);
#7362=ADVANCED_FACE('',(#7361),#7353,.F.);
#7369=EDGE_CURVE('',#4426,#4370,#2434,.T.);
#7371=EDGE_CURVE('',#4370,#4372,#2622,.T.);
#7376=ADVANCED_FACE('',(#7375),#7367,.F.);
#7383=EDGE_CURVE('',#4425,#4368,#2438,.T.);
#7385=EDGE_CURVE('',#4368,#4370,#2626,.T.);
#7390=ADVANCED_FACE('',(#7389),#7381,.F.);
#7397=EDGE_CURVE('',#4423,#4366,#2442,.T.);
#7399=EDGE_CURVE('',#4366,#4368,#2630,.T.);
#7404=ADVANCED_FACE('',(#7403),#7395,.F.);
#7411=EDGE_CURVE('',#4422,#4364,#2446,.T.);
#7413=EDGE_CURVE('',#4364,#4366,#2634,.T.);
#7418=ADVANCED_FACE('',(#7417),#7409,.F.);
#7425=EDGE_CURVE('',#4421,#4362,#2450,.T.);
#7427=EDGE_CURVE('',#4362,#4364,#2638,.T.);
#7432=ADVANCED_FACE('',(#7431),#7423,.F.);
#7439=EDGE_CURVE('',#4420,#4360,#2454,.T.);
#7441=EDGE_CURVE('',#4360,#4362,#2642,.T.);
#7446=ADVANCED_FACE('',(#7445),#7437,.F.);
#7453=EDGE_CURVE('',#4418,#4358,#2458,.T.);
#7455=EDGE_CURVE('',#4358,#4360,#2646,.T.);
#7460=ADVANCED_FACE('',(#7459),#7451,.F.);
#7467=EDGE_CURVE('',#4417,#4356,#2462,.T.);
#7469=EDGE_CURVE('',#4356,#4358,#2650,.T.);
#7474=ADVANCED_FACE('',(#7473),#7465,.F.);
#7481=EDGE_CURVE('',#4416,#4354,#2466,.T.);
#7483=EDGE_CURVE('',#4354,#4356,#2654,.T.);
#7488=ADVANCED_FACE('',(#7487),#7479,.F.);
#7495=EDGE_CURVE('',#4415,#4352,#2470,.T.);
#7497=EDGE_CURVE('',#4352,#4354,#2658,.T.);
#7502=ADVANCED_FACE('',(#7501),#7493,.F.);
#7509=EDGE_CURVE('',#4413,#4350,#2474,.T.);
#7511=EDGE_CURVE('',#4350,#4352,#2662,.T.);
#7516=ADVANCED_FACE('',(#7515),#7507,.F.);
#7523=EDGE_CURVE('',#4412,#4348,#2478,.T.);
#7525=EDGE_CURVE('',#4348,#4350,#2666,.T.);
#7530=ADVANCED_FACE('',(#7529),#7521,.F.);
#7537=EDGE_CURVE('',#4411,#4346,#2482,.T.);
#7539=EDGE_CURVE('',#4346,#4348,#2670,.T.);
#7544=ADVANCED_FACE('',(#7543),#7535,.F.);
#7551=EDGE_CURVE('',#4410,#4344,#2486,.T.);
#7553=EDGE_CURVE('',#4344,#4346,#2674,.T.);
#7558=ADVANCED_FACE('',(#7557),#7549,.F.);
#7565=EDGE_CURVE('',#4409,#4342,#2490,.T.);
#7567=EDGE_CURVE('',#4342,#4344,#2678,.T.);
#7572=ADVANCED_FACE('',(#7571),#7563,.F.);
#7579=EDGE_CURVE('',#4407,#4340,#2494,.T.);
#7581=EDGE_CURVE('',#4340,#4342,#2682,.T.);
#7586=ADVANCED_FACE('',(#7585),#7577,.F.);
#7593=EDGE_CURVE('',#4406,#4338,#2498,.T.);
#7595=EDGE_CURVE('',#4338,#4340,#2686,.T.);
#7600=ADVANCED_FACE('',(#7599),#7591,.F.);
#7607=EDGE_CURVE('',#4405,#4336,#2502,.T.);
#7609=EDGE_CURVE('',#4336,#4338,#2690,.T.);
#7614=ADVANCED_FACE('',(#7613),#7605,.F.);
#7621=EDGE_CURVE('',#4404,#4334,#2506,.T.);
#7623=EDGE_CURVE('',#4334,#4336,#2694,.T.);
#7628=ADVANCED_FACE('',(#7627),#7619,.F.);
#7635=EDGE_CURVE('',#4403,#4332,#2510,.T.);
#7637=EDGE_CURVE('',#4332,#4334,#2698,.T.);
#7642=ADVANCED_FACE('',(#7641),#7633,.F.);
#7649=EDGE_CURVE('',#4401,#4330,#2514,.T.);
#7651=EDGE_CURVE('',#4330,#4332,#2702,.T.);
#7656=ADVANCED_FACE('',(#7655),#7647,.F.);
#7663=EDGE_CURVE('',#4400,#4328,#2518,.T.);
#7665=EDGE_CURVE('',#4328,#4330,#2706,.T.);
#7670=ADVANCED_FACE('',(#7669),#7661,.F.);
#7677=EDGE_CURVE('',#4399,#4326,#2522,.T.);
#7679=EDGE_CURVE('',#4326,#4328,#2710,.T.);
#7684=ADVANCED_FACE('',(#7683),#7675,.F.);
#7691=EDGE_CURVE('',#4398,#4324,#2526,.T.);
#7693=EDGE_CURVE('',#4324,#4326,#2714,.T.);
#7698=ADVANCED_FACE('',(#7697),#7689,.F.);
#7705=EDGE_CURVE('',#4397,#4322,#2530,.T.);
#7707=EDGE_CURVE('',#4322,#4324,#2718,.T.);
#7712=ADVANCED_FACE('',(#7711),#7703,.F.);
#7719=EDGE_CURVE('',#4395,#4320,#2534,.T.);
#7721=EDGE_CURVE('',#4320,#4322,#2722,.T.);
#7726=ADVANCED_FACE('',(#7725),#7717,.F.);
#7733=EDGE_CURVE('',#4394,#4318,#2538,.T.);
#7735=EDGE_CURVE('',#4318,#4320,#2726,.T.);
#7740=ADVANCED_FACE('',(#7739),#7731,.F.);
#7747=EDGE_CURVE('',#4393,#4316,#2542,.T.);
#7749=EDGE_CURVE('',#4316,#4318,#2730,.T.);
#7754=ADVANCED_FACE('',(#7753),#7745,.F.);
#7761=EDGE_CURVE('',#4392,#4314,#2546,.T.);
#7763=EDGE_CURVE('',#4314,#4316,#2734,.T.);
#7768=ADVANCED_FACE('',(#7767),#7759,.F.);
#7775=EDGE_CURVE('',#4390,#4312,#2550,.T.);
#7777=EDGE_CURVE('',#4312,#4314,#2738,.T.);
#7782=ADVANCED_FACE('',(#7781),#7773,.F.);
#7789=EDGE_CURVE('',#4389,#4310,#2554,.T.);
#7791=EDGE_CURVE('',#4310,#4312,#2742,.T.);
#7796=ADVANCED_FACE('',(#7795),#7787,.F.);
#7803=EDGE_CURVE('',#4388,#4308,#2558,.T.);
#7805=EDGE_CURVE('',#4308,#4310,#2746,.T.);
#7810=ADVANCED_FACE('',(#7809),#7801,.F.);
#7817=EDGE_CURVE('',#4387,#4306,#2562,.T.);
#7819=EDGE_CURVE('',#4306,#4308,#2750,.T.);
#7824=ADVANCED_FACE('',(#7823),#7815,.F.);
#7831=EDGE_CURVE('',#4385,#4304,#2566,.T.);
#7833=EDGE_CURVE('',#4304,#4306,#2754,.T.);
#7838=ADVANCED_FACE('',(#7837),#7829,.F.);
#7845=EDGE_CURVE('',#4384,#4302,#2570,.T.);
#7847=EDGE_CURVE('',#4302,#4304,#2758,.T.);
#7852=ADVANCED_FACE('',(#7851),#7843,.F.);
#7859=EDGE_CURVE('',#4383,#4300,#2574,.T.);
#7861=EDGE_CURVE('',#4300,#4302,#2762,.T.);
#7866=ADVANCED_FACE('',(#7865),#7857,.F.);
#7873=EDGE_CURVE('',#4382,#4298,#2578,.T.);
#7875=EDGE_CURVE('',#4298,#4300,#2766,.T.);
#7880=ADVANCED_FACE('',(#7879),#7871,.F.);
#7887=EDGE_CURVE('',#4380,#4296,#2582,.T.);
#7889=EDGE_CURVE('',#4296,#4298,#2770,.T.);
#7894=ADVANCED_FACE('',(#7893),#7885,.F.);
#7901=EDGE_CURVE('',#4379,#4294,#2586,.T.);
#7903=EDGE_CURVE('',#4294,#4296,#2774,.T.);
#7908=ADVANCED_FACE('',(#7907),#7899,.F.);
#7915=EDGE_CURVE('',#4378,#4292,#2590,.T.);
#7917=EDGE_CURVE('',#4292,#4294,#2778,.T.);
#7922=ADVANCED_FACE('',(#7921),#7913,.F.);
#7929=EDGE_CURVE('',#4377,#4290,#2594,.T.);
#7931=EDGE_CURVE('',#4290,#4292,#2782,.T.);
#7936=ADVANCED_FACE('',(#7935),#7927,.F.);
#7943=EDGE_CURVE('',#4376,#4288,#2598,.T.);
#7945=EDGE_CURVE('',#4288,#4290,#2786,.T.);
#7950=ADVANCED_FACE('',(#7949),#7941,.F.);
#7957=EDGE_CURVE('',#4374,#4286,#2602,.T.);
#7959=EDGE_CURVE('',#4286,#4288,#2790,.T.);
#7964=ADVANCED_FACE('',(#7963),#7955,.F.);
#7971=EDGE_CURVE('',#4373,#4284,#2606,.T.);
#7973=EDGE_CURVE('',#4284,#4286,#2794,.T.);
#7978=ADVANCED_FACE('',(#7977),#7969,.F.);
#7986=EDGE_CURVE('',#3985,#4284,#2798,.T.);
#7991=ADVANCED_FACE('',(#7990),#7983,.F.);
#8053=ADVANCED_FACE('',(#8052),#7996,.T.);
#8060=EDGE_CURVE('',#4030,#4013,#2830,.T.);
#8062=EDGE_CURVE('',#4013,#4014,#2862,.T.);
#8064=EDGE_CURVE('',#4029,#4014,#2858,.T.);
#8068=ADVANCED_FACE('',(#8067),#8058,.F.);
#8075=EDGE_CURVE('',#4042,#4026,#2834,.T.);
#8077=EDGE_CURVE('',#4026,#4013,#2866,.T.);
#8082=ADVANCED_FACE('',(#8081),#8073,.F.);
#8089=EDGE_CURVE('',#4040,#4024,#2838,.T.);
#8091=EDGE_CURVE('',#4024,#4026,#2870,.T.);
#8096=ADVANCED_FACE('',(#8095),#8087,.F.);
#8103=EDGE_CURVE('',#4038,#4022,#2842,.T.);
#8105=EDGE_CURVE('',#4022,#4024,#2874,.T.);
#8110=ADVANCED_FACE('',(#8109),#8101,.F.);
#8117=EDGE_CURVE('',#4036,#4020,#2846,.T.);
#8119=EDGE_CURVE('',#4020,#4022,#2878,.T.);
#8124=ADVANCED_FACE('',(#8123),#8115,.F.);
#8131=EDGE_CURVE('',#4034,#4018,#2850,.T.);
#8133=EDGE_CURVE('',#4018,#4020,#2882,.T.);
#8138=ADVANCED_FACE('',(#8137),#8129,.F.);
#8145=EDGE_CURVE('',#4032,#4016,#2854,.T.);
#8147=EDGE_CURVE('',#4016,#4018,#2886,.T.);
#8152=ADVANCED_FACE('',(#8151),#8143,.F.);
#8160=EDGE_CURVE('',#4014,#4016,#2890,.T.);
#8165=ADVANCED_FACE('',(#8164),#8157,.F.);
#8181=ADVANCED_FACE('',(#8180),#8170,.T.);
#8188=EDGE_CURVE('',#4107,#4088,#2894,.T.);
#8190=EDGE_CURVE('',#4088,#4089,#2974,.T.);
#8192=EDGE_CURVE('',#4106,#4089,#2938,.T.);
#8196=ADVANCED_FACE('',(#8195),#8186,.F.);
#8203=EDGE_CURVE('',#4527,#4521,#2898,.T.);
#8205=EDGE_CURVE('',#4521,#4088,#2978,.T.);
#8210=ADVANCED_FACE('',(#8209),#8201,.F.);
#8217=EDGE_CURVE('',#4525,#4519,#2902,.T.);
#8219=EDGE_CURVE('',#4519,#4521,#2982,.T.);
#8224=ADVANCED_FACE('',(#8223),#8215,.F.);
#8231=EDGE_CURVE('',#4523,#4517,#2906,.T.);
#8233=EDGE_CURVE('',#4517,#4519,#2986,.T.);
#8238=ADVANCED_FACE('',(#8237),#8229,.F.);
#8245=EDGE_CURVE('',#4121,#4103,#2910,.T.);
#8247=EDGE_CURVE('',#4103,#4517,#2942,.T.);
#8252=ADVANCED_FACE('',(#8251),#8243,.F.);
#8259=EDGE_CURVE('',#4119,#4101,#2914,.T.);
#8261=EDGE_CURVE('',#4101,#4103,#2946,.T.);
#8266=ADVANCED_FACE('',(#8265),#8257,.F.);
#8273=EDGE_CURVE('',#4117,#4099,#2918,.T.);
#8275=EDGE_CURVE('',#4099,#4101,#2950,.T.);
#8280=ADVANCED_FACE('',(#8279),#8271,.F.);
#8287=EDGE_CURVE('',#4115,#4097,#2922,.T.);
#8289=EDGE_CURVE('',#4097,#4099,#2954,.T.);
#8294=ADVANCED_FACE('',(#8293),#8285,.F.);
#8301=EDGE_CURVE('',#4113,#4095,#2926,.T.);
#8303=EDGE_CURVE('',#4095,#4097,#2958,.T.);
#8308=ADVANCED_FACE('',(#8307),#8299,.F.);
#8315=EDGE_CURVE('',#4111,#4093,#2930,.T.);
#8317=EDGE_CURVE('',#4093,#4095,#2962,.T.);
#8322=ADVANCED_FACE('',(#8321),#8313,.F.);
#8329=EDGE_CURVE('',#4109,#4091,#2934,.T.);
#8331=EDGE_CURVE('',#4091,#4093,#2966,.T.);
#8336=ADVANCED_FACE('',(#8335),#8327,.F.);
#8344=EDGE_CURVE('',#4089,#4091,#2970,.T.);
#8349=ADVANCED_FACE('',(#8348),#8341,.F.);
#8369=ADVANCED_FACE('',(#8368),#8354,.T.);
#8376=EDGE_CURVE('',#4214,#4206,#2990,.T.);
#8378=EDGE_CURVE('',#4206,#4207,#3006,.T.);
#8380=EDGE_CURVE('',#4215,#4207,#3002,.T.);
#8384=ADVANCED_FACE('',(#8383),#8374,.F.);
#8391=EDGE_CURVE('',#4219,#4211,#2994,.T.);
#8393=EDGE_CURVE('',#4211,#4206,#3010,.T.);
#8398=ADVANCED_FACE('',(#8397),#8389,.F.);
#8405=EDGE_CURVE('',#4217,#4209,#2998,.T.);
#8407=EDGE_CURVE('',#4209,#4211,#3014,.T.);
#8412=ADVANCED_FACE('',(#8411),#8403,.F.);
#8420=EDGE_CURVE('',#4207,#4209,#3018,.T.);
#8425=ADVANCED_FACE('',(#8424),#8417,.F.);
#8437=ADVANCED_FACE('',(#8436),#8430,.T.);
#8444=EDGE_CURVE('',#4241,#4222,#3022,.T.);
#8446=EDGE_CURVE('',#4222,#4223,#3094,.T.);
#8448=EDGE_CURVE('',#4240,#4223,#3058,.T.);
#8452=ADVANCED_FACE('',(#8451),#8442,.F.);
#8459=EDGE_CURVE('',#4575,#4574,#3026,.T.);
#8461=EDGE_CURVE('',#4574,#4222,#3098,.T.);
#8466=ADVANCED_FACE('',(#8465),#8457,.F.);
#8473=EDGE_CURVE('',#4254,#4237,#3030,.T.);
#8475=EDGE_CURVE('',#4237,#4574,#3062,.T.);
#8480=ADVANCED_FACE('',(#8479),#8471,.F.);
#8487=EDGE_CURVE('',#4252,#4235,#3034,.T.);
#8489=EDGE_CURVE('',#4235,#4237,#3066,.T.);
#8494=ADVANCED_FACE('',(#8493),#8485,.F.);
#8501=EDGE_CURVE('',#4250,#4233,#3038,.T.);
#8503=EDGE_CURVE('',#4233,#4235,#3070,.T.);
#8508=ADVANCED_FACE('',(#8507),#8499,.F.);
#8515=EDGE_CURVE('',#4248,#4231,#3042,.T.);
#8517=EDGE_CURVE('',#4231,#4233,#3074,.T.);
#8522=ADVANCED_FACE('',(#8521),#8513,.F.);
#8529=EDGE_CURVE('',#4247,#4229,#3046,.T.);
#8531=EDGE_CURVE('',#4229,#4231,#3078,.T.);
#8536=ADVANCED_FACE('',(#8535),#8527,.F.);
#8543=EDGE_CURVE('',#4245,#4227,#3050,.T.);
#8545=EDGE_CURVE('',#4227,#4229,#3082,.T.);
#8550=ADVANCED_FACE('',(#8549),#8541,.F.);
#8557=EDGE_CURVE('',#4243,#4225,#3054,.T.);
#8559=EDGE_CURVE('',#4225,#4227,#3086,.T.);
#8564=ADVANCED_FACE('',(#8563),#8555,.F.);
#8572=EDGE_CURVE('',#4223,#4225,#3090,.T.);
#8577=ADVANCED_FACE('',(#8576),#8569,.F.);
#8595=ADVANCED_FACE('',(#8594),#8582,.T.);
#8602=EDGE_CURVE('',#4274,#4257,#3102,.T.);
#8604=EDGE_CURVE('',#4257,#4258,#3242,.T.);
#8606=EDGE_CURVE('',#4273,#4258,#3414,.T.);
#8610=ADVANCED_FACE('',(#8609),#8600,.F.);
#8617=EDGE_CURVE('',#4691,#4645,#3106,.T.);
#8619=EDGE_CURVE('',#4645,#4257,#3246,.T.);
#8624=ADVANCED_FACE('',(#8623),#8615,.F.);
#8631=EDGE_CURVE('',#4690,#4643,#3110,.T.);
#8633=EDGE_CURVE('',#4643,#4645,#3250,.T.);
#8638=ADVANCED_FACE('',(#8637),#8629,.F.);
#8645=EDGE_CURVE('',#4688,#4641,#3114,.T.);
#8647=EDGE_CURVE('',#4641,#4643,#3254,.T.);
#8652=ADVANCED_FACE('',(#8651),#8643,.F.);
#8659=EDGE_CURVE('',#4687,#4639,#3118,.T.);
#8661=EDGE_CURVE('',#4639,#4641,#3258,.T.);
#8666=ADVANCED_FACE('',(#8665),#8657,.F.);
#8673=EDGE_CURVE('',#4686,#4637,#3122,.T.);
#8675=EDGE_CURVE('',#4637,#4639,#3262,.T.);
#8680=ADVANCED_FACE('',(#8679),#8671,.F.);
#8687=EDGE_CURVE('',#4685,#4635,#3126,.T.);
#8689=EDGE_CURVE('',#4635,#4637,#3266,.T.);
#8694=ADVANCED_FACE('',(#8693),#8685,.F.);
#8701=EDGE_CURVE('',#4684,#4633,#3130,.T.);
#8703=EDGE_CURVE('',#4633,#4635,#3270,.T.);
#8708=ADVANCED_FACE('',(#8707),#8699,.F.);
#8715=EDGE_CURVE('',#4683,#4631,#3134,.T.);
#8717=EDGE_CURVE('',#4631,#4633,#3274,.T.);
#8722=ADVANCED_FACE('',(#8721),#8713,.F.);
#8729=EDGE_CURVE('',#4681,#4629,#3138,.T.);
#8731=EDGE_CURVE('',#4629,#4631,#3278,.T.);
#8736=ADVANCED_FACE('',(#8735),#8727,.F.);
#8743=EDGE_CURVE('',#4680,#4627,#3142,.T.);
#8745=EDGE_CURVE('',#4627,#4629,#3282,.T.);
#8750=ADVANCED_FACE('',(#8749),#8741,.F.);
#8757=EDGE_CURVE('',#4679,#4625,#3146,.T.);
#8759=EDGE_CURVE('',#4625,#4627,#3286,.T.);
#8764=ADVANCED_FACE('',(#8763),#8755,.F.);
#8771=EDGE_CURVE('',#4678,#4623,#3150,.T.);
#8773=EDGE_CURVE('',#4623,#4625,#3290,.T.);
#8778=ADVANCED_FACE('',(#8777),#8769,.F.);
#8785=EDGE_CURVE('',#4677,#4621,#3154,.T.);
#8787=EDGE_CURVE('',#4621,#4623,#3294,.T.);
#8792=ADVANCED_FACE('',(#8791),#8783,.F.);
#8799=EDGE_CURVE('',#4675,#4619,#3158,.T.);
#8801=EDGE_CURVE('',#4619,#4621,#3298,.T.);
#8806=ADVANCED_FACE('',(#8805),#8797,.F.);
#8813=EDGE_CURVE('',#4674,#4617,#3162,.T.);
#8815=EDGE_CURVE('',#4617,#4619,#3302,.T.);
#8820=ADVANCED_FACE('',(#8819),#8811,.F.);
#8827=EDGE_CURVE('',#4673,#4615,#3166,.T.);
#8829=EDGE_CURVE('',#4615,#4617,#3306,.T.);
#8834=ADVANCED_FACE('',(#8833),#8825,.F.);
#8841=EDGE_CURVE('',#4672,#4613,#3170,.T.);
#8843=EDGE_CURVE('',#4613,#4615,#3310,.T.);
#8848=ADVANCED_FACE('',(#8847),#8839,.F.);
#8855=EDGE_CURVE('',#4670,#4611,#3174,.T.);
#8857=EDGE_CURVE('',#4611,#4613,#3314,.T.);
#8862=ADVANCED_FACE('',(#8861),#8853,.F.);
#8869=EDGE_CURVE('',#4669,#4609,#3178,.T.);
#8871=EDGE_CURVE('',#4609,#4611,#3318,.T.);
#8876=ADVANCED_FACE('',(#8875),#8867,.F.);
#8883=EDGE_CURVE('',#4668,#4607,#3182,.T.);
#8885=EDGE_CURVE('',#4607,#4609,#3322,.T.);
#8890=ADVANCED_FACE('',(#8889),#8881,.F.);
#8897=EDGE_CURVE('',#4667,#4605,#3186,.T.);
#8899=EDGE_CURVE('',#4605,#4607,#3326,.T.);
#8904=ADVANCED_FACE('',(#8903),#8895,.F.);
#8911=EDGE_CURVE('',#4666,#4603,#3190,.T.);
#8913=EDGE_CURVE('',#4603,#4605,#3330,.T.);
#8918=ADVANCED_FACE('',(#8917),#8909,.F.);
#8925=EDGE_CURVE('',#4664,#4601,#3194,.T.);
#8927=EDGE_CURVE('',#4601,#4603,#3334,.T.);
#8932=ADVANCED_FACE('',(#8931),#8923,.F.);
#8939=EDGE_CURVE('',#4663,#4599,#3198,.T.);
#8941=EDGE_CURVE('',#4599,#4601,#3338,.T.);
#8946=ADVANCED_FACE('',(#8945),#8937,.F.);
#8953=EDGE_CURVE('',#4662,#4597,#3202,.T.);
#8955=EDGE_CURVE('',#4597,#4599,#3342,.T.);
#8960=ADVANCED_FACE('',(#8959),#8951,.F.);
#8968=EDGE_CURVE('',#4595,#4597,#3346,.T.);
#8973=ADVANCED_FACE('',(#8972),#8965,.F.);
#8979=EDGE_CURVE('',#4272,#4577,#3210,.T.);
#8981=EDGE_CURVE('',#4270,#4272,#3214,.T.);
#8983=EDGE_CURVE('',#4268,#4270,#3218,.T.);
#8985=EDGE_CURVE('',#4266,#4268,#3222,.T.);
#8987=EDGE_CURVE('',#4264,#4266,#3226,.T.);
#8989=EDGE_CURVE('',#4262,#4264,#3230,.T.);
#8991=EDGE_CURVE('',#4260,#4262,#3234,.T.);
#8993=EDGE_CURVE('',#4258,#4260,#3238,.T.);
#9023=EDGE_CURVE('',#4591,#4593,#3354,.T.);
#9025=EDGE_CURVE('',#4589,#4591,#3358,.T.);
#9027=EDGE_CURVE('',#4587,#4589,#3362,.T.);
#9029=EDGE_CURVE('',#4585,#4587,#3366,.T.);
#9031=EDGE_CURVE('',#4583,#4585,#3370,.T.);
#9033=EDGE_CURVE('',#4581,#4583,#3374,.T.);
#9035=EDGE_CURVE('',#4579,#4581,#3378,.T.);
#9037=EDGE_CURVE('',#4577,#4579,#3382,.T.);
#9041=ADVANCED_FACE('',(#9040),#8978,.T.);
#9048=EDGE_CURVE('',#4282,#4272,#3386,.T.);
#9051=EDGE_CURVE('',#4647,#4577,#3418,.T.);
#9055=ADVANCED_FACE('',(#9054),#9046,.F.);
#9062=EDGE_CURVE('',#4281,#4270,#3390,.T.);
#9068=ADVANCED_FACE('',(#9067),#9060,.F.);
#9075=EDGE_CURVE('',#4280,#4268,#3394,.T.);
#9081=ADVANCED_FACE('',(#9080),#9073,.F.);
#9088=EDGE_CURVE('',#4279,#4266,#3398,.T.);
#9094=ADVANCED_FACE('',(#9093),#9086,.F.);
#9101=EDGE_CURVE('',#4278,#4264,#3402,.T.);
#9107=ADVANCED_FACE('',(#9106),#9099,.F.);
#9114=EDGE_CURVE('',#4276,#4262,#3406,.T.);
#9120=ADVANCED_FACE('',(#9119),#9112,.F.);
#9127=EDGE_CURVE('',#4275,#4260,#3410,.T.);
#9133=ADVANCED_FACE('',(#9132),#9125,.F.);
#9145=ADVANCED_FACE('',(#9144),#9138,.F.);
#9154=EDGE_CURVE('',#4649,#4579,#3422,.T.);
#9158=ADVANCED_FACE('',(#9157),#9150,.F.);
#9167=EDGE_CURVE('',#4651,#4581,#3426,.T.);
#9171=ADVANCED_FACE('',(#9170),#9163,.F.);
#9180=EDGE_CURVE('',#4653,#4583,#3430,.T.);
#9184=ADVANCED_FACE('',(#9183),#9176,.F.);
#9193=EDGE_CURVE('',#4655,#4585,#3434,.T.);
#9197=ADVANCED_FACE('',(#9196),#9189,.F.);
#9206=EDGE_CURVE('',#4656,#4587,#3438,.T.);
#9210=ADVANCED_FACE('',(#9209),#9202,.F.);
#9219=EDGE_CURVE('',#4657,#4589,#3442,.T.);
#9223=ADVANCED_FACE('',(#9222),#9215,.F.);
#9232=EDGE_CURVE('',#4658,#4591,#3446,.T.);
#9236=ADVANCED_FACE('',(#9235),#9228,.F.);
#9248=ADVANCED_FACE('',(#9247),#9241,.F.);
#9255=EDGE_CURVE('',#4711,#4694,#3450,.T.);
#9257=EDGE_CURVE('',#4694,#4695,#3854,.T.);
#9259=EDGE_CURVE('',#4710,#4695,#3662,.T.);
#9263=ADVANCED_FACE('',(#9262),#9253,.F.);
#9270=EDGE_CURVE('',#4712,#4697,#3454,.T.);
#9272=EDGE_CURVE('',#4697,#4694,#3858,.T.);
#9277=ADVANCED_FACE('',(#9276),#9268,.F.);
#9284=EDGE_CURVE('',#4714,#4699,#3458,.T.);
#9286=EDGE_CURVE('',#4699,#4697,#3862,.T.);
#9291=ADVANCED_FACE('',(#9290),#9282,.F.);
#9298=EDGE_CURVE('',#4715,#4701,#3462,.T.);
#9300=EDGE_CURVE('',#4701,#4699,#3866,.T.);
#9305=ADVANCED_FACE('',(#9304),#9296,.F.);
#9312=EDGE_CURVE('',#4716,#4703,#3466,.T.);
#9314=EDGE_CURVE('',#4703,#4701,#3870,.T.);
#9319=ADVANCED_FACE('',(#9318),#9310,.F.);
#9326=EDGE_CURVE('',#4721,#4705,#3470,.T.);
#9328=EDGE_CURVE('',#4705,#4703,#3874,.T.);
#9333=ADVANCED_FACE('',(#9332),#9324,.F.);
#9340=EDGE_CURVE('',#4719,#4707,#3474,.T.);
#9342=EDGE_CURVE('',#4707,#4705,#3878,.T.);
#9347=ADVANCED_FACE('',(#9346),#9338,.F.);
#9354=EDGE_CURVE('',#4720,#4709,#3478,.T.);
#9356=EDGE_CURVE('',#4709,#4707,#3666,.T.);
#9361=ADVANCED_FACE('',(#9360),#9352,.F.);
#9369=EDGE_CURVE('',#4854,#4811,#3482,.T.);
#9371=EDGE_CURVE('',#4811,#4709,#3670,.T.);
#9375=ADVANCED_FACE('',(#9374),#9366,.F.);
#9382=EDGE_CURVE('',#4853,#4809,#3486,.T.);
#9384=EDGE_CURVE('',#4809,#4811,#3674,.T.);
#9389=ADVANCED_FACE('',(#9388),#9380,.F.);
#9396=EDGE_CURVE('',#4852,#4807,#3490,.T.);
#9398=EDGE_CURVE('',#4807,#4809,#3678,.T.);
#9403=ADVANCED_FACE('',(#9402),#9394,.F.);
#9410=EDGE_CURVE('',#4850,#4805,#3494,.T.);
#9412=EDGE_CURVE('',#4805,#4807,#3682,.T.);
#9417=ADVANCED_FACE('',(#9416),#9408,.F.);
#9424=EDGE_CURVE('',#4849,#4803,#3498,.T.);
#9426=EDGE_CURVE('',#4803,#4805,#3686,.T.);
#9431=ADVANCED_FACE('',(#9430),#9422,.F.);
#9438=EDGE_CURVE('',#4848,#4801,#3502,.T.);
#9440=EDGE_CURVE('',#4801,#4803,#3690,.T.);
#9445=ADVANCED_FACE('',(#9444),#9436,.F.);
#9452=EDGE_CURVE('',#4847,#4799,#3506,.T.);
#9454=EDGE_CURVE('',#4799,#4801,#3694,.T.);
#9459=ADVANCED_FACE('',(#9458),#9450,.F.);
#9466=EDGE_CURVE('',#4845,#4797,#3510,.T.);
#9468=EDGE_CURVE('',#4797,#4799,#3698,.T.);
#9473=ADVANCED_FACE('',(#9472),#9464,.F.);
#9480=EDGE_CURVE('',#4844,#4795,#3514,.T.);
#9482=EDGE_CURVE('',#4795,#4797,#3702,.T.);
#9487=ADVANCED_FACE('',(#9486),#9478,.F.);
#9494=EDGE_CURVE('',#4843,#4793,#3518,.T.);
#9496=EDGE_CURVE('',#4793,#4795,#3706,.T.);
#9501=ADVANCED_FACE('',(#9500),#9492,.F.);
#9508=EDGE_CURVE('',#4842,#4791,#3522,.T.);
#9510=EDGE_CURVE('',#4791,#4793,#3710,.T.);
#9515=ADVANCED_FACE('',(#9514),#9506,.F.);
#9522=EDGE_CURVE('',#4839,#4789,#3526,.T.);
#9524=EDGE_CURVE('',#4789,#4791,#3714,.T.);
#9529=ADVANCED_FACE('',(#9528),#9520,.F.);
#9536=EDGE_CURVE('',#4840,#4787,#3530,.T.);
#9538=EDGE_CURVE('',#4787,#4789,#3718,.T.);
#9543=ADVANCED_FACE('',(#9542),#9534,.F.);
#9549=EDGE_CURVE('',#4874,#4785,#3534,.T.);
#9551=EDGE_CURVE('',#4785,#4787,#3722,.T.);
#9557=ADVANCED_FACE('',(#9556),#9548,.F.);
#9563=EDGE_CURVE('',#4872,#4783,#3538,.T.);
#9565=EDGE_CURVE('',#4783,#4785,#3726,.T.);
#9571=ADVANCED_FACE('',(#9570),#9562,.F.);
#9577=EDGE_CURVE('',#4870,#4781,#3542,.T.);
#9579=EDGE_CURVE('',#4781,#4783,#3730,.T.);
#9585=ADVANCED_FACE('',(#9584),#9576,.F.);
#9591=EDGE_CURVE('',#4868,#4779,#3546,.T.);
#9593=EDGE_CURVE('',#4779,#4781,#3734,.T.);
#9599=ADVANCED_FACE('',(#9598),#9590,.F.);
#9605=EDGE_CURVE('',#4866,#4777,#3550,.T.);
#9607=EDGE_CURVE('',#4777,#4779,#3738,.T.);
#9613=ADVANCED_FACE('',(#9612),#9604,.F.);
#9619=EDGE_CURVE('',#4864,#4775,#3554,.T.);
#9621=EDGE_CURVE('',#4775,#4777,#3742,.T.);
#9627=ADVANCED_FACE('',(#9626),#9618,.F.);
#9633=EDGE_CURVE('',#4838,#4773,#3558,.T.);
#9635=EDGE_CURVE('',#4773,#4775,#3746,.T.);
#9641=ADVANCED_FACE('',(#9640),#9632,.F.);
#9648=EDGE_CURVE('',#4837,#4771,#3562,.T.);
#9650=EDGE_CURVE('',#4771,#4773,#3750,.T.);
#9655=ADVANCED_FACE('',(#9654),#9646,.F.);
#9662=EDGE_CURVE('',#4835,#4769,#3566,.T.);
#9664=EDGE_CURVE('',#4769,#4771,#3754,.T.);
#9669=ADVANCED_FACE('',(#9668),#9660,.F.);
#9676=EDGE_CURVE('',#4834,#4767,#3570,.T.);
#9678=EDGE_CURVE('',#4767,#4769,#3758,.T.);
#9683=ADVANCED_FACE('',(#9682),#9674,.F.);
#9690=EDGE_CURVE('',#4833,#4765,#3574,.T.);
#9692=EDGE_CURVE('',#4765,#4767,#3762,.T.);
#9697=ADVANCED_FACE('',(#9696),#9688,.F.);
#9704=EDGE_CURVE('',#4832,#4763,#3578,.T.);
#9706=EDGE_CURVE('',#4763,#4765,#3766,.T.);
#9711=ADVANCED_FACE('',(#9710),#9702,.F.);
#9718=EDGE_CURVE('',#4831,#4761,#3582,.T.);
#9720=EDGE_CURVE('',#4761,#4763,#3770,.T.);
#9725=ADVANCED_FACE('',(#9724),#9716,.F.);
#9732=EDGE_CURVE('',#4829,#4759,#3586,.T.);
#9734=EDGE_CURVE('',#4759,#4761,#3774,.T.);
#9739=ADVANCED_FACE('',(#9738),#9730,.F.);
#9746=EDGE_CURVE('',#4828,#4757,#3590,.T.);
#9748=EDGE_CURVE('',#4757,#4759,#3778,.T.);
#9753=ADVANCED_FACE('',(#9752),#9744,.F.);
#9760=EDGE_CURVE('',#4827,#4755,#3594,.T.);
#9762=EDGE_CURVE('',#4755,#4757,#3782,.T.);
#9767=ADVANCED_FACE('',(#9766),#9758,.F.);
#9774=EDGE_CURVE('',#4826,#4753,#3598,.T.);
#9776=EDGE_CURVE('',#4753,#4755,#3786,.T.);
#9781=ADVANCED_FACE('',(#9780),#9772,.F.);
#9788=EDGE_CURVE('',#4823,#4751,#3602,.T.);
#9790=EDGE_CURVE('',#4751,#4753,#3790,.T.);
#9795=ADVANCED_FACE('',(#9794),#9786,.F.);
#9802=EDGE_CURVE('',#4824,#4749,#3606,.T.);
#9804=EDGE_CURVE('',#4749,#4751,#3794,.T.);
#9809=ADVANCED_FACE('',(#9808),#9800,.F.);
#9815=EDGE_CURVE('',#4862,#4747,#3610,.T.);
#9817=EDGE_CURVE('',#4747,#4749,#3798,.T.);
#9823=ADVANCED_FACE('',(#9822),#9814,.F.);
#9829=EDGE_CURVE('',#4860,#4745,#3614,.T.);
#9831=EDGE_CURVE('',#4745,#4747,#3802,.T.);
#9837=ADVANCED_FACE('',(#9836),#9828,.F.);
#9843=EDGE_CURVE('',#4858,#4743,#3618,.T.);
#9845=EDGE_CURVE('',#4743,#4745,#3806,.T.);
#9851=ADVANCED_FACE('',(#9850),#9842,.F.);
#9857=EDGE_CURVE('',#4856,#4741,#3622,.T.);
#9859=EDGE_CURVE('',#4741,#4743,#3810,.T.);
#9865=ADVANCED_FACE('',(#9864),#9856,.F.);
#9871=EDGE_CURVE('',#4822,#4739,#3626,.T.);
#9873=EDGE_CURVE('',#4739,#4741,#3814,.T.);
#9879=ADVANCED_FACE('',(#9878),#9870,.F.);
#9886=EDGE_CURVE('',#4821,#4737,#3630,.T.);
#9888=EDGE_CURVE('',#4737,#4739,#3818,.T.);
#9893=ADVANCED_FACE('',(#9892),#9884,.F.);
#9900=EDGE_CURVE('',#4819,#4735,#3634,.T.);
#9902=EDGE_CURVE('',#4735,#4737,#3822,.T.);
#9907=ADVANCED_FACE('',(#9906),#9898,.F.);
#9914=EDGE_CURVE('',#4818,#4733,#3638,.T.);
#9916=EDGE_CURVE('',#4733,#4735,#3826,.T.);
#9921=ADVANCED_FACE('',(#9920),#9912,.F.);
#9928=EDGE_CURVE('',#4817,#4731,#3642,.T.);
#9930=EDGE_CURVE('',#4731,#4733,#3830,.T.);
#9935=ADVANCED_FACE('',(#9934),#9926,.F.);
#9942=EDGE_CURVE('',#4816,#4729,#3646,.T.);
#9944=EDGE_CURVE('',#4729,#4731,#3834,.T.);
#9949=ADVANCED_FACE('',(#9948),#9940,.F.);
#9956=EDGE_CURVE('',#4815,#4727,#3650,.T.);
#9958=EDGE_CURVE('',#4727,#4729,#3838,.T.);
#9963=ADVANCED_FACE('',(#9962),#9954,.F.);
#9970=EDGE_CURVE('',#4813,#4725,#3654,.T.);
#9972=EDGE_CURVE('',#4725,#4727,#3842,.T.);
#9977=ADVANCED_FACE('',(#9976),#9968,.F.);
#9984=EDGE_CURVE('',#4812,#4723,#3658,.T.);
#9986=EDGE_CURVE('',#4723,#4725,#3846,.T.);
#9991=ADVANCED_FACE('',(#9990),#9982,.F.);
#9999=EDGE_CURVE('',#4695,#4723,#3850,.T.);
#10004=ADVANCED_FACE('',(#10003),#9996,.F.);
#10066=ADVANCED_FACE('',(#10065),#10009,.T.);
#10072=CIRCLE('',#10071,7.5705E-1);
#10077=CIRCLE('',#10076,6.6045E-1);
#10082=CIRCLE('',#10081,6.6045E-1);
#10087=CIRCLE('',#10086,6.6045E-1);
#10096=CIRCLE('',#10095,6.6045E-1);
#10105=CIRCLE('',#10104,6.9E-2);
#10110=CIRCLE('',#10109,6.6045E-1);
#10115=CIRCLE('',#10114,6.9E-2);
#10120=CIRCLE('',#10119,6.6045E-1);
#10125=CIRCLE('',#10124,6.6045E-1);
#10130=CIRCLE('',#10129,6.6045E-1);
#10143=CIRCLE('',#10142,7.5705E-1);
#10148=CIRCLE('',#10147,7.5705E-1);
#10153=CIRCLE('',#10152,7.5705E-1);
#10162=CIRCLE('',#10161,7.5705E-1);
#10171=CIRCLE('',#10170,6.9E-2);
#10176=CIRCLE('',#10175,7.5705E-1);
#10181=CIRCLE('',#10180,6.9E-2);
#10186=CIRCLE('',#10185,7.5705E-1);
#10191=CIRCLE('',#10190,7.5705E-1);
#10237=EDGE_CURVE('',#10230,#10231,#10072,.T.);
#10239=EDGE_CURVE('',#10230,#10210,#10199,.T.);
#10241=EDGE_CURVE('',#10210,#10214,#10186,.T.);
#10243=EDGE_CURVE('',#10231,#10214,#10195,.T.);
#10247=ADVANCED_FACE('',(#10246),#10236,.T.);
#10254=EDGE_CURVE('',#10231,#10230,#10191,.T.);
#10258=EDGE_CURVE('',#10222,#10223,#10077,.T.);
#10260=EDGE_CURVE('',#10223,#10222,#10087,.T.);
#10264=ADVANCED_FACE('',(#10257,#10263),#10252,.F.);
#10271=EDGE_CURVE('',#10207,#10222,#10100,.T.);
#10273=EDGE_CURVE('',#10203,#10207,#10082,.T.);
#10275=EDGE_CURVE('',#10203,#10223,#10091,.T.);
#10279=ADVANCED_FACE('',(#10278),#10269,.F.);
#10287=EDGE_CURVE('',#10203,#10207,#10096,.T.);
#10292=ADVANCED_FACE('',(#10291),#10284,.F.);
#10298=EDGE_CURVE('',#10202,#10203,#10105,.T.);
#10300=EDGE_CURVE('',#10202,#10206,#10110,.T.);
#10302=EDGE_CURVE('',#10206,#10207,#10115,.T.);
#10307=ADVANCED_FACE('',(#10306),#10297,.T.);
#10316=EDGE_CURVE('',#10202,#10206,#10120,.T.);
#10320=ADVANCED_FACE('',(#10319),#10312,.T.);
#10326=EDGE_CURVE('',#10218,#10219,#10125,.T.);
#10328=EDGE_CURVE('',#10218,#10202,#10138,.T.);
#10331=EDGE_CURVE('',#10219,#10206,#10134,.T.);
#10335=ADVANCED_FACE('',(#10334),#10325,.F.);
#10341=EDGE_CURVE('',#10226,#10227,#10143,.T.);
#10343=EDGE_CURVE('',#10227,#10226,#10153,.T.);
#10348=EDGE_CURVE('',#10219,#10218,#10130,.T.);
#10352=ADVANCED_FACE('',(#10346,#10351),#10340,.T.);
#10364=ADVANCED_FACE('',(#10363),#10357,.F.);
#10371=EDGE_CURVE('',#10215,#10226,#10166,.T.);
#10373=EDGE_CURVE('',#10211,#10215,#10148,.T.);
#10375=EDGE_CURVE('',#10211,#10227,#10157,.T.);
#10379=ADVANCED_FACE('',(#10378),#10369,.T.);
#10387=EDGE_CURVE('',#10211,#10215,#10162,.T.);
#10392=ADVANCED_FACE('',(#10391),#10384,.T.);
#10398=EDGE_CURVE('',#10210,#10211,#10171,.T.);
#10400=EDGE_CURVE('',#10210,#10214,#10176,.T.);
#10402=EDGE_CURVE('',#10214,#10215,#10181,.T.);
#10407=ADVANCED_FACE('',(#10406),#10397,.T.);
#10419=ADVANCED_FACE('',(#10418),#10412,.T.);
#10431=ADVANCED_FACE('',(#10430),#10424,.T.);
#10439=CIRCLE('',#10438,6.9E-2);
#10458=B_SPLINE_CURVE_WITH_KNOTS('',3,(#10440,#10441,#10442,#10443,#10444,
#10445,#10446,#10447,#10448,#10449,#10450,#10451,#10452,#10453,#10454,#10455,
#10456,#10457),.UNSPECIFIED.,.F.,.F.,(4,1,1,1,1,1,1,1,1,1,1,1,1,1,1,4),(0.E0,
6.666666666667E-2,1.333333333333E-1,2.E-1,2.666666666667E-1,3.333333333333E-1,
4.E-1,4.666666666667E-1,5.333333333333E-1,6.E-1,6.666666666667E-1,
7.333333333333E-1,8.E-1,8.666666666667E-1,9.333333333333E-1,1.E0),
.UNSPECIFIED.);
#10463=CIRCLE('',#10462,6.9E-2);
#10468=CIRCLE('',#10467,6.9E-2);
#10473=CIRCLE('',#10472,6.9E-2);
#10492=B_SPLINE_CURVE_WITH_KNOTS('',3,(#10474,#10475,#10476,#10477,#10478,
#10479,#10480,#10481,#10482,#10483,#10484,#10485,#10486,#10487,#10488,#10489,
#10490,#10491),.UNSPECIFIED.,.F.,.F.,(4,1,1,1,1,1,1,1,1,1,1,1,1,1,1,4),(0.E0,
6.666666666667E-2,1.333333333333E-1,2.E-1,2.666666666667E-1,3.333333333333E-1,
4.E-1,4.666666666667E-1,5.333333333333E-1,6.E-1,6.666666666667E-1,
7.333333333333E-1,8.E-1,8.666666666667E-1,9.333333333333E-1,1.E0),
.UNSPECIFIED.);
#10511=B_SPLINE_CURVE_WITH_KNOTS('',3,(#10493,#10494,#10495,#10496,#10497,
#10498,#10499,#10500,#10501,#10502,#10503,#10504,#10505,#10506,#10507,#10508,
#10509,#10510),.UNSPECIFIED.,.F.,.F.,(4,1,1,1,1,1,1,1,1,1,1,1,1,1,1,4),(0.E0,
6.666666666667E-2,1.333333333333E-1,2.E-1,2.666666666667E-1,3.333333333333E-1,
4.E-1,4.666666666667E-1,5.333333333333E-1,6.E-1,6.666666666667E-1,
7.333333333333E-1,8.E-1,8.666666666667E-1,9.333333333333E-1,1.E0),
.UNSPECIFIED.);
#10530=B_SPLINE_CURVE_WITH_KNOTS('',3,(#10512,#10513,#10514,#10515,#10516,
#10517,#10518,#10519,#10520,#10521,#10522,#10523,#10524,#10525,#10526,#10527,
#10528,#10529),.UNSPECIFIED.,.F.,.F.,(4,1,1,1,1,1,1,1,1,1,1,1,1,1,1,4),(0.E0,
6.666666666667E-2,1.333333333333E-1,2.E-1,2.666666666667E-1,3.333333333333E-1,
4.E-1,4.666666666667E-1,5.333333333333E-1,6.E-1,6.666666666667E-1,
7.333333333333E-1,8.E-1,8.666666666667E-1,9.333333333333E-1,1.E0),
.UNSPECIFIED.);
#10543=CIRCLE('',#10542,6.8805E-1);
#10566=B_SPLINE_CURVE_WITH_KNOTS('',3,(#10548,#10549,#10550,#10551,#10552,
#10553,#10554,#10555,#10556,#10557,#10558,#10559,#10560,#10561,#10562,#10563,
#10564,#10565),.UNSPECIFIED.,.F.,.F.,(4,1,1,1,1,1,1,1,1,1,1,1,1,1,1,4),(0.E0,
6.666666666667E-2,1.333333333333E-1,2.E-1,2.666666666667E-1,3.333333333333E-1,
4.E-1,4.666666666667E-1,5.333333333333E-1,6.E-1,6.666666666667E-1,
7.333333333333E-1,8.E-1,8.666666666667E-1,9.333333333333E-1,1.E0),
.UNSPECIFIED.);
#10571=CIRCLE('',#10570,6.9E-2);
#10576=CIRCLE('',#10575,6.9E-2);
#10595=B_SPLINE_CURVE_WITH_KNOTS('',3,(#10577,#10578,#10579,#10580,#10581,
#10582,#10583,#10584,#10585,#10586,#10587,#10588,#10589,#10590,#10591,#10592,
#10593,#10594),.UNSPECIFIED.,.F.,.F.,(4,1,1,1,1,1,1,1,1,1,1,1,1,1,1,4),(0.E0,
6.666666666667E-2,1.333333333333E-1,2.E-1,2.666666666667E-1,3.333333333333E-1,
4.E-1,4.666666666667E-1,5.333333333333E-1,6.E-1,6.666666666667E-1,
7.333333333333E-1,8.E-1,8.666666666667E-1,9.333333333333E-1,1.E0),
.UNSPECIFIED.);
#10600=CIRCLE('',#10599,6.9E-2);
#10605=CIRCLE('',#10604,6.9E-2);
#10624=B_SPLINE_CURVE_WITH_KNOTS('',3,(#10606,#10607,#10608,#10609,#10610,
#10611,#10612,#10613,#10614,#10615,#10616,#10617,#10618,#10619,#10620,#10621,
#10622,#10623),.UNSPECIFIED.,.F.,.F.,(4,1,1,1,1,1,1,1,1,1,1,1,1,1,1,4),(0.E0,
6.666666666667E-2,1.333333333333E-1,2.E-1,2.666666666667E-1,3.333333333333E-1,
4.E-1,4.666666666667E-1,5.333333333333E-1,6.E-1,6.666666666667E-1,
7.333333333333E-1,8.E-1,8.666666666667E-1,9.333333333333E-1,1.E0),
.UNSPECIFIED.);
#10643=B_SPLINE_CURVE_WITH_KNOTS('',3,(#10625,#10626,#10627,#10628,#10629,
#10630,#10631,#10632,#10633,#10634,#10635,#10636,#10637,#10638,#10639,#10640,
#10641,#10642),.UNSPECIFIED.,.F.,.F.,(4,1,1,1,1,1,1,1,1,1,1,1,1,1,1,4),(0.E0,
6.666666666667E-2,1.333333333333E-1,2.E-1,2.666666666667E-1,3.333333333333E-1,
4.E-1,4.666666666667E-1,5.333333333333E-1,6.E-1,6.666666666667E-1,
7.333333333333E-1,8.E-1,8.666666666667E-1,9.333333333333E-1,1.E0),
.UNSPECIFIED.);
#10648=CIRCLE('',#10647,6.8805E-1);
#10653=CIRCLE('',#10652,7.2945E-1);
#10658=CIRCLE('',#10657,7.2945E-1);
#10671=CIRCLE('',#10670,7.2945E-1);
#10680=CIRCLE('',#10679,7.2945E-1);
#10685=CIRCLE('',#10684,6.8805E-1);
#10690=CIRCLE('',#10689,6.8805E-1);
#10709=B_SPLINE_CURVE_WITH_KNOTS('',3,(#10691,#10692,#10693,#10694,#10695,
#10696,#10697,#10698,#10699,#10700,#10701,#10702,#10703,#10704,#10705,#10706,
#10707,#10708),.UNSPECIFIED.,.F.,.F.,(4,1,1,1,1,1,1,1,1,1,1,1,1,1,1,4),(0.E0,
6.666666666667E-2,1.333333333333E-1,2.E-1,2.666666666667E-1,3.333333333333E-1,
4.E-1,4.666666666667E-1,5.333333333333E-1,6.E-1,6.666666666667E-1,
7.333333333333E-1,8.E-1,8.666666666667E-1,9.333333333333E-1,1.E0),
.UNSPECIFIED.);
#10728=B_SPLINE_CURVE_WITH_KNOTS('',3,(#10710,#10711,#10712,#10713,#10714,
#10715,#10716,#10717,#10718,#10719,#10720,#10721,#10722,#10723,#10724,#10725,
#10726,#10727),.UNSPECIFIED.,.F.,.F.,(4,1,1,1,1,1,1,1,1,1,1,1,1,1,1,4),(0.E0,
6.666666666667E-2,1.333333333333E-1,2.E-1,2.666666666667E-1,3.333333333333E-1,
4.E-1,4.666666666667E-1,5.333333333333E-1,6.E-1,6.666666666667E-1,
7.333333333333E-1,8.E-1,8.666666666667E-1,9.333333333333E-1,1.E0),
.UNSPECIFIED.);
#10747=B_SPLINE_CURVE_WITH_KNOTS('',3,(#10729,#10730,#10731,#10732,#10733,
#10734,#10735,#10736,#10737,#10738,#10739,#10740,#10741,#10742,#10743,#10744,
#10745,#10746),.UNSPECIFIED.,.F.,.F.,(4,1,1,1,1,1,1,1,1,1,1,1,1,1,1,4),(0.E0,
6.666666666667E-2,1.333333333333E-1,2.E-1,2.666666666667E-1,3.333333333333E-1,
4.E-1,4.666666666667E-1,5.333333333333E-1,6.E-1,6.666666666667E-1,
7.333333333333E-1,8.E-1,8.666666666667E-1,9.333333333333E-1,1.E0),
.UNSPECIFIED.);
#10752=CIRCLE('',#10751,6.9E-2);
#10757=CIRCLE('',#10756,6.9E-2);
#10776=B_SPLINE_CURVE_WITH_KNOTS('',3,(#10758,#10759,#10760,#10761,#10762,
#10763,#10764,#10765,#10766,#10767,#10768,#10769,#10770,#10771,#10772,#10773,
#10774,#10775),.UNSPECIFIED.,.F.,.F.,(4,1,1,1,1,1,1,1,1,1,1,1,1,1,1,4),(0.E0,
6.666666666667E-2,1.333333333333E-1,2.E-1,2.666666666667E-1,3.333333333333E-1,
4.E-1,4.666666666667E-1,5.333333333333E-1,6.E-1,6.666666666667E-1,
7.333333333333E-1,8.E-1,8.666666666667E-1,9.333333333333E-1,1.E0),
.UNSPECIFIED.);
#10781=CIRCLE('',#10780,6.9E-2);
#10786=CIRCLE('',#10785,6.9E-2);
#10805=B_SPLINE_CURVE_WITH_KNOTS('',3,(#10787,#10788,#10789,#10790,#10791,
#10792,#10793,#10794,#10795,#10796,#10797,#10798,#10799,#10800,#10801,#10802,
#10803,#10804),.UNSPECIFIED.,.F.,.F.,(4,1,1,1,1,1,1,1,1,1,1,1,1,1,1,4),(0.E0,
6.666666666667E-2,1.333333333333E-1,2.E-1,2.666666666667E-1,3.333333333333E-1,
4.E-1,4.666666666667E-1,5.333333333333E-1,6.E-1,6.666666666667E-1,
7.333333333333E-1,8.E-1,8.666666666667E-1,9.333333333333E-1,1.E0),
.UNSPECIFIED.);
#10824=B_SPLINE_CURVE_WITH_KNOTS('',3,(#10806,#10807,#10808,#10809,#10810,
#10811,#10812,#10813,#10814,#10815,#10816,#10817,#10818,#10819,#10820,#10821,
#10822,#10823),.UNSPECIFIED.,.F.,.F.,(4,1,1,1,1,1,1,1,1,1,1,1,1,1,1,4),(0.E0,
6.666666666667E-2,1.333333333333E-1,2.E-1,2.666666666667E-1,3.333333333333E-1,
4.E-1,4.666666666667E-1,5.333333333333E-1,6.E-1,6.666666666667E-1,
7.333333333333E-1,8.E-1,8.666666666667E-1,9.333333333333E-1,1.E0),
.UNSPECIFIED.);
#10843=B_SPLINE_CURVE_WITH_KNOTS('',3,(#10825,#10826,#10827,#10828,#10829,
#10830,#10831,#10832,#10833,#10834,#10835,#10836,#10837,#10838,#10839,#10840,
#10841,#10842),.UNSPECIFIED.,.F.,.F.,(4,1,1,1,1,1,1,1,1,1,1,1,1,1,1,4),(0.E0,
6.666666666667E-2,1.333333333333E-1,2.E-1,2.666666666667E-1,3.333333333333E-1,
4.E-1,4.666666666667E-1,5.333333333333E-1,6.E-1,6.666666666667E-1,
7.333333333333E-1,8.E-1,8.666666666667E-1,9.333333333333E-1,1.E0),
.UNSPECIFIED.);
#10848=CIRCLE('',#10847,6.9E-2);
#10853=CIRCLE('',#10852,6.9E-2);
#10872=B_SPLINE_CURVE_WITH_KNOTS('',3,(#10854,#10855,#10856,#10857,#10858,
#10859,#10860,#10861,#10862,#10863,#10864,#10865,#10866,#10867,#10868,#10869,
#10870,#10871),.UNSPECIFIED.,.F.,.F.,(4,1,1,1,1,1,1,1,1,1,1,1,1,1,1,4),(0.E0,
6.666666666667E-2,1.333333333333E-1,2.E-1,2.666666666667E-1,3.333333333333E-1,
4.E-1,4.666666666667E-1,5.333333333333E-1,6.E-1,6.666666666667E-1,
7.333333333333E-1,8.E-1,8.666666666667E-1,9.333333333333E-1,1.E0),
.UNSPECIFIED.);
#10877=CIRCLE('',#10876,6.9E-2);
#10882=CIRCLE('',#10881,6.9E-2);
#10901=B_SPLINE_CURVE_WITH_KNOTS('',3,(#10883,#10884,#10885,#10886,#10887,
#10888,#10889,#10890,#10891,#10892,#10893,#10894,#10895,#10896,#10897,#10898,
#10899,#10900),.UNSPECIFIED.,.F.,.F.,(4,1,1,1,1,1,1,1,1,1,1,1,1,1,1,4),(0.E0,
6.666666666667E-2,1.333333333333E-1,2.E-1,2.666666666667E-1,3.333333333333E-1,
4.E-1,4.666666666667E-1,5.333333333333E-1,6.E-1,6.666666666667E-1,
7.333333333333E-1,8.E-1,8.666666666667E-1,9.333333333333E-1,1.E0),
.UNSPECIFIED.);
#10920=B_SPLINE_CURVE_WITH_KNOTS('',3,(#10902,#10903,#10904,#10905,#10906,
#10907,#10908,#10909,#10910,#10911,#10912,#10913,#10914,#10915,#10916,#10917,
#10918,#10919),.UNSPECIFIED.,.F.,.F.,(4,1,1,1,1,1,1,1,1,1,1,1,1,1,1,4),(0.E0,
6.666666666667E-2,1.333333333333E-1,2.E-1,2.666666666667E-1,3.333333333333E-1,
4.E-1,4.666666666667E-1,5.333333333333E-1,6.E-1,6.666666666667E-1,
7.333333333333E-1,8.E-1,8.666666666667E-1,9.333333333333E-1,1.E0),
.UNSPECIFIED.);
#10939=B_SPLINE_CURVE_WITH_KNOTS('',3,(#10921,#10922,#10923,#10924,#10925,
#10926,#10927,#10928,#10929,#10930,#10931,#10932,#10933,#10934,#10935,#10936,
#10937,#10938),.UNSPECIFIED.,.F.,.F.,(4,1,1,1,1,1,1,1,1,1,1,1,1,1,1,4),(0.E0,
6.666666666667E-2,1.333333333333E-1,2.E-1,2.666666666667E-1,3.333333333333E-1,
4.E-1,4.666666666667E-1,5.333333333333E-1,6.E-1,6.666666666667E-1,
7.333333333333E-1,8.E-1,8.666666666667E-1,9.333333333333E-1,1.E0),
.UNSPECIFIED.);
#10944=CIRCLE('',#10943,6.9E-2);
#10949=CIRCLE('',#10948,6.9E-2);
#10968=B_SPLINE_CURVE_WITH_KNOTS('',3,(#10950,#10951,#10952,#10953,#10954,
#10955,#10956,#10957,#10958,#10959,#10960,#10961,#10962,#10963,#10964,#10965,
#10966,#10967),.UNSPECIFIED.,.F.,.F.,(4,1,1,1,1,1,1,1,1,1,1,1,1,1,1,4),(0.E0,
6.666666666667E-2,1.333333333333E-1,2.E-1,2.666666666667E-1,3.333333333333E-1,
4.E-1,4.666666666667E-1,5.333333333333E-1,6.E-1,6.666666666667E-1,
7.333333333333E-1,8.E-1,8.666666666667E-1,9.333333333333E-1,1.E0),
.UNSPECIFIED.);
#10973=CIRCLE('',#10972,6.9E-2);
#10978=CIRCLE('',#10977,6.9E-2);
#10997=B_SPLINE_CURVE_WITH_KNOTS('',3,(#10979,#10980,#10981,#10982,#10983,
#10984,#10985,#10986,#10987,#10988,#10989,#10990,#10991,#10992,#10993,#10994,
#10995,#10996),.UNSPECIFIED.,.F.,.F.,(4,1,1,1,1,1,1,1,1,1,1,1,1,1,1,4),(0.E0,
6.666666666667E-2,1.333333333333E-1,2.E-1,2.666666666667E-1,3.333333333333E-1,
4.E-1,4.666666666667E-1,5.333333333333E-1,6.E-1,6.666666666667E-1,
7.333333333333E-1,8.E-1,8.666666666667E-1,9.333333333333E-1,1.E0),
.UNSPECIFIED.);
#11016=B_SPLINE_CURVE_WITH_KNOTS('',3,(#10998,#10999,#11000,#11001,#11002,
#11003,#11004,#11005,#11006,#11007,#11008,#11009,#11010,#11011,#11012,#11013,
#11014,#11015),.UNSPECIFIED.,.F.,.F.,(4,1,1,1,1,1,1,1,1,1,1,1,1,1,1,4),(0.E0,
6.666666666667E-2,1.333333333333E-1,2.E-1,2.666666666667E-1,3.333333333333E-1,
4.E-1,4.666666666667E-1,5.333333333333E-1,6.E-1,6.666666666667E-1,
7.333333333333E-1,8.E-1,8.666666666667E-1,9.333333333333E-1,1.E0),
.UNSPECIFIED.);
#11035=B_SPLINE_CURVE_WITH_KNOTS('',3,(#11017,#11018,#11019,#11020,#11021,
#11022,#11023,#11024,#11025,#11026,#11027,#11028,#11029,#11030,#11031,#11032,
#11033,#11034),.UNSPECIFIED.,.F.,.F.,(4,1,1,1,1,1,1,1,1,1,1,1,1,1,1,4),(0.E0,
6.666666666667E-2,1.333333333333E-1,2.E-1,2.666666666667E-1,3.333333333333E-1,
4.E-1,4.666666666667E-1,5.333333333333E-1,6.E-1,6.666666666667E-1,
7.333333333333E-1,8.E-1,8.666666666667E-1,9.333333333333E-1,1.E0),
.UNSPECIFIED.);
#11040=CIRCLE('',#11039,6.9E-2);
#11045=CIRCLE('',#11044,6.9E-2);
#11064=B_SPLINE_CURVE_WITH_KNOTS('',3,(#11046,#11047,#11048,#11049,#11050,
#11051,#11052,#11053,#11054,#11055,#11056,#11057,#11058,#11059,#11060,#11061,
#11062,#11063),.UNSPECIFIED.,.F.,.F.,(4,1,1,1,1,1,1,1,1,1,1,1,1,1,1,4),(0.E0,
6.666666666667E-2,1.333333333333E-1,2.E-1,2.666666666667E-1,3.333333333333E-1,
4.E-1,4.666666666667E-1,5.333333333333E-1,6.E-1,6.666666666667E-1,
7.333333333333E-1,8.E-1,8.666666666667E-1,9.333333333333E-1,1.E0),
.UNSPECIFIED.);
#11069=CIRCLE('',#11068,6.9E-2);
#11074=CIRCLE('',#11073,6.9E-2);
#11091=B_SPLINE_CURVE_WITH_KNOTS('',3,(#11075,#11076,#11077,#11078,#11079,
#11080,#11081,#11082,#11083,#11084,#11085,#11086,#11087,#11088,#11089,#11090),
.UNSPECIFIED.,.F.,.F.,(4,1,1,1,1,1,1,1,1,1,1,1,1,4),(0.E0,7.692307692308E-2,
1.538461538462E-1,2.307692307692E-1,3.076923076923E-1,3.846153846154E-1,
4.615384615385E-1,5.384615384615E-1,6.153846153846E-1,6.923076923077E-1,
7.692307692308E-1,8.461538461538E-1,9.230769230769E-1,1.E0),.UNSPECIFIED.);
#11110=B_SPLINE_CURVE_WITH_KNOTS('',3,(#11092,#11093,#11094,#11095,#11096,
#11097,#11098,#11099,#11100,#11101,#11102,#11103,#11104,#11105,#11106,#11107,
#11108,#11109),.UNSPECIFIED.,.F.,.F.,(4,1,1,1,1,1,1,1,1,1,1,1,1,1,1,4),(0.E0,
6.666666666667E-2,1.333333333333E-1,2.E-1,2.666666666667E-1,3.333333333333E-1,
4.E-1,4.666666666667E-1,5.333333333333E-1,6.E-1,6.666666666667E-1,
7.333333333333E-1,8.E-1,8.666666666667E-1,9.333333333333E-1,1.E0),
.UNSPECIFIED.);
#11129=B_SPLINE_CURVE_WITH_KNOTS('',3,(#11111,#11112,#11113,#11114,#11115,
#11116,#11117,#11118,#11119,#11120,#11121,#11122,#11123,#11124,#11125,#11126,
#11127,#11128),.UNSPECIFIED.,.F.,.F.,(4,1,1,1,1,1,1,1,1,1,1,1,1,1,1,4),(0.E0,
6.666666666667E-2,1.333333333333E-1,2.E-1,2.666666666667E-1,3.333333333333E-1,
4.E-1,4.666666666667E-1,5.333333333333E-1,6.E-1,6.666666666667E-1,
7.333333333333E-1,8.E-1,8.666666666667E-1,9.333333333333E-1,1.E0),
.UNSPECIFIED.);
#11134=CIRCLE('',#11133,6.9E-2);
#11139=CIRCLE('',#11138,6.9E-2);
#11158=B_SPLINE_CURVE_WITH_KNOTS('',3,(#11140,#11141,#11142,#11143,#11144,
#11145,#11146,#11147,#11148,#11149,#11150,#11151,#11152,#11153,#11154,#11155,
#11156,#11157),.UNSPECIFIED.,.F.,.F.,(4,1,1,1,1,1,1,1,1,1,1,1,1,1,1,4),(0.E0,
6.666666666667E-2,1.333333333333E-1,2.E-1,2.666666666667E-1,3.333333333333E-1,
4.E-1,4.666666666667E-1,5.333333333333E-1,6.E-1,6.666666666667E-1,
7.333333333333E-1,8.E-1,8.666666666667E-1,9.333333333333E-1,1.E0),
.UNSPECIFIED.);
#11163=CIRCLE('',#11162,6.9E-2);
#11168=CIRCLE('',#11167,6.9E-2);
#11187=B_SPLINE_CURVE_WITH_KNOTS('',3,(#11169,#11170,#11171,#11172,#11173,
#11174,#11175,#11176,#11177,#11178,#11179,#11180,#11181,#11182,#11183,#11184,
#11185,#11186),.UNSPECIFIED.,.F.,.F.,(4,1,1,1,1,1,1,1,1,1,1,1,1,1,1,4),(0.E0,
6.666666666667E-2,1.333333333333E-1,2.E-1,2.666666666667E-1,3.333333333333E-1,
4.E-1,4.666666666667E-1,5.333333333333E-1,6.E-1,6.666666666667E-1,
7.333333333333E-1,8.E-1,8.666666666667E-1,9.333333333333E-1,1.E0),
.UNSPECIFIED.);
#11206=B_SPLINE_CURVE_WITH_KNOTS('',3,(#11188,#11189,#11190,#11191,#11192,
#11193,#11194,#11195,#11196,#11197,#11198,#11199,#11200,#11201,#11202,#11203,
#11204,#11205),.UNSPECIFIED.,.F.,.F.,(4,1,1,1,1,1,1,1,1,1,1,1,1,1,1,4),(0.E0,
6.666666666667E-2,1.333333333333E-1,2.E-1,2.666666666667E-1,3.333333333333E-1,
4.E-1,4.666666666667E-1,5.333333333333E-1,6.E-1,6.666666666667E-1,
7.333333333333E-1,8.E-1,8.666666666667E-1,9.333333333333E-1,1.E0),
.UNSPECIFIED.);
#11211=CIRCLE('',#11210,6.9E-2);
#11230=B_SPLINE_CURVE_WITH_KNOTS('',3,(#11212,#11213,#11214,#11215,#11216,
#11217,#11218,#11219,#11220,#11221,#11222,#11223,#11224,#11225,#11226,#11227,
#11228,#11229),.UNSPECIFIED.,.F.,.F.,(4,1,1,1,1,1,1,1,1,1,1,1,1,1,1,4),(0.E0,
6.666666666667E-2,1.333333333333E-1,2.E-1,2.666666666667E-1,3.333333333333E-1,
4.E-1,4.666666666667E-1,5.333333333333E-1,6.E-1,6.666666666667E-1,
7.333333333333E-1,8.E-1,8.666666666667E-1,9.333333333333E-1,1.E0),
.UNSPECIFIED.);
#11235=CIRCLE('',#11234,6.9E-2);
#11240=CIRCLE('',#11239,6.9E-2);
#11245=CIRCLE('',#11244,6.9E-2);
#11264=B_SPLINE_CURVE_WITH_KNOTS('',3,(#11246,#11247,#11248,#11249,#11250,
#11251,#11252,#11253,#11254,#11255,#11256,#11257,#11258,#11259,#11260,#11261,
#11262,#11263),.UNSPECIFIED.,.F.,.F.,(4,1,1,1,1,1,1,1,1,1,1,1,1,1,1,4),(0.E0,
6.666666666667E-2,1.333333333333E-1,2.E-1,2.666666666667E-1,3.333333333333E-1,
4.E-1,4.666666666667E-1,5.333333333333E-1,6.E-1,6.666666666667E-1,
7.333333333333E-1,8.E-1,8.666666666667E-1,9.333333333333E-1,1.E0),
.UNSPECIFIED.);
#11283=B_SPLINE_CURVE_WITH_KNOTS('',3,(#11265,#11266,#11267,#11268,#11269,
#11270,#11271,#11272,#11273,#11274,#11275,#11276,#11277,#11278,#11279,#11280,
#11281,#11282),.UNSPECIFIED.,.F.,.F.,(4,1,1,1,1,1,1,1,1,1,1,1,1,1,1,4),(0.E0,
6.666666666667E-2,1.333333333333E-1,2.E-1,2.666666666667E-1,3.333333333333E-1,
4.E-1,4.666666666667E-1,5.333333333333E-1,6.E-1,6.666666666667E-1,
7.333333333333E-1,8.E-1,8.666666666667E-1,9.333333333333E-1,1.E0),
.UNSPECIFIED.);
#11300=B_SPLINE_CURVE_WITH_KNOTS('',3,(#11284,#11285,#11286,#11287,#11288,
#11289,#11290,#11291,#11292,#11293,#11294,#11295,#11296,#11297,#11298,#11299),
.UNSPECIFIED.,.F.,.F.,(4,1,1,1,1,1,1,1,1,1,1,1,1,4),(0.E0,7.692307692308E-2,
1.538461538462E-1,2.307692307692E-1,3.076923076923E-1,3.846153846154E-1,
4.615384615385E-1,5.384615384615E-1,6.153846153846E-1,6.923076923077E-1,
7.692307692308E-1,8.461538461538E-1,9.230769230769E-1,1.E0),.UNSPECIFIED.);
#11305=CIRCLE('',#11304,6.9E-2);
#11324=B_SPLINE_CURVE_WITH_KNOTS('',3,(#11306,#11307,#11308,#11309,#11310,
#11311,#11312,#11313,#11314,#11315,#11316,#11317,#11318,#11319,#11320,#11321,
#11322,#11323),.UNSPECIFIED.,.F.,.F.,(4,1,1,1,1,1,1,1,1,1,1,1,1,1,1,4),(0.E0,
6.666666666667E-2,1.333333333333E-1,2.E-1,2.666666666667E-1,3.333333333333E-1,
4.E-1,4.666666666667E-1,5.333333333333E-1,6.E-1,6.666666666667E-1,
7.333333333333E-1,8.E-1,8.666666666667E-1,9.333333333333E-1,1.E0),
.UNSPECIFIED.);
#11329=CIRCLE('',#11328,6.9E-2);
#11334=CIRCLE('',#11333,6.9E-2);
#11339=CIRCLE('',#11338,6.9E-2);
#11358=B_SPLINE_CURVE_WITH_KNOTS('',3,(#11340,#11341,#11342,#11343,#11344,
#11345,#11346,#11347,#11348,#11349,#11350,#11351,#11352,#11353,#11354,#11355,
#11356,#11357),.UNSPECIFIED.,.F.,.F.,(4,1,1,1,1,1,1,1,1,1,1,1,1,1,1,4),(0.E0,
6.666666666667E-2,1.333333333333E-1,2.E-1,2.666666666667E-1,3.333333333333E-1,
4.E-1,4.666666666667E-1,5.333333333333E-1,6.E-1,6.666666666667E-1,
7.333333333333E-1,8.E-1,8.666666666667E-1,9.333333333333E-1,1.E0),
.UNSPECIFIED.);
#11377=B_SPLINE_CURVE_WITH_KNOTS('',3,(#11359,#11360,#11361,#11362,#11363,
#11364,#11365,#11366,#11367,#11368,#11369,#11370,#11371,#11372,#11373,#11374,
#11375,#11376),.UNSPECIFIED.,.F.,.F.,(4,1,1,1,1,1,1,1,1,1,1,1,1,1,1,4),(0.E0,
6.666666666667E-2,1.333333333333E-1,2.E-1,2.666666666667E-1,3.333333333333E-1,
4.E-1,4.666666666667E-1,5.333333333333E-1,6.E-1,6.666666666667E-1,
7.333333333333E-1,8.E-1,8.666666666667E-1,9.333333333333E-1,1.E0),
.UNSPECIFIED.);
#11396=B_SPLINE_CURVE_WITH_KNOTS('',3,(#11378,#11379,#11380,#11381,#11382,
#11383,#11384,#11385,#11386,#11387,#11388,#11389,#11390,#11391,#11392,#11393,
#11394,#11395),.UNSPECIFIED.,.F.,.F.,(4,1,1,1,1,1,1,1,1,1,1,1,1,1,1,4),(0.E0,
6.666666666667E-2,1.333333333333E-1,2.E-1,2.666666666667E-1,3.333333333333E-1,
4.E-1,4.666666666667E-1,5.333333333333E-1,6.E-1,6.666666666667E-1,
7.333333333333E-1,8.E-1,8.666666666667E-1,9.333333333333E-1,1.E0),
.UNSPECIFIED.);
#11401=CIRCLE('',#11400,6.9E-2);
#11420=B_SPLINE_CURVE_WITH_KNOTS('',3,(#11402,#11403,#11404,#11405,#11406,
#11407,#11408,#11409,#11410,#11411,#11412,#11413,#11414,#11415,#11416,#11417,
#11418,#11419),.UNSPECIFIED.,.F.,.F.,(4,1,1,1,1,1,1,1,1,1,1,1,1,1,1,4),(0.E0,
6.666666666667E-2,1.333333333333E-1,2.E-1,2.666666666667E-1,3.333333333333E-1,
4.E-1,4.666666666667E-1,5.333333333333E-1,6.E-1,6.666666666667E-1,
7.333333333333E-1,8.E-1,8.666666666667E-1,9.333333333333E-1,1.E0),
.UNSPECIFIED.);
#11425=CIRCLE('',#11424,6.9E-2);
#11430=CIRCLE('',#11429,6.9E-2);
#11435=CIRCLE('',#11434,6.9E-2);
#11454=B_SPLINE_CURVE_WITH_KNOTS('',3,(#11436,#11437,#11438,#11439,#11440,
#11441,#11442,#11443,#11444,#11445,#11446,#11447,#11448,#11449,#11450,#11451,
#11452,#11453),.UNSPECIFIED.,.F.,.F.,(4,1,1,1,1,1,1,1,1,1,1,1,1,1,1,4),(0.E0,
6.666666666667E-2,1.333333333333E-1,2.E-1,2.666666666667E-1,3.333333333333E-1,
4.E-1,4.666666666667E-1,5.333333333333E-1,6.E-1,6.666666666667E-1,
7.333333333333E-1,8.E-1,8.666666666667E-1,9.333333333333E-1,1.E0),
.UNSPECIFIED.);
#11473=B_SPLINE_CURVE_WITH_KNOTS('',3,(#11455,#11456,#11457,#11458,#11459,
#11460,#11461,#11462,#11463,#11464,#11465,#11466,#11467,#11468,#11469,#11470,
#11471,#11472),.UNSPECIFIED.,.F.,.F.,(4,1,1,1,1,1,1,1,1,1,1,1,1,1,1,4),(0.E0,
6.666666666667E-2,1.333333333333E-1,2.E-1,2.666666666667E-1,3.333333333333E-1,
4.E-1,4.666666666667E-1,5.333333333333E-1,6.E-1,6.666666666667E-1,
7.333333333333E-1,8.E-1,8.666666666667E-1,9.333333333333E-1,1.E0),
.UNSPECIFIED.);
#11492=B_SPLINE_CURVE_WITH_KNOTS('',3,(#11474,#11475,#11476,#11477,#11478,
#11479,#11480,#11481,#11482,#11483,#11484,#11485,#11486,#11487,#11488,#11489,
#11490,#11491),.UNSPECIFIED.,.F.,.F.,(4,1,1,1,1,1,1,1,1,1,1,1,1,1,1,4),(0.E0,
6.666666666667E-2,1.333333333333E-1,2.E-1,2.666666666667E-1,3.333333333333E-1,
4.E-1,4.666666666667E-1,5.333333333333E-1,6.E-1,6.666666666667E-1,
7.333333333333E-1,8.E-1,8.666666666667E-1,9.333333333333E-1,1.E0),
.UNSPECIFIED.);
#11511=B_SPLINE_CURVE_WITH_KNOTS('',3,(#11493,#11494,#11495,#11496,#11497,
#11498,#11499,#11500,#11501,#11502,#11503,#11504,#11505,#11506,#11507,#11508,
#11509,#11510),.UNSPECIFIED.,.F.,.F.,(4,1,1,1,1,1,1,1,1,1,1,1,1,1,1,4),(0.E0,
6.666666666667E-2,1.333333333333E-1,2.E-1,2.666666666667E-1,3.333333333333E-1,
4.E-1,4.666666666667E-1,5.333333333333E-1,6.E-1,6.666666666667E-1,
7.333333333333E-1,8.E-1,8.666666666667E-1,9.333333333333E-1,1.E0),
.UNSPECIFIED.);
#11516=CIRCLE('',#11515,6.9E-2);
#11521=CIRCLE('',#11520,6.9E-2);
#11540=B_SPLINE_CURVE_WITH_KNOTS('',3,(#11522,#11523,#11524,#11525,#11526,
#11527,#11528,#11529,#11530,#11531,#11532,#11533,#11534,#11535,#11536,#11537,
#11538,#11539),.UNSPECIFIED.,.F.,.F.,(4,1,1,1,1,1,1,1,1,1,1,1,1,1,1,4),(0.E0,
6.666666666667E-2,1.333333333333E-1,2.E-1,2.666666666667E-1,3.333333333333E-1,
4.E-1,4.666666666667E-1,5.333333333333E-1,6.E-1,6.666666666667E-1,
7.333333333333E-1,8.E-1,8.666666666667E-1,9.333333333333E-1,1.E0),
.UNSPECIFIED.);
#11545=CIRCLE('',#11544,6.9E-2);
#11550=CIRCLE('',#11549,6.9E-2);
#11567=B_SPLINE_CURVE_WITH_KNOTS('',3,(#11551,#11552,#11553,#11554,#11555,
#11556,#11557,#11558,#11559,#11560,#11561,#11562,#11563,#11564,#11565,#11566),
.UNSPECIFIED.,.F.,.F.,(4,1,1,1,1,1,1,1,1,1,1,1,1,4),(0.E0,7.692307692308E-2,
1.538461538462E-1,2.307692307692E-1,3.076923076923E-1,3.846153846154E-1,
4.615384615385E-1,5.384615384615E-1,6.153846153846E-1,6.923076923077E-1,
7.692307692308E-1,8.461538461538E-1,9.230769230769E-1,1.E0),.UNSPECIFIED.);
#11586=B_SPLINE_CURVE_WITH_KNOTS('',3,(#11568,#11569,#11570,#11571,#11572,
#11573,#11574,#11575,#11576,#11577,#11578,#11579,#11580,#11581,#11582,#11583,
#11584,#11585),.UNSPECIFIED.,.F.,.F.,(4,1,1,1,1,1,1,1,1,1,1,1,1,1,1,4),(0.E0,
6.666666666667E-2,1.333333333333E-1,2.E-1,2.666666666667E-1,3.333333333333E-1,
4.E-1,4.666666666667E-1,5.333333333333E-1,6.E-1,6.666666666667E-1,
7.333333333333E-1,8.E-1,8.666666666667E-1,9.333333333333E-1,1.E0),
.UNSPECIFIED.);
#11605=B_SPLINE_CURVE_WITH_KNOTS('',3,(#11587,#11588,#11589,#11590,#11591,
#11592,#11593,#11594,#11595,#11596,#11597,#11598,#11599,#11600,#11601,#11602,
#11603,#11604),.UNSPECIFIED.,.F.,.F.,(4,1,1,1,1,1,1,1,1,1,1,1,1,1,1,4),(0.E0,
6.666666666667E-2,1.333333333333E-1,2.E-1,2.666666666667E-1,3.333333333333E-1,
4.E-1,4.666666666667E-1,5.333333333333E-1,6.E-1,6.666666666667E-1,
7.333333333333E-1,8.E-1,8.666666666667E-1,9.333333333333E-1,1.E0),
.UNSPECIFIED.);
#11610=CIRCLE('',#11609,6.9E-2);
#11615=CIRCLE('',#11614,6.9E-2);
#11632=B_SPLINE_CURVE_WITH_KNOTS('',3,(#11616,#11617,#11618,#11619,#11620,
#11621,#11622,#11623,#11624,#11625,#11626,#11627,#11628,#11629,#11630,#11631),
.UNSPECIFIED.,.F.,.F.,(4,1,1,1,1,1,1,1,1,1,1,1,1,4),(0.E0,7.692307692308E-2,
1.538461538462E-1,2.307692307692E-1,3.076923076923E-1,3.846153846154E-1,
4.615384615385E-1,5.384615384615E-1,6.153846153846E-1,6.923076923077E-1,
7.692307692308E-1,8.461538461538E-1,9.230769230769E-1,1.E0),.UNSPECIFIED.);
#11637=CIRCLE('',#11636,6.9E-2);
#11642=CIRCLE('',#11641,6.9E-2);
#11661=B_SPLINE_CURVE_WITH_KNOTS('',3,(#11643,#11644,#11645,#11646,#11647,
#11648,#11649,#11650,#11651,#11652,#11653,#11654,#11655,#11656,#11657,#11658,
#11659,#11660),.UNSPECIFIED.,.F.,.F.,(4,1,1,1,1,1,1,1,1,1,1,1,1,1,1,4),(0.E0,
6.666666666667E-2,1.333333333333E-1,2.E-1,2.666666666667E-1,3.333333333333E-1,
4.E-1,4.666666666667E-1,5.333333333333E-1,6.E-1,6.666666666667E-1,
7.333333333333E-1,8.E-1,8.666666666667E-1,9.333333333333E-1,1.E0),
.UNSPECIFIED.);
#11680=B_SPLINE_CURVE_WITH_KNOTS('',3,(#11662,#11663,#11664,#11665,#11666,
#11667,#11668,#11669,#11670,#11671,#11672,#11673,#11674,#11675,#11676,#11677,
#11678,#11679),.UNSPECIFIED.,.F.,.F.,(4,1,1,1,1,1,1,1,1,1,1,1,1,1,1,4),(0.E0,
6.666666666667E-2,1.333333333333E-1,2.E-1,2.666666666667E-1,3.333333333333E-1,
4.E-1,4.666666666667E-1,5.333333333333E-1,6.E-1,6.666666666667E-1,
7.333333333333E-1,8.E-1,8.666666666667E-1,9.333333333333E-1,1.E0),
.UNSPECIFIED.);
#11699=B_SPLINE_CURVE_WITH_KNOTS('',3,(#11681,#11682,#11683,#11684,#11685,
#11686,#11687,#11688,#11689,#11690,#11691,#11692,#11693,#11694,#11695,#11696,
#11697,#11698),.UNSPECIFIED.,.F.,.F.,(4,1,1,1,1,1,1,1,1,1,1,1,1,1,1,4),(0.E0,
6.666666666667E-2,1.333333333333E-1,2.E-1,2.666666666667E-1,3.333333333333E-1,
4.E-1,4.666666666667E-1,5.333333333333E-1,6.E-1,6.666666666667E-1,
7.333333333333E-1,8.E-1,8.666666666667E-1,9.333333333333E-1,1.E0),
.UNSPECIFIED.);
#11704=CIRCLE('',#11703,6.9E-2);
#11709=CIRCLE('',#11708,6.9E-2);
#11728=B_SPLINE_CURVE_WITH_KNOTS('',3,(#11710,#11711,#11712,#11713,#11714,
#11715,#11716,#11717,#11718,#11719,#11720,#11721,#11722,#11723,#11724,#11725,
#11726,#11727),.UNSPECIFIED.,.F.,.F.,(4,1,1,1,1,1,1,1,1,1,1,1,1,1,1,4),(0.E0,
6.666666666667E-2,1.333333333333E-1,2.E-1,2.666666666667E-1,3.333333333333E-1,
4.E-1,4.666666666667E-1,5.333333333333E-1,6.E-1,6.666666666667E-1,
7.333333333333E-1,8.E-1,8.666666666667E-1,9.333333333333E-1,1.E0),
.UNSPECIFIED.);
#11733=CIRCLE('',#11732,6.9E-2);
#11738=CIRCLE('',#11737,6.9E-2);
#11757=B_SPLINE_CURVE_WITH_KNOTS('',3,(#11739,#11740,#11741,#11742,#11743,
#11744,#11745,#11746,#11747,#11748,#11749,#11750,#11751,#11752,#11753,#11754,
#11755,#11756),.UNSPECIFIED.,.F.,.F.,(4,1,1,1,1,1,1,1,1,1,1,1,1,1,1,4),(0.E0,
6.666666666667E-2,1.333333333333E-1,2.E-1,2.666666666667E-1,3.333333333333E-1,
4.E-1,4.666666666667E-1,5.333333333333E-1,6.E-1,6.666666666667E-1,
7.333333333333E-1,8.E-1,8.666666666667E-1,9.333333333333E-1,1.E0),
.UNSPECIFIED.);
#11776=B_SPLINE_CURVE_WITH_KNOTS('',3,(#11758,#11759,#11760,#11761,#11762,
#11763,#11764,#11765,#11766,#11767,#11768,#11769,#11770,#11771,#11772,#11773,
#11774,#11775),.UNSPECIFIED.,.F.,.F.,(4,1,1,1,1,1,1,1,1,1,1,1,1,1,1,4),(0.E0,
6.666666666667E-2,1.333333333333E-1,2.E-1,2.666666666667E-1,3.333333333333E-1,
4.E-1,4.666666666667E-1,5.333333333333E-1,6.E-1,6.666666666667E-1,
7.333333333333E-1,8.E-1,8.666666666667E-1,9.333333333333E-1,1.E0),
.UNSPECIFIED.);
#11781=CIRCLE('',#11780,6.9E-2);
#11800=B_SPLINE_CURVE_WITH_KNOTS('',3,(#11782,#11783,#11784,#11785,#11786,
#11787,#11788,#11789,#11790,#11791,#11792,#11793,#11794,#11795,#11796,#11797,
#11798,#11799),.UNSPECIFIED.,.F.,.F.,(4,1,1,1,1,1,1,1,1,1,1,1,1,1,1,4),(0.E0,
6.666666666667E-2,1.333333333333E-1,2.E-1,2.666666666667E-1,3.333333333333E-1,
4.E-1,4.666666666667E-1,5.333333333333E-1,6.E-1,6.666666666667E-1,
7.333333333333E-1,8.E-1,8.666666666667E-1,9.333333333333E-1,1.E0),
.UNSPECIFIED.);
#11805=CIRCLE('',#11804,6.9E-2);
#11810=CIRCLE('',#11809,6.9E-2);
#11815=CIRCLE('',#11814,6.9E-2);
#11835=B_SPLINE_CURVE_WITH_KNOTS('',3,(#11816,#11817,#11818,#11819,#11820,
#11821,#11822,#11823,#11824,#11825,#11826,#11827,#11828,#11829,#11830,#11831,
#11832,#11833,#11834),.UNSPECIFIED.,.F.,.F.,(4,1,1,1,1,1,1,1,1,1,1,1,1,1,1,1,4),
(0.E0,6.25E-2,1.25E-1,1.875E-1,2.5E-1,3.125E-1,3.75E-1,4.375E-1,5.E-1,5.625E-1,
6.25E-1,6.875E-1,7.5E-1,8.125E-1,8.75E-1,9.375E-1,1.E0),.UNSPECIFIED.);
#11854=B_SPLINE_CURVE_WITH_KNOTS('',3,(#11836,#11837,#11838,#11839,#11840,
#11841,#11842,#11843,#11844,#11845,#11846,#11847,#11848,#11849,#11850,#11851,
#11852,#11853),.UNSPECIFIED.,.F.,.F.,(4,1,1,1,1,1,1,1,1,1,1,1,1,1,1,4),(0.E0,
6.666666666667E-2,1.333333333333E-1,2.E-1,2.666666666667E-1,3.333333333333E-1,
4.E-1,4.666666666667E-1,5.333333333333E-1,6.E-1,6.666666666667E-1,
7.333333333333E-1,8.E-1,8.666666666667E-1,9.333333333333E-1,1.E0),
.UNSPECIFIED.);
#11873=B_SPLINE_CURVE_WITH_KNOTS('',3,(#11855,#11856,#11857,#11858,#11859,
#11860,#11861,#11862,#11863,#11864,#11865,#11866,#11867,#11868,#11869,#11870,
#11871,#11872),.UNSPECIFIED.,.F.,.F.,(4,1,1,1,1,1,1,1,1,1,1,1,1,1,1,4),(0.E0,
6.666666666667E-2,1.333333333333E-1,2.E-1,2.666666666667E-1,3.333333333333E-1,
4.E-1,4.666666666667E-1,5.333333333333E-1,6.E-1,6.666666666667E-1,
7.333333333333E-1,8.E-1,8.666666666667E-1,9.333333333333E-1,1.E0),
.UNSPECIFIED.);
#11878=CIRCLE('',#11877,6.9E-2);
#11897=B_SPLINE_CURVE_WITH_KNOTS('',3,(#11879,#11880,#11881,#11882,#11883,
#11884,#11885,#11886,#11887,#11888,#11889,#11890,#11891,#11892,#11893,#11894,
#11895,#11896),.UNSPECIFIED.,.F.,.F.,(4,1,1,1,1,1,1,1,1,1,1,1,1,1,1,4),(0.E0,
6.666666666667E-2,1.333333333333E-1,2.E-1,2.666666666667E-1,3.333333333333E-1,
4.E-1,4.666666666667E-1,5.333333333333E-1,6.E-1,6.666666666667E-1,
7.333333333333E-1,8.E-1,8.666666666667E-1,9.333333333333E-1,1.E0),
.UNSPECIFIED.);
#11902=CIRCLE('',#11901,6.9E-2);
#11907=CIRCLE('',#11906,6.9E-2);
#11912=CIRCLE('',#11911,6.9E-2);
#11931=B_SPLINE_CURVE_WITH_KNOTS('',3,(#11913,#11914,#11915,#11916,#11917,
#11918,#11919,#11920,#11921,#11922,#11923,#11924,#11925,#11926,#11927,#11928,
#11929,#11930),.UNSPECIFIED.,.F.,.F.,(4,1,1,1,1,1,1,1,1,1,1,1,1,1,1,4),(0.E0,
6.666666666667E-2,1.333333333333E-1,2.E-1,2.666666666667E-1,3.333333333333E-1,
4.E-1,4.666666666667E-1,5.333333333333E-1,6.E-1,6.666666666667E-1,
7.333333333333E-1,8.E-1,8.666666666667E-1,9.333333333333E-1,1.E0),
.UNSPECIFIED.);
#11950=B_SPLINE_CURVE_WITH_KNOTS('',3,(#11932,#11933,#11934,#11935,#11936,
#11937,#11938,#11939,#11940,#11941,#11942,#11943,#11944,#11945,#11946,#11947,
#11948,#11949),.UNSPECIFIED.,.F.,.F.,(4,1,1,1,1,1,1,1,1,1,1,1,1,1,1,4),(0.E0,
6.666666666667E-2,1.333333333333E-1,2.E-1,2.666666666667E-1,3.333333333333E-1,
4.E-1,4.666666666667E-1,5.333333333333E-1,6.E-1,6.666666666667E-1,
7.333333333333E-1,8.E-1,8.666666666667E-1,9.333333333333E-1,1.E0),
.UNSPECIFIED.);
#11969=B_SPLINE_CURVE_WITH_KNOTS('',3,(#11951,#11952,#11953,#11954,#11955,
#11956,#11957,#11958,#11959,#11960,#11961,#11962,#11963,#11964,#11965,#11966,
#11967,#11968),.UNSPECIFIED.,.F.,.F.,(4,1,1,1,1,1,1,1,1,1,1,1,1,1,1,4),(0.E0,
6.666666666667E-2,1.333333333333E-1,2.E-1,2.666666666667E-1,3.333333333333E-1,
4.E-1,4.666666666667E-1,5.333333333333E-1,6.E-1,6.666666666667E-1,
7.333333333333E-1,8.E-1,8.666666666667E-1,9.333333333333E-1,1.E0),
.UNSPECIFIED.);
#11974=CIRCLE('',#11973,6.9E-2);
#11993=B_SPLINE_CURVE_WITH_KNOTS('',3,(#11975,#11976,#11977,#11978,#11979,
#11980,#11981,#11982,#11983,#11984,#11985,#11986,#11987,#11988,#11989,#11990,
#11991,#11992),.UNSPECIFIED.,.F.,.F.,(4,1,1,1,1,1,1,1,1,1,1,1,1,1,1,4),(0.E0,
6.666666666667E-2,1.333333333333E-1,2.E-1,2.666666666667E-1,3.333333333333E-1,
4.E-1,4.666666666667E-1,5.333333333333E-1,6.E-1,6.666666666667E-1,
7.333333333333E-1,8.E-1,8.666666666667E-1,9.333333333333E-1,1.E0),
.UNSPECIFIED.);
#11998=CIRCLE('',#11997,6.9E-2);
#12003=CIRCLE('',#12002,6.9E-2);
#12008=CIRCLE('',#12007,6.9E-2);
#12027=B_SPLINE_CURVE_WITH_KNOTS('',3,(#12009,#12010,#12011,#12012,#12013,
#12014,#12015,#12016,#12017,#12018,#12019,#12020,#12021,#12022,#12023,#12024,
#12025,#12026),.UNSPECIFIED.,.F.,.F.,(4,1,1,1,1,1,1,1,1,1,1,1,1,1,1,4),(0.E0,
6.666666666667E-2,1.333333333333E-1,2.E-1,2.666666666667E-1,3.333333333333E-1,
4.E-1,4.666666666667E-1,5.333333333333E-1,6.E-1,6.666666666667E-1,
7.333333333333E-1,8.E-1,8.666666666667E-1,9.333333333333E-1,1.E0),
.UNSPECIFIED.);
#12046=B_SPLINE_CURVE_WITH_KNOTS('',3,(#12028,#12029,#12030,#12031,#12032,
#12033,#12034,#12035,#12036,#12037,#12038,#12039,#12040,#12041,#12042,#12043,
#12044,#12045),.UNSPECIFIED.,.F.,.F.,(4,1,1,1,1,1,1,1,1,1,1,1,1,1,1,4),(0.E0,
6.666666666667E-2,1.333333333333E-1,2.E-1,2.666666666667E-1,3.333333333333E-1,
4.E-1,4.666666666667E-1,5.333333333333E-1,6.E-1,6.666666666667E-1,
7.333333333333E-1,8.E-1,8.666666666667E-1,9.333333333333E-1,1.E0),
.UNSPECIFIED.);
#12065=B_SPLINE_CURVE_WITH_KNOTS('',3,(#12047,#12048,#12049,#12050,#12051,
#12052,#12053,#12054,#12055,#12056,#12057,#12058,#12059,#12060,#12061,#12062,
#12063,#12064),.UNSPECIFIED.,.F.,.F.,(4,1,1,1,1,1,1,1,1,1,1,1,1,1,1,4),(0.E0,
6.666666666667E-2,1.333333333333E-1,2.E-1,2.666666666667E-1,3.333333333333E-1,
4.E-1,4.666666666667E-1,5.333333333333E-1,6.E-1,6.666666666667E-1,
7.333333333333E-1,8.E-1,8.666666666667E-1,9.333333333333E-1,1.E0),
.UNSPECIFIED.);
#12070=CIRCLE('',#12069,6.9E-2);
#12087=B_SPLINE_CURVE_WITH_KNOTS('',3,(#12071,#12072,#12073,#12074,#12075,
#12076,#12077,#12078,#12079,#12080,#12081,#12082,#12083,#12084,#12085,#12086),
.UNSPECIFIED.,.F.,.F.,(4,1,1,1,1,1,1,1,1,1,1,1,1,4),(0.E0,7.692307692308E-2,
1.538461538462E-1,2.307692307692E-1,3.076923076923E-1,3.846153846154E-1,
4.615384615385E-1,5.384615384615E-1,6.153846153846E-1,6.923076923077E-1,
7.692307692308E-1,8.461538461538E-1,9.230769230769E-1,1.E0),.UNSPECIFIED.);
#12092=CIRCLE('',#12091,6.9E-2);
#12097=CIRCLE('',#12096,6.9E-2);
#12102=CIRCLE('',#12101,6.9E-2);
#12121=B_SPLINE_CURVE_WITH_KNOTS('',3,(#12103,#12104,#12105,#12106,#12107,
#12108,#12109,#12110,#12111,#12112,#12113,#12114,#12115,#12116,#12117,#12118,
#12119,#12120),.UNSPECIFIED.,.F.,.F.,(4,1,1,1,1,1,1,1,1,1,1,1,1,1,1,4),(0.E0,
6.666666666667E-2,1.333333333333E-1,2.E-1,2.666666666667E-1,3.333333333333E-1,
4.E-1,4.666666666667E-1,5.333333333333E-1,6.E-1,6.666666666667E-1,
7.333333333333E-1,8.E-1,8.666666666667E-1,9.333333333333E-1,1.E0),
.UNSPECIFIED.);
#12311=EDGE_CURVE('',#12276,#12277,#10439,.T.);
#12313=EDGE_CURVE('',#12277,#12283,#10458,.T.);
#12315=EDGE_CURVE('',#12276,#12283,#10463,.T.);
#12319=ADVANCED_FACE('',(#12318),#12310,.T.);
#12325=EDGE_CURVE('',#12280,#12281,#10468,.T.);
#12327=EDGE_CURVE('',#12285,#12281,#10473,.T.);
#12329=EDGE_CURVE('',#12285,#12280,#10492,.T.);
#12333=ADVANCED_FACE('',(#12332),#12324,.T.);
#12341=EDGE_CURVE('',#12283,#12277,#10511,.T.);
#12345=ADVANCED_FACE('',(#12344),#12338,.T.);
#12352=EDGE_CURVE('',#12280,#12285,#10530,.T.);
#12357=ADVANCED_FACE('',(#12356),#12350,.T.);
#12363=EDGE_CURVE('',#12139,#12138,#10566,.T.);
#12365=EDGE_CURVE('',#12139,#12135,#10534,.T.);
#12367=EDGE_CURVE('',#12135,#12125,#10685,.T.);
#12369=EDGE_CURVE('',#12124,#12125,#10538,.T.);
#12371=EDGE_CURVE('',#12133,#12124,#10543,.T.);
#12373=EDGE_CURVE('',#12133,#12138,#10547,.T.);
#12377=EDGE_CURVE('',#12166,#12167,#11473,.T.);
#12379=EDGE_CURVE('',#12167,#12166,#11511,.T.);
#12383=EDGE_CURVE('',#12266,#12267,#11567,.T.);
#12385=EDGE_CURVE('',#12267,#12266,#11605,.T.);
#12389=EDGE_CURVE('',#12286,#12287,#11661,.T.);
#12391=EDGE_CURVE('',#12287,#12286,#11699,.T.);
#12395=EDGE_CURVE('',#12263,#12257,#11757,.T.);
#12397=EDGE_CURVE('',#12257,#12263,#11800,.T.);
#12405=EDGE_CURVE('',#12299,#12293,#11854,.T.);
#12407=EDGE_CURVE('',#12293,#12299,#11897,.T.);
#12411=EDGE_CURVE('',#12239,#12233,#11950,.T.);
#12413=EDGE_CURVE('',#12233,#12239,#11993,.T.);
#12417=EDGE_CURVE('',#12251,#12245,#12046,.T.);
#12419=EDGE_CURVE('',#12245,#12251,#12087,.T.);
#12423=ADVANCED_FACE('',(#12376,#12382,#12388,#12394,#12400,#12404,#12410,
#12416,#12422),#12362,.F.);
#12437=EDGE_CURVE('',#12143,#12138,#10571,.T.);
#12439=EDGE_CURVE('',#12143,#12139,#10576,.T.);
#12443=ADVANCED_FACE('',(#12442),#12435,.T.);
#12449=EDGE_CURVE('',#12141,#12140,#10595,.T.);
#12451=EDGE_CURVE('',#12140,#12145,#10600,.T.);
#12453=EDGE_CURVE('',#12141,#12145,#10605,.T.);
#12457=ADVANCED_FACE('',(#12456),#12448,.T.);
#12463=EDGE_CURVE('',#12138,#12139,#10624,.T.);
#12469=ADVANCED_FACE('',(#12468),#12462,.T.);
#12475=EDGE_CURVE('',#12140,#12141,#10643,.T.);
#12481=ADVANCED_FACE('',(#12480),#12474,.T.);
#12489=EDGE_CURVE('',#12133,#12124,#10648,.T.);
#12492=EDGE_CURVE('',#12135,#12125,#10690,.T.);
#12497=EDGE_CURVE('',#12146,#12147,#10709,.T.);
#12499=EDGE_CURVE('',#12147,#12146,#10747,.T.);
#12503=EDGE_CURVE('',#12150,#12151,#10805,.T.);
#12505=EDGE_CURVE('',#12151,#12150,#10843,.T.);
#12509=EDGE_CURVE('',#12154,#12155,#10901,.T.);
#12511=EDGE_CURVE('',#12155,#12154,#10939,.T.);
#12515=EDGE_CURVE('',#12158,#12159,#10997,.T.);
#12517=EDGE_CURVE('',#12159,#12158,#11035,.T.);
#12521=EDGE_CURVE('',#12162,#12163,#11091,.T.);
#12523=EDGE_CURVE('',#12163,#12162,#11129,.T.);
#12527=EDGE_CURVE('',#12199,#12193,#11187,.T.);
#12529=EDGE_CURVE('',#12193,#12199,#11230,.T.);
#12533=EDGE_CURVE('',#12211,#12205,#11283,.T.);
#12535=EDGE_CURVE('',#12205,#12211,#11324,.T.);
#12539=EDGE_CURVE('',#12223,#12217,#11377,.T.);
#12541=EDGE_CURVE('',#12217,#12223,#11420,.T.);
#12545=ADVANCED_FACE('',(#12496,#12502,#12508,#12514,#12520,#12526,#12532,
#12538,#12544),#12486,.F.);
#12558=EDGE_CURVE('',#12131,#12129,#10653,.T.);
#12560=EDGE_CURVE('',#12131,#12129,#10658,.T.);
#12568=ADVANCED_FACE('',(#12563,#12567),#12557,.F.);
#12582=EDGE_CURVE('',#12141,#12131,#10662,.T.);
#12585=EDGE_CURVE('',#12128,#12129,#10666,.T.);
#12587=EDGE_CURVE('',#12137,#12128,#10671,.T.);
#12589=EDGE_CURVE('',#12137,#12140,#10675,.T.);
#12593=EDGE_CURVE('',#12168,#12169,#11492,.T.);
#12595=EDGE_CURVE('',#12169,#12168,#11540,.T.);
#12599=EDGE_CURVE('',#12268,#12269,#11586,.T.);
#12601=EDGE_CURVE('',#12269,#12268,#11632,.T.);
#12605=EDGE_CURVE('',#12288,#12289,#11680,.T.);
#12607=EDGE_CURVE('',#12289,#12288,#11728,.T.);
#12611=EDGE_CURVE('',#12260,#12265,#11776,.T.);
#12613=EDGE_CURVE('',#12265,#12260,#11835,.T.);
#12621=EDGE_CURVE('',#12296,#12301,#11873,.T.);
#12623=EDGE_CURVE('',#12301,#12296,#11931,.T.);
#12627=EDGE_CURVE('',#12236,#12241,#11969,.T.);
#12629=EDGE_CURVE('',#12241,#12236,#12027,.T.);
#12633=EDGE_CURVE('',#12248,#12253,#12065,.T.);
#12635=EDGE_CURVE('',#12253,#12248,#12121,.T.);
#12639=ADVANCED_FACE('',(#12592,#12598,#12604,#12610,#12616,#12620,#12626,
#12632,#12638),#12580,.T.);
#12654=EDGE_CURVE('',#12137,#12128,#10680,.T.);
#12661=EDGE_CURVE('',#12148,#12149,#10728,.T.);
#12663=EDGE_CURVE('',#12149,#12148,#10776,.T.);
#12667=EDGE_CURVE('',#12152,#12153,#10824,.T.);
#12669=EDGE_CURVE('',#12153,#12152,#10872,.T.);
#12673=EDGE_CURVE('',#12156,#12157,#10920,.T.);
#12675=EDGE_CURVE('',#12157,#12156,#10968,.T.);
#12679=EDGE_CURVE('',#12160,#12161,#11016,.T.);
#12681=EDGE_CURVE('',#12161,#12160,#11064,.T.);
#12685=EDGE_CURVE('',#12164,#12165,#11110,.T.);
#12687=EDGE_CURVE('',#12165,#12164,#11158,.T.);
#12691=EDGE_CURVE('',#12196,#12201,#11206,.T.);
#12693=EDGE_CURVE('',#12201,#12196,#11264,.T.);
#12697=EDGE_CURVE('',#12208,#12213,#11300,.T.);
#12699=EDGE_CURVE('',#12213,#12208,#11358,.T.);
#12703=EDGE_CURVE('',#12220,#12225,#11396,.T.);
#12705=EDGE_CURVE('',#12225,#12220,#11454,.T.);
#12709=ADVANCED_FACE('',(#12660,#12666,#12672,#12678,#12684,#12690,#12696,
#12702,#12708),#12651,.T.);
#12730=ADVANCED_FACE('',(#12725,#12729),#12721,.T.);
#12744=EDGE_CURVE('',#12171,#12147,#10757,.T.);
#12746=EDGE_CURVE('',#12171,#12146,#10752,.T.);
#12750=ADVANCED_FACE('',(#12749),#12742,.T.);
#12757=EDGE_CURVE('',#12149,#12173,#10786,.T.);
#12759=EDGE_CURVE('',#12148,#12173,#10781,.T.);
#12763=ADVANCED_FACE('',(#12762),#12755,.T.);
#12774=ADVANCED_FACE('',(#12773),#12768,.T.);
#12785=ADVANCED_FACE('',(#12784),#12779,.T.);
#12792=EDGE_CURVE('',#12175,#12151,#10853,.T.);
#12794=EDGE_CURVE('',#12175,#12150,#10848,.T.);
#12798=ADVANCED_FACE('',(#12797),#12790,.T.);
#12805=EDGE_CURVE('',#12153,#12177,#10882,.T.);
#12807=EDGE_CURVE('',#12152,#12177,#10877,.T.);
#12811=ADVANCED_FACE('',(#12810),#12803,.T.);
#12822=ADVANCED_FACE('',(#12821),#12816,.T.);
#12833=ADVANCED_FACE('',(#12832),#12827,.T.);
#12840=EDGE_CURVE('',#12179,#12155,#10949,.T.);
#12842=EDGE_CURVE('',#12179,#12154,#10944,.T.);
#12846=ADVANCED_FACE('',(#12845),#12838,.T.);
#12853=EDGE_CURVE('',#12157,#12181,#10978,.T.);
#12855=EDGE_CURVE('',#12156,#12181,#10973,.T.);
#12859=ADVANCED_FACE('',(#12858),#12851,.T.);
#12870=ADVANCED_FACE('',(#12869),#12864,.T.);
#12881=ADVANCED_FACE('',(#12880),#12875,.T.);
#12888=EDGE_CURVE('',#12183,#12159,#11045,.T.);
#12890=EDGE_CURVE('',#12183,#12158,#11040,.T.);
#12894=ADVANCED_FACE('',(#12893),#12886,.T.);
#12901=EDGE_CURVE('',#12161,#12185,#11074,.T.);
#12903=EDGE_CURVE('',#12160,#12185,#11069,.T.);
#12907=ADVANCED_FACE('',(#12906),#12899,.T.);
#12918=ADVANCED_FACE('',(#12917),#12912,.T.);
#12929=ADVANCED_FACE('',(#12928),#12923,.T.);
#12936=EDGE_CURVE('',#12187,#12163,#11139,.T.);
#12938=EDGE_CURVE('',#12187,#12162,#11134,.T.);
#12942=ADVANCED_FACE('',(#12941),#12934,.T.);
#12949=EDGE_CURVE('',#12165,#12189,#11168,.T.);
#12951=EDGE_CURVE('',#12164,#12189,#11163,.T.);
#12955=ADVANCED_FACE('',(#12954),#12947,.T.);
#12966=ADVANCED_FACE('',(#12965),#12960,.T.);
#12977=ADVANCED_FACE('',(#12976),#12971,.T.);
#12983=EDGE_CURVE('',#12192,#12193,#11211,.T.);
#12985=EDGE_CURVE('',#12192,#12199,#11235,.T.);
#12990=ADVANCED_FACE('',(#12989),#12982,.T.);
#12996=EDGE_CURVE('',#12196,#12197,#11240,.T.);
#12999=EDGE_CURVE('',#12201,#12197,#11245,.T.);
#13003=ADVANCED_FACE('',(#13002),#12995,.T.);
#13014=ADVANCED_FACE('',(#13013),#13008,.T.);
#13025=ADVANCED_FACE('',(#13024),#13019,.T.);
#13031=EDGE_CURVE('',#12204,#12205,#11305,.T.);
#13033=EDGE_CURVE('',#12204,#12211,#11329,.T.);
#13038=ADVANCED_FACE('',(#13037),#13030,.T.);
#13044=EDGE_CURVE('',#12208,#12209,#11334,.T.);
#13047=EDGE_CURVE('',#12213,#12209,#11339,.T.);
#13051=ADVANCED_FACE('',(#13050),#13043,.T.);
#13062=ADVANCED_FACE('',(#13061),#13056,.T.);
#13073=ADVANCED_FACE('',(#13072),#13067,.T.);
#13079=EDGE_CURVE('',#12216,#12217,#11401,.T.);
#13081=EDGE_CURVE('',#12216,#12223,#11425,.T.);
#13086=ADVANCED_FACE('',(#13085),#13078,.T.);
#13092=EDGE_CURVE('',#12220,#12221,#11430,.T.);
#13095=EDGE_CURVE('',#12225,#12221,#11435,.T.);
#13099=ADVANCED_FACE('',(#13098),#13091,.T.);
#13110=ADVANCED_FACE('',(#13109),#13104,.T.);
#13121=ADVANCED_FACE('',(#13120),#13115,.T.);
#13128=EDGE_CURVE('',#12227,#12167,#11521,.T.);
#13130=EDGE_CURVE('',#12227,#12166,#11516,.T.);
#13134=ADVANCED_FACE('',(#13133),#13126,.T.);
#13141=EDGE_CURVE('',#12169,#12229,#11550,.T.);
#13143=EDGE_CURVE('',#12168,#12229,#11545,.T.);
#13147=ADVANCED_FACE('',(#13146),#13139,.T.);
#13158=ADVANCED_FACE('',(#13157),#13152,.T.);
#13169=ADVANCED_FACE('',(#13168),#13163,.T.);
#13176=EDGE_CURVE('',#12271,#12267,#11615,.T.);
#13178=EDGE_CURVE('',#12271,#12266,#11610,.T.);
#13182=ADVANCED_FACE('',(#13181),#13174,.T.);
#13189=EDGE_CURVE('',#12269,#12273,#11642,.T.);
#13191=EDGE_CURVE('',#12268,#12273,#11637,.T.);
#13195=ADVANCED_FACE('',(#13194),#13187,.T.);
#13206=ADVANCED_FACE('',(#13205),#13200,.T.);
#13217=ADVANCED_FACE('',(#13216),#13211,.T.);
#13224=EDGE_CURVE('',#12303,#12287,#11709,.T.);
#13226=EDGE_CURVE('',#12303,#12286,#11704,.T.);
#13230=ADVANCED_FACE('',(#13229),#13222,.T.);
#13237=EDGE_CURVE('',#12289,#12305,#11738,.T.);
#13239=EDGE_CURVE('',#12288,#12305,#11733,.T.);
#13243=ADVANCED_FACE('',(#13242),#13235,.T.);
#13254=ADVANCED_FACE('',(#13253),#13248,.T.);
#13265=ADVANCED_FACE('',(#13264),#13259,.T.);
#13271=EDGE_CURVE('',#12256,#12257,#11781,.T.);
#13273=EDGE_CURVE('',#12256,#12263,#11805,.T.);
#13278=ADVANCED_FACE('',(#13277),#13270,.T.);
#13284=EDGE_CURVE('',#12260,#12261,#11810,.T.);
#13287=EDGE_CURVE('',#12265,#12261,#11815,.T.);
#13291=ADVANCED_FACE('',(#13290),#13283,.T.);
#13302=ADVANCED_FACE('',(#13301),#13296,.T.);
#13313=ADVANCED_FACE('',(#13312),#13307,.T.);
#13319=EDGE_CURVE('',#12292,#12293,#11878,.T.);
#13321=EDGE_CURVE('',#12292,#12299,#11902,.T.);
#13326=ADVANCED_FACE('',(#13325),#13318,.T.);
#13332=EDGE_CURVE('',#12296,#12297,#11907,.T.);
#13335=EDGE_CURVE('',#12301,#12297,#11912,.T.);
#13339=ADVANCED_FACE('',(#13338),#13331,.T.);
#13350=ADVANCED_FACE('',(#13349),#13344,.T.);
#13361=ADVANCED_FACE('',(#13360),#13355,.T.);
#13367=EDGE_CURVE('',#12232,#12233,#11974,.T.);
#13369=EDGE_CURVE('',#12232,#12239,#11998,.T.);
#13374=ADVANCED_FACE('',(#13373),#13366,.T.);
#13380=EDGE_CURVE('',#12236,#12237,#12003,.T.);
#13383=EDGE_CURVE('',#12241,#12237,#12008,.T.);
#13387=ADVANCED_FACE('',(#13386),#13379,.T.);
#13398=ADVANCED_FACE('',(#13397),#13392,.T.);
#13409=ADVANCED_FACE('',(#13408),#13403,.T.);
#13415=EDGE_CURVE('',#12244,#12245,#12070,.T.);
#13417=EDGE_CURVE('',#12244,#12251,#12092,.T.);
#13422=ADVANCED_FACE('',(#13421),#13414,.T.);
#13428=EDGE_CURVE('',#12248,#12249,#12097,.T.);
#13431=EDGE_CURVE('',#12253,#12249,#12102,.T.);
#13435=ADVANCED_FACE('',(#13434),#13427,.T.);
#13446=ADVANCED_FACE('',(#13445),#13440,.T.);
#13457=ADVANCED_FACE('',(#13456),#13451,.T.);
#13464=CIRCLE('',#13463,8.22E-1);
#13469=CIRCLE('',#13468,8.22E-1);
#13478=CIRCLE('',#13477,8.22E-1);
#13483=CIRCLE('',#13482,8.22E-1);
#13501=EDGE_CURVE('',#13491,#13490,#13464,.T.);
#13503=EDGE_CURVE('',#13490,#13494,#13487,.T.);
#13505=EDGE_CURVE('',#13494,#13495,#13469,.T.);
#13507=EDGE_CURVE('',#13491,#13495,#13473,.T.);
#13511=ADVANCED_FACE('',(#13510),#13500,.T.);
#13517=EDGE_CURVE('',#13490,#13491,#13478,.T.);
#13520=EDGE_CURVE('',#13495,#13494,#13483,.T.);
#13525=ADVANCED_FACE('',(#13524),#13516,.T.);
#13530=(LENGTH_UNIT()NAMED_UNIT(*)SI_UNIT(.MILLI.,.METRE.));
#13533=(NAMED_UNIT(*)PLANE_ANGLE_UNIT()SI_UNIT($,.RADIAN.));
#13536=(NAMED_UNIT(*)SI_UNIT($,.STERADIAN.)SOLID_ANGLE_UNIT());
#13538=(GEOMETRIC_REPRESENTATION_CONTEXT(3)GLOBAL_UNCERTAINTY_ASSIGNED_CONTEXT((
#13537))GLOBAL_UNIT_ASSIGNED_CONTEXT((#13532,#13535,#13536))REPRESENTATION_CONTEXT('ID1','3'));
#13539=ADVANCED_BREP_SHAPE_REPRESENTATION('',(#10434,#13459),#13538);
#13540=MANIFOLD_SURFACE_SHAPE_REPRESENTATION('',(#13527),#13538);
#13544=AXIS2_PLACEMENT_3D('',#13541,#13542,#13543);
#13545=SHAPE_REPRESENTATION('',(#13544),#13538);
#13555=PRODUCT_DEFINITION('part definition','',#13554,#13551);
#13556=PRODUCT_DEFINITION_SHAPE('','SHAPE FOR 6806-2RS.',#13555);
#13557=SHAPE_ASPECT('','surface data associated with 6806-2RS',#13556,.F.);
#13558=PROPERTY_DEFINITION('',
'shape for surface data with which properties are associated',#13557);
#13559=SHAPE_REPRESENTATION('',(#13527),#13538);
#13560=SHAPE_DEFINITION_REPRESENTATION(#13558,#13559);
#13561=(LENGTH_UNIT()NAMED_UNIT(*)SI_UNIT(.MILLI.,.METRE.));
#13567=PROPERTY_DEFINITION('geometric validation property','area of 6806-2RS',
#13557);
#13568=REPRESENTATION('surface area',(#13566),#13538);
#13569=PROPERTY_DEFINITION_REPRESENTATION(#13567,#13568);
#13570=(LENGTH_UNIT()NAMED_UNIT(*)SI_UNIT(.MILLI.,.METRE.));
#13576=PROPERTY_DEFINITION('geometric validation property','area of 6806-2RS',
#13556);
#13577=REPRESENTATION('surface area',(#13575),#13538);
#13578=PROPERTY_DEFINITION_REPRESENTATION(#13576,#13577);
#13579=(LENGTH_UNIT()NAMED_UNIT(*)SI_UNIT(.MILLI.,.METRE.));
#13585=PROPERTY_DEFINITION('geometric validation property','volume of 6806-2RS',
#13556);
#13586=REPRESENTATION('volume',(#13584),#13538);
#13587=PROPERTY_DEFINITION_REPRESENTATION(#13585,#13586);
#13589=PROPERTY_DEFINITION('geometric validation property',
'centroid of 6806-2RS',#13556);
#13590=REPRESENTATION('centroid',(#13588),#13538);
#13591=PROPERTY_DEFINITION_REPRESENTATION(#13589,#13590);
#13592=SHAPE_DEFINITION_REPRESENTATION(#13556,#13545);
#13594=PROPERTY_DEFINITION('DESCRIPTION','user defined attribute',#13555);
#13598=REPRESENTATION('',(#13597),#13538);
#13599=PROPERTY_DEFINITION_REPRESENTATION(#13594,#13598);
#13600=PROPERTY_DEFINITION('MODELED_BY','user defined attribute',#13555);
#13604=REPRESENTATION('',(#13603),#13538);
#13605=PROPERTY_DEFINITION_REPRESENTATION(#13600,#13604);
ENDSEC;
END-ISO-10303-21;
